"Path","Extension","SizeBytes"
"archive\pc\content\audio_1_general.archive",".archive","198000640"
"archive\pc\content\audio_2_soundbanks.archive",".archive","8828301312"
"archive\pc\content\basegame_1_engine.archive",".archive","1677524992"
"archive\pc\content\basegame_2_mainmenu.archive",".archive","327680"
"archive\pc\content\basegame_3_nightcity.archive",".archive","8988114944"
"archive\pc\content\basegame_3_nightcity_gi.archive",".archive","11865198592"
"archive\pc\content\basegame_3_nightcity_terrain.archive",".archive","3036258304"
"archive\pc\content\basegame_4_animation.archive",".archive","1072975872"
"archive\pc\content\basegame_4_appearance.archive",".archive","6687408128"
"archive\pc\content\basegame_4_gamedata.archive",".archive","3510738944"
"archive\pc\content\basegame_5_video.archive",".archive","13895094272"
"archive\pc\content\ep1.addcont_keystone",".addcont_keystone","16"
"archive\pc\content\lang_ar_text.archive",".archive","8572928"
"archive\pc\content\lang_cs_text.archive",".archive","8060928"
"archive\pc\content\lang_de_text.archive",".archive","7921664"
"archive\pc\content\lang_en_text.archive",".archive","7598080"
"archive\pc\content\lang_en_voice.archive",".archive","4980334592"
"archive\pc\content\lang_es-es_text.archive",".archive","7753728"
"archive\pc\content\lang_es-mx_text.archive",".archive","7725056"
"archive\pc\content\lang_fr_text.archive",".archive","7999488"
"archive\pc\content\lang_hu_text.archive",".archive","8044544"
"archive\pc\content\lang_it_text.archive",".archive","7626752"
"archive\pc\content\lang_ja_text.archive",".archive","7966720"
"archive\pc\content\lang_ko_text.archive",".archive","8036352"
"archive\pc\content\lang_pl_text.archive",".archive","7823360"
"archive\pc\content\lang_pt_text.archive",".archive","7720960"
"archive\pc\content\lang_ru_text.archive",".archive","8470528"
"archive\pc\content\lang_th_text.archive",".archive","8646656"
"archive\pc\content\lang_tr_text.archive",".archive","7774208"
"archive\pc\content\lang_ua_text.archive",".archive","8683520"
"archive\pc\content\lang_zh-cn_text.archive",".archive","7831552"
"archive\pc\content\lang_zh-tw_text.archive",".archive","7704576"
"archive\pc\content\memoryresident_1_general.archive",".archive","14950400"
"archive\pc\ep1\audio_1_general.archive",".archive","8716288"
"archive\pc\ep1\ep1.addcont_keystone",".addcont_keystone","16"
"archive\pc\ep1\ep1_1_nightcity.archive",".archive","6102638592"
"archive\pc\ep1\ep1_1_nightcity_gi.archive",".archive","1491521536"
"archive\pc\ep1\ep1_1_nightcity_terrain.archive",".archive","8175616"
"archive\pc\ep1\ep1_2_gamedata.archive",".archive","15517347840"
"archive\pc\ep1\lang_ar_text.archive",".archive","2523136"
"archive\pc\ep1\lang_cs_text.archive",".archive","2392064"
"archive\pc\ep1\lang_de_text.archive",".archive","2338816"
"archive\pc\ep1\lang_en_text.archive",".archive","2252800"
"archive\pc\ep1\lang_en_voice.archive",".archive","1643462656"
"archive\pc\ep1\lang_es-es_text.archive",".archive","2301952"
"archive\pc\ep1\lang_es-mx_text.archive",".archive","2289664"
"archive\pc\ep1\lang_fr_text.archive",".archive","2383872"
"archive\pc\ep1\lang_hu_text.archive",".archive","2363392"
"archive\pc\ep1\lang_it_text.archive",".archive","2248704"
"archive\pc\ep1\lang_ja_text.archive",".archive","2383872"
"archive\pc\ep1\lang_ko_text.archive",".archive","2318336"
"archive\pc\ep1\lang_pl_text.archive",".archive","2306048"
"archive\pc\ep1\lang_pt_text.archive",".archive","2293760"
"archive\pc\ep1\lang_ru_text.archive",".archive","2494464"
"archive\pc\ep1\lang_th_text.archive",".archive","2588672"
"archive\pc\ep1\lang_tr_text.archive",".archive","2281472"
"archive\pc\ep1\lang_ua_text.archive",".archive","2551808"
"archive\pc\ep1\lang_zh-cn_text.archive",".archive","2297856"
"archive\pc\ep1\lang_zh-tw_text.archive",".archive","2277376"
"bin\x64\amd_ags_x64.dll",".dll","176776"
"bin\x64\amd_fidelityfx_dx12.dll",".dll","6675664"
"bin\x64\api-ms-win-downlevel-kernel32-l2-1-0.dll",".dll","17032"
"bin\x64\bink2w64.dll",".dll","394960"
"bin\x64\CChromaEditorLibrary64.dll",".dll","437136"
"bin\x64\CrashReporter\7za.exe",".exe","1162376"
"bin\x64\CrashReporter\ar\CrashReporter.resources.dll",".dll","14984"
"bin\x64\CrashReporter\CrashReporter.exe",".exe","89736"
"bin\x64\CrashReporter\CrashReporter.exe.config",".config","205"
"bin\x64\CrashReporter\cs\CrashReporter.resources.dll",".dll","14984"
"bin\x64\CrashReporter\de\CrashReporter.resources.dll",".dll","14984"
"bin\x64\CrashReporter\es\CrashReporter.resources.dll",".dll","14984"
"bin\x64\CrashReporter\es-es\CrashReporter.resources.dll",".dll","14984"
"bin\x64\CrashReporter\fr\CrashReporter.resources.dll",".dll","14984"
"bin\x64\CrashReporter\hu\CrashReporter.resources.dll",".dll","14984"
"bin\x64\CrashReporter\it\CrashReporter.resources.dll",".dll","14984"
"bin\x64\CrashReporter\ja\CrashReporter.resources.dll",".dll","14984"
"bin\x64\CrashReporter\ko\CrashReporter.resources.dll",".dll","14984"
"bin\x64\CrashReporter\pl\CrashReporter.resources.dll",".dll","14984"
"bin\x64\CrashReporter\pt\CrashReporter.resources.dll",".dll","14984"
"bin\x64\CrashReporter\ru\CrashReporter.resources.dll",".dll","14984"
"bin\x64\CrashReporter\th\CrashReporter.resources.dll",".dll","15496"
"bin\x64\CrashReporter\ThirdPartyNotices.txt",".txt","1244"
"bin\x64\CrashReporter\tr\CrashReporter.resources.dll",".dll","14984"
"bin\x64\CrashReporter\uk\CrashReporter.resources.dll",".dll","14984"
"bin\x64\CrashReporter\zh-hans\CrashReporter.resources.dll",".dll","14984"
"bin\x64\CrashReporter\zh-hant\CrashReporter.resources.dll",".dll","14984"
"bin\x64\Cyberpunk2077.exe",".exe","59945608"
"bin\x64\cyberpunk2077_addresses.json",".json","132079509"
"bin\x64\D3D12\D3D12Core.dll",".dll","3351584"
"bin\x64\D3D12\d3d12SDKLayers.dll",".dll","5080096"
"bin\x64\d3d12on7\d3d11on12.dll",".dll","1560144"
"bin\x64\d3d12on7\d3d12.dll",".dll","1906768"
"bin\x64\d3d12on7\LICENSE.txt",".txt","9894"
"bin\x64\dbgcore.dll",".dll","174536"
"bin\x64\dbghelp.dll",".dll","1868736"
"bin\x64\dxilconv7.dll",".dll","1452616"
"bin\x64\ffx_backend_dx12_x64.dll",".dll","12901512"
"bin\x64\ffx_frameinterpolation_x64.dll",".dll","173192"
"bin\x64\ffx_fsr3_x64.dll",".dll","163464"
"bin\x64\ffx_fsr3upscaler_x64.dll",".dll","195208"
"bin\x64\ffx_opticalflow_x64.dll",".dll","179848"
"bin\x64\freetype.dll",".dll","832136"
"bin\x64\GameServicesSteam.dll",".dll","37000"
"bin\x64\GfnRuntimeSdk.dll",".dll","3745848"
"bin\x64\GFSDK_Aftermath_Lib.x64.dll",".dll","1244808"
"bin\x64\icudt.dll",".dll","13448"
"bin\x64\icuin.dll",".dll","2643080"
"bin\x64\icuio.dll",".dll","71816"
"bin\x64\icuuc.dll",".dll","1901192"
"bin\x64\libcurl.dll",".dll","429704"
"bin\x64\libeay32.dll",".dll","1710216"
"bin\x64\libxell.dll",".dll","346984"
"bin\x64\libxess.dll",".dll","77771112"
"bin\x64\libxess_dx11.dll",".dll","147816"
"bin\x64\libxess_fg.dll",".dll","45557608"
"bin\x64\nvngx_dlss.dll",".dll","44609064"
"bin\x64\nvngx_dlssd.dll",".dll","65630248"
"bin\x64\nvngx_dlssg.dll",".dll","7607336"
"bin\x64\nvToolsExt64_1.dll",".dll","52872"
"bin\x64\oo2ext_7_win64.dll",".dll","1234056"
"bin\x64\oodle_dictionary.bin",".bin","1809181"
"bin\x64\PhysX3_x64.dll",".dll","2597512"
"bin\x64\PhysX3CharacterKinematic_x64.dll",".dll","576136"
"bin\x64\PhysX3Common_x64.dll",".dll","2041480"
"bin\x64\PhysX3Cooking_x64.dll",".dll","662664"
"bin\x64\PxFoundation_x64.dll",".dll","557192"
"bin\x64\PxPvdSDK_x64.dll",".dll","606344"
"bin\x64\REDEngineErrorReporter.exe",".exe","262280"
"bin\x64\REDGalaxy64.dll",".dll","14232712"
"bin\x64\redlexer_native.dll",".dll","99464"
"bin\x64\sl.common.dll",".dll","650736"
"bin\x64\sl.dlss.dll",".dll","237040"
"bin\x64\sl.dlss_d.dll",".dll","250352"
"bin\x64\sl.dlss_g.dll",".dll","461808"
"bin\x64\sl.interposer.dll",".dll","541176"
"bin\x64\sl.nis.dll",".dll","966128"
"bin\x64\sl.pcl.dll",".dll","175096"
"bin\x64\sl.reflex.dll",".dll","198128"
"bin\x64\ssleay32.dll",".dll","370312"
"bin\x64\steam_api64.dll",".dll","295336"
"bin\x64\symsrv.dll",".dll","256456"
"bin\x64\Symsrv.ini",".ini","69"
"bin\x64\winmm.dll",".dll","214528"
"bin\x64\WinPixEventRuntime.dll",".dll","34896"
"engine\config\base\animation.ini",".ini","582"
"engine\config\base\general.ini",".ini","61"
"engine\config\base\multiplayer.ini",".ini","374"
"engine\config\base\rendering.ini",".ini","42"
"engine\config\base\resources.ini",".ini","46"
"engine\config\base\scenesystem.ini",".ini","886"
"engine\config\base\scripts.ini",".ini","39"
"engine\config\base\smartobjects.ini",".ini","98"
"engine\config\galaxy\pc\REDGalaxyPeer_default.json",".json","397"
"engine\config\giweights.json",".json","131"
"engine\config\platform\pc\input_loader.ini",".ini","110"
"engine\config\platform\pc\platformgameplay.ini",".ini","125"
"engine\config\platform\pc\rendering.ini",".ini","44"
"engine\shader_final.cache",".cache","161804693"
"engine\staticshader_final.cache",".cache","14966384"
"engine\tools\scc.exe",".exe","449024"
"engine\tools\scc_lib.dll",".dll","1988608"
"launcher-configuration.json",".json","111"
"libcrypto-1_1-x64.dll",".dll","3268176"
"libssl-1_1-x64.dll",".dll","663120"
"mods\.stub",".stub","0"
"pcre2-16.dll",".dll","424528"
"pcre2-8.dll",".dll","454224"
"PocoData.dll",".dll","1870416"
"PocoDataSQLite.dll",".dll","411216"
"PocoFoundation.dll",".dll","1985104"
"PocoJSON.dll",".dll","386128"
"PocoUtil.dll",".dll","595536"
"PocoXML.dll",".dll","785488"
"Qt5Core.dll",".dll","7584336"
"Qt5Network.dll",".dll","1360976"
"r6\cache\final.redscripts",".redscripts","16035530"
"r6\cache\final.redscripts.modded",".modded","18153828"
"r6\cache\final.redscripts.ts",".ts","16"
"r6\cache\inputContexts.xml",".xml","90423"
"r6\cache\inputUserMappings.xml",".xml","66808"
"r6\cache\tweakdb.bin",".bin","42028033"
"r6\cache\tweakdb_ep1.bin",".bin","48192743"
"r6\config\bumpersSettings.json",".json","74"
"r6\config\cybercmd\scc.toml",".toml","228"
"r6\config\inputContexts.xml",".xml","103646"
"r6\config\inputDeadzones.xml",".xml","1375"
"r6\config\inputUserMappings.xml",".xml","74062"
"r6\config\redsUserHints\ArchiveXL.toml",".toml","0"
"r6\config\settings\options.json",".json","94643"
"r6\config\settings\platform\pc\options.json",".json","107708"
"r6\config\settings\platform\steamdeck\options.json",".json","107139"
"r6\config\uiInputActions.xml",".xml","813"
"r6\logs\redscript_r2026-09-13_20-41-36.log",".log","6541"
"r6\logs\redscript_r2026-09-14_16-31-36.log",".log","4046"
"r6\logs\redscript_r2026-09-14_16-54-46.log",".log","3122"
"r6\logs\redscript_r2026-09-14_17-52-38.log",".log","3164"
"r6\logs\redscript_rCURRENT.log",".log","6284"
"r6\publishing\x64\null\additional-content\addonDescriptions.xml",".xml","525"
"r6\publishing\x64\Steam\additional-content\addonDescriptions.xml",".xml","527"
"r6\scripts\CyberpunkRealism\ArmorWearModel.reds",".reds","3187"
"r6\scripts\CyberpunkRealism\ArmorWearNative.reds",".reds","6667"
"r6\scripts\CyberpunkRealism\BallisticProfiles.reds",".reds","4916"
"r6\scripts\CyberpunkRealism\BiologyNativeUI.reds",".reds","33474"
"r6\scripts\CyberpunkRealism\BiologyPresentation.reds",".reds","3669"
"r6\scripts\CyberpunkRealism\BloodLossModel.reds",".reds","3388"
"r6\scripts\CyberpunkRealism\BloodLossNative.reds",".reds","10848"
"r6\scripts\CyberpunkRealism\BodyForecast.reds",".reds","5889"
"r6\scripts\CyberpunkRealism\BodyInputs.reds",".reds","9906"
"r6\scripts\CyberpunkRealism\BodyInteractionRuntime.reds",".reds","4357"
"r6\scripts\CyberpunkRealism\BodyModel.reds",".reds","11805"
"r6\scripts\CyberpunkRealism\BodyNativeHooks.reds",".reds","5366"
"r6\scripts\CyberpunkRealism\BodyPresentation.reds",".reds","4737"
"r6\scripts\CyberpunkRealism\BodyRuntime.reds",".reds","17611"
"r6\scripts\CyberpunkRealism\BodyStatusPresentation.reds",".reds","7727"
"r6\scripts\CyberpunkRealism\ClockModel.reds",".reds","2680"
"r6\scripts\CyberpunkRealism\CombatNativeBridge.reds",".reds","6946"
"r6\scripts\CyberpunkRealism\CombatProfilesNative.reds",".reds","10164"
"r6\scripts\CyberpunkRealism\CombatWoundsNative.reds",".reds","8431"
"r6\scripts\CyberpunkRealism\ConditionPresentation.reds",".reds","9834"
"r6\scripts\CyberpunkRealism\FieldCareActionModel.reds",".reds","2121"
"r6\scripts\CyberpunkRealism\FieldCareActionRuntime.reds",".reds","8015"
"r6\scripts\CyberpunkRealism\FieldCareModel.reds",".reds","3390"
"r6\scripts\CyberpunkRealism\FieldCareRuntime.reds",".reds","2900"
"r6\scripts\CyberpunkRealism\HitModel.reds",".reds","2570"
"r6\scripts\CyberpunkRealism\ImpactModel.reds",".reds","4867"
"r6\scripts\CyberpunkRealism\InjuryEffectsModel.reds",".reds","1686"
"r6\scripts\CyberpunkRealism\InjuryEffectsNative.reds",".reds","10158"
"r6\scripts\CyberpunkRealism\InjuryModel.reds",".reds","12560"
"r6\scripts\CyberpunkRealism\InjuryProvenance.reds",".reds","6535"
"r6\scripts\CyberpunkRealism\ItemServing.reds",".reds","2034"
"r6\scripts\CyberpunkRealism\NameplatesNative.reds",".reds","2464"
"r6\scripts\CyberpunkRealism\NoHealthbars.reds",".reds","4993"
"r6\scripts\CyberpunkRealism\NPCBodyModel.reds",".reds","2078"
"r6\scripts\CyberpunkRealism\PainModel.reds",".reds","5812"
"r6\scripts\CyberpunkRealism\PainNativeEffects.reds",".reds","5167"
"r6\scripts\CyberpunkRealism\PainRuntime.reds",".reds","3268"
"r6\scripts\CyberpunkRealism\ProfessionalCareModel.reds",".reds","1751"
"r6\scripts\CyberpunkRealism\ProfessionalCareRuntime.reds",".reds","1146"
"r6\scripts\CyberpunkRealism\RuntimePolicyModel.reds",".reds","6236"
"r6\scripts\CyberpunkRealism\ServingModel.reds",".reds","1503"
"r6\scripts\CyberpunkRealism\SleepModel.reds",".reds","3180"
"r6\scripts\CyberpunkRealism\StockProtectionCatalog.reds",".reds","27434"
"r6\scripts\CyberpunkRealism\WoundModel.reds",".reds","8440"
"r6\tweaks\realpass\realpass-interactions.yaml",".yaml","304"
"red4ext\config.ini",".ini","179"
"red4ext\LICENSE.txt",".txt","1101"
"red4ext\logs\input_loader.log",".log","617"
"red4ext\logs\mod_settings-2026-09-14-17-52-35.log",".log","263"
"red4ext\logs\red4ext-2026-09-10-22-00-10.log",".log","1622"
"red4ext\logs\red4ext-2026-09-10-22-26-07.log",".log","3522"
"red4ext\logs\red4ext-2026-09-11-18-37-53.log",".log","3522"
"red4ext\logs\red4ext-2026-09-12-09-09-09.log",".log","3522"
"red4ext\logs\red4ext-2026-09-12-10-33-50.log",".log","3522"
"red4ext\logs\red4ext-2026-09-12-11-30-28.log",".log","3522"
"red4ext\logs\red4ext-2026-09-12-12-03-49.log",".log","3522"
"red4ext\logs\red4ext-2026-09-13-10-40-22.log",".log","3522"
"red4ext\logs\red4ext-2026-09-13-13-06-04.log",".log","3522"
"red4ext\logs\red4ext-2026-09-13-20-41-31.log",".log","3361"
"red4ext\logs\red4ext-2026-09-14-16-31-31.log",".log","3522"
"red4ext\logs\red4ext-2026-09-14-16-54-42.log",".log","3522"
"red4ext\logs\red4ext-2026-09-14-17-52-33.log",".log","3522"
"red4ext\plugins\ArchiveXL\ArchiveXL.dll",".dll","1959424"
"red4ext\plugins\ArchiveXL\ArchiveXL-2026-09-13-13-06-06.log",".log","232109"
"red4ext\plugins\ArchiveXL\ArchiveXL-2026-09-13-20-41-32.log",".log","210224"
"red4ext\plugins\ArchiveXL\ArchiveXL-2026-09-14-16-31-33.log",".log","923550"
"red4ext\plugins\ArchiveXL\ArchiveXL-2026-09-14-16-54-43.log",".log","419771"
"red4ext\plugins\ArchiveXL\ArchiveXL-2026-09-14-17-52-34.log",".log","262413"
"red4ext\plugins\ArchiveXL\Bundle\ArchiveXL.archive",".archive","368640"
"red4ext\plugins\ArchiveXL\Bundle\Migration.xl",".xl","5926"
"red4ext\plugins\ArchiveXL\Bundle\PhotoModeScope.xl",".xl","4848"
"red4ext\plugins\ArchiveXL\Bundle\PlayerBaseScope.xl",".xl","1352"
"red4ext\plugins\ArchiveXL\Bundle\PlayerCustomizationBeardFix.xl",".xl","21911"
"red4ext\plugins\ArchiveXL\Bundle\PlayerCustomizationBeardScope.xl",".xl","7845"
"red4ext\plugins\ArchiveXL\Bundle\PlayerCustomizationBrowsFix.xl",".xl","5621"
"red4ext\plugins\ArchiveXL\Bundle\PlayerCustomizationBrowsPatch.xl",".xl","1900"
"red4ext\plugins\ArchiveXL\Bundle\PlayerCustomizationBrowsScope.xl",".xl","9628"
"red4ext\plugins\ArchiveXL\Bundle\PlayerCustomizationEyesFix.xl",".xl","4797"
"red4ext\plugins\ArchiveXL\Bundle\PlayerCustomizationEyesPatch.xl",".xl","1209"
"red4ext\plugins\ArchiveXL\Bundle\PlayerCustomizationEyesScope.xl",".xl","1427"
"red4ext\plugins\ArchiveXL\Bundle\PlayerCustomizationHairFix.xl",".xl","960805"
"red4ext\plugins\ArchiveXL\Bundle\PlayerCustomizationHairPatch.xl",".xl","177"
"red4ext\plugins\ArchiveXL\Bundle\PlayerCustomizationHairScope.xl",".xl","43364"
"red4ext\plugins\ArchiveXL\Bundle\PlayerCustomizationLashesFix.xl",".xl","3272"
"red4ext\plugins\ArchiveXL\Bundle\PlayerCustomizationLashesPatch.xl",".xl","594"
"red4ext\plugins\ArchiveXL\Bundle\PlayerCustomizationLashesScope.xl",".xl","1228"
"red4ext\plugins\ArchiveXL\Bundle\PlayerCustomizationScope.xl",".xl","0"
"red4ext\plugins\ArchiveXL\Bundle\QuestBaseScope.xl",".xl","255"
"red4ext\plugins\ArchiveXL\Bundle\VisualTags.xl",".xl","3576"
"red4ext\plugins\ArchiveXL\LICENSE","","1090"
"red4ext\plugins\ArchiveXL\Scripts\ArchiveXL.DynamicAppearance.reds",".reds","1926"
"red4ext\plugins\ArchiveXL\Scripts\ArchiveXL.Global.reds",".reds","369"
"red4ext\plugins\ArchiveXL\Scripts\ArchiveXL.reds",".reds","39"
"red4ext\plugins\ArchiveXL\THIRD_PARTY_LICENSES","","13077"
"red4ext\plugins\Codeware\Codeware.dll",".dll","1915392"
"red4ext\plugins\Codeware\Codeware-2026-09-12-09-09-11.log",".log","327"
"red4ext\plugins\Codeware\Codeware-2026-09-12-10-33-52.log",".log","325"
"red4ext\plugins\Codeware\Codeware-2026-09-12-11-30-29.log",".log","327"
"red4ext\plugins\Codeware\Codeware-2026-09-12-12-03-50.log",".log","327"
"red4ext\plugins\Codeware\Codeware-2026-09-13-10-40-25.log",".log","327"
"red4ext\plugins\Codeware\Codeware-2026-09-13-13-06-06.log",".log","325"
"red4ext\plugins\Codeware\Codeware-2026-09-13-20-41-33.log",".log","323"
"red4ext\plugins\Codeware\Codeware-2026-09-14-16-31-33.log",".log","325"
"red4ext\plugins\Codeware\Codeware-2026-09-14-16-54-43.log",".log","327"
"red4ext\plugins\Codeware\Codeware-2026-09-14-17-52-34.log",".log","327"
"red4ext\plugins\Codeware\Data\KnownHashes.txt",".txt","12263138"
"red4ext\plugins\Codeware\LICENSE","","1090"
"red4ext\plugins\Codeware\Persistent\ScriptableServiceContainer.dat",".dat","236"
"red4ext\plugins\Codeware\Scripts\Codeware.Global.reds",".reds","1583253"
"red4ext\plugins\Codeware\Scripts\Codeware.Localization.reds",".reds","19187"
"red4ext\plugins\Codeware\Scripts\Codeware.reds",".reds","37"
"red4ext\plugins\Codeware\Scripts\Codeware.UI.reds",".reds","138827"
"red4ext\plugins\Codeware\Scripts\Codeware.UI.TextInput.reds",".reds","28317"
"red4ext\plugins\Codeware\THIRD_PARTY_LICENSES","","11950"
"red4ext\plugins\input_loader\input_loader.dll",".dll","1485824"
"red4ext\plugins\input_loader\inputUserMappings.xml",".xml","74062"
"red4ext\plugins\input_loader\license.md",".md","1072"
"red4ext\plugins\input_loader\readme.md",".md","3003"
"red4ext\plugins\mod_settings\license.md",".md","1072"
"red4ext\plugins\mod_settings\mod_settings.dll",".dll","877568"
"red4ext\plugins\mod_settings\ModSettings.archive",".archive","126976"
"red4ext\plugins\mod_settings\ModSettings.archive.xl",".xl","91"
"red4ext\plugins\mod_settings\module.reds",".reds","174"
"red4ext\plugins\mod_settings\packed.reds",".reds","60557"
"red4ext\plugins\mod_settings\readme.md",".md","5364"
"red4ext\plugins\mod_settings\user.ini",".ini","10601"
"red4ext\plugins\TweakXL\Data\ExtraFlats.dat",".dat","22456"
"red4ext\plugins\TweakXL\Data\InheritanceMap.dat",".dat","622344"
"red4ext\plugins\TweakXL\LICENSE","","1090"
"red4ext\plugins\TweakXL\Scripts\TweakXL.Global.reds",".reds","5242"
"red4ext\plugins\TweakXL\Scripts\TweakXL.reds",".reds","35"
"red4ext\plugins\TweakXL\THIRD_PARTY_LICENSES","","14482"
"red4ext\plugins\TweakXL\TweakXL.dll",".dll","1463808"
"red4ext\plugins\TweakXL\TweakXL-2026-09-12-09-09-12.log",".log","5122"
"red4ext\plugins\TweakXL\TweakXL-2026-09-12-10-33-52.log",".log","6534"
"red4ext\plugins\TweakXL\TweakXL-2026-09-12-11-30-30.log",".log","6625"
"red4ext\plugins\TweakXL\TweakXL-2026-09-12-12-03-51.log",".log","6691"
"red4ext\plugins\TweakXL\TweakXL-2026-09-13-10-40-25.log",".log","6625"
"red4ext\plugins\TweakXL\TweakXL-2026-09-13-13-06-07.log",".log","6690"
"red4ext\plugins\TweakXL\TweakXL-2026-09-13-20-41-33.log",".log","1431"
"red4ext\plugins\TweakXL\TweakXL-2026-09-14-16-31-33.log",".log","1449"
"red4ext\plugins\TweakXL\TweakXL-2026-09-14-16-54-44.log",".log","1450"
"red4ext\plugins\TweakXL\TweakXL-2026-09-14-17-52-35.log",".log","1450"
"red4ext\RED4ext.dll",".dll","1248256"
"red4ext\THIRD_PARTY_LICENSES.txt",".txt","10203"
"REDlauncher-4.2.0.4.msi",".msi","687386624"
"REDprelauncher.exe",".exe","1595984"
"sqlite3.dll",".dll","1066576"
"tools\redmod\bin\BCPack.dll",".dll","474760"
"tools\redmod\bin\freetype.dll",".dll","832136"
"tools\redmod\bin\libfbxsdk.dll",".dll","8058152"
"tools\redmod\bin\liblz4.dll",".dll","577616"
"tools\redmod\bin\nvToolsExt64_1.dll",".dll","52872"
"tools\redmod\bin\omm-sdk.dll",".dll","466056"
"tools\redmod\bin\oo2ext_7_win64.dll",".dll","1234056"
"tools\redmod\bin\oodle_dictionary.bin",".bin","1809181"
"tools\redmod\bin\PhysX3_x64.dll",".dll","2597512"
"tools\redmod\bin\PhysX3CharacterKinematic_x64.dll",".dll","576136"
"tools\redmod\bin\PhysX3Common_x64.dll",".dll","2041480"
"tools\redmod\bin\PhysX3Cooking_x64.dll",".dll","662664"
"tools\redmod\bin\PxFoundation_x64.dll",".dll","557192"
"tools\redmod\bin\PxPvdSDK_x64.dll",".dll","606344"
"tools\redmod\bin\redlexer_native.dll",".dll","99464"
"tools\redmod\bin\redMod.exe",".exe","13644424"
"tools\redmod\bin\scc.exe",".exe","6951560"
"tools\redmod\metadata.json",".json","6490756"
"tools\redmod\scripts\core\ai\actionEvents.script",".script","316"
"tools\redmod\scripts\core\ai\actions.script",".script","4617"
"tools\redmod\scripts\core\ai\actions\aiActionHelper.script",".script","66661"
"tools\redmod\scripts\core\ai\actions\aiActionHelperTask.script",".script","12189"
"tools\redmod\scripts\core\ai\actions\aiActionParams.script",".script","10274"
"tools\redmod\scripts\core\ai\actions\tweakAIAction.script",".script","60482"
"tools\redmod\scripts\core\ai\actions\tweakAIActionCondition.script",".script","2674"
"tools\redmod\scripts\core\ai\actions\tweakAIActionTasks.script",".script","41207"
"tools\redmod\scripts\core\ai\actions\tweakAIConditionChecks.script",".script","135237"
"tools\redmod\scripts\core\ai\actions\tweakAISubActions.script",".script","291441"
"tools\redmod\scripts\core\ai\aiActiveCommandList.script",".script","1110"
"tools\redmod\scripts\core\ai\aiApproachingAreaEvent.script",".script","408"
"tools\redmod\scripts\core\ai\aiBehaviorDelegate.script",".script","3202"
"tools\redmod\scripts\core\ai\aiCodeInterface.script",".script","849"
"tools\redmod\scripts\core\ai\aiCommand.script",".script","24333"
"tools\redmod\scripts\core\ai\aiScripting.script",".script","11014"
"tools\redmod\scripts\core\ai\aiScriptUtils.script",".script","3324"
"tools\redmod\scripts\core\ai\aiStackScriptTask.script",".script","2353"
"tools\redmod\scripts\core\ai\aiTweakParams.script",".script","2879"
"tools\redmod\scripts\core\ai\arguments\mapping.script",".script","567"
"tools\redmod\scripts\core\ai\attitudeAgent.script",".script","973"
"tools\redmod\scripts\core\ai\attitudeSystem.script",".script","1465"
"tools\redmod\scripts\core\ai\combatMode.script",".script","86"
"tools\redmod\scripts\core\ai\combatSpace.script",".script","229"
"tools\redmod\scripts\core\ai\covers\aiCoverHelper.script",".script","28757"
"tools\redmod\scripts\core\ai\debugContexts.script",".script","195"
"tools\redmod\scripts\core\ai\expressions\aiBehaviorCallbackExpression.script",".script","1733"
"tools\redmod\scripts\core\ai\friendlyFireSystem.script",".script","1156"
"tools\redmod\scripts\core\ai\lineOfSightFinderSystem.script",".script","1117"
"tools\redmod\scripts\core\ai\squads\aiSquadHelper.script",".script","25107"
"tools\redmod\scripts\core\ai\squads\tweakAITicketChecks.script",".script","21173"
"tools\redmod\scripts\core\ai\traffic\trafficData.script",".script","249"
"tools\redmod\scripts\core\animation\animCommunication.script",".script","5770"
"tools\redmod\scripts\core\animation\animFeature.script",".script","30147"
"tools\redmod\scripts\core\blackboard\blackboard.script",".script","9028"
"tools\redmod\scripts\core\blackboard\blackboardDefinitions.script",".script","66183"
"tools\redmod\scripts\core\components\aiComponent.script",".script","39871"
"tools\redmod\scripts\core\components\animatedComponent.script",".script","67"
"tools\redmod\scripts\core\components\animationControllerComponent.script",".script","6809"
"tools\redmod\scripts\core\components\areaShapeComponent.script",".script","70"
"tools\redmod\scripts\core\components\binkComponent.script",".script","1020"
"tools\redmod\scripts\core\components\cameraComponent.script",".script","1087"
"tools\redmod\scripts\core\components\colliderComponent.script",".script","184"
"tools\redmod\scripts\core\components\component.script",".script","604"
"tools\redmod\scripts\core\components\crowdMemberComponent.script",".script","1523"
"tools\redmod\scripts\core\components\cwBreachComponents.script",".script","10380"
"tools\redmod\scripts\core\components\dismembermentComponent.script",".script","3952"
"tools\redmod\scripts\core\components\entityStubComponent.script",".script","327"
"tools\redmod\scripts\core\components\ethnicityComponent.script",".script","70"
"tools\redmod\scripts\core\components\gameLightComponent.script",".script","7117"
"tools\redmod\scripts\core\components\gameMountableComponent.script",".script","476"
"tools\redmod\scripts\core\components\gameNavmeshDetector.script",".script","191"
"tools\redmod\scripts\core\components\gamePuppetMountableComponent.script",".script","924"
"tools\redmod\scripts\core\components\gameVehicleMountableComponent.script",".script","4388"
"tools\redmod\scripts\core\components\hitRepresentationComponent.script",".script","8196"
"tools\redmod\scripts\core\components\influenceComponent.script",".script","636"
"tools\redmod\scripts\core\components\influenceObstacleComponent.script",".script","189"
"tools\redmod\scripts\core\components\interactionComponent.script",".script","1216"
"tools\redmod\scripts\core\components\inventoryComponent.script",".script","17239"
"tools\redmod\scripts\core\components\lightComponent.script",".script","888"
"tools\redmod\scripts\core\components\lootContainers.script",".script","33433"
"tools\redmod\scripts\core\components\meshComponent.script",".script","65"
"tools\redmod\scripts\core\components\movePoliciesComponent.script",".script","18100"
"tools\redmod\scripts\core\components\objectSelectionComponent.script",".script","514"
"tools\redmod\scripts\core\components\offMeshConnectionComponent.script",".script","266"
"tools\redmod\scripts\core\components\physicalDestructionComponent.script",".script","427"
"tools\redmod\scripts\core\components\physicalMeshComponent.script",".script","244"
"tools\redmod\scripts\core\components\placedComponent.script",".script","677"
"tools\redmod\scripts\core\components\playerStateMachineComponent.script",".script","8420"
"tools\redmod\scripts\core\components\projectileComponent.script",".script","7027"
"tools\redmod\scripts\core\components\scanningComponent.script",".script","51848"
"tools\redmod\scripts\core\components\scriptableComponent.script",".script","2077"
"tools\redmod\scripts\core\components\scriptComponents\adamSmasherComponent.script",".script","24608"
"tools\redmod\scripts\core\components\scriptComponents\appearanceRandomizer.script",".script","745"
"tools\redmod\scripts\core\components\scriptComponents\avComponent.script",".script","52"
"tools\redmod\scripts\core\components\scriptComponents\bossStealthComponent.script",".script","1667"
"tools\redmod\scripts\core\components\scriptComponents\bumpComponent.script",".script","973"
"tools\redmod\scripts\core\components\scriptComponents\carComponent.script",".script","53"
"tools\redmod\scripts\core\components\scriptComponents\cerberusComponent.script",".script","7940"
"tools\redmod\scripts\core\components\scriptComponents\chimeraBossComponent.script",".script","23347"
"tools\redmod\scripts\core\components\scriptComponents\combatHUDManager.script",".script","6420"
"tools\redmod\scripts\core\components\scriptComponents\delamainTaxiComponent.script",".script","10884"
"tools\redmod\scripts\core\components\scriptComponents\detectorModuleComponent.script",".script","798"
"tools\redmod\scripts\core\components\scriptComponents\diodeControlComponent.script",".script","7984"
"tools\redmod\scripts\core\components\scriptComponents\droneComponent.script",".script","9441"
"tools\redmod\scripts\core\components\scriptComponents\durabilityComponent.script",".script","113"
"tools\redmod\scripts\core\components\scriptComponents\entityAttachementComponent.script",".script","4477"
"tools\redmod\scripts\core\components\scriptComponents\entityDeviceLink.script",".script","16539"
"tools\redmod\scripts\core\components\scriptComponents\fastTravelComponent.script",".script","1886"
"tools\redmod\scripts\core\components\scriptComponents\followSlotsComponent.script",".script","2930"
"tools\redmod\scripts\core\components\scriptComponents\gameplayRoleComponent.script",".script","50191"
"tools\redmod\scripts\core\components\scriptComponents\inspectableObjectComponent.script",".script","4571"
"tools\redmod\scripts\core\components\scriptComponents\inspectionComponent.script",".script","9596"
"tools\redmod\scripts\core\components\scriptComponents\kurtzBossComponent.script",".script","2147"
"tools\redmod\scripts\core\components\scriptComponents\kurtzComponent.script",".script","789"
"tools\redmod\scripts\core\components\scriptComponents\minotaurMechComponent.script",".script","5672"
"tools\redmod\scripts\core\components\scriptComponents\motorcycleComponent.script",".script","4815"
"tools\redmod\scripts\core\components\scriptComponents\ncartMetroComponent.script",".script","268"
"tools\redmod\scripts\core\components\scriptComponents\objectMoverComponent.script",".script","532"
"tools\redmod\scripts\core\components\scriptComponents\odaComponent.script",".script","9560"
"tools\redmod\scripts\core\components\scriptComponents\reactionComponent.script",".script","235622"
"tools\redmod\scripts\core\components\scriptComponents\resourceLibraryComponent.script",".script","591"
"tools\redmod\scripts\core\components\scriptComponents\resourceMapperComponent.script",".script","17938"
"tools\redmod\scripts\core\components\scriptComponents\royceComponent.script",".script","6284"
"tools\redmod\scripts\core\components\scriptComponents\sasquatchComponent.script",".script","3997"
"tools\redmod\scripts\core\components\scriptComponents\scannerControlComponent.script",".script","6009"
"tools\redmod\scripts\core\components\scriptComponents\scavengeComponent.script",".script","1181"
"tools\redmod\scripts\core\components\scriptComponents\slotComponent.script",".script","175"
"tools\redmod\scripts\core\components\scriptComponents\updateComponent.script",".script","158"
"tools\redmod\scripts\core\components\scriptComponents\vehicleComponent.script",".script","223820"
"tools\redmod\scripts\core\components\scriptComponents\vehicleComponentPS.script",".script","96492"
"tools\redmod\scripts\core\components\scriptComponents\vehicleVisualCustomizationComponent.script",".script","13077"
"tools\redmod\scripts\core\components\scriptComponents\vendorComponent.script",".script","1150"
"tools\redmod\scripts\core\components\scriptComponents\weaponPositionComponent.script",".script","17888"
"tools\redmod\scripts\core\components\scriptComponents\workspotMapperComponent.script",".script","6202"
"tools\redmod\scripts\core\components\senseComponent.script",".script","38882"
"tools\redmod\scripts\core\components\skinableComponent.script",".script","79"
"tools\redmod\scripts\core\components\soundComponent.script",".script","153"
"tools\redmod\scripts\core\components\sourceShootComponent.script",".script","1524"
"tools\redmod\scripts\core\components\squadComponent.script",".script","5924"
"tools\redmod\scripts\core\components\statsComponent.script",".script","69"
"tools\redmod\scripts\core\components\stimBroadcasterComponent.script",".script","27796"
"tools\redmod\scripts\core\components\targetShootComponent.script",".script","16608"
"tools\redmod\scripts\core\components\targetTrackingComponent.script",".script","73289"
"tools\redmod\scripts\core\components\transformHistoryComponent.script",".script","225"
"tools\redmod\scripts\core\components\trapComponent.script",".script","2170"
"tools\redmod\scripts\core\components\triggerComponent.script",".script","278"
"tools\redmod\scripts\core\components\uiComponents.script",".script","4157"
"tools\redmod\scripts\core\components\vehicleCinematicCameraComponent.script",".script","35189"
"tools\redmod\scripts\core\components\vehicleController.script",".script","2646"
"tools\redmod\scripts\core\components\vehicleCustomizationComponent.Script",".Script","3320"
"tools\redmod\scripts\core\components\virtualCameraComponent.script",".script","751"
"tools\redmod\scripts\core\components\visionModeComponent.script",".script","35354"
"tools\redmod\scripts\core\components\visualComponent.script",".script","353"
"tools\redmod\scripts\core\components\weakspotComponent.script",".script","171"
"tools\redmod\scripts\core\data\cameraData.script",".script","74"
"tools\redmod\scripts\core\data\engineTime.script",".script","1762"
"tools\redmod\scripts\core\data\gameTime.script",".script","1935"
"tools\redmod\scripts\core\data\itemData.script",".script","2709"
"tools\redmod\scripts\core\data\itemID.script",".script","1285"
"tools\redmod\scripts\core\data\mappinData.script",".script","591"
"tools\redmod\scripts\core\data\prereqData.script",".script","695"
"tools\redmod\scripts\core\data\scanningData.script",".script","168"
"tools\redmod\scripts\core\data\slotData.script",".script","657"
"tools\redmod\scripts\core\data\stateMachineParameterTypes.script",".script","1021"
"tools\redmod\scripts\core\data\statsData.script",".script","2357"
"tools\redmod\scripts\core\data\string.script",".script","4744"
"tools\redmod\scripts\core\data\tweakDB.script",".script","113825"
"tools\redmod\scripts\core\data\tweakDBEnums.script",".script","95914"
"tools\redmod\scripts\core\data\tweakDBID.script",".script","955"
"tools\redmod\scripts\core\data\tweakDBRecords.script",".script","603547"
"tools\redmod\scripts\core\data\visionSystemData.script",".script","449"
"tools\redmod\scripts\core\data\wrappedArray.script",".script","89"
"tools\redmod\scripts\core\debug\infoBox.script",".script","825"
"tools\redmod\scripts\core\debug\maraudersMapDevicesSink.script",".script","788"
"tools\redmod\scripts\core\debug\renderDebug.script",".script","1031"
"tools\redmod\scripts\core\debug\SDOSink.script",".script","1515"
"tools\redmod\scripts\core\entity\entity.script",".script","2497"
"tools\redmod\scripts\core\entity\entityGameInterface.script",".script","1298"
"tools\redmod\scripts\core\entity\entityID.script",".script","2180"
"tools\redmod\scripts\core\entity\gameEntity.script",".script","123"
"tools\redmod\scripts\core\entity\gameObject.script",".script","101032"
"tools\redmod\scripts\core\entity\renderEvents.script",".script","92"
"tools\redmod\scripts\core\events\appearanceEvent.script",".script","215"
"tools\redmod\scripts\core\events\attachmentSlotsEvents.script",".script","2555"
"tools\redmod\scripts\core\events\cameraEvent.script",".script","408"
"tools\redmod\scripts\core\events\choiceEvent.script",".script","747"
"tools\redmod\scripts\core\events\effectEvent.script",".script","783"
"tools\redmod\scripts\core\events\entityEvents.script",".script","127"
"tools\redmod\scripts\core\events\event.script",".script","52"
"tools\redmod\scripts\core\events\hitEvents.script",".script","3456"
"tools\redmod\scripts\core\events\ikTargetEvents.script",".script","1637"
"tools\redmod\scripts\core\events\inventoryEvents.script",".script","1135"
"tools\redmod\scripts\core\events\lookAtEvents.script",".script","12265"
"tools\redmod\scripts\core\events\playerEvents.script",".script","406"
"tools\redmod\scripts\core\events\projectileEvent.script",".script","4615"
"tools\redmod\scripts\core\events\puppetEvents.script",".script","3173"
"tools\redmod\scripts\core\events\reactionEvent.script",".script","1244"
"tools\redmod\scripts\core\events\rewardEvent.script",".script","95"
"tools\redmod\scripts\core\events\scanningEvents.script",".script","1337"
"tools\redmod\scripts\core\events\stateMachine.script",".script","1718"
"tools\redmod\scripts\core\events\stimuliEvents.script",".script","4427"
"tools\redmod\scripts\core\events\transformAnimatorEvents.script",".script","734"
"tools\redmod\scripts\core\events\triggerEvent.script",".script","434"
"tools\redmod\scripts\core\events\vehicleEvents.script",".script","4322"
"tools\redmod\scripts\core\events\visionSystemEvents.script",".script","1034"
"tools\redmod\scripts\core\events\weaponEvents.script",".script","236"
"tools\redmod\scripts\core\gameplay\captionParts.script",".script","2376"
"tools\redmod\scripts\core\gameplay\choice.script",".script","1445"
"tools\redmod\scripts\core\gameplay\conditions\gameplayCondition.script",".script","10716"
"tools\redmod\scripts\core\gameplay\conditions\gameplayConditionContainer.script",".script","3350"
"tools\redmod\scripts\core\gameplay\delaySystem.script",".script","2627"
"tools\redmod\scripts\core\gameplay\deviceActionProperty.script",".script","7756"
"tools\redmod\scripts\core\gameplay\durationModifiers.script",".script","1196"
"tools\redmod\scripts\core\gameplay\effector.script",".script","11216"
"tools\redmod\scripts\core\gameplay\effectors\addItemsEffector.script",".script","655"
"tools\redmod\scripts\core\gameplay\effectors\applyEffectorEffector.script",".script","1195"
"tools\redmod\scripts\core\gameplay\effectors\applyEffectToDismemberedEffector.script",".script","928"
"tools\redmod\scripts\core\gameplay\effectors\applyLightPresetEffector.script",".script","1646"
"tools\redmod\scripts\core\gameplay\effectors\applyQuickhackEffector.script",".script","4025"
"tools\redmod\scripts\core\gameplay\effectors\applyRandomStatusEffectEffector.script",".script","1678"
"tools\redmod\scripts\core\gameplay\effectors\applyShaderEffector.script",".script","3884"
"tools\redmod\scripts\core\gameplay\effectors\applyShaderOnEquipmentEffector.script",".script","4810"
"tools\redmod\scripts\core\gameplay\effectors\applyShaderOnObjectEffector.script",".script","3059"
"tools\redmod\scripts\core\gameplay\effectors\applyStatGroupEffector.script",".script","3503"
"tools\redmod\scripts\core\gameplay\effectors\applyStatusEffectByChanceEffector.script",".script","2204"
"tools\redmod\scripts\core\gameplay\effectors\applyStatusEffectEffector.script",".script","5871"
"tools\redmod\scripts\core\gameplay\effectors\attachCapsuleVisionBlockerEffector.script",".script","3051"
"tools\redmod\scripts\core\gameplay\effectors\broadcastStimEffector.script",".script","693"
"tools\redmod\scripts\core\gameplay\effectors\changeAppearanceEffector.script",".script","1068"
"tools\redmod\scripts\core\gameplay\effectors\custom\applyAccumulatedDoTEffector.script",".script","233"
"tools\redmod\scripts\core\gameplay\effectors\custom\chaosWeaponCustomEffector.script",".script","2978"
"tools\redmod\scripts\core\gameplay\effectors\custom\clearQuickhackQueueEffector.script",".script","1442"
"tools\redmod\scripts\core\gameplay\effectors\custom\convertDamageToDoTEffector.script",".script","2327"
"tools\redmod\scripts\core\gameplay\effectors\custom\convertDamageToStatPoolEffector.script",".script","2152"
"tools\redmod\scripts\core\gameplay\effectors\custom\detectionMeterEffector.script",".script","3603"
"tools\redmod\scripts\core\gameplay\effectors\custom\disassembleOwnedJunkEffector.script",".script","497"
"tools\redmod\scripts\core\gameplay\effectors\custom\grenadeLvl4HackEffector.script",".script","5864"
"tools\redmod\scripts\core\gameplay\effectors\custom\hardToKillDamageModiicationEffector.script",".script","1451"
"tools\redmod\scripts\core\gameplay\effectors\custom\highlightEffector.script",".script","3671"
"tools\redmod\scripts\core\gameplay\effectors\custom\iceCounterHackEffector.script",".script","1151"
"tools\redmod\scripts\core\gameplay\effectors\custom\initiateCyberwareExplosionEffector.script",".script","3420"
"tools\redmod\scripts\core\gameplay\effectors\custom\juggernautEffector.script",".script","1161"
"tools\redmod\scripts\core\gameplay\effectors\custom\kiroshiHighlightEffector.script",".script","6507"
"tools\redmod\scripts\core\gameplay\effectors\custom\limfaticNanoChargeSystemEffector.script",".script","1973"
"tools\redmod\scripts\core\gameplay\effectors\custom\modifyStatPoolValueQuickhackCostEffector.script",".script","4320"
"tools\redmod\scripts\core\gameplay\effectors\custom\nanoTechPlatesEffector.script",".script","3640"
"tools\redmod\scripts\core\gameplay\effectors\custom\overshieldEffectorBase.script",".script","1592"
"tools\redmod\scripts\core\gameplay\effectors\custom\playVFXOnHitPositionEffector.script",".script","1264"
"tools\redmod\scripts\core\gameplay\effectors\custom\powerUpCyberwareEffector.script",".script","3083"
"tools\redmod\scripts\core\gameplay\effectors\custom\reflexesMasterPerk1Effector.script",".script","4954"
"tools\redmod\scripts\core\gameplay\effectors\custom\sadismEffector.script",".script","1524"
"tools\redmod\scripts\core\gameplay\effectors\custom\scaleOvershieldDecayOverTimeEffector.script",".script","4389"
"tools\redmod\scripts\core\gameplay\effectors\custom\setFactBasedOnClearAreaEffector.script",".script","3676"
"tools\redmod\scripts\core\gameplay\effectors\custom\smartStorageEffector.script",".script","2504"
"tools\redmod\scripts\core\gameplay\effectors\custom\statBonusFromFactEffector.script",".script","2147"
"tools\redmod\scripts\core\gameplay\effectors\custom\statPoolBasedStatusEffectEffector.script",".script","7460"
"tools\redmod\scripts\core\gameplay\effectors\custom\stuckInEffector.script",".script","2218"
"tools\redmod\scripts\core\gameplay\effectors\custom\systemCollapseModifyRevealBarEffector.script",".script","1574"
"tools\redmod\scripts\core\gameplay\effectors\custom\timeBankEffector.script",".script","7248"
"tools\redmod\scripts\core\gameplay\effectors\custom\togglePlayerFlashlightEffector.script",".script","828"
"tools\redmod\scripts\core\gameplay\effectors\custom\unstoppableEffector.script",".script","967"
"tools\redmod\scripts\core\gameplay\effectors\custom\weirdTankyPlatingEffector.script",".script","1600"
"tools\redmod\scripts\core\gameplay\effectors\damage\addHitFlagToAttackEffector.script",".script","887"
"tools\redmod\scripts\core\gameplay\effectors\damage\addStatusEffectToAttackEffector.script",".script","1568"
"tools\redmod\scripts\core\gameplay\effectors\damage\hitEventEffector.script",".script","1323"
"tools\redmod\scripts\core\gameplay\effectors\damage\modifyAttackCritChanceEffector.script",".script","842"
"tools\redmod\scripts\core\gameplay\effectors\damage\modifyAttackEffector.script",".script","61"
"tools\redmod\scripts\core\gameplay\effectors\damage\modifyCritWithDistance.script",".script","1850"
"tools\redmod\scripts\core\gameplay\effectors\damage\modifyDamageEffector.script",".script","3283"
"tools\redmod\scripts\core\gameplay\effectors\damage\modifyDamagePerHackEffector.script",".script","1662"
"tools\redmod\scripts\core\gameplay\effectors\damage\modifyDamageWithCyberwareCountEffector.script",".script","4895"
"tools\redmod\scripts\core\gameplay\effectors\damage\modifyDamageWithDistance.script",".script","2003"
"tools\redmod\scripts\core\gameplay\effectors\damage\modifyDamageWithLeapedDistance.script",".script","1539"
"tools\redmod\scripts\core\gameplay\effectors\damage\modifyDamageWithStatPoolEffector.script",".script","2527"
"tools\redmod\scripts\core\gameplay\effectors\damage\modifyDamageWithVelocityEffector.script",".script","1070"
"tools\redmod\scripts\core\gameplay\effectors\damage\removeHitFlatFromAttackEffector.script",".script","957"
"tools\redmod\scripts\core\gameplay\effectors\damage\setAttackHitTypeEffector.script",".script","622"
"tools\redmod\scripts\core\gameplay\effectors\destroyWeakspotEffector.script",".script","2934"
"tools\redmod\scripts\core\gameplay\effectors\disableTargetingEffector.script",".script","682"
"tools\redmod\scripts\core\gameplay\effectors\dismemberEffector.script",".script","996"
"tools\redmod\scripts\core\gameplay\effectors\encumbranceEvaluationEffector.script",".script","308"
"tools\redmod\scripts\core\gameplay\effectors\highlightObjectEffector.script",".script","575"
"tools\redmod\scripts\core\gameplay\effectors\modifyStaminaHandler.script",".script","1224"
"tools\redmod\scripts\core\gameplay\effectors\modifyStatPoolCustomLimitEffector.script",".script","1873"
"tools\redmod\scripts\core\gameplay\effectors\ModifyStatPoolModifierEffector.script",".script","2941"
"tools\redmod\scripts\core\gameplay\effectors\ModifyStatPoolValueEffector.script",".script","3690"
"tools\redmod\scripts\core\gameplay\effectors\modifyStatusEffectDurationEffector.script",".script","5890"
"tools\redmod\scripts\core\gameplay\effectors\newperk\bloodlustHealingEffector.script",".script","2506"
"tools\redmod\scripts\core\gameplay\effectors\newperk\ceaselessLeadAmmoEffector.script",".script","1379"
"tools\redmod\scripts\core\gameplay\effectors\newperk\powerBlockEffector.script",".script","1046"
"tools\redmod\scripts\core\gameplay\effectors\newperk\ripAndTearEffector.script",".script","1180"
"tools\redmod\scripts\core\gameplay\effectors\newperk\tryDeactivatePreventionByMask.script",".script","284"
"tools\redmod\scripts\core\gameplay\effectors\notifyPoliceEffector.script",".script","268"
"tools\redmod\scripts\core\gameplay\effectors\overrideRangedAttackPackageEffector.script",".script","1329"
"tools\redmod\scripts\core\gameplay\effectors\perk\monoWireQuickHackApplyEffector.script",".script","5953"
"tools\redmod\scripts\core\gameplay\effectors\perk\rapidBloodflowEffector.script",".script","4640"
"tools\redmod\scripts\core\gameplay\effectors\playBreathingAnimation.script",".script","1870"
"tools\redmod\scripts\core\gameplay\effectors\playFXEffector.script",".script","3516"
"tools\redmod\scripts\core\gameplay\effectors\propagateStatusEffectInAreaEffector.script",".script","2520"
"tools\redmod\scripts\core\gameplay\effectors\quickhackEffectors.script",".script","37973"
"tools\redmod\scripts\core\gameplay\effectors\reloadWeaponEffector.script",".script","527"
"tools\redmod\scripts\core\gameplay\effectors\removeAllModifiersEffector.script",".script","1013"
"tools\redmod\scripts\core\gameplay\effectors\removeAllStatusEffectsEffector.script",".script","496"
"tools\redmod\scripts\core\gameplay\effectors\removeStatusEffectsEffector.script",".script","3898"
"tools\redmod\scripts\core\gameplay\effectors\restoreStatPoolEffector.script",".script","952"
"tools\redmod\scripts\core\gameplay\effectors\rewardPlayerWithCrimeScoreEffector.script",".script","361"
"tools\redmod\scripts\core\gameplay\effectors\setTargetHealthEffector.script",".script","731"
"tools\redmod\scripts\core\gameplay\effectors\setTimeDilationEffector.script",".script","1615"
"tools\redmod\scripts\core\gameplay\effectors\showUIWarningEffector.script",".script","1070"
"tools\redmod\scripts\core\gameplay\effectors\singulars\addDevelopmentPointEffector.script",".script","1803"
"tools\redmod\scripts\core\gameplay\effectors\singulars\giveRewardEffector.script",".script","1009"
"tools\redmod\scripts\core\gameplay\effectors\singulars\resetDevelopmentPointsEffector.script",".script","340"
"tools\redmod\scripts\core\gameplay\effectors\singulars\setFactEffector.script",".script","1244"
"tools\redmod\scripts\core\gameplay\effectors\singulars\triggerHackingMinigameEffector.script",".script","3507"
"tools\redmod\scripts\core\gameplay\effectors\singulars\unlockMinigameProgramEffector.script",".script","1337"
"tools\redmod\scripts\core\gameplay\effectors\stopAndPlayFXEffector.script",".script","2171"
"tools\redmod\scripts\core\gameplay\effectors\stopFXEffector.script",".script","932"
"tools\redmod\scripts\core\gameplay\effectors\toggleMaterialOverlayEffector.script",".script","1428"
"tools\redmod\scripts\core\gameplay\effectors\triggerAttackByRandomChanceEffector.script",".script","3453"
"tools\redmod\scripts\core\gameplay\effectors\triggerAttackEffector.script",".script","1656"
"tools\redmod\scripts\core\gameplay\effectors\triggerAttackOnAttackEffect.script",".script","3435"
"tools\redmod\scripts\core\gameplay\effectors\triggerAttackOnNearbyEnemiesEffector.script",".script","11077"
"tools\redmod\scripts\core\gameplay\effectors\triggerAttackOnOwnerEffector.script",".script","2986"
"tools\redmod\scripts\core\gameplay\effectors\triggerAttackOnTargetEffector.script",".script","2997"
"tools\redmod\scripts\core\gameplay\effectors\triggerContinuousAttackEffector.script",".script","2191"
"tools\redmod\scripts\core\gameplay\effectors\uncontrolledMovementEffector.script",".script","1434"
"tools\redmod\scripts\core\gameplay\effectors\useConsumableEffector.script",".script","1023"
"tools\redmod\scripts\core\gameplay\gameplayEffects.script",".script","13691"
"tools\redmod\scripts\core\gameplay\importedPrereqs.script",".script","124"
"tools\redmod\scripts\core\gameplay\interactions.script",".script","885"
"tools\redmod\scripts\core\gameplay\movementParams.script",".script","266"
"tools\redmod\scripts\core\gameplay\movingPlatform.script",".script","1702"
"tools\redmod\scripts\core\gameplay\objectActionsPrereqController.script",".script","997"
"tools\redmod\scripts\core\gameplay\pocketRadio.script",".script","14886"
"tools\redmod\scripts\core\gameplay\prereqs.script",".script","45196"
"tools\redmod\scripts\core\gameplay\prereqs\alwaysTruePrereq.script",".script","439"
"tools\redmod\scripts\core\gameplay\prereqs\constantStatPoolPrereq.script",".script","2610"
"tools\redmod\scripts\core\gameplay\prereqs\consumableChargesPrereq.script",".script","2729"
"tools\redmod\scripts\core\gameplay\prereqs\damage\agentMovingHitPrereqCondition.script",".script","963"
"tools\redmod\scripts\core\gameplay\prereqs\damage\ammoStateHitPrereqCondition.script",".script","1806"
"tools\redmod\scripts\core\gameplay\prereqs\damage\attackSubtypeHitPrereqCondition.script",".script","960"
"tools\redmod\scripts\core\gameplay\prereqs\damage\attackTagHitPrereqCondition.script",".script","649"
"tools\redmod\scripts\core\gameplay\prereqs\damage\attackTypeHitPrereqCondition.script",".script","921"
"tools\redmod\scripts\core\gameplay\prereqs\damage\baseHitPrereqCondition.script",".script","1307"
"tools\redmod\scripts\core\gameplay\prereqs\damage\bodyPartHitPrereqCondition.script",".script","2101"
"tools\redmod\scripts\core\gameplay\prereqs\damage\consecutiveHitsPrereqCondition.script",".script","1806"
"tools\redmod\scripts\core\gameplay\prereqs\damage\damageOverTimeTypeHitPrereqCondition.script",".script","1181"
"tools\redmod\scripts\core\gameplay\prereqs\damage\damageTypeHitPrereqCondition.script",".script","731"
"tools\redmod\scripts\core\gameplay\prereqs\damage\dismembermentTriggeredHitPrereqCondition.script",".script","726"
"tools\redmod\scripts\core\gameplay\prereqs\damage\dismembermentTriggeredPrereq.script",".script","2444"
"tools\redmod\scripts\core\gameplay\prereqs\damage\distanceCoveredHitPrereqCondition.script",".script","1077"
"tools\redmod\scripts\core\gameplay\prereqs\damage\effectNameHitPrereqCondition.script",".script","947"
"tools\redmod\scripts\core\gameplay\prereqs\damage\genericHitPrereq.script",".script","12233"
"tools\redmod\scripts\core\gameplay\prereqs\damage\hitAttackSubtypePrereq.script",".script","1106"
"tools\redmod\scripts\core\gameplay\prereqs\damage\hitDamageTypePrereq.script",".script","735"
"tools\redmod\scripts\core\gameplay\prereqs\damage\hitDistanceCoveredPrereq.script",".script","1232"
"tools\redmod\scripts\core\gameplay\prereqs\damage\hitDoTTypePrereq.script",".script","1656"
"tools\redmod\scripts\core\gameplay\prereqs\damage\hitFlagHitPrereqCondition.script",".script","843"
"tools\redmod\scripts\core\gameplay\prereqs\damage\hitFlagPrereq.script",".script","652"
"tools\redmod\scripts\core\gameplay\prereqs\damage\hitIsBodyPartHeadPrereq.script",".script","561"
"tools\redmod\scripts\core\gameplay\prereqs\damage\hitIsBodyPartLimbPrereq.script",".script","561"
"tools\redmod\scripts\core\gameplay\prereqs\damage\hitIsBodyPartTorsoPrereq.script",".script","564"
"tools\redmod\scripts\core\gameplay\prereqs\damage\hitIsHumanPrereq.script",".script","896"
"tools\redmod\scripts\core\gameplay\prereqs\damage\hitIsInstigatorPlayerPrereq.script",".script","341"
"tools\redmod\scripts\core\gameplay\prereqs\damage\hitIsMovingPrereq.script",".script","1113"
"tools\redmod\scripts\core\gameplay\prereqs\damage\hitIsQuickhackPresentInQueuePrereqCondition.script",".script","1779"
"tools\redmod\scripts\core\gameplay\prereqs\damage\hitIsRarityPrereq.script",".script","1131"
"tools\redmod\scripts\core\gameplay\prereqs\damage\hitIsRicochetPrereq.script",".script","313"
"tools\redmod\scripts\core\gameplay\prereqs\damage\hitIsSourceGrenadePrereq.script",".script","332"
"tools\redmod\scripts\core\gameplay\prereqs\damage\hitIsTheSameTarget.script",".script","1664"
"tools\redmod\scripts\core\gameplay\prereqs\damage\hitOrMissTriggeredPrereq.script",".script","888"
"tools\redmod\scripts\core\gameplay\prereqs\damage\hitReceivedPrereq.script",".script","58"
"tools\redmod\scripts\core\gameplay\prereqs\damage\hitStatPoolComparisonPrereq.script",".script","2265"
"tools\redmod\scripts\core\gameplay\prereqs\damage\hitStatPoolPrereq.script",".script","1916"
"tools\redmod\scripts\core\gameplay\prereqs\damage\hitStatusEffectPresentPrereq.script",".script","1825"
"tools\redmod\scripts\core\gameplay\prereqs\damage\hitTriggeredPrereq.script",".script","59"
"tools\redmod\scripts\core\gameplay\prereqs\damage\instigatorTypeHitPrereqCondition.script",".script","816"
"tools\redmod\scripts\core\gameplay\prereqs\damage\ReactionPresetHitPrereqCondition.script",".script","1012"
"tools\redmod\scripts\core\gameplay\prereqs\damage\sameTargetHitPrereqCondition.script",".script","1443"
"tools\redmod\scripts\core\gameplay\prereqs\damage\selfHitPrereqCondition.script",".script","483"
"tools\redmod\scripts\core\gameplay\prereqs\damage\sourceTypeHitPrereqCondition.script",".script","815"
"tools\redmod\scripts\core\gameplay\prereqs\damage\statHitPrereqCondition.script",".script","1613"
"tools\redmod\scripts\core\gameplay\prereqs\damage\statPoolComparisonHitPrereqCondition.script",".script","1968"
"tools\redmod\scripts\core\gameplay\prereqs\damage\statPoolHitPrereqCondition.script",".script","1668"
"tools\redmod\scripts\core\gameplay\prereqs\damage\statusEffectPresentHitPrereqCondition.script",".script","1864"
"tools\redmod\scripts\core\gameplay\prereqs\damage\targetKilledHitPrereqCondition.script",".script","2868"
"tools\redmod\scripts\core\gameplay\prereqs\damage\targetKilledPrereq.script",".script","587"
"tools\redmod\scripts\core\gameplay\prereqs\damage\targetNPCIsCrowdHitPrereqCondition.script",".script","342"
"tools\redmod\scripts\core\gameplay\prereqs\damage\targetNPCRarityHitPrereqCondition.script",".script","922"
"tools\redmod\scripts\core\gameplay\prereqs\damage\targetNPCTypeHitPrereqCondition.script",".script","851"
"tools\redmod\scripts\core\gameplay\prereqs\damage\targetTypeHitPrereqCondition.script",".script","843"
"tools\redmod\scripts\core\gameplay\prereqs\damage\triggerModeHitPrereqCondition.script",".script","573"
"tools\redmod\scripts\core\gameplay\prereqs\damage\weaponEvolutionHitPrereqCondition.script",".script","1252"
"tools\redmod\scripts\core\gameplay\prereqs\damage\weaponItemTypeHitPrereqCondition.script",".script","976"
"tools\redmod\scripts\core\gameplay\prereqs\damage\weaponTypeHitPrereqCondition.script",".script","966"
"tools\redmod\scripts\core\gameplay\prereqs\damage\woundedTriggeredPrereq.script",".script","2613"
"tools\redmod\scripts\core\gameplay\prereqs\devices\connectedToBackdoor.script",".script","846"
"tools\redmod\scripts\core\gameplay\prereqs\devices\hasNetwork.script",".script","886"
"tools\redmod\scripts\core\gameplay\prereqs\devices\networkBreached.script",".script","825"
"tools\redmod\scripts\core\gameplay\prereqs\districtPrereq.script",".script","663"
"tools\redmod\scripts\core\gameplay\prereqs\factValuePrereq.script",".script","2647"
"tools\redmod\scripts\core\gameplay\prereqs\gameTimePrereq.script",".script","2403"
"tools\redmod\scripts\core\gameplay\prereqs\itemCreationPrereq.script",".script","1588"
"tools\redmod\scripts\core\gameplay\prereqs\items\armsCWinSlotPrereq.script",".script","4981"
"tools\redmod\scripts\core\gameplay\prereqs\items\itemInSlotPrereq.script",".script","7727"
"tools\redmod\scripts\core\gameplay\prereqs\items\itemSlotsFilledPrereq.script",".script","3261"
"tools\redmod\scripts\core\gameplay\prereqs\items\playerDoesntHaveQuickhackPrereq.script",".script","1127"
"tools\redmod\scripts\core\gameplay\prereqs\items\PlayerDoesntHaveRecipePrereq.script",".script","1386"
"tools\redmod\scripts\core\gameplay\prereqs\items\rarityOfEquippedConsumableItemPrereq.script",".script","1257"
"tools\redmod\scripts\core\gameplay\prereqs\items\rarityOfEquippedCyberdeckPrereq.script",".script","950"
"tools\redmod\scripts\core\gameplay\prereqs\items\startedUsingHealingItemOrCyberwarePrereq.script",".script","2049"
"tools\redmod\scripts\core\gameplay\prereqs\items\usedHealingItemOrCyberwarePrereq.script",".script","1969"
"tools\redmod\scripts\core\gameplay\prereqs\onOffPrereq.script",".script","469"
"tools\redmod\scripts\core\gameplay\prereqs\perfectDischargePrereq.script",".script","7375"
"tools\redmod\scripts\core\gameplay\prereqs\playerDevelopment\investedPerksPrereq.script",".script","1022"
"tools\redmod\scripts\core\gameplay\prereqs\playerDevelopment\perkPrereq.script",".script","4872"
"tools\redmod\scripts\core\gameplay\prereqs\psm\basePSMPrereq.script",".script","3057"
"tools\redmod\scripts\core\gameplay\prereqs\psm\bodyCarryingPSMPrereq.script",".script","1734"
"tools\redmod\scripts\core\gameplay\prereqs\psm\bodyDisposalPSMPrereq.script",".script","1774"
"tools\redmod\scripts\core\gameplay\prereqs\psm\combatPSMPrereq.script",".script","1668"
"tools\redmod\scripts\core\gameplay\prereqs\psm\detailedLocomotionPSMPrereq.script",".script","3572"
"tools\redmod\scripts\core\gameplay\prereqs\psm\fallPSMPrereq.script",".script","1652"
"tools\redmod\scripts\core\gameplay\prereqs\psm\highLevelPSMPrereq.script",".script","1701"
"tools\redmod\scripts\core\gameplay\prereqs\psm\isInFocusModePSMPrereq.script",".script","1696"
"tools\redmod\scripts\core\gameplay\prereqs\psm\isInWorkspotPSMPrereq.script",".script","1735"
"tools\redmod\scripts\core\gameplay\prereqs\psm\locomotionPSMPrereq.script",".script","1704"
"tools\redmod\scripts\core\gameplay\prereqs\psm\meleePSMPrereq.script",".script","1643"
"tools\redmod\scripts\core\gameplay\prereqs\psm\meleeWeaponPSMPrereq.script",".script","1709"
"tools\redmod\scripts\core\gameplay\prereqs\psm\rangedWeaponPSMPrereq.script",".script","1716"
"tools\redmod\scripts\core\gameplay\prereqs\psm\swimmingPSMPrereq.script",".script","1690"
"tools\redmod\scripts\core\gameplay\prereqs\psm\takedownPSMPrereq.script",".script","1690"
"tools\redmod\scripts\core\gameplay\prereqs\psm\timeDilationPSMPrereq.script",".script","1720"
"tools\redmod\scripts\core\gameplay\prereqs\psm\upperBodyPSMPrereq.script",".script","1693"
"tools\redmod\scripts\core\gameplay\prereqs\psm\usingCoverPSMPrereq.script",".script","2623"
"tools\redmod\scripts\core\gameplay\prereqs\psm\vehiclePSMPrereq.script",".script","1762"
"tools\redmod\scripts\core\gameplay\prereqs\psm\zonesPSMPrereq.script",".script","1657"
"tools\redmod\scripts\core\gameplay\prereqs\puppet\ActionTargetInDistancePrereq.script",".script","2357"
"tools\redmod\scripts\core\gameplay\prereqs\puppet\ActionTargetPrereq.script",".script","1222"
"tools\redmod\scripts\core\gameplay\prereqs\puppet\baseNPCSMPrereq.script",".script","2184"
"tools\redmod\scripts\core\gameplay\prereqs\puppet\characterDataPrereq.script",".script","972"
"tools\redmod\scripts\core\gameplay\prereqs\puppet\ChargedItemsPrereq.script",".script","5902"
"tools\redmod\scripts\core\gameplay\prereqs\puppet\GameplayTagsPrereq.script",".script","1036"
"tools\redmod\scripts\core\gameplay\prereqs\puppet\highLevelNPCSMPrereq.script",".script","3424"
"tools\redmod\scripts\core\gameplay\prereqs\puppet\ignoreBarbedWirePrereq.script",".script","1246"
"tools\redmod\scripts\core\gameplay\prereqs\puppet\isHumanPrereq.script",".script","677"
"tools\redmod\scripts\core\gameplay\prereqs\puppet\isPlayerControlsDevicePrereq.script",".script","1573"
"tools\redmod\scripts\core\gameplay\prereqs\puppet\isPlayerMovingPrereq.script",".script","3623"
"tools\redmod\scripts\core\gameplay\prereqs\puppet\isPlayerOnGroundPrereq.script",".script","2067"
"tools\redmod\scripts\core\gameplay\prereqs\puppet\isPlayerPrereq.script",".script","862"
"tools\redmod\scripts\core\gameplay\prereqs\puppet\isPlayerReachablePrereq.script",".script","3660"
"tools\redmod\scripts\core\gameplay\prereqs\puppet\isPuppetActivePrereq.script",".script","2140"
"tools\redmod\scripts\core\gameplay\prereqs\puppet\isPuppetBreached.script",".script","1983"
"tools\redmod\scripts\core\gameplay\prereqs\puppet\NPCAttitudeTowardsPlayerPrereq.script",".script","2433"
"tools\redmod\scripts\core\gameplay\prereqs\puppet\NPCHasVisualTag.script",".script","1957"
"tools\redmod\scripts\core\gameplay\prereqs\puppet\NPCHitReactionTypePrereq.script",".script","4851"
"tools\redmod\scripts\core\gameplay\prereqs\puppet\NPCHitSourcePrereq.script",".script","2361"
"tools\redmod\scripts\core\gameplay\prereqs\puppet\NPCIsAggressive.script",".script","860"
"tools\redmod\scripts\core\gameplay\prereqs\puppet\NPCIsFollower.script",".script","860"
"tools\redmod\scripts\core\gameplay\prereqs\puppet\NPCLocomotionTypePrereq.script",".script","1872"
"tools\redmod\scripts\core\gameplay\prereqs\puppet\NPCNoticedPlayerPrereq.script",".script","3285"
"tools\redmod\scripts\core\gameplay\prereqs\puppet\NPCRarityPrereq.script",".script","1290"
"tools\redmod\scripts\core\gameplay\prereqs\puppet\NPCReactionPresetPrereq.script",".script","1123"
"tools\redmod\scripts\core\gameplay\prereqs\puppet\NPCScenePrereqs.script",".script","1962"
"tools\redmod\scripts\core\gameplay\prereqs\puppet\NPCTrackingPlayerPrereq.script",".script","4283"
"tools\redmod\scripts\core\gameplay\prereqs\puppet\NPCTypePrereq.script",".script","2466"
"tools\redmod\scripts\core\gameplay\prereqs\puppet\PlayerElevationPrereq.script",".script","3068"
"tools\redmod\scripts\core\gameplay\prereqs\puppet\PlayerInCombatTime.script",".script","3395"
"tools\redmod\scripts\core\gameplay\prereqs\puppet\stanceNPCSMPrereq.script",".script","3175"
"tools\redmod\scripts\core\gameplay\prereqs\puppet\upperBodyNPCSMPrereq.script",".script","1602"
"tools\redmod\scripts\core\gameplay\prereqs\puppet\VisualTagsPrereq.script",".script","1036"
"tools\redmod\scripts\core\gameplay\prereqs\randomChancePrereq.script",".script","374"
"tools\redmod\scripts\core\gameplay\prereqs\scriptPrereqListeners.script",".script","1147"
"tools\redmod\scripts\core\gameplay\prereqs\setChancePrereq.script",".script","548"
"tools\redmod\scripts\core\gameplay\prereqs\statPoolChangeOverTimePrereq.script",".script","5044"
"tools\redmod\scripts\core\gameplay\prereqs\statPoolPrereq.script",".script","6692"
"tools\redmod\scripts\core\gameplay\prereqs\statPoolSpentPrereq.script",".script","2670"
"tools\redmod\scripts\core\gameplay\prereqs\statPrereq.script",".script","5825"
"tools\redmod\scripts\core\gameplay\prereqs\statusEffectPrereq.script",".script","5365"
"tools\redmod\scripts\core\gameplay\prereqs\statusEffectRemovedPrereq.script",".script","1551"
"tools\redmod\scripts\core\gameplay\prereqs\temporalPrereq.script",".script","3115"
"tools\redmod\scripts\core\gameplay\prereqs\ui\DialogueChoiceHubPrereq.script",".script","1149"
"tools\redmod\scripts\core\gameplay\prereqs\weapon\ammoStatePrereq.script",".script","3052"
"tools\redmod\scripts\core\gameplay\prereqs\weapon\reloadFromEmptyPrereq.script",".script","3595"
"tools\redmod\scripts\core\gameplay\prereqs\weapon\weaponFirstReloadStatePrereq.script",".script","3196"
"tools\redmod\scripts\core\gameplay\prereqs\weapon\weaponShootPrereq.script",".script","4973"
"tools\redmod\scripts\core\gameplay\psmImports.script",".script","37707"
"tools\redmod\scripts\core\gameplay\puppet.script",".script","4574"
"tools\redmod\scripts\core\gameplay\quickHackableHelper.script",".script","20840"
"tools\redmod\scripts\core\gameplay\quickHackableQueueHelper.script",".script","22794"
"tools\redmod\scripts\core\gameplay\reactionData.script",".script","92"
"tools\redmod\scripts\core\gameplay\runtimeInfo.script",".script","543"
"tools\redmod\scripts\core\gameplay\scriptCaptionParts.script",".script","275"
"tools\redmod\scripts\core\gameplay\signalTable.script",".script","1021"
"tools\redmod\scripts\core\gameplay\targetingSearchFilter.script",".script","2674"
"tools\redmod\scripts\core\gameplay\tiers.script",".script","1547"
"tools\redmod\scripts\core\gameplay\vehicleCameraManager.script",".script","1378"
"tools\redmod\scripts\core\gameplay\vehiclePoliceStrategy.script",".script","3767"
"tools\redmod\scripts\core\gameplay\vehicleRadio.script",".script","377"
"tools\redmod\scripts\core\gameplay\vehicles.script",".script","65363"
"tools\redmod\scripts\core\gameplay\velocityProvider.script",".script","275"
"tools\redmod\scripts\core\gameplay\weakspot.script",".script","22758"
"tools\redmod\scripts\core\input\customKeys.script",".script","99"
"tools\redmod\scripts\core\input\gamepadInputScheme.script",".script","130"
"tools\redmod\scripts\core\input\listenerActionInterface.script",".script","1450"
"tools\redmod\scripts\core\input\rawKeys.script",".script","3564"
"tools\redmod\scripts\core\math\angle.script",".script","357"
"tools\redmod\scripts\core\math\array.script",".script","1159"
"tools\redmod\scripts\core\math\box.script",".script","567"
"tools\redmod\scripts\core\math\casting.script",".script","3942"
"tools\redmod\scripts\core\math\color.script",".script","4967"
"tools\redmod\scripts\core\math\frustum.script",".script","35"
"tools\redmod\scripts\core\math\matrix.script",".script","1755"
"tools\redmod\scripts\core\math\operators.script",".script","10957"
"tools\redmod\scripts\core\math\quat.script",".script","3320"
"tools\redmod\scripts\core\math\rand.script",".script","402"
"tools\redmod\scripts\core\math\rect.script",".script","139"
"tools\redmod\scripts\core\math\rot.script",".script","1357"
"tools\redmod\scripts\core\math\scalar.script",".script","3115"
"tools\redmod\scripts\core\math\sphere.script",".script","400"
"tools\redmod\scripts\core\math\vector.script",".script","6952"
"tools\redmod\scripts\core\math\worldPosition.script",".script","1464"
"tools\redmod\scripts\core\math\worldTransform.script",".script","2150"
"tools\redmod\scripts\core\math\xform.script",".script","1939"
"tools\redmod\scripts\core\misc.script",".script","2622"
"tools\redmod\scripts\core\misc\scriptOptimizations.script",".script","378"
"tools\redmod\scripts\core\physics\physicalBodyInterface.script",".script","649"
"tools\redmod\scripts\core\physics\physicalEvents.script",".script","735"
"tools\redmod\scripts\core\physics\physics.script",".script","940"
"tools\redmod\scripts\core\quest\bluelineBuilder.script",".script","1401"
"tools\redmod\scripts\core\resource\resourceMetricsReportGenerator.script",".script","145"
"tools\redmod\scripts\core\resource\resourceReferenceScriptToken.script",".script","536"
"tools\redmod\scripts\core\systems\achievementSystem.script",".script","389"
"tools\redmod\scripts\core\systems\activityLogSystem.script",".script","379"
"tools\redmod\scripts\core\systems\aimAssist.script",".script","811"
"tools\redmod\scripts\core\systems\animationSystem.script",".script","697"
"tools\redmod\scripts\core\systems\animationSystemForcedVisibilityManager.script",".script","12364"
"tools\redmod\scripts\core\systems\audioSystem.script",".script","12377"
"tools\redmod\scripts\core\systems\autoDriveSystem.script",".script","22772"
"tools\redmod\scripts\core\systems\blackboardSystem.script",".script","1495"
"tools\redmod\scripts\core\systems\cameraSystem.script",".script","1010"
"tools\redmod\scripts\core\systems\cityLightSystem.script",".script","25000"
"tools\redmod\scripts\core\systems\communitySystem.script",".script","1186"
"tools\redmod\scripts\core\systems\companionSystem.script",".script","564"
"tools\redmod\scripts\core\systems\containerManager.script",".script","364"
"tools\redmod\scripts\core\systems\cooldownManager.script",".script","2344"
"tools\redmod\scripts\core\systems\coverManager.script",".script","4137"
"tools\redmod\scripts\core\systems\craftingSystem.script",".script","118636"
"tools\redmod\scripts\core\systems\debugCheatSystem.script",".script","1145"
"tools\redmod\scripts\core\systems\debugPlayerBreadcrumbs.script",".script","175"
"tools\redmod\scripts\core\systems\debugVisualizerSystem.script",".script","1922"
"tools\redmod\scripts\core\systems\delamainTaxiSystem.script",".script","4201"
"tools\redmod\scripts\core\systems\destructibleSpotsSystem.script",".script","944"
"tools\redmod\scripts\core\systems\DeviceConnectionsHighlightSystem.script",".script","1839"
"tools\redmod\scripts\core\systems\dropPointSystem.script",".script","13953"
"tools\redmod\scripts\core\systems\dynamicSpawnSystem.script",".script","3765"
"tools\redmod\scripts\core\systems\fastTravelSystem.script",".script","31358"
"tools\redmod\scripts\core\systems\focusCluesSystem.script",".script","9882"
"tools\redmod\scripts\core\systems\focusModeTagging.script",".script","13260"
"tools\redmod\scripts\core\systems\fxSystem.script",".script","2182"
"tools\redmod\scripts\core\systems\gameCombatQueriesSystem.script",".script","1331"
"tools\redmod\scripts\core\systems\gameInstance.script",".script","10483"
"tools\redmod\scripts\core\systems\gamepadLightController.script",".script","12174"
"tools\redmod\scripts\core\systems\gamePingSystem.script",".script","271"
"tools\redmod\scripts\core\systems\gamePlayerManagerSystem.script",".script","237"
"tools\redmod\scripts\core\systems\gameplayLogicPackageSystem.script",".script","779"
"tools\redmod\scripts\core\systems\gameplayQuestSystem.script",".script","7452"
"tools\redmod\scripts\core\systems\gameRulesSystem.script",".script","470"
"tools\redmod\scripts\core\systems\gameServices.script",".script","167"
"tools\redmod\scripts\core\systems\gameSessionDataSystem.script",".script","9325"
"tools\redmod\scripts\core\systems\gameSystem.script",".script","749"
"tools\redmod\scripts\core\systems\gameTagSystem.script",".script","240"
"tools\redmod\scripts\core\systems\geometryDescriptionSystem.script",".script","287"
"tools\redmod\scripts\core\systems\globalTVSystem.script",".script","375"
"tools\redmod\scripts\core\systems\godModeSystem.script",".script","1509"
"tools\redmod\scripts\core\systems\gogRewardsSystem.script",".script","1675"
"tools\redmod\scripts\core\systems\hud\hudManager.script",".script","56505"
"tools\redmod\scripts\core\systems\hud\hudManagerMisc.script",".script","9586"
"tools\redmod\scripts\core\systems\hud\modules\baseModule.script",".script","4409"
"tools\redmod\scripts\core\systems\hud\modules\braindanceModule.script",".script","959"
"tools\redmod\scripts\core\systems\hud\modules\highlightModule.script",".script","3655"
"tools\redmod\scripts\core\systems\hud\modules\iconsModule.script",".script","3621"
"tools\redmod\scripts\core\systems\hud\modules\quickhackModule.script",".script","9027"
"tools\redmod\scripts\core\systems\hud\modules\scannerModule.script",".script","1940"
"tools\redmod\scripts\core\systems\influenceMapSystem.script",".script","594"
"tools\redmod\scripts\core\systems\inventorySystem.script",".script","748"
"tools\redmod\scripts\core\systems\journalManager.script",".script","25070"
"tools\redmod\scripts\core\systems\levelAssignmentSystem.script",".script","501"
"tools\redmod\scripts\core\systems\locationManager.script",".script","243"
"tools\redmod\scripts\core\systems\lootManager.script",".script","1110"
"tools\redmod\scripts\core\systems\mappinSystem.script",".script","3255"
"tools\redmod\scripts\core\systems\minimapSystem.script",".script","1163"
"tools\redmod\scripts\core\systems\mountingFacility.script",".script","2900"
"tools\redmod\scripts\core\systems\navigationSystem.script",".script","4754"
"tools\redmod\scripts\core\systems\networkSystem.script",".script","96371"
"tools\redmod\scripts\core\systems\objectPoolSystem.script",".script","212"
"tools\redmod\scripts\core\systems\phoneManager.script",".script","268"
"tools\redmod\scripts\core\systems\photoModeSystem.script",".script","621"
"tools\redmod\scripts\core\systems\playerSystem.script",".script","3639"
"tools\redmod\scripts\core\systems\policeRadioSystem.script",".script","13623"
"tools\redmod\scripts\core\systems\prereqManager.script",".script","348"
"tools\redmod\scripts\core\systems\prevention\districtManager.script",".script","6180"
"tools\redmod\scripts\core\systems\prevention\policeAgentsRegistry.script",".script","19900"
"tools\redmod\scripts\core\systems\prevention\preventionAgents.script",".script","1446"
"tools\redmod\scripts\core\systems\prevention\preventionArea.script",".script","65"
"tools\redmod\scripts\core\systems\preventionSpawnSystem.script",".script","8898"
"tools\redmod\scripts\core\systems\preventionSystem.script",".script","186625"
"tools\redmod\scripts\core\systems\preventionSystemAIHelperClasses.script",".script","36716"
"tools\redmod\scripts\core\systems\preventionSystemHackerLoop.script",".script","21755"
"tools\redmod\scripts\core\systems\projectileSystem.script",".script","225"
"tools\redmod\scripts\core\systems\psychoSquadAVSystem.script",".script","11172"
"tools\redmod\scripts\core\systems\puppetBlacboardUpdater.script",".script","204"
"tools\redmod\scripts\core\systems\questsContentSystem.script",".script","586"
"tools\redmod\scripts\core\systems\questSystem.script",".script","2785"
"tools\redmod\scripts\core\systems\racingSystem.script",".script","265"
"tools\redmod\scripts\core\systems\razerChromaEffectsSystem.script",".script","535"
"tools\redmod\scripts\core\systems\reactionSystem.script",".script","4546"
"tools\redmod\scripts\core\systems\renderingSystem.script",".script","167"
"tools\redmod\scripts\core\systems\replicatedGameSystem.script",".script","77"
"tools\redmod\scripts\core\systems\restrictMovementAreaManager.script",".script","3261"
"tools\redmod\scripts\core\systems\safeAreaManager.script",".script","215"
"tools\redmod\scripts\core\systems\saveLocksManager.script",".script","1639"
"tools\redmod\scripts\core\systems\scanningController.script",".script","1004"
"tools\redmod\scripts\core\systems\scenePreview.script",".script","56"
"tools\redmod\scripts\core\systems\sceneSystem.script",".script","8877"
"tools\redmod\scripts\core\systems\scriptableSystem.script",".script","1366"
"tools\redmod\scripts\core\systems\scriptsDebugOverlaySystem.script",".script","226"
"tools\redmod\scripts\core\systems\senseManager.script",".script","432"
"tools\redmod\scripts\core\systems\simuliSystem.script",".script","712"
"tools\redmod\scripts\core\systems\spatialQueriesSystem.script",".script","8929"
"tools\redmod\scripts\core\systems\statPoolsSystem.script",".script","5900"
"tools\redmod\scripts\core\systems\statsDataSystem.script",".script","1186"
"tools\redmod\scripts\core\systems\statsSystem.script",".script","5483"
"tools\redmod\scripts\core\systems\statusEffectSystem.script",".script","31049"
"tools\redmod\scripts\core\systems\subtitleHandlerSystem.script",".script","490"
"tools\redmod\scripts\core\systems\takeOverControlSystem.script",".script","36578"
"tools\redmod\scripts\core\systems\targetingSystem.script",".script","7868"
"tools\redmod\scripts\core\systems\telemetry.script",".script","13910"
"tools\redmod\scripts\core\systems\teleportationFacility.script",".script","391"
"tools\redmod\scripts\core\systems\timeSystem.script",".script","3429"
"tools\redmod\scripts\core\systems\trafficSystem.script",".script","458"
"tools\redmod\scripts\core\systems\transactionSystem.script",".script","34500"
"tools\redmod\scripts\core\systems\tutorialManager.script",".script","230"
"tools\redmod\scripts\core\systems\uiObjectsLoaderSystem.script",".script","84"
"tools\redmod\scripts\core\systems\uiSystem.script",".script","6022"
"tools\redmod\scripts\core\systems\varDBSystem.script",".script","4277"
"tools\redmod\scripts\core\systems\vehicleSystem.script",".script","6872"
"tools\redmod\scripts\core\systems\vision\visionBlockersRegistrar.script",".script","1579"
"tools\redmod\scripts\core\systems\vision\visionBlockerTypes.script",".script","1123"
"tools\redmod\scripts\core\systems\visionModeSystem.script",".script","1516"
"tools\redmod\scripts\core\systems\wardrobeSystem.script",".script","3533"
"tools\redmod\scripts\core\systems\watchdogSystem.script",".script","453"
"tools\redmod\scripts\core\systems\weatherSystem.script",".script","886"
"tools\redmod\scripts\core\systems\workspotSystem.script",".script","12529"
"tools\redmod\scripts\core\ui\3eDemoHelpers.script",".script","53"
"tools\redmod\scripts\core\ui\abstractDataSource.script",".script","255"
"tools\redmod\scripts\core\ui\animationController.script",".script","2416"
"tools\redmod\scripts\core\ui\animationDefinition.script",".script","256"
"tools\redmod\scripts\core\ui\animationEvents.script",".script","383"
"tools\redmod\scripts\core\ui\animationInterpolators.script",".script","5593"
"tools\redmod\scripts\core\ui\animationPlaybackOptions.script",".script","13835"
"tools\redmod\scripts\core\ui\animationProxy.script",".script","1259"
"tools\redmod\scripts\core\ui\animationTypes.script",".script","660"
"tools\redmod\scripts\core\ui\autoplayVideoController.script",".script","249"
"tools\redmod\scripts\core\ui\baseControllers\buttonController.script",".script","865"
"tools\redmod\scripts\core\ui\baseControllers\discreteNavigationController.script",".script","617"
"tools\redmod\scripts\core\ui\baseControllers\entityPreviewGameController.script",".script","10102"
"tools\redmod\scripts\core\ui\baseControllers\filterToggleController.script",".script","5238"
"tools\redmod\scripts\core\ui\baseControllers\genericNotificationGameController.script",".script","2158"
"tools\redmod\scripts\core\ui\baseControllers\hudGameController.script",".script","4419"
"tools\redmod\scripts\core\ui\baseControllers\menuController.script",".script","76"
"tools\redmod\scripts\core\ui\baseControllers\radioGroupController.script",".script","905"
"tools\redmod\scripts\core\ui\baseControllers\scrollController.script",".script","466"
"tools\redmod\scripts\core\ui\baseControllers\selectorController.script",".script","3237"
"tools\redmod\scripts\core\ui\baseControllers\sliderController.script",".script","4201"
"tools\redmod\scripts\core\ui\baseControllers\spawnLibraryItemController.script",".script","211"
"tools\redmod\scripts\core\ui\baseControllers\stepperController.script",".script","1051"
"tools\redmod\scripts\core\ui\baseControllers\toggleController.script",".script","493"
"tools\redmod\scripts\core\ui\baseControllers\virtualCompoundController.script",".script","2295"
"tools\redmod\scripts\core\ui\baseControllers\virtualCompoundItemController.script",".script","357"
"tools\redmod\scripts\core\ui\baseControllers\widgetController.script",".script","23900"
"tools\redmod\scripts\core\ui\baseWidgets\abstractWidgets.script",".script","9106"
"tools\redmod\scripts\core\ui\baseWidgets\borderWidget.script",".script","127"
"tools\redmod\scripts\core\ui\baseWidgets\cacheWidget.script",".script","76"
"tools\redmod\scripts\core\ui\baseWidgets\canvasWidget.script",".script","62"
"tools\redmod\scripts\core\ui\baseWidgets\flexWidget.script",".script","60"
"tools\redmod\scripts\core\ui\baseWidgets\imageWidget.script",".script","1238"
"tools\redmod\scripts\core\ui\baseWidgets\inputDisplayController.script",".script","1218"
"tools\redmod\scripts\core\ui\baseWidgets\linePattern.script",".script","122"
"tools\redmod\scripts\core\ui\baseWidgets\maskWidget.script",".script","253"
"tools\redmod\scripts\core\ui\baseWidgets\panelWidget.script",".script","204"
"tools\redmod\scripts\core\ui\baseWidgets\richTextBoxWidget.script",".script","57"
"tools\redmod\scripts\core\ui\baseWidgets\scrollAreaWidget.script",".script","666"
"tools\redmod\scripts\core\ui\baseWidgets\shapeWidget.script",".script","326"
"tools\redmod\scripts\core\ui\baseWidgets\textInputWidget.script",".script","96"
"tools\redmod\scripts\core\ui\baseWidgets\textWidget.script",".script","3886"
"tools\redmod\scripts\core\ui\baseWidgets\uniformGridWidget.script",".script","329"
"tools\redmod\scripts\core\ui\baseWidgets\videoWidget.script",".script","1383"
"tools\redmod\scripts\core\ui\baseWidgets\virtualCompoundWidget.script",".script","86"
"tools\redmod\scripts\core\ui\baseWidgets\widgetLayout.script",".script","1263"
"tools\redmod\scripts\core\ui\benchmarkSummary.script",".script","2214"
"tools\redmod\scripts\core\ui\braindanceClueDescriptor.script",".script","392"
"tools\redmod\scripts\core\ui\buttonAnimatedController.script",".script","4052"
"tools\redmod\scripts\core\ui\buttonDpadSupportedController.script",".script","1240"
"tools\redmod\scripts\core\ui\callbackConnectorData.script",".script","239"
"tools\redmod\scripts\core\ui\comboBoxControllers\comboBoxController.script",".script","572"
"tools\redmod\scripts\core\ui\comboBoxControllers\comboBoxObjectController.script",".script","142"
"tools\redmod\scripts\core\ui\events.script",".script","2094"
"tools\redmod\scripts\core\ui\fullscreenDpadSupported.script",".script","2547"
"tools\redmod\scripts\core\ui\gameNotificationsUtilities.script",".script","531"
"tools\redmod\scripts\core\ui\hoverResize.script",".script","1853"
"tools\redmod\scripts\core\ui\iconAtlasUtils.script",".script","335"
"tools\redmod\scripts\core\ui\iconsNameResolver.script",".script","615"
"tools\redmod\scripts\core\ui\inkDataStructures.script",".script","2587"
"tools\redmod\scripts\core\ui\itemDataSource.script",".script","1052"
"tools\redmod\scripts\core\ui\layerEvents.script",".script","1645"
"tools\redmod\scripts\core\ui\listControllers\animatedListItem.script",".script","5455"
"tools\redmod\scripts\core\ui\listControllers\listController.script",".script","2051"
"tools\redmod\scripts\core\ui\listControllers\listItemController.script",".script","752"
"tools\redmod\scripts\core\ui\listControllers\listItemsGroupController.script",".script","3413"
"tools\redmod\scripts\core\ui\listControllers\phoneWaveformGameController.script",".script","4003"
"tools\redmod\scripts\core\ui\measurementUtils.script",".script","2768"
"tools\redmod\scripts\core\ui\menuDefinitions.script",".script","2795"
"tools\redmod\scripts\core\ui\screenProjection.script",".script","1945"
"tools\redmod\scripts\core\ui\scriptableDataSource.script",".script","2708"
"tools\redmod\scripts\core\ui\settingsSelectorController.script",".script","30190"
"tools\redmod\scripts\core\ui\systemNotificationUtilites.script",".script","301"
"tools\redmod\scripts\core\ui\systemRequestsHandler.script",".script","6147"
"tools\redmod\scripts\core\ui\textAnimationControllers.script",".script","3246"
"tools\redmod\scripts\core\ui\textParams.script",".script","7427"
"tools\redmod\scripts\core\ui\textScrollingAnimController.script",".script","5059"
"tools\redmod\scripts\core\ui\uiAudioHandler.script",".script","333"
"tools\redmod\scripts\core\ui\uiEffects.script",".script","206"
"tools\redmod\scripts\core\ui\uiRumbleEnums.script",".script","220"
"tools\redmod\scripts\core\ui\uiStructs.script",".script","1369"
"tools\redmod\scripts\core\ui\uiTextUtils.script",".script","1150"
"tools\redmod\scripts\core\ui\userInterfaceNatives.script",".script","257"
"tools\redmod\scripts\core\ui\userSettingsData.script",".script","16689"
"tools\redmod\scripts\core\ui\variantDataSource.script",".script","1216"
"tools\redmod\scripts\core\ui\vectorGraphicWidget.script",".script","125"
"tools\redmod\scripts\core\ui\views\AnimateAnchorOnHoverView.script",".script","1987"
"tools\redmod\scripts\core\ui\views\baseButtonView.script",".script","1355"
"tools\redmod\scripts\core\ui\views\baseToggleView.script",".script","1139"
"tools\redmod\scripts\core\ui\views\buttonCursorStateView.script",".script","719"
"tools\redmod\scripts\core\ui\views\buttonPlaySoundView.script",".script","889"
"tools\redmod\scripts\core\ui\views\genericAnimationPlayer.script",".script","1972"
"tools\redmod\scripts\core\ui\views\inputProgressView.script",".script","937"
"tools\redmod\scripts\core\ui\views\playLibraryAnimationButtonView.script",".script","1086"
"tools\redmod\scripts\core\ui\views\transparencyAnimationToggleView.script",".script","2105"
"tools\redmod\scripts\core\ui\views\transparnecyAnimationButtonView.script",".script","2170"
"tools\redmod\scripts\core\ui\widgetLibraryReference.script",".script","458"
"tools\redmod\scripts\core\ui\widgetPath.script",".script","2529"
"tools\redmod\scripts\core\ui\widgetReference.script",".script","21351"
"tools\redmod\scripts\core\ui\widgetsSet.script",".script","719"
"tools\redmod\scripts\core\ui\widgetUserData.script",".script","795"
"tools\redmod\scripts\core\ui\widgetUtils.script",".script","491"
"tools\redmod\scripts\core\ui\worldAttachedEvt.script",".script","56"
"tools\redmod\scripts\core\world\geomDescription.script",".script","2768"
"tools\redmod\scripts\core\world\globalNodeID.script",".script","579"
"tools\redmod\scripts\cyberpunk\activityCardsManager\activityCardsHelper.script",".script","2312"
"tools\redmod\scripts\cyberpunk\ai\aiNavigationSystem.script",".script","15370"
"tools\redmod\scripts\cyberpunk\ai\aiTweakActionSystem.script",".script","2024"
"tools\redmod\scripts\cyberpunk\ai\commands\aiAimWithWeaponCommand.script",".script","6962"
"tools\redmod\scripts\cyberpunk\ai\commands\aiBackgroundCombatCommand.script",".script","14151"
"tools\redmod\scripts\cyberpunk\ai\commands\aiCerberusRangedKillCommand.script",".script","1153"
"tools\redmod\scripts\cyberpunk\ai\commands\aiCommandHandlerBase.script",".script","1995"
"tools\redmod\scripts\cyberpunk\ai\commands\aiDriveCommandHandler.script",".script","28006"
"tools\redmod\scripts\cyberpunk\ai\commands\aiEquipItemCommand.script",".script","1023"
"tools\redmod\scripts\cyberpunk\ai\commands\aiEquipWeaponCommand.script",".script","760"
"tools\redmod\scripts\cyberpunk\ai\commands\aiFindTeleportPositionForTakedown.script",".script","12077"
"tools\redmod\scripts\cyberpunk\ai\commands\aiFindTeleportSpotBehindTargetCommand.script",".script","2033"
"tools\redmod\scripts\cyberpunk\ai\commands\aiFindTeleportSpotKurtTakedown.script",".script","14174"
"tools\redmod\scripts\cyberpunk\ai\commands\aiForceShootCommand.script",".script","6941"
"tools\redmod\scripts\cyberpunk\ai\commands\aiIdleCommand.script",".script","1953"
"tools\redmod\scripts\cyberpunk\ai\commands\aiInjectCombatTargetCommand.script",".script","4941"
"tools\redmod\scripts\cyberpunk\ai\commands\aiInjectCombatThreatCommand.script",".script","6652"
"tools\redmod\scripts\cyberpunk\ai\commands\aiInjectLookatTargetCommand.script",".script","2881"
"tools\redmod\scripts\cyberpunk\ai\commands\aiJoinTargetsSquadCommand.script",".script","2091"
"tools\redmod\scripts\cyberpunk\ai\commands\aiLineTrace.script",".script","4237"
"tools\redmod\scripts\cyberpunk\ai\commands\aiMeleeAttackCommand.script",".script","5932"
"tools\redmod\scripts\cyberpunk\ai\commands\aiMoveToCommandHandler.script",".script","31490"
"tools\redmod\scripts\cyberpunk\ai\commands\aiMoveToCoverCommand.script",".script","7609"
"tools\redmod\scripts\cyberpunk\ai\commands\aiRootMotionCommand.script",".script","658"
"tools\redmod\scripts\cyberpunk\ai\commands\aiScanTargetTask.script",".script","2088"
"tools\redmod\scripts\cyberpunk\ai\commands\aiSetCombatPresetCommand.script",".script","3098"
"tools\redmod\scripts\cyberpunk\ai\commands\aiShootCommand.script",".script","6918"
"tools\redmod\scripts\cyberpunk\ai\commands\aiTeleportCommand.script",".script","1272"
"tools\redmod\scripts\cyberpunk\ai\commands\aiThrowGrenadeCommand.script",".script","7062"
"tools\redmod\scripts\cyberpunk\ai\commands\aiUseCoverCommand.script",".script","8131"
"tools\redmod\scripts\cyberpunk\ai\commands\aiUseWorkspotCommandDelegate.script",".script","733"
"tools\redmod\scripts\cyberpunk\ai\commands\aiUseWorkspotCommandHandler.script",".script","1166"
"tools\redmod\scripts\cyberpunk\ai\commands\aiVehicleBehaviorDelegate.script",".script","7284"
"tools\redmod\scripts\cyberpunk\ai\commands\PatrolCommandPrologue.script",".script","732"
"tools\redmod\scripts\cyberpunk\ai\Conditions\aiAnimationsLoadedCondition.script",".script","1816"
"tools\redmod\scripts\cyberpunk\ai\Conditions\aiAutonomousConditions.script",".script","24683"
"tools\redmod\scripts\cyberpunk\ai\Conditions\aiCheckBehaviorArguments.script",".script","2341"
"tools\redmod\scripts\cyberpunk\ai\Conditions\aiCheckFreeWorkspot.script",".script","1165"
"tools\redmod\scripts\cyberpunk\ai\Conditions\aiCheckLastHitCondition.script",".script","2460"
"tools\redmod\scripts\cyberpunk\ai\Conditions\aiCheckNPCState.script",".script","9243"
"tools\redmod\scripts\cyberpunk\ai\Conditions\aiCheckQuestFact.script",".script","690"
"tools\redmod\scripts\cyberpunk\ai\Conditions\aiCheckThreat.script",".script","1711"
"tools\redmod\scripts\cyberpunk\ai\Conditions\aiCompareBehaviorArguments.script",".script","2434"
"tools\redmod\scripts\cyberpunk\ai\Conditions\aiDebugConditions.script",".script","2319"
"tools\redmod\scripts\cyberpunk\ai\Conditions\aiEventConditions.script",".script","5697"
"tools\redmod\scripts\cyberpunk\ai\Conditions\aiItemHandlingConditions.script",".script","6625"
"tools\redmod\scripts\cyberpunk\ai\Conditions\aiSimpleCombatConditions.script",".script","5742"
"tools\redmod\scripts\cyberpunk\ai\Conditions\aiSimpleConditions.script",".script","19790"
"tools\redmod\scripts\cyberpunk\ai\Conditions\aiSlotAnimationInProgress.script",".script","489"
"tools\redmod\scripts\cyberpunk\ai\Conditions\aiStackSignalConditions.script",".script","3051"
"tools\redmod\scripts\cyberpunk\ai\Conditions\aiStatusEffectCondition.script",".script","7213"
"tools\redmod\scripts\cyberpunk\ai\Conditions\aiStimReactionCondition.script",".script","22058"
"tools\redmod\scripts\cyberpunk\ai\Conditions\aiTimeConditions.script",".script","3484"
"tools\redmod\scripts\cyberpunk\ai\Conditions\ReactionConditions\aiAggressiveReactionPresetCondition.script",".script","529"
"tools\redmod\scripts\cyberpunk\ai\Conditions\ReactionConditions\aiDeathCondition.script",".script","2508"
"tools\redmod\scripts\cyberpunk\ai\delegates\aiScriptActionDelegate.script",".script","776"
"tools\redmod\scripts\cyberpunk\ai\roles\aiRole.script",".script","18838"
"tools\redmod\scripts\cyberpunk\ai\Tasks\aiAlertedTasks.script",".script","3359"
"tools\redmod\scripts\cyberpunk\ai\Tasks\aiApplyAnimWrappersOnWeaponTask.script",".script","1000"
"tools\redmod\scripts\cyberpunk\ai\Tasks\aiAssignRestrictMovementAreaTask.script",".script","2322"
"tools\redmod\scripts\cyberpunk\ai\Tasks\aiChangeNPCState.script",".script","7363"
"tools\redmod\scripts\cyberpunk\ai\Tasks\aiCoreTasks.script",".script","19607"
"tools\redmod\scripts\cyberpunk\ai\Tasks\aiCustomAimingTasks.script",".script","5253"
"tools\redmod\scripts\cyberpunk\ai\Tasks\aiEventSender.script",".script","3731"
"tools\redmod\scripts\cyberpunk\ai\Tasks\aiFollowVehicleTasks.script",".script","3576"
"tools\redmod\scripts\cyberpunk\ai\Tasks\aiLeaveCoverImmediately.script",".script","1263"
"tools\redmod\scripts\cyberpunk\ai\Tasks\aiLookats.script",".script","26174"
"tools\redmod\scripts\cyberpunk\ai\Tasks\aiLowFPSSelectCoverMode.script",".script","611"
"tools\redmod\scripts\cyberpunk\ai\Tasks\aiNPCInitTask.script",".script","3111"
"tools\redmod\scripts\cyberpunk\ai\Tasks\aiRagdollTasks.script",".script","981"
"tools\redmod\scripts\cyberpunk\ai\Tasks\aiRandomTasks.script",".script","3610"
"tools\redmod\scripts\cyberpunk\ai\Tasks\aiReturnToRestrictMovementArea.script",".script","4111"
"tools\redmod\scripts\cyberpunk\ai\Tasks\aiSendCommandTasks.script",".script","427"
"tools\redmod\scripts\cyberpunk\ai\Tasks\aiSetAvoidLOSTimeStamp.script",".script","1268"
"tools\redmod\scripts\cyberpunk\ai\Tasks\aiSetBehaviorArguments.script",".script","3271"
"tools\redmod\scripts\cyberpunk\ai\Tasks\aiSetSearchInfluenceTask.script",".script","398"
"tools\redmod\scripts\cyberpunk\ai\Tasks\aiSquadTasks.script",".script","2134"
"tools\redmod\scripts\cyberpunk\ai\Tasks\aiStatusEffectTask.script",".script","28183"
"tools\redmod\scripts\cyberpunk\ai\Tasks\aiStimReactionTask.script",".script","43340"
"tools\redmod\scripts\cyberpunk\ai\Tasks\aiTargetDataTasks.script",".script","1709"
"tools\redmod\scripts\cyberpunk\ai\Tasks\aiTeleportFailsafeHelperTask.script",".script","493"
"tools\redmod\scripts\cyberpunk\ai\Tasks\aiVehicle.script",".script","42746"
"tools\redmod\scripts\cyberpunk\ai\Tasks\aiWaitIfEnteringOrLeavingCover.script",".script","718"
"tools\redmod\scripts\cyberpunk\ai\Tasks\aiWorkSpotTask.script",".script","1270"
"tools\redmod\scripts\cyberpunk\ai\Tasks\FollowerTasks.script",".script","13772"
"tools\redmod\scripts\cyberpunk\ai\Tasks\PatrolControllerTask.script",".script","16146"
"tools\redmod\scripts\cyberpunk\ai\Tasks\ReactionTasks\aiDeathReactionTask.script",".script","25686"
"tools\redmod\scripts\cyberpunk\ai\Tasks\ReactionTasks\aiHitReactionTasks.script",".script","28832"
"tools\redmod\scripts\cyberpunk\ai\Tasks\SmasherTasks.script",".script","10802"
"tools\redmod\scripts\cyberpunk\ai\Tasks\SpiderbotTasks.script",".script","22143"
"tools\redmod\scripts\cyberpunk\containers\shardCaseContainer.script",".script","2347"
"tools\redmod\scripts\cyberpunk\damage\attackData.script",".script","12751"
"tools\redmod\scripts\cyberpunk\damage\damageInputReceiver.script",".script","712"
"tools\redmod\scripts\cyberpunk\damage\damageManager.script",".script","16564"
"tools\redmod\scripts\cyberpunk\damage\damageSystem.script",".script","139123"
"tools\redmod\scripts\cyberpunk\damage\damageSystemHelper.script",".script","2875"
"tools\redmod\scripts\cyberpunk\damage\damageType.script",".script","487"
"tools\redmod\scripts\cyberpunk\damage\dataTypes.script",".script","3847"
"tools\redmod\scripts\cyberpunk\damage\hitHistory.script",".script","2533"
"tools\redmod\scripts\cyberpunk\damage\preAttack.script",".script","3989"
"tools\redmod\scripts\cyberpunk\damage\statPoolsManager.script",".script","18032"
"tools\redmod\scripts\cyberpunk\debug\debugInteractionObject.script",".script","2286"
"tools\redmod\scripts\cyberpunk\debug\debugPuppetVisualizer.script",".script","5932"
"tools\redmod\scripts\cyberpunk\debug\debugTextDrawer.script",".script","506"
"tools\redmod\scripts\cyberpunk\debug\fakeFeature.script",".script","10922"
"tools\redmod\scripts\cyberpunk\debug\itemRebalancer.script",".script","1196"
"tools\redmod\scripts\cyberpunk\debug\strike\durationModifiers\debugDuration.script",".script","85"
"tools\redmod\scripts\cyberpunk\debug\strike\durationModifiers\debugDurationVDB.script",".script","1144"
"tools\redmod\scripts\cyberpunk\debug\virtualShopkeeper.script",".script","658"
"tools\redmod\scripts\cyberpunk\devices\activated\activatedDeviceController.script",".script","17364"
"tools\redmod\scripts\cyberpunk\devices\activated\activatedDeviceCover.script",".script","1009"
"tools\redmod\scripts\cyberpunk\devices\activated\activatedDeviceIndustrialArm.script",".script","3463"
"tools\redmod\scripts\cyberpunk\devices\activated\activatedDeviceNPC.script",".script","2667"
"tools\redmod\scripts\cyberpunk\devices\activated\activatedDeviceNPCController.script",".script","1549"
"tools\redmod\scripts\cyberpunk\devices\activated\activatedDeviceTransformAnim.script",".script","5000"
"tools\redmod\scripts\cyberpunk\devices\activated\activatedDeviceTrap.script",".script","4981"
"tools\redmod\scripts\cyberpunk\devices\activated\activatedDeviceTrapDestruction.script",".script","7770"
"tools\redmod\scripts\cyberpunk\devices\aoeSystem\aoeArea.script",".script","11719"
"tools\redmod\scripts\cyberpunk\devices\aoeSystem\aoeAreaController.script",".script","7406"
"tools\redmod\scripts\cyberpunk\devices\aoeSystem\aoeEffector.script",".script","1886"
"tools\redmod\scripts\cyberpunk\devices\aoeSystem\aoeEffectorController.script",".script","2103"
"tools\redmod\scripts\cyberpunk\devices\apartmentScreen\apartmentScreen.script",".script","2317"
"tools\redmod\scripts\cyberpunk\devices\apartmentScreen\apartmentScreenController.script",".script","8575"
"tools\redmod\scripts\cyberpunk\devices\arcadeMachines\arcadeMachine.script",".script","11076"
"tools\redmod\scripts\cyberpunk\devices\arcadeMachines\arcadeMachineController.script",".script","6730"
"tools\redmod\scripts\cyberpunk\devices\arcadeMachines\pachinkoMachine.script",".script","2010"
"tools\redmod\scripts\cyberpunk\devices\arcadeMachines\pachinkoMachineController.script",".script","1275"
"tools\redmod\scripts\cyberpunk\devices\barbedWire\barbedWire.script",".script","3075"
"tools\redmod\scripts\cyberpunk\devices\barbedWire\barbedWireController.script",".script","279"
"tools\redmod\scripts\cyberpunk\devices\basicDistractionDevice\basicDistractionDevice.script",".script","7424"
"tools\redmod\scripts\cyberpunk\devices\basicDistractionDevice\basicDistractionDeviceController.script",".script","7333"
"tools\redmod\scripts\cyberpunk\devices\basicDistractionDevice\netrunnerControlPanel.script",".script","1181"
"tools\redmod\scripts\cyberpunk\devices\basicDistractionDevice\netrunnerControlPanelController.script",".script","1973"
"tools\redmod\scripts\cyberpunk\devices\billboard\billboard.script",".script","5106"
"tools\redmod\scripts\cyberpunk\devices\billboard\billboardController.script",".script","3558"
"tools\redmod\scripts\cyberpunk\devices\blindingLights\blindingLight.script",".script","5672"
"tools\redmod\scripts\cyberpunk\devices\blindingLights\blindingLightController.script",".script","3072"
"tools\redmod\scripts\cyberpunk\devices\blindingLights\reflector.script",".script","960"
"tools\redmod\scripts\cyberpunk\devices\blindingLights\reflectorController.script",".script","2711"
"tools\redmod\scripts\cyberpunk\devices\cameras\simpleCCTVCamera.script",".script","2911"
"tools\redmod\scripts\cyberpunk\devices\cameras\surveillanceCamera.script",".script","13789"
"tools\redmod\scripts\cyberpunk\devices\cameras\surveillanceCameraActions.script",".script","15928"
"tools\redmod\scripts\cyberpunk\devices\cameras\surveillanceCameraController.script",".script","22776"
"tools\redmod\scripts\cyberpunk\devices\candle\candle.script",".script","782"
"tools\redmod\scripts\cyberpunk\devices\candle\candleController.script",".script","1115"
"tools\redmod\scripts\cyberpunk\devices\candle\candleDevice.script",".script","1729"
"tools\redmod\scripts\cyberpunk\devices\cleaningMachine\cleaningMachine.script",".script","849"
"tools\redmod\scripts\cyberpunk\devices\cleaningMachine\cleaningMachineController.script",".script","767"
"tools\redmod\scripts\cyberpunk\devices\components\areaEffectVisualizationComponent.script",".script","14692"
"tools\redmod\scripts\cyberpunk\devices\components\deviceConnectionHighlightComponent.script",".script","793"
"tools\redmod\scripts\cyberpunk\devices\components\inputController.script",".script","1088"
"tools\redmod\scripts\cyberpunk\devices\components\trafficLightListenerComponent.script",".script","266"
"tools\redmod\scripts\cyberpunk\devices\confessionBooth\confessionBooth.script",".script","4786"
"tools\redmod\scripts\cyberpunk\devices\confessionBooth\confessionBoothController.script",".script","5235"
"tools\redmod\scripts\cyberpunk\devices\conveyor\conveyorController.script",".script","3135"
"tools\redmod\scripts\cyberpunk\devices\core\actionParametersHolder.script",".script","3609"
"tools\redmod\scripts\cyberpunk\devices\core\baseDeviceActions.script",".script","148034"
"tools\redmod\scripts\cyberpunk\devices\core\deviceBase.script",".script","160424"
"tools\redmod\scripts\cyberpunk\devices\core\deviceComponentBase.script",".script","25694"
"tools\redmod\scripts\cyberpunk\devices\core\deviceOperations\deviceOperations.script",".script","42522"
"tools\redmod\scripts\cyberpunk\devices\core\deviceOperations\deviceOperationsContainer.script",".script","8252"
"tools\redmod\scripts\cyberpunk\devices\core\deviceOperations\deviceOperationsTriggers.script",".script","18528"
"tools\redmod\scripts\cyberpunk\devices\core\deviceOperationsComponent.script",".script","57805"
"tools\redmod\scripts\cyberpunk\devices\core\deviceSystem.script",".script","2613"
"tools\redmod\scripts\cyberpunk\devices\core\gameplayEffects\effectors.script",".script","25372"
"tools\redmod\scripts\cyberpunk\devices\core\gameplayEffects\filters.script",".script","15672"
"tools\redmod\scripts\cyberpunk\devices\core\interactionInterpreters.script",".script","1571"
"tools\redmod\scripts\cyberpunk\devices\core\interactiveDevice.script",".script","20585"
"tools\redmod\scripts\cyberpunk\devices\core\interactiveMaster.script",".script","4271"
"tools\redmod\scripts\cyberpunk\devices\core\masterController.script",".script","17561"
"tools\redmod\scripts\cyberpunk\devices\core\peripherals\deviceMappinsContainer.script",".script","5301"
"tools\redmod\scripts\cyberpunk\devices\core\peripherals\deviceTimetable.script",".script","4498"
"tools\redmod\scripts\cyberpunk\devices\core\peripherals\deviceUIEvents.script",".script","859"
"tools\redmod\scripts\cyberpunk\devices\core\peripherals\gameplayObjectiveData.script",".script","2423"
"tools\redmod\scripts\cyberpunk\devices\core\peripherals\masterDeviceComponent.script",".script","336"
"tools\redmod\scripts\cyberpunk\devices\core\peripherals\notifier.script",".script","1117"
"tools\redmod\scripts\cyberpunk\devices\core\scriptableDeviceBasePS.script",".script","218297"
"tools\redmod\scripts\cyberpunk\devices\core\sensorDevice.script",".script","97063"
"tools\redmod\scripts\cyberpunk\devices\core\sensorDeviceController.script",".script","27189"
"tools\redmod\scripts\cyberpunk\devices\destructible\baseDestructibleDevice.script",".script","2944"
"tools\redmod\scripts\cyberpunk\devices\destructible\baseDestructibleDeviceController.script",".script","1727"
"tools\redmod\scripts\cyberpunk\devices\destructible\destructibleMasterDevice.script",".script","1003"
"tools\redmod\scripts\cyberpunk\devices\destructible\destructibleMasterDeviceController.script",".script","1532"
"tools\redmod\scripts\cyberpunk\devices\destructible\destructibleMasterLight.script",".script","5164"
"tools\redmod\scripts\cyberpunk\devices\destructible\destructibleMasterLightController.script",".script","2269"
"tools\redmod\scripts\cyberpunk\devices\destructible\destructibleRoadSign.script",".script","2176"
"tools\redmod\scripts\cyberpunk\devices\deviceHelpers.script",".script","10316"
"tools\redmod\scripts\cyberpunk\devices\disassemblable\disassemblableComponent.script",".script","2128"
"tools\redmod\scripts\cyberpunk\devices\disassemblable\disassemblableEntitySimple.script",".script","2039"
"tools\redmod\scripts\cyberpunk\devices\disassemblable\maintenancePanel.script",".script","4011"
"tools\redmod\scripts\cyberpunk\devices\disassemblable\maintenancePanelController.script",".script","2647"
"tools\redmod\scripts\cyberpunk\devices\disposal\disposalDevice.script",".script","24307"
"tools\redmod\scripts\cyberpunk\devices\disposal\disposalDeviceController.script",".script","19700"
"tools\redmod\scripts\cyberpunk\devices\door\bunkerDoor.script",".script","6233"
"tools\redmod\scripts\cyberpunk\devices\door\bunkerDoorController.script",".script","5306"
"tools\redmod\scripts\cyberpunk\devices\door\door.script",".script","50923"
"tools\redmod\scripts\cyberpunk\devices\door\doorActions.script",".script","17960"
"tools\redmod\scripts\cyberpunk\devices\door\doorController.script",".script","51763"
"tools\redmod\scripts\cyberpunk\devices\door\doorHelper.script",".script","1896"
"tools\redmod\scripts\cyberpunk\devices\door\fakeDoor.script",".script","1505"
"tools\redmod\scripts\cyberpunk\devices\door\judysDoor.script",".script","51400"
"tools\redmod\scripts\cyberpunk\devices\dropPoint\dropPoint.script",".script","7149"
"tools\redmod\scripts\cyberpunk\devices\dropPoint\dropPointController.script",".script","9626"
"tools\redmod\scripts\cyberpunk\devices\dropPoint\dropPointModule.script",".script","46"
"tools\redmod\scripts\cyberpunk\devices\elevator\elevatorFloorTerminal.script",".script","2912"
"tools\redmod\scripts\cyberpunk\devices\elevator\elevatorFloorTerminalController.script",".script","17751"
"tools\redmod\scripts\cyberpunk\devices\elevator\lift.script",".script","33963"
"tools\redmod\scripts\cyberpunk\devices\elevator\liftController.script",".script","45242"
"tools\redmod\scripts\cyberpunk\devices\elevator\numericDisplay\numericDisplay.script",".script","1232"
"tools\redmod\scripts\cyberpunk\devices\elevator\numericDisplay\numericDisplayActions.script",".script","709"
"tools\redmod\scripts\cyberpunk\devices\elevator\numericDisplay\numericDisplayController.script",".script","3635"
"tools\redmod\scripts\cyberpunk\devices\exitLight\exitLight.script",".script","1187"
"tools\redmod\scripts\cyberpunk\devices\exitLight\exitLightController.script",".script","546"
"tools\redmod\scripts\cyberpunk\devices\explosive\c4\c4.script",".script","2629"
"tools\redmod\scripts\cyberpunk\devices\explosive\c4\c4Controller.script",".script","6973"
"tools\redmod\scripts\cyberpunk\devices\explosive\ExplosiveDevice.script",".script","25382"
"tools\redmod\scripts\cyberpunk\devices\explosive\ExplosivedevicePS.script",".script","17916"
"tools\redmod\scripts\cyberpunk\devices\explosive\LaserMine\ExplosiveTriggerDevice.script",".script","9604"
"tools\redmod\scripts\cyberpunk\devices\explosive\LaserMine\explosiveTriggerDevicePS.script",".script","10599"
"tools\redmod\scripts\cyberpunk\devices\FactInvoker\factInvoker.script",".script","1057"
"tools\redmod\scripts\cyberpunk\devices\FactInvoker\factInvokerController.script",".script","3123"
"tools\redmod\scripts\cyberpunk\devices\fastTravel\dataTermController.script",".script","6576"
"tools\redmod\scripts\cyberpunk\devices\fastTravel\dataTermDevice.script",".script","17091"
"tools\redmod\scripts\cyberpunk\devices\fastTravel\ncartStationMarker.script",".script","2574"
"tools\redmod\scripts\cyberpunk\devices\forklift\forklift.script",".script","4059"
"tools\redmod\scripts\cyberpunk\devices\forklift\forkliftController.script",".script","3368"
"tools\redmod\scripts\cyberpunk\devices\frame\frame.script",".script","9334"
"tools\redmod\scripts\cyberpunk\devices\frame\frameController.script",".script","3209"
"tools\redmod\scripts\cyberpunk\devices\genericDevice\genericDevice.script",".script","10203"
"tools\redmod\scripts\cyberpunk\devices\genericDevice\genericDeviceController.script",".script","35300"
"tools\redmod\scripts\cyberpunk\devices\genericDevice\simpleOnTurnOnPlayEffectDevice.script",".script","1311"
"tools\redmod\scripts\cyberpunk\devices\genericDevice\simpleOnTurnOnPlayEffectDeviceController.script",".script","517"
"tools\redmod\scripts\cyberpunk\devices\holodevice\holoDevice.script",".script","1722"
"tools\redmod\scripts\cyberpunk\devices\holodevice\holoDeviceController.script",".script","2073"
"tools\redmod\scripts\cyberpunk\devices\holoSigns\interactiveSign.script",".script","1149"
"tools\redmod\scripts\cyberpunk\devices\holoSigns\interactiveSignController.script",".script","299"
"tools\redmod\scripts\cyberpunk\devices\homeAppliances\fridge\fridge.script",".script","1746"
"tools\redmod\scripts\cyberpunk\devices\homeAppliances\fridge\fridgeController.script",".script","2308"
"tools\redmod\scripts\cyberpunk\devices\homeAppliances\mediaDevices\holoFeeder\holoFeeder.script",".script","1824"
"tools\redmod\scripts\cyberpunk\devices\homeAppliances\mediaDevices\holoFeeder\holoFeederController.script",".script","1517"
"tools\redmod\scripts\cyberpunk\devices\homeAppliances\mediaDevices\holoTable\holoTable.script",".script","3576"
"tools\redmod\scripts\cyberpunk\devices\homeAppliances\mediaDevices\holoTable\holoTableController.script",".script","2305"
"tools\redmod\scripts\cyberpunk\devices\homeAppliances\mediaDevices\jukebox\jukebox.script",".script","4174"
"tools\redmod\scripts\cyberpunk\devices\homeAppliances\mediaDevices\jukebox\jukeboxController.script",".script","6384"
"tools\redmod\scripts\cyberpunk\devices\homeAppliances\mediaDevices\mediaDeviceActions.script",".script","8349"
"tools\redmod\scripts\cyberpunk\devices\homeAppliances\mediaDevices\mediaDeviceController.script",".script","10146"
"tools\redmod\scripts\cyberpunk\devices\homeAppliances\mediaDevices\radio\radio.script",".script","10753"
"tools\redmod\scripts\cyberpunk\devices\homeAppliances\mediaDevices\radio\radioController.script",".script","8393"
"tools\redmod\scripts\cyberpunk\devices\homeAppliances\mediaDevices\radio\radioStationData.script",".script","7912"
"tools\redmod\scripts\cyberpunk\devices\homeAppliances\mediaDevices\tvs\displayGlass.script",".script","3361"
"tools\redmod\scripts\cyberpunk\devices\homeAppliances\mediaDevices\tvs\displayGlassController.script",".script","5672"
"tools\redmod\scripts\cyberpunk\devices\homeAppliances\mediaDevices\tvs\movableWallScreen.script",".script","2081"
"tools\redmod\scripts\cyberpunk\devices\homeAppliances\mediaDevices\tvs\movableWallScreenController.script",".script","787"
"tools\redmod\scripts\cyberpunk\devices\homeAppliances\mediaDevices\tvs\sceneScreen.script",".script","1810"
"tools\redmod\scripts\cyberpunk\devices\homeAppliances\mediaDevices\tvs\tv.script",".script","10008"
"tools\redmod\scripts\cyberpunk\devices\homeAppliances\mediaDevices\tvs\tvController.script",".script","15485"
"tools\redmod\scripts\cyberpunk\devices\homeAppliances\mediaDevices\tvs\wallScreen.script",".script","1843"
"tools\redmod\scripts\cyberpunk\devices\homeAppliances\mediaDevices\tvs\wallScreenController.script",".script","2227"
"tools\redmod\scripts\cyberpunk\devices\homeAppliances\toilet\toilet.script",".script","1257"
"tools\redmod\scripts\cyberpunk\devices\homeAppliances\toilet\toiletController.script",".script","1619"
"tools\redmod\scripts\cyberpunk\devices\homeAppliances\window\window.script",".script","2500"
"tools\redmod\scripts\cyberpunk\devices\homeAppliances\window\windowController.script",".script","1647"
"tools\redmod\scripts\cyberpunk\devices\homeAppliances\windowBlinders\windowBlinders.script",".script","7683"
"tools\redmod\scripts\cyberpunk\devices\homeAppliances\windowBlinders\windowBlindersController.script",".script","11410"
"tools\redmod\scripts\cyberpunk\devices\intercom\intercom.script",".script","5108"
"tools\redmod\scripts\cyberpunk\devices\intercom\intercomController.script",".script","7144"
"tools\redmod\scripts\cyberpunk\devices\interpreters\viabilityInterpreters.script",".script","3937"
"tools\redmod\scripts\cyberpunk\devices\jumpPod.script",".script","1555"
"tools\redmod\scripts\cyberpunk\devices\ladders\ladder.script",".script","915"
"tools\redmod\scripts\cyberpunk\devices\ladders\ladderController.script",".script","1271"
"tools\redmod\scripts\cyberpunk\devices\ladders\slidingLadder.script",".script","4187"
"tools\redmod\scripts\cyberpunk\devices\ladders\slidingLadderController.script",".script","2124"
"tools\redmod\scripts\cyberpunk\devices\lcdScreens\lcdScreen.script",".script","5607"
"tools\redmod\scripts\cyberpunk\devices\lcdScreens\lcdScreenController.script",".script","5121"
"tools\redmod\scripts\cyberpunk\devices\lootContainer\lootContainerAccessPoint.script",".script","926"
"tools\redmod\scripts\cyberpunk\devices\lootContainer\lootContainerAccessPointController.script",".script","1480"
"tools\redmod\scripts\cyberpunk\devices\masters\accessPoint.script",".script","5835"
"tools\redmod\scripts\cyberpunk\devices\masters\accessPointController.script",".script","44248"
"tools\redmod\scripts\cyberpunk\devices\masters\actionsSequencer.script",".script","639"
"tools\redmod\scripts\cyberpunk\devices\masters\actionsSequencerController.script",".script","12767"
"tools\redmod\scripts\cyberpunk\devices\masters\activator.script",".script","6034"
"tools\redmod\scripts\cyberpunk\devices\masters\activatorController.script",".script","10073"
"tools\redmod\scripts\cyberpunk\devices\masters\computer.script",".script","14671"
"tools\redmod\scripts\cyberpunk\devices\masters\computerController.script",".script","46288"
"tools\redmod\scripts\cyberpunk\devices\masters\electricBox.script",".script","3341"
"tools\redmod\scripts\cyberpunk\devices\masters\electricBoxController.script",".script","3520"
"tools\redmod\scripts\cyberpunk\devices\masters\fuse.script",".script","1065"
"tools\redmod\scripts\cyberpunk\devices\masters\fuseBox.script",".script","6934"
"tools\redmod\scripts\cyberpunk\devices\masters\fuseBoxController.script",".script","11070"
"tools\redmod\scripts\cyberpunk\devices\masters\fuseController.script",".script","17604"
"tools\redmod\scripts\cyberpunk\devices\masters\networkArea.script",".script","1378"
"tools\redmod\scripts\cyberpunk\devices\masters\networkAreaController.script",".script","3198"
"tools\redmod\scripts\cyberpunk\devices\masters\securityAlarm\securityAlarm.script",".script","5573"
"tools\redmod\scripts\cyberpunk\devices\masters\securityAlarm\securityAlarmController.script",".script","9216"
"tools\redmod\scripts\cyberpunk\devices\masters\smartHouse\SmartHouse.script",".script","2416"
"tools\redmod\scripts\cyberpunk\devices\masters\smartHouse\SmartHouseController.script",".script","8416"
"tools\redmod\scripts\cyberpunk\devices\masters\smartHouse\SmartHousePresets.script",".script","5942"
"tools\redmod\scripts\cyberpunk\devices\masters\smartWindows\smartWindow.script",".script","943"
"tools\redmod\scripts\cyberpunk\devices\masters\smartWindows\smartWindowController.script",".script","1343"
"tools\redmod\scripts\cyberpunk\devices\masters\soundSystem\soundSystem.script",".script","734"
"tools\redmod\scripts\cyberpunk\devices\masters\soundSystem\soundSystemController.script",".script","8118"
"tools\redmod\scripts\cyberpunk\devices\masters\switch.script",".script","2512"
"tools\redmod\scripts\cyberpunk\devices\masters\switchController.script",".script","5181"
"tools\redmod\scripts\cyberpunk\devices\masters\systems\deviceSystemBase.script",".script","628"
"tools\redmod\scripts\cyberpunk\devices\masters\systems\deviceSystemBaseController.script",".script","2074"
"tools\redmod\scripts\cyberpunk\devices\masters\systems\securitySystem\agentRegistry.script",".script","17073"
"tools\redmod\scripts\cyberpunk\devices\masters\systems\securitySystem\securityAgent.script",".script","8704"
"tools\redmod\scripts\cyberpunk\devices\masters\systems\securitySystem\securityArea.script",".script","5162"
"tools\redmod\scripts\cyberpunk\devices\masters\systems\securitySystem\securityAreaController.script",".script","35810"
"tools\redmod\scripts\cyberpunk\devices\masters\systems\securitySystem\securitySystem.script",".script","2031"
"tools\redmod\scripts\cyberpunk\devices\masters\systems\securitySystem\securitySystemController.script",".script","98611"
"tools\redmod\scripts\cyberpunk\devices\masters\systems\securitySystem\securitySystemMisc.script",".script","43564"
"tools\redmod\scripts\cyberpunk\devices\masters\terminal.script",".script","8028"
"tools\redmod\scripts\cyberpunk\devices\masters\terminalController.script",".script","27619"
"tools\redmod\scripts\cyberpunk\devices\movable\movableDevice.script",".script","7267"
"tools\redmod\scripts\cyberpunk\devices\movable\movableDeviceController.script",".script","3879"
"tools\redmod\scripts\cyberpunk\devices\openPath\weakFence.script",".script","5009"
"tools\redmod\scripts\cyberpunk\devices\openPath\weakFenceController.script",".script","2691"
"tools\redmod\scripts\cyberpunk\devices\phone.script",".script","147"
"tools\redmod\scripts\cyberpunk\devices\platform\platformActions.script",".script","1236"
"tools\redmod\scripts\cyberpunk\devices\platform\platformController.script",".script","8834"
"tools\redmod\scripts\cyberpunk\devices\platform\platformDevice.script",".script","5380"
"tools\redmod\scripts\cyberpunk\devices\platform\staticPlatform.script",".script","2335"
"tools\redmod\scripts\cyberpunk\devices\platform\staticPlatformController.script",".script","488"
"tools\redmod\scripts\cyberpunk\devices\portal\portal.script",".script","7066"
"tools\redmod\scripts\cyberpunk\devices\portal\portalController.script",".script","230"
"tools\redmod\scripts\cyberpunk\devices\recreation\casinoTable.script",".script","8681"
"tools\redmod\scripts\cyberpunk\devices\roadBlock\baseAnimatedDevice.script",".script","3786"
"tools\redmod\scripts\cyberpunk\devices\roadBlock\baseAnimatedDeviceController.script",".script","5577"
"tools\redmod\scripts\cyberpunk\devices\roadBlock\mainframe.script",".script","1098"
"tools\redmod\scripts\cyberpunk\devices\roadBlock\mainframeController.script",".script","1036"
"tools\redmod\scripts\cyberpunk\devices\roadBlock\retractableAd.script",".script","5862"
"tools\redmod\scripts\cyberpunk\devices\roadBlock\retractableAdController.script",".script","2723"
"tools\redmod\scripts\cyberpunk\devices\roadBlock\roadBlock.script",".script","7668"
"tools\redmod\scripts\cyberpunk\devices\roadBlock\roadBlockController.script",".script","7221"
"tools\redmod\scripts\cyberpunk\devices\roadBlock\roadBlockTrap.script",".script","2646"
"tools\redmod\scripts\cyberpunk\devices\roadBlock\roadBlockTrapController.script",".script","1372"
"tools\redmod\scripts\cyberpunk\devices\roadBlock\unstablePlatform.script",".script","880"
"tools\redmod\scripts\cyberpunk\devices\roboticArms\roboticArms.script",".script","2445"
"tools\redmod\scripts\cyberpunk\devices\roboticArms\roboticArmsController.script",".script","963"
"tools\redmod\scripts\cyberpunk\devices\roboticArms\roboticArmStateType.script",".script","74"
"tools\redmod\scripts\cyberpunk\devices\security\coder.script",".script","572"
"tools\redmod\scripts\cyberpunk\devices\security\coderController.script",".script","2032"
"tools\redmod\scripts\cyberpunk\devices\security\doorProximityDetector.script",".script","5358"
"tools\redmod\scripts\cyberpunk\devices\security\doorProximityDetectorController.script",".script","1335"
"tools\redmod\scripts\cyberpunk\devices\security\laserDetector.script",".script","2108"
"tools\redmod\scripts\cyberpunk\devices\security\laserDetectorController.script",".script","634"
"tools\redmod\scripts\cyberpunk\devices\security\proximityDetector.script",".script","5283"
"tools\redmod\scripts\cyberpunk\devices\security\proximityDetectorController.script",".script","1285"
"tools\redmod\scripts\cyberpunk\devices\security\securityGate.script",".script","2789"
"tools\redmod\scripts\cyberpunk\devices\security\securityGateController.script",".script","17446"
"tools\redmod\scripts\cyberpunk\devices\security\securityGateLock.script",".script","2408"
"tools\redmod\scripts\cyberpunk\devices\security\securityGateLockController.script",".script","5097"
"tools\redmod\scripts\cyberpunk\devices\security\securityLocker.script",".script","3894"
"tools\redmod\scripts\cyberpunk\devices\security\securityLockerController.script",".script","4718"
"tools\redmod\scripts\cyberpunk\devices\securityTurret\glitchedTurret_pop\glitchedTurret.script",".script","1508"
"tools\redmod\scripts\cyberpunk\devices\securityTurret\glitchedTurret_pop\glitchedTurretController.script",".script","1846"
"tools\redmod\scripts\cyberpunk\devices\securityTurret\securityTurret.script",".script","30954"
"tools\redmod\scripts\cyberpunk\devices\securityTurret\securityTurretController.script",".script","22657"
"tools\redmod\scripts\cyberpunk\devices\skillChecks\skillCheck.script",".script","3687"
"tools\redmod\scripts\cyberpunk\devices\skillChecks\skillCheckContainer.script",".script","6283"
"tools\redmod\scripts\cyberpunk\devices\smokeMachine\smokeMachine.script",".script","4896"
"tools\redmod\scripts\cyberpunk\devices\smokeMachine\smokeMachineController.script",".script","1764"
"tools\redmod\scripts\cyberpunk\devices\sniperNest\sniperNest.script",".script","19883"
"tools\redmod\scripts\cyberpunk\devices\sniperNest\sniperNestController.script",".script","6093"
"tools\redmod\scripts\cyberpunk\devices\speakers\speaker.script",".script","5437"
"tools\redmod\scripts\cyberpunk\devices\speakers\speakerController.script",".script","4571"
"tools\redmod\scripts\cyberpunk\devices\stash\invisibleSceneStash.script",".script","4166"
"tools\redmod\scripts\cyberpunk\devices\stash\invisibleSceneStashController.script",".script","822"
"tools\redmod\scripts\cyberpunk\devices\stash\stash.script",".script","45809"
"tools\redmod\scripts\cyberpunk\devices\traffic\crossingLight.script",".script","2231"
"tools\redmod\scripts\cyberpunk\devices\traffic\crossingLightController.script",".script","1159"
"tools\redmod\scripts\cyberpunk\devices\traffic\intersectionManagerController.script",".script","3718"
"tools\redmod\scripts\cyberpunk\devices\traffic\ncartTimetable.script",".script","5783"
"tools\redmod\scripts\cyberpunk\devices\traffic\ncartTimetableController.script",".script","5313"
"tools\redmod\scripts\cyberpunk\devices\traffic\trafficLight.script",".script","5823"
"tools\redmod\scripts\cyberpunk\devices\traffic\trafficLightController.script",".script","2348"
"tools\redmod\scripts\cyberpunk\devices\traffic\zebra.script",".script","1108"
"tools\redmod\scripts\cyberpunk\devices\traffic\zebraController.script",".script","687"
"tools\redmod\scripts\cyberpunk\devices\UI\accessPoint\accessPointGameController.script",".script","27172"
"tools\redmod\scripts\cyberpunk\devices\UI\accessPoint\accessPointGameVisualController.script",".script","11765"
"tools\redmod\scripts\cyberpunk\devices\UI\accessPoint\inkButtonTintController.script",".script","930"
"tools\redmod\scripts\cyberpunk\devices\UI\accessPoint\networkMinigameBufferController.script",".script","3807"
"tools\redmod\scripts\cyberpunk\devices\UI\accessPoint\networkMinigameElementController.script",".script","3632"
"tools\redmod\scripts\cyberpunk\devices\UI\accessPoint\networkMinigameEndScreenController.script",".script","1876"
"tools\redmod\scripts\cyberpunk\devices\UI\accessPoint\networkMinigameGridController.script",".script","10110"
"tools\redmod\scripts\cyberpunk\devices\UI\accessPoint\networkMinigameProgramController.script",".script","7671"
"tools\redmod\scripts\cyberpunk\devices\UI\actionButtons\callActionLogicController.script",".script","2368"
"tools\redmod\scripts\cyberpunk\devices\UI\actionButtons\nextPreviousActionLogicController.script",".script","1829"
"tools\redmod\scripts\cyberpunk\devices\UI\actionButtons\payActionLogicController.script",".script","2767"
"tools\redmod\scripts\cyberpunk\devices\UI\actionButtons\playPauseActionLogicController.script",".script","1308"
"tools\redmod\scripts\cyberpunk\devices\UI\actionButtons\vendorItemActionLogicController.script",".script","2329"
"tools\redmod\scripts\cyberpunk\devices\UI\actionButtons\weaponVendorActionLogicController.script",".script","3633"
"tools\redmod\scripts\cyberpunk\devices\UI\apartmentScreen\apartmentScreenGameController.script",".script","1950"
"tools\redmod\scripts\cyberpunk\devices\UI\arcadeMachine\arcadeMachineGameController.script",".script","3186"
"tools\redmod\scripts\cyberpunk\devices\UI\backDoor\backDoorGameController.script",".script","5154"
"tools\redmod\scripts\cyberpunk\devices\UI\backdoorDataStream.script",".script","2104"
"tools\redmod\scripts\cyberpunk\devices\UI\computer\computerBannerController.script",".script","2402"
"tools\redmod\scripts\cyberpunk\devices\UI\computer\computerBunkerControllers.script",".script","38177"
"tools\redmod\scripts\cyberpunk\devices\UI\computer\computerDocumentController.script",".script","5001"
"tools\redmod\scripts\cyberpunk\devices\UI\computer\computerDocumentThumbnailController.script",".script","2789"
"tools\redmod\scripts\cyberpunk\devices\UI\computer\computerFullBannerController.script",".script","1158"
"tools\redmod\scripts\cyberpunk\devices\UI\computer\computerGameController.script",".script","29831"
"tools\redmod\scripts\cyberpunk\devices\UI\computer\computerInnerBunkerControllers.script",".script","28663"
"tools\redmod\scripts\cyberpunk\devices\UI\computer\computerMainLayoutController.script",".script","36915"
"tools\redmod\scripts\cyberpunk\devices\UI\computer\computerMainMenuController.script",".script","3984"
"tools\redmod\scripts\cyberpunk\devices\UI\computer\computerMenuButtonController.script",".script","1677"
"tools\redmod\scripts\cyberpunk\devices\UI\computer\computerMenuController.script",".script","17061"
"tools\redmod\scripts\cyberpunk\devices\UI\computer\computerYaibaShowroom.script",".script","15555"
"tools\redmod\scripts\cyberpunk\devices\UI\computer\newsFeedMenuController.script",".script","5969"
"tools\redmod\scripts\cyberpunk\devices\UI\confessional\confessionalGameController.script",".script","6346"
"tools\redmod\scripts\cyberpunk\devices\UI\core\deviceActionControllerBase.script",".script","3274"
"tools\redmod\scripts\cyberpunk\devices\UI\core\deviceButtonLogicControllerBase.script",".script","5245"
"tools\redmod\scripts\cyberpunk\devices\UI\core\deviceDeviceControllerBase.script",".script","8921"
"tools\redmod\scripts\cyberpunk\devices\UI\core\deviceGameControllerBase.script",".script","30173"
"tools\redmod\scripts\cyberpunk\devices\UI\core\deviceLogicControllerBase.script",".script","647"
"tools\redmod\scripts\cyberpunk\devices\UI\core\deviceThumbnailControllerBase.script",".script","2168"
"tools\redmod\scripts\cyberpunk\devices\UI\core\masterDeviceGameControllerBase.script",".script","9812"
"tools\redmod\scripts\cyberpunk\devices\UI\dataTerm\dataTermGameController.script",".script","7252"
"tools\redmod\scripts\cyberpunk\devices\UI\door\doorGameController.script",".script","877"
"tools\redmod\scripts\cyberpunk\devices\UI\door\doorTerminalMasterGameController.script",".script","2718"
"tools\redmod\scripts\cyberpunk\devices\UI\drop_point_terminal\dropPointTerminalGameController.script",".script","2905"
"tools\redmod\scripts\cyberpunk\devices\UI\electricBox\electricBoxGameController.script",".script","919"
"tools\redmod\scripts\cyberpunk\devices\UI\elevator\elevatorArrowsLogicController.script",".script","3682"
"tools\redmod\scripts\cyberpunk\devices\UI\elevator\elevatorGameController.script",".script","8057"
"tools\redmod\scripts\cyberpunk\devices\UI\elevator\numericDisplayUIController.script",".script","4410"
"tools\redmod\scripts\cyberpunk\devices\UI\interactiveSigns\inkInteractiveSignGameController.script",".script","1863"
"tools\redmod\scripts\cyberpunk\devices\UI\intercom\intercomGameController.script",".script","4654"
"tools\redmod\scripts\cyberpunk\devices\UI\internet\browserController.script",".script","19946"
"tools\redmod\scripts\cyberpunk\devices\UI\internet\vehicleBrandFilterLogicController.script",".script","2828"
"tools\redmod\scripts\cyberpunk\devices\UI\internet\vehicleDetailsLogicController.script",".script","7111"
"tools\redmod\scripts\cyberpunk\devices\UI\internet\vehicleOfferLogicController.script",".script","4484"
"tools\redmod\scripts\cyberpunk\devices\UI\internet\vehicleShopGameController.script",".script","19070"
"tools\redmod\scripts\cyberpunk\devices\UI\internet\YaibaShowroom.script",".script","561"
"tools\redmod\scripts\cyberpunk\devices\UI\jukebox\jukeboxBigScreenGameController.script",".script","2071"
"tools\redmod\scripts\cyberpunk\devices\UI\jukebox\jukeboxGameController.script",".script","4344"
"tools\redmod\scripts\cyberpunk\devices\UI\layout\keypadSimpleController.script",".script","13136"
"tools\redmod\scripts\cyberpunk\devices\UI\layout\visibilitySimpleController.script",".script","1330"
"tools\redmod\scripts\cyberpunk\devices\UI\lcdScreen\lcdScreenGameController.script",".script","9636"
"tools\redmod\scripts\cyberpunk\devices\UI\lcdScreen\lcdScreenLogicController.script",".script","5787"
"tools\redmod\scripts\cyberpunk\devices\UI\lcdScreen\lcdScreenSignGameController.script",".script","5504"
"tools\redmod\scripts\cyberpunk\devices\UI\ncartTimeTable\ncartTimetableGameController.script",".script","8359"
"tools\redmod\scripts\cyberpunk\devices\UI\network\controlledDeviceLogicController.script",".script","1464"
"tools\redmod\scripts\cyberpunk\devices\UI\network\controlledDevicesGameController.script",".script","10127"
"tools\redmod\scripts\cyberpunk\devices\UI\radio\radioGameController.script",".script","3365"
"tools\redmod\scripts\cyberpunk\devices\UI\smartHouse\smartHouseDeviceLogicController.script",".script","1212"
"tools\redmod\scripts\cyberpunk\devices\UI\smartWindow\smartWindowGameController.script",".script","1676"
"tools\redmod\scripts\cyberpunk\devices\UI\smartWindow\smartWindowMainLayoutController.script",".script","2415"
"tools\redmod\scripts\cyberpunk\devices\UI\systems\systemDeviceWidgetController.script",".script","1124"
"tools\redmod\scripts\cyberpunk\devices\UI\terminal\elevatorTerminalLogicController.script",".script","2735"
"tools\redmod\scripts\cyberpunk\devices\UI\terminal\terminalGameController.script",".script","9529"
"tools\redmod\scripts\cyberpunk\devices\UI\terminal\terminalMainLayoutController.script",".script","2003"
"tools\redmod\scripts\cyberpunk\devices\UI\tv\displayGlassGameController.script",".script","774"
"tools\redmod\scripts\cyberpunk\devices\UI\tv\sceneScreenGameController.script",".script","1133"
"tools\redmod\scripts\cyberpunk\devices\UI\tv\tvDeviceLogicController.script",".script","9727"
"tools\redmod\scripts\cyberpunk\devices\UI\tv\tvGameController.script",".script","16953"
"tools\redmod\scripts\cyberpunk\devices\UI\vendingMachine\iceMachineGameController.script",".script","1266"
"tools\redmod\scripts\cyberpunk\devices\UI\vendingMachine\imageActionButtonLogicController.script",".script","715"
"tools\redmod\scripts\cyberpunk\devices\UI\vendingMachine\interactiveAdGameController.script",".script","3384"
"tools\redmod\scripts\cyberpunk\devices\UI\vendingMachine\SimpleBinkGameController.script",".script","1288"
"tools\redmod\scripts\cyberpunk\devices\UI\vendingMachine\vendingMachineGameController.script",".script","5970"
"tools\redmod\scripts\cyberpunk\devices\UI\vendingMachine\weaponMachineInkGameController.script",".script","2431"
"tools\redmod\scripts\cyberpunk\devices\utilities\chestPress\chestPress.script",".script","1849"
"tools\redmod\scripts\cyberpunk\devices\utilities\chestPress\chestPressController.script",".script","6313"
"tools\redmod\scripts\cyberpunk\devices\utilities\electricLight\alarmLight.script",".script","3538"
"tools\redmod\scripts\cyberpunk\devices\utilities\electricLight\alarmLightController.script",".script","1708"
"tools\redmod\scripts\cyberpunk\devices\utilities\electricLight\electricLight.script",".script","5822"
"tools\redmod\scripts\cyberpunk\devices\utilities\electricLight\electricLightController.script",".script","3647"
"tools\redmod\scripts\cyberpunk\devices\utilities\electricLight\gameplayLight.script",".script","2198"
"tools\redmod\scripts\cyberpunk\devices\utilities\electricLight\gameplayLightController.script",".script","1513"
"tools\redmod\scripts\cyberpunk\devices\utilities\fan\fan.script",".script","5532"
"tools\redmod\scripts\cyberpunk\devices\utilities\fan\fanController.script",".script","2369"
"tools\redmod\scripts\cyberpunk\devices\utilities\netrunner\netrunnerChair.script",".script","867"
"tools\redmod\scripts\cyberpunk\devices\utilities\netrunner\netrunnerChairController.script",".script","1865"
"tools\redmod\scripts\cyberpunk\devices\utilities\perkTraining\perkTraining.script",".script","6598"
"tools\redmod\scripts\cyberpunk\devices\utilities\perkTraining\perkTrainingController.script",".script","3571"
"tools\redmod\scripts\cyberpunk\devices\utilities\perkTraining\relicPerkSystem.script",".script","4726"
"tools\redmod\scripts\cyberpunk\devices\utilities\weaponTraining\weaponTraining.script",".script","2974"
"tools\redmod\scripts\cyberpunk\devices\utilities\weaponTraining\weaponTrainingController.script",".script","164"
"tools\redmod\scripts\cyberpunk\devices\various\odaCementBag.script",".script","1524"
"tools\redmod\scripts\cyberpunk\devices\various\odaCementBagController.script",".script","768"
"tools\redmod\scripts\cyberpunk\devices\various\serverNode.script",".script","12532"
"tools\redmod\scripts\cyberpunk\devices\various\serverNodeActions.script",".script","1376"
"tools\redmod\scripts\cyberpunk\devices\various\serverNodeController.script",".script","6823"
"tools\redmod\scripts\cyberpunk\devices\various\serverNodeHealthChangeListener.script",".script","567"
"tools\redmod\scripts\cyberpunk\devices\various\stillage.script",".script","1403"
"tools\redmod\scripts\cyberpunk\devices\various\stillageController.script",".script","2385"
"tools\redmod\scripts\cyberpunk\devices\vehicles\vehicleActions.script",".script","7640"
"tools\redmod\scripts\cyberpunk\devices\vendingMachines\animatedSign.script",".script","968"
"tools\redmod\scripts\cyberpunk\devices\vendingMachines\iceMachine.script",".script","2161"
"tools\redmod\scripts\cyberpunk\devices\vendingMachines\iceMachineController.script",".script","3561"
"tools\redmod\scripts\cyberpunk\devices\vendingMachines\interactiveAd.script",".script","4649"
"tools\redmod\scripts\cyberpunk\devices\vendingMachines\interactiveAdController.script",".script","4903"
"tools\redmod\scripts\cyberpunk\devices\vendingMachines\vendingMachine.script",".script","14080"
"tools\redmod\scripts\cyberpunk\devices\vendingMachines\vendingMachineController.script",".script","7070"
"tools\redmod\scripts\cyberpunk\devices\vendingMachines\vendingTerminal.script",".script","4798"
"tools\redmod\scripts\cyberpunk\devices\vendingMachines\vendingTerminalController.script",".script","7728"
"tools\redmod\scripts\cyberpunk\devices\vendingMachines\weaponVendingMachine.script",".script","2419"
"tools\redmod\scripts\cyberpunk\devices\vendingMachines\weaponVendingMachineController.script",".script","3000"
"tools\redmod\scripts\cyberpunk\devices\ventilation_system\ventilationArea.script",".script","8085"
"tools\redmod\scripts\cyberpunk\devices\ventilation_system\ventilationAreaController.script",".script","3450"
"tools\redmod\scripts\cyberpunk\devices\ventilation_system\ventilationEffector.script",".script","1766"
"tools\redmod\scripts\cyberpunk\devices\ventilation_system\ventilationEffectorController.script",".script","2155"
"tools\redmod\scripts\cyberpunk\devices\virtual\virtualController.script",".script","634"
"tools\redmod\scripts\cyberpunk\devices\virtual\virutalSurveillanceSystem.script",".script","5615"
"tools\redmod\scripts\cyberpunk\devices\wardrobe\wardrobe.script",".script","2471"
"tools\redmod\scripts\cyberpunk\devices\wardrobe\wardrobeController.script",".script","4920"
"tools\redmod\scripts\cyberpunk\devices\wireRepairable.script",".script","2006"
"tools\redmod\scripts\cyberpunk\global\enums.script",".script","7587"
"tools\redmod\scripts\cyberpunk\global\functions.script",".script","953"
"tools\redmod\scripts\cyberpunk\global\localization\localization_items_helper.script",".script","1620"
"tools\redmod\scripts\cyberpunk\global\localization\localization_units_helperscript.script",".script","290"
"tools\redmod\scripts\cyberpunk\global\localization\uiLocalizationKeys.script",".script","374"
"tools\redmod\scripts\cyberpunk\global\struct.script",".script","2072"
"tools\redmod\scripts\cyberpunk\global\vardDB.script",".script","1352"
"tools\redmod\scripts\cyberpunk\helpers\chatterHelper.script",".script","2206"
"tools\redmod\scripts\cyberpunk\interactions\scriptedConditions.script",".script","17796"
"tools\redmod\scripts\cyberpunk\items\actions\baseItemAction.script",".script","902"
"tools\redmod\scripts\cyberpunk\items\actions\berserkAction.script",".script","1369"
"tools\redmod\scripts\cyberpunk\items\actions\consumeAction.script",".script","9979"
"tools\redmod\scripts\cyberpunk\items\actions\crackAction.script",".script","577"
"tools\redmod\scripts\cyberpunk\items\actions\disassembleAction.script",".script","834"
"tools\redmod\scripts\cyberpunk\items\actions\dropAction.script",".script","1562"
"tools\redmod\scripts\cyberpunk\items\actions\equipAction.script",".script","744"
"tools\redmod\scripts\cyberpunk\items\actions\genericUseAction.script",".script","1692"
"tools\redmod\scripts\cyberpunk\items\actions\itemActionsHelper.script",".script","11387"
"tools\redmod\scripts\cyberpunk\items\actions\learnAction.script",".script","49"
"tools\redmod\scripts\cyberpunk\items\actions\readAction.script",".script","1478"
"tools\redmod\scripts\cyberpunk\items\actions\useCorruptedSandevistanAction.script",".script","1758"
"tools\redmod\scripts\cyberpunk\items\actions\useHealCharge.script",".script","1994"
"tools\redmod\scripts\cyberpunk\items\actions\useSandevistanAction.script",".script","1396"
"tools\redmod\scripts\cyberpunk\items\antiRadar.script",".script","2243"
"tools\redmod\scripts\cyberpunk\items\attack.script",".script","9307"
"tools\redmod\scripts\cyberpunk\items\combat_gadgets\combatGadgetHelper.script",".script","1664"
"tools\redmod\scripts\cyberpunk\items\combat_gadgets\fragGrenade.script",".script","87041"
"tools\redmod\scripts\cyberpunk\items\combat_gadgets\grenadeSpawner.script",".script","88"
"tools\redmod\scripts\cyberpunk\items\combat_gadgets\kurtThrowableKnife.script",".script","13939"
"tools\redmod\scripts\cyberpunk\items\combat_gadgets\mines\claymoreMine.script",".script","5300"
"tools\redmod\scripts\cyberpunk\items\combat_gadgets\nanowireGrenade.script",".script","2790"
"tools\redmod\scripts\cyberpunk\items\combat_gadgets\piercingGrenade.script",".script","2704"
"tools\redmod\scripts\cyberpunk\items\cyberware\mineDispenser.script",".script","50"
"tools\redmod\scripts\cyberpunk\items\cyberware\muteArm.script",".script","1792"
"tools\redmod\scripts\cyberpunk\items\drill_machine\drillMachine.script",".script","3770"
"tools\redmod\scripts\cyberpunk\items\drill_machine\drillMachineComponents.script",".script","2679"
"tools\redmod\scripts\cyberpunk\items\drill_machine\drillMachineEvents.script",".script","661"
"tools\redmod\scripts\cyberpunk\items\healthConsumable.script",".script","2414"
"tools\redmod\scripts\cyberpunk\items\inspectableItem.script",".script","3388"
"tools\redmod\scripts\cyberpunk\items\item.script",".script","5408"
"tools\redmod\scripts\cyberpunk\items\melee\katana.script",".script","7440"
"tools\redmod\scripts\cyberpunk\items\throwableWeapon.script",".script","2974"
"tools\redmod\scripts\cyberpunk\items\virtualItem.script",".script","3087"
"tools\redmod\scripts\cyberpunk\items\weapon.script",".script","84167"
"tools\redmod\scripts\cyberpunk\managers\bountyManager.script",".script","9437"
"tools\redmod\scripts\cyberpunk\managers\cooldownStorage.script",".script","10960"
"tools\redmod\scripts\cyberpunk\managers\gameFeatureManager.script",".script","199"
"tools\redmod\scripts\cyberpunk\managers\npcManager.script",".script","6774"
"tools\redmod\scripts\cyberpunk\managers\npcManagerTypes.script",".script","259"
"tools\redmod\scripts\cyberpunk\managers\quickSlotsManager.script",".script","46312"
"tools\redmod\scripts\cyberpunk\managers\rpgManager.script",".script","189318"
"tools\redmod\scripts\cyberpunk\managers\statsManager.script",".script","847"
"tools\redmod\scripts\cyberpunk\managers\targetsManager.script",".script","5929"
"tools\redmod\scripts\cyberpunk\muppet\muppet.script",".script","6085"
"tools\redmod\scripts\cyberpunk\network\squadNode.script",".script","8160"
"tools\redmod\scripts\cyberpunk\network\systems\doorSystem.script",".script","723"
"tools\redmod\scripts\cyberpunk\network\systems\doorSystemController.script",".script","646"
"tools\redmod\scripts\cyberpunk\network\systems\personnelSystem.script",".script","813"
"tools\redmod\scripts\cyberpunk\network\systems\personnelSystemController.script",".script","679"
"tools\redmod\scripts\cyberpunk\network\systems\surveillanceSystem.script",".script","771"
"tools\redmod\scripts\cyberpunk\network\systems\surveillanceSystemController.script",".script","2166"
"tools\redmod\scripts\cyberpunk\network\systems\systemBaseController.script",".script","289"
"tools\redmod\scripts\cyberpunk\NPC\components\aiPhaseStateHandler.script",".script","358"
"tools\redmod\scripts\cyberpunk\NPC\components\baseAIComponents.script",".script","1537"
"tools\redmod\scripts\cyberpunk\NPC\components\centaurShieldController.script",".script","6528"
"tools\redmod\scripts\cyberpunk\NPC\components\eventHandlerComponent.script",".script","2756"
"tools\redmod\scripts\cyberpunk\NPC\components\hitReactionComponent.script",".script","167516"
"tools\redmod\scripts\cyberpunk\NPC\components\hitReactionMechComponent.script",".script","4942"
"tools\redmod\scripts\cyberpunk\NPC\components\mechanicalImpactComponent.script",".script","3235"
"tools\redmod\scripts\cyberpunk\NPC\components\npcStateComponent.script",".script","41864"
"tools\redmod\scripts\cyberpunk\NPC\components\simpleColliderComponent.script",".script","214"
"tools\redmod\scripts\cyberpunk\NPC\components\squadComponentImpl.script",".script","21521"
"tools\redmod\scripts\cyberpunk\NPC\components\statusEffectComponent.script",".script","1668"
"tools\redmod\scripts\cyberpunk\NPC\NPCPuppet.script",".script","198170"
"tools\redmod\scripts\cyberpunk\photomode\photoModePlayerEntity.script",".script","19539"
"tools\redmod\scripts\cyberpunk\player\disarmComponent.script",".script","5021"
"tools\redmod\scripts\cyberpunk\player\player.script",".script","312584"
"tools\redmod\scripts\cyberpunk\player\playerCombatController.script",".script","13123"
"tools\redmod\scripts\cyberpunk\player\playerCovers.script",".script","3453"
"tools\redmod\scripts\cyberpunk\player\playerEvents.script",".script","7169"
"tools\redmod\scripts\cyberpunk\player\playerListeners.script",".script","30778"
"tools\redmod\scripts\cyberpunk\player\playerVisionModeController.script",".script","33288"
"tools\redmod\scripts\cyberpunk\player\playerWeaponHandler.script",".script","7889"
"tools\redmod\scripts\cyberpunk\player\psm\braindanceControlsTransitions.script",".script","46675"
"tools\redmod\scripts\cyberpunk\player\psm\carriedObject.script",".script","61714"
"tools\redmod\scripts\cyberpunk\player\psm\combatGadgetTransitions.script",".script","35730"
"tools\redmod\scripts\cyberpunk\player\psm\comdeviceTransition.script",".script","1090"
"tools\redmod\scripts\cyberpunk\player\psm\consumableTransitions.script",".script","12315"
"tools\redmod\scripts\cyberpunk\player\psm\coverActionTransitions.script",".script","8555"
"tools\redmod\scripts\cyberpunk\player\psm\cpoTppLookAtPresetTransitions.script",".script","13066"
"tools\redmod\scripts\cyberpunk\player\psm\crosshairTransitions.script",".script","3933"
"tools\redmod\scripts\cyberpunk\player\psm\cyberwareUtility.script",".script","773"
"tools\redmod\scripts\cyberpunk\player\psm\defaultTransition.script",".script","112793"
"tools\redmod\scripts\cyberpunk\player\psm\equipItem.script",".script","550"
"tools\redmod\scripts\cyberpunk\player\psm\equipment.script",".script","60783"
"tools\redmod\scripts\cyberpunk\player\psm\finisher.script",".script","15166"
"tools\redmod\scripts\cyberpunk\player\psm\highLevelTransitions.script",".script","50040"
"tools\redmod\scripts\cyberpunk\player\psm\inputContextTransitions.script",".script","110376"
"tools\redmod\scripts\cyberpunk\player\psm\inputOutputData\carriedObjectData.script",".script","75"
"tools\redmod\scripts\cyberpunk\player\psm\inputOutputData\equipment.script",".script","90"
"tools\redmod\scripts\cyberpunk\player\psm\inputOutputData\locomotionScene.script",".script","98"
"tools\redmod\scripts\cyberpunk\player\psm\inputOutputData\locomotionTakedown.script",".script","148"
"tools\redmod\scripts\cyberpunk\player\psm\inputOutputData\testFive.script",".script","90"
"tools\redmod\scripts\cyberpunk\player\psm\inputOutputData\testFour.script",".script","181"
"tools\redmod\scripts\cyberpunk\player\psm\inputOutputData\testThree.script",".script","92"
"tools\redmod\scripts\cyberpunk\player\psm\inputOutputData\turret.script",".script","227"
"tools\redmod\scripts\cyberpunk\player\psm\inputOutputData\vehicleTransition.script",".script","166"
"tools\redmod\scripts\cyberpunk\player\psm\leftHandCyberwareTransitions.script",".script","55355"
"tools\redmod\scripts\cyberpunk\player\psm\locomotionBraindance.script",".script","5304"
"tools\redmod\scripts\cyberpunk\player\psm\locomotionSwimming.script",".script","41550"
"tools\redmod\scripts\cyberpunk\player\psm\locomotionTakedown.script",".script","68128"
"tools\redmod\scripts\cyberpunk\player\psm\locomotionTransitions.script",".script","303972"
"tools\redmod\scripts\cyberpunk\player\psm\locomotionTransitionsLowGravity.script",".script","25402"
"tools\redmod\scripts\cyberpunk\player\psm\locomotionTransitionsScene.script",".script","1318"
"tools\redmod\scripts\cyberpunk\player\psm\meleeTransitions.script",".script","219017"
"tools\redmod\scripts\cyberpunk\player\psm\mineDispenserTransitions.script",".script","5764"
"tools\redmod\scripts\cyberpunk\player\psm\on_demand\defaultTransition.script",".script","586"
"tools\redmod\scripts\cyberpunk\player\psm\quickSlotsTransitions.script",".script","42922"
"tools\redmod\scripts\cyberpunk\player\psm\reactionTrasitions.script",".script","2869"
"tools\redmod\scripts\cyberpunk\player\psm\scenesFastForward.script",".script","21469"
"tools\redmod\scripts\cyberpunk\player\psm\staminaTransitions.script",".script","10464"
"tools\redmod\scripts\cyberpunk\player\psm\testTransitions.script",".script","1695"
"tools\redmod\scripts\cyberpunk\player\psm\timeDilationTransitions.script",".script","30981"
"tools\redmod\scripts\cyberpunk\player\psm\turret.script",".script","3651"
"tools\redmod\scripts\cyberpunk\player\psm\upperBodyTransitions.script",".script","111511"
"tools\redmod\scripts\cyberpunk\player\psm\vehicleTransition.script",".script","179853"
"tools\redmod\scripts\cyberpunk\player\psm\weaponTransitions.script",".script","148368"
"tools\redmod\scripts\cyberpunk\player\psm\zoomTransitions.script",".script","36983"
"tools\redmod\scripts\cyberpunk\projectiles\baseBullet.script",".script","3952"
"tools\redmod\scripts\cyberpunk\projectiles\baseProjectile.script",".script","12878"
"tools\redmod\scripts\cyberpunk\projectiles\explodingBullet.script",".script","5025"
"tools\redmod\scripts\cyberpunk\projectiles\herculesProjectile.script",".script","807"
"tools\redmod\scripts\cyberpunk\projectiles\meleeProjectile.script",".script","10794"
"tools\redmod\scripts\cyberpunk\projectiles\mineBarrageProjectile.script",".script","6346"
"tools\redmod\scripts\cyberpunk\projectiles\minibossPlasmaProjectile.script",".script","5203"
"tools\redmod\scripts\cyberpunk\projectiles\monoDisc.script",".script","21394"
"tools\redmod\scripts\cyberpunk\projectiles\projectile_launcher\remoteHack.script",".script","3113"
"tools\redmod\scripts\cyberpunk\projectiles\projectileHelper.script",".script","16605"
"tools\redmod\scripts\cyberpunk\projectiles\projectileLauncherRound.script",".script","28388"
"tools\redmod\scripts\cyberpunk\projectiles\rainMissileProjectile.script",".script","18577"
"tools\redmod\scripts\cyberpunk\projectiles\spiderbotHeavyProjectile.script",".script","2414"
"tools\redmod\scripts\cyberpunk\prototypes\netrunnerPrototype.script",".script","572"
"tools\redmod\scripts\cyberpunk\puppet\puppetActions.script",".script","7988"
"tools\redmod\scripts\cyberpunk\puppet\scriptedPuppet.script",".script","201565"
"tools\redmod\scripts\cyberpunk\puppet\scriptedPuppetPS.script",".script","45936"
"tools\redmod\scripts\cyberpunk\quest\questAICommandNodeCategories.script",".script","3935"
"tools\redmod\scripts\cyberpunk\quest\questCondition.script",".script","8932"
"tools\redmod\scripts\cyberpunk\randomization\randomizationSupervisor.script",".script","1496"
"tools\redmod\scripts\cyberpunk\scene\voicesetComponent.script",".script","139"
"tools\redmod\scripts\cyberpunk\strike\executors\executorAimSnap.script",".script","500"
"tools\redmod\scripts\cyberpunk\strike\executors\executorApplyEffector.script",".script","633"
"tools\redmod\scripts\cyberpunk\strike\executors\executorBulletImpact.script",".script","1406"
"tools\redmod\scripts\cyberpunk\strike\executors\executorGivePlayerReward.script",".script","1309"
"tools\redmod\scripts\cyberpunk\strike\executors\executorHeal.script",".script","716"
"tools\redmod\scripts\cyberpunk\strike\executors\executorKill.script",".script","405"
"tools\redmod\scripts\cyberpunk\strike\executors\executorLookAt.script",".script","993"
"tools\redmod\scripts\cyberpunk\strike\executors\executorMeleeHit.script",".script","12872"
"tools\redmod\scripts\cyberpunk\strike\executors\executorMeleePreAttack.script",".script","583"
"tools\redmod\scripts\cyberpunk\strike\executors\executorModifyStat.script",".script","1261"
"tools\redmod\scripts\cyberpunk\strike\executors\executorQuickMeleeHit.script",".script","510"
"tools\redmod\scripts\cyberpunk\strike\executors\executorStatusEffect.script",".script","1085"
"tools\redmod\scripts\cyberpunk\strike\executors\executorStimOnHit.script",".script","2976"
"tools\redmod\scripts\cyberpunk\strike\executors\executorTimeDilateOnHit.script",".script","502"
"tools\redmod\scripts\cyberpunk\strike\executors\meleeGameEffects.script",".script","1160"
"tools\redmod\scripts\cyberpunk\strike\executors\ricochet.script",".script","506"
"tools\redmod\scripts\cyberpunk\strike\filters\filterNPC.script",".script","1198"
"tools\redmod\scripts\cyberpunk\strike\filters\filterNPCDodgeOpportunity.script",".script","2989"
"tools\redmod\scripts\cyberpunk\strike\filters\filterStimTargets.script",".script","1099"
"tools\redmod\scripts\cyberpunk\strike\filters\filterTargetsByDistanceFromRoot.script",".script","1242"
"tools\redmod\scripts\cyberpunk\strike\filters\filterTargetsByRotation.script",".script","2907"
"tools\redmod\scripts\cyberpunk\strike\filters\investigationReactionFilter.script",".script","860"
"tools\redmod\scripts\cyberpunk\systems\autocraftSystem.script",".script","2937"
"tools\redmod\scripts\cyberpunk\systems\dataTrackingSystem.script",".script","30659"
"tools\redmod\scripts\cyberpunk\systems\dataTrackingSystemRequests.script",".script","2879"
"tools\redmod\scripts\cyberpunk\systems\environmentDamageSystem.script",".script","1248"
"tools\redmod\scripts\cyberpunk\systems\equipmentSystem.script",".script","225611"
"tools\redmod\scripts\cyberpunk\systems\firstEquipSystem.script",".script","1217"
"tools\redmod\scripts\cyberpunk\systems\inputContextSystem.script",".script","869"
"tools\redmod\scripts\cyberpunk\systems\itemModificationSystem.script",".script","15054"
"tools\redmod\scripts\cyberpunk\systems\itemModificationSystemRequests.script",".script","1041"
"tools\redmod\scripts\cyberpunk\systems\marketSystem\marketSystem.script",".script","17801"
"tools\redmod\scripts\cyberpunk\systems\marketSystem\ripperdocTokenManager.script",".script","1969"
"tools\redmod\scripts\cyberpunk\systems\marketSystem\vendor.script",".script","43645"
"tools\redmod\scripts\cyberpunk\systems\phoneSystem.script",".script","22120"
"tools\redmod\scripts\cyberpunk\systems\playerDevelopmentSystem.script",".script","154192"
"tools\redmod\scripts\cyberpunk\systems\playerDevelopmentSystemRequests.script",".script","7547"
"tools\redmod\scripts\cyberpunk\systems\playerHandicapSystem.script",".script","2011"
"tools\redmod\scripts\cyberpunk\systems\playerHandicapSystemRequests.script",".script","285"
"tools\redmod\scripts\cyberpunk\systems\subCharacterSystem.script",".script","13738"
"tools\redmod\scripts\cyberpunk\takedown\takedownHelper.script",".script","1275"
"tools\redmod\scripts\cyberpunk\timeDilation\timeDilationHelper.script",".script","9351"
"tools\redmod\scripts\cyberpunk\triggers\gravityChangeTrigger.script",".script","1391"
"tools\redmod\scripts\cyberpunk\UI\activityLog\activityLogControllers.script",".script","7322"
"tools\redmod\scripts\cyberpunk\UI\blackboard\uiBlackboardData.script",".script","1415"
"tools\redmod\scripts\cyberpunk\UI\common\animationHelper.script",".script","1998"
"tools\redmod\scripts\cyberpunk\UI\common\ButtonHints.script",".script","4112"
"tools\redmod\scripts\cyberpunk\UI\common\ComparisionUtils.script",".script","20021"
"tools\redmod\scripts\cyberpunk\UI\common\customAnimationsGameController.script",".script","4799"
"tools\redmod\scripts\cyberpunk\UI\common\customAnimationsHudGameController.script",".script","3403"
"tools\redmod\scripts\cyberpunk\UI\common\factTextGameController.script",".script","1383"
"tools\redmod\scripts\cyberpunk\UI\common\genericButton.script",".script","1996"
"tools\redmod\scripts\cyberpunk\UI\common\genericMessageNotification.script",".script","11056"
"tools\redmod\scripts\cyberpunk\UI\common\holdIndicator.script",".script","2814"
"tools\redmod\scripts\cyberpunk\UI\common\inkImageUtils.script",".script","4683"
"tools\redmod\scripts\cyberpunk\UI\common\inventoryUtils.script",".script","2351"
"tools\redmod\scripts\cyberpunk\UI\common\itemDisplayUtils.script",".script","4439"
"tools\redmod\scripts\cyberpunk\UI\common\journalListController.script",".script","1672"
"tools\redmod\scripts\cyberpunk\UI\common\localizationMap.script",".script","1219"
"tools\redmod\scripts\cyberpunk\UI\common\progressBarAnimationController.script",".script","1554"
"tools\redmod\scripts\cyberpunk\UI\common\progressBarSimple.script",".script","8572"
"tools\redmod\scripts\cyberpunk\UI\common\slotMachineController.script",".script","4582"
"tools\redmod\scripts\cyberpunk\UI\common\soundController.script",".script","591"
"tools\redmod\scripts\cyberpunk\UI\common\stateUtils.script",".script","748"
"tools\redmod\scripts\cyberpunk\UI\common\statsProgress.script",".script","2024"
"tools\redmod\scripts\cyberpunk\UI\common\tooltipAnimationController.script",".script","4073"
"tools\redmod\scripts\cyberpunk\UI\common\tutorialMain.script",".script","1701"
"tools\redmod\scripts\cyberpunk\UI\common\tweakDBIDSelector.script",".script","5094"
"tools\redmod\scripts\cyberpunk\UI\common\uiInventoryScriptableSystem.script",".script","29641"
"tools\redmod\scripts\cyberpunk\UI\common\uiLocalizationHelper.script",".script","1810"
"tools\redmod\scripts\cyberpunk\UI\common\uiScriptableSystem.script",".script","12495"
"tools\redmod\scripts\cyberpunk\UI\common\virtualNestedListController.script",".script","5282"
"tools\redmod\scripts\cyberpunk\UI\common\weaponsUtils.script",".script","439"
"tools\redmod\scripts\cyberpunk\UI\common\widgetStateMapper.script",".script","1614"
"tools\redmod\scripts\cyberpunk\UI\cursors\bunkerCursorGameController.script",".script","156"
"tools\redmod\scripts\cyberpunk\UI\cursors\cursorGameController.script",".script","13348"
"tools\redmod\scripts\cyberpunk\UI\cyberware\cyberwareSlot.script",".script","1983"
"tools\redmod\scripts\cyberpunk\UI\cyberware\overclockHudListener.script",".script","1111"
"tools\redmod\scripts\cyberpunk\UI\damageDigits\damageDigitsControllers.script",".script","76235"
"tools\redmod\scripts\cyberpunk\UI\data\blackboardPuppetInfo.script",".script","2508"
"tools\redmod\scripts\cyberpunk\UI\data\iconReference.script",".script","163"
"tools\redmod\scripts\cyberpunk\UI\data\inputDisplayData.script",".script","319"
"tools\redmod\scripts\cyberpunk\UI\data\pinInfo.script",".script","234"
"tools\redmod\scripts\cyberpunk\UI\data\quicksort.script",".script","4259"
"tools\redmod\scripts\cyberpunk\UI\data\vendor.script",".script","19109"
"tools\redmod\scripts\cyberpunk\UI\data\weaponRoster.script",".script","321"
"tools\redmod\scripts\cyberpunk\UI\events\advertGlitchEvent.script",".script","186"
"tools\redmod\scripts\cyberpunk\UI\events\HolocallStartEvent.script",".script","165"
"tools\redmod\scripts\cyberpunk\UI\frame\frame.script",".script","1008"
"tools\redmod\scripts\cyberpunk\UI\frame\frameSwitcher.script",".script","21016"
"tools\redmod\scripts\cyberpunk\UI\fullscreen\backpack\backpack_main.script",".script","76677"
"tools\redmod\scripts\cyberpunk\UI\fullscreen\backpack\BackpackEquipSlotChooserPopup.script",".script","6064"
"tools\redmod\scripts\cyberpunk\UI\fullscreen\backpack\backpackFilterItemController.script",".script","15195"
"tools\redmod\scripts\cyberpunk\UI\fullscreen\backpack\craftingMaterialItemController.script",".script","5131"
"tools\redmod\scripts\cyberpunk\UI\fullscreen\backpack\dropdownButtonController.script",".script","1260"
"tools\redmod\scripts\cyberpunk\UI\fullscreen\backpack\dropdownItemController.script",".script","131"
"tools\redmod\scripts\cyberpunk\UI\fullscreen\benchmark\benchmarkResultsGameController.script",".script","23211"
"tools\redmod\scripts\cyberpunk\UI\fullscreen\benchmark\benchmarkScenario.script",".script","966"
"tools\redmod\scripts\cyberpunk\UI\fullscreen\briefing\briefingScreen.script",".script","8596"
"tools\redmod\scripts\cyberpunk\UI\fullscreen\button_help_bar\button_help_bar.script",".script","150"
"tools\redmod\scripts\cyberpunk\UI\fullscreen\codex\codex.script",".script","12612"
"tools\redmod\scripts\cyberpunk\UI\fullscreen\codex\codexBaseController.script",".script","72"
"tools\redmod\scripts\cyberpunk\UI\fullscreen\codex\codexEntryView.script",".script","3533"
"tools\redmod\scripts\cyberpunk\UI\fullscreen\codex\codexItems.script",".script","3291"
"tools\redmod\scripts\cyberpunk\UI\fullscreen\codex\codexUtils.script",".script","22330"
"tools\redmod\scripts\cyberpunk\UI\fullscreen\codex\codexVirtualControllers.script",".script","9316"
"tools\redmod\scripts\cyberpunk\UI\fullscreen\codex\gallery\favoriteController.script",".script","1214"
"tools\redmod\scripts\cyberpunk\UI\fullscreen\codex\gallery\gallery.script",".script","34682"
"tools\redmod\scripts\cyberpunk\UI\fullscreen\codex\gallery\galleryfilterController.script",".script","2251"
"tools\redmod\scripts\cyberpunk\UI\fullscreen\codex\gallery\galleryfullpreview.script",".script","4359"
"tools\redmod\scripts\cyberpunk\UI\fullscreen\codex\gallery\pagination.script",".script","5142"
"tools\redmod\scripts\cyberpunk\UI\fullscreen\codex\shardListItems.script",".script","4276"
"tools\redmod\scripts\cyberpunk\UI\fullscreen\codex\shards.script",".script","14065"
"tools\redmod\scripts\cyberpunk\UI\fullscreen\common\DropdownElementController.script",".script","1865"
"tools\redmod\scripts\cyberpunk\UI\fullscreen\common\DropdownItemData.script",".script","5829"
"tools\redmod\scripts\cyberpunk\UI\fullscreen\common\DropdownListController.script",".script","5215"
"tools\redmod\scripts\cyberpunk\UI\fullscreen\common\ItemPreviewGameController.script",".script","28542"
"tools\redmod\scripts\cyberpunk\UI\fullscreen\cooldowns\cooldownIndicator.script",".script","6368"
"tools\redmod\scripts\cyberpunk\UI\fullscreen\cooldowns\singleCooldownManager.script",".script","7680"
"tools\redmod\scripts\cyberpunk\UI\fullscreen\crafting\craftingItemTemplateClassifier.script",".script","7837"
"tools\redmod\scripts\cyberpunk\UI\fullscreen\crafting\craftingLogicController.script",".script","16179"
"tools\redmod\scripts\cyberpunk\UI\fullscreen\crafting\craftingMain.script",".script","20767"
"tools\redmod\scripts\cyberpunk\UI\fullscreen\crafting\craftingPanelController.script",".script","23427"
"tools\redmod\scripts\cyberpunk\UI\fullscreen\crafting\craftingPopupController.script",".script","4015"
"tools\redmod\scripts\cyberpunk\UI\fullscreen\crafting\craftingSkillController.script",".script","4596"
"tools\redmod\scripts\cyberpunk\UI\fullscreen\crafting\progressBarController.script",".script","309"
"tools\redmod\scripts\cyberpunk\UI\fullscreen\crafting\upgradePanelController.script",".script","14870"
"tools\redmod\scripts\cyberpunk\UI\fullscreen\credits\creditsGameController.script",".script","4859"
"tools\redmod\scripts\cyberpunk\UI\fullscreen\cyberware\attributes_skills.script",".script","12745"
"tools\redmod\scripts\cyberpunk\UI\fullscreen\cyberware\temp_cyberware_equip.script",".script","5481"
"tools\redmod\scripts\cyberpunk\UI\fullscreen\disassemble_manager.script",".script","6314"
"tools\redmod\scripts\cyberpunk\UI\fullscreen\dlc\dlcMenu.script",".script","7459"
"tools\redmod\scripts\cyberpunk\UI\fullscreen\dlc\patchNotes.script",".script","7417"
"tools\redmod\scripts\cyberpunk\UI\fullscreen\dlc\videoCarousel.script",".script","5380"
"tools\redmod\scripts\cyberpunk\UI\fullscreen\engagement_screen\engagement_screen.script",".script","2390"
"tools\redmod\scripts\cyberpunk\UI\fullscreen\fastTravel\fastTravelButton.script",".script","1972"
"tools\redmod\scripts\cyberpunk\UI\fullscreen\fastTravel\fastTravelHUDGameController.script",".script","2355"
"tools\redmod\scripts\cyberpunk\UI\fullscreen\hub\baseHubMenu.script",".script","756"
"tools\redmod\scripts\cyberpunk\UI\fullscreen\hub\hubMenuData.script",".script","647"
"tools\redmod\scripts\cyberpunk\UI\fullscreen\hub\hubMenuGameController.script",".script","18203"
"tools\redmod\scripts\cyberpunk\UI\fullscreen\hub\hubMenuLogicController.script",".script","5060"
"tools\redmod\scripts\cyberpunk\UI\fullscreen\hub\hubMenuScenario.script",".script","8470"
"tools\redmod\scripts\cyberpunk\UI\fullscreen\hub\hubMenuTimeSkipController.script",".script","3449"
"tools\redmod\scripts\cyberpunk\UI\fullscreen\hub\hubMenuUtils.script",".script","3364"
"tools\redmod\scripts\cyberpunk\UI\fullscreen\hub\menuButtonController.script",".script","7439"
"tools\redmod\scripts\cyberpunk\UI\fullscreen\hub\metaQuestPanelController.script",".script","4610"
"tools\redmod\scripts\cyberpunk\UI\fullscreen\hub\radialHubMenuGameController.script",".script","20398"
"tools\redmod\scripts\cyberpunk\UI\fullscreen\hub\radialHubMenuLogicController.script",".script","11483"
"tools\redmod\scripts\cyberpunk\UI\fullscreen\hub\radialHubMenuTimeSkipController.script",".script","3527"
"tools\redmod\scripts\cyberpunk\UI\fullscreen\hub\radialMenuButtonController.script",".script","7841"
"tools\redmod\scripts\cyberpunk\UI\fullscreen\hub\radialSubMenuPanelLogicController.script",".script","7773"
"tools\redmod\scripts\cyberpunk\UI\fullscreen\hub\subMenuPanelLogicController.script",".script","7461"
"tools\redmod\scripts\cyberpunk\UI\fullscreen\hub\timeDisplayGameController.script",".script","168"
"tools\redmod\scripts\cyberpunk\UI\fullscreen\ingame\arcadeMinigameScenario.script",".script","951"
"tools\redmod\scripts\cyberpunk\UI\fullscreen\ingame\deathMenu.script",".script","4356"
"tools\redmod\scripts\cyberpunk\UI\fullscreen\ingame\deathScenario.script",".script","2038"
"tools\redmod\scripts\cyberpunk\UI\fullscreen\ingame\debugHubMenu.script",".script","5634"
"tools\redmod\scripts\cyberpunk\UI\fullscreen\ingame\e3EndScreenScenario.script",".script","1703"
"tools\redmod\scripts\cyberpunk\UI\fullscreen\ingame\finalBoardsScenario.script",".script","1391"
"tools\redmod\scripts\cyberpunk\UI\fullscreen\ingame\hubExperienceBar.script",".script","431"
"tools\redmod\scripts\cyberpunk\UI\fullscreen\ingame\hubSelectorController.script",".script","51609"
"tools\redmod\scripts\cyberpunk\UI\fullscreen\ingame\inGameCharacterCustomizationGameController.script",".script","2306"
"tools\redmod\scripts\cyberpunk\UI\fullscreen\ingame\inGameMenuGameController.script",".script","30463"
"tools\redmod\scripts\cyberpunk\UI\fullscreen\ingame\inGameScenarios.script",".script","9219"
"tools\redmod\scripts\cyberpunk\UI\fullscreen\ingame\menuDataBuilder.script",".script","9773"
"tools\redmod\scripts\cyberpunk\UI\fullscreen\ingame\networkBreachScenario.script",".script","349"
"tools\redmod\scripts\cyberpunk\UI\fullscreen\ingame\pauseMenu.script",".script","11080"
"tools\redmod\scripts\cyberpunk\UI\fullscreen\ingame\pauseScenario.script",".script","3293"
"tools\redmod\scripts\cyberpunk\UI\fullscreen\ingame\timeSkipScenario.script",".script","598"
"tools\redmod\scripts\cyberpunk\UI\fullscreen\ingame\wardrobeScenario.script",".script","418"
"tools\redmod\scripts\cyberpunk\UI\fullscreen\initializeuser_screen\initializeuser_screen.script",".script","1663"
"tools\redmod\scripts\cyberpunk\UI\fullscreen\inventory\temp_armor_equip.script",".script","45620"
"tools\redmod\scripts\cyberpunk\UI\fullscreen\loading_screen\defaultLoadingScreenLogicController.script",".script","802"
"tools\redmod\scripts\cyberpunk\UI\fullscreen\loading_screen\initialLoadingScreenLogicController.script",".script","947"
"tools\redmod\scripts\cyberpunk\UI\fullscreen\loading_screen\loadingScreen.script",".script","2464"
"tools\redmod\scripts\cyberpunk\UI\fullscreen\loading_screen\loadingScreenUtils.script",".script","324"
"tools\redmod\scripts\cyberpunk\UI\fullscreen\map\delamainTaxiScenario.script",".script","314"
"tools\redmod\scripts\cyberpunk\UI\fullscreen\map\fastTravelScenario.script",".script","250"
"tools\redmod\scripts\cyberpunk\UI\fullscreen\map\worldMap.script",".script","71509"
"tools\redmod\scripts\cyberpunk\UI\fullscreen\map\worldMapFloorPlan.script",".script","85"
"tools\redmod\scripts\cyberpunk\UI\fullscreen\map\worldMapTooltips.script",".script","31785"
"tools\redmod\scripts\cyberpunk\UI\fullscreen\metro_map\ncartMetroMap.script",".script","17070"
"tools\redmod\scripts\cyberpunk\UI\fullscreen\notification\accountSignInPopup.script",".script","3743"
"tools\redmod\scripts\cyberpunk\UI\fullscreen\notification\authorisationNotification.script",".script","1920"
"tools\redmod\scripts\cyberpunk\UI\fullscreen\notification\bountyCollectedNotification.script",".script","1277"
"tools\redmod\scripts\cyberpunk\UI\fullscreen\notification\codexPopup.script",".script","4070"
"tools\redmod\scripts\cyberpunk\UI\fullscreen\notification\craftingNotification.script",".script","2067"
"tools\redmod\scripts\cyberpunk\UI\fullscreen\notification\currencyNotification.script",".script","4765"
"tools\redmod\scripts\cyberpunk\UI\fullscreen\notification\expansionPopup.script",".script","19382"
"tools\redmod\scripts\cyberpunk\UI\fullscreen\notification\genericNotification.script",".script","3729"
"tools\redmod\scripts\cyberpunk\UI\fullscreen\notification\ingameUINotification.script",".script","7522"
"tools\redmod\scripts\cyberpunk\UI\fullscreen\notification\item_log.script",".script","5428"
"tools\redmod\scripts\cyberpunk\UI\fullscreen\notification\itemsQueue.script",".script","19884"
"tools\redmod\scripts\cyberpunk\UI\fullscreen\notification\journalNotification.script",".script","35523"
"tools\redmod\scripts\cyberpunk\UI\fullscreen\notification\levelupNotification.script",".script","13436"
"tools\redmod\scripts\cyberpunk\UI\fullscreen\notification\marketingConsentPopup.script",".script","12142"
"tools\redmod\scripts\cyberpunk\UI\fullscreen\notification\messagePopup.script",".script","19723"
"tools\redmod\scripts\cyberpunk\UI\fullscreen\notification\notificationActions.script",".script","7620"
"tools\redmod\scripts\cyberpunk\UI\fullscreen\notification\notificationData.script",".script","1133"
"tools\redmod\scripts\cyberpunk\UI\fullscreen\notification\notificationEvents.script",".script","153"
"tools\redmod\scripts\cyberpunk\UI\fullscreen\notification\patchNotePopup.script",".script","438"
"tools\redmod\scripts\cyberpunk\UI\fullscreen\notification\popupManager.script",".script","30648"
"tools\redmod\scripts\cyberpunk\UI\fullscreen\notification\shardCollectedNotification.script",".script","5922"
"tools\redmod\scripts\cyberpunk\UI\fullscreen\notification\shardsNotification.script",".script","6297"
"tools\redmod\scripts\cyberpunk\UI\fullscreen\notification\transferSaveGameNotification.script",".script","11550"
"tools\redmod\scripts\cyberpunk\UI\fullscreen\notification\uiNotification.script",".script","5612"
"tools\redmod\scripts\cyberpunk\UI\fullscreen\notification\zoneAlertNotification.script",".script","10462"
"tools\redmod\scripts\cyberpunk\UI\fullscreen\perks\newPerks\NewPerksAttributeButtonController.script",".script","6368"
"tools\redmod\scripts\cyberpunk\UI\fullscreen\perks\newPerks\NewPerksCategoriesGameController.script",".script","41863"
"tools\redmod\scripts\cyberpunk\UI\fullscreen\perks\newPerks\NewPerksCyberwareDetailsNotification.script",".script","10106"
"tools\redmod\scripts\cyberpunk\UI\fullscreen\perks\newPerks\NewPerksGaugeController.script",".script","3568"
"tools\redmod\scripts\cyberpunk\UI\fullscreen\perks\newPerks\NewPerkSkillsLogicController.script",".script","8782"
"tools\redmod\scripts\cyberpunk\UI\fullscreen\perks\newPerks\NewPerksPerkContainerLogicController.script",".script","6400"
"tools\redmod\scripts\cyberpunk\UI\fullscreen\perks\newPerks\NewPerksPerkItemLogicController.script",".script","12102"
"tools\redmod\scripts\cyberpunk\UI\fullscreen\perks\newPerks\NewPerksScreenLogicController.script",".script","49952"
"tools\redmod\scripts\cyberpunk\UI\fullscreen\perks\newPerks\NewPerkTabsController.script",".script","5131"
"tools\redmod\scripts\cyberpunk\UI\fullscreen\perks\PerkDisplayController.script",".script","11913"
"tools\redmod\scripts\cyberpunk\UI\fullscreen\perks\PerkScreenController.script",".script","16945"
"tools\redmod\scripts\cyberpunk\UI\fullscreen\perks\perksData.script",".script","33498"
"tools\redmod\scripts\cyberpunk\UI\fullscreen\perks\perksLevelBarController.script",".script","319"
"tools\redmod\scripts\cyberpunk\UI\fullscreen\perks\perksMain.script",".script","20339"
"tools\redmod\scripts\cyberpunk\UI\fullscreen\perks\perksMenuAttributeDisplayController.script",".script","10939"
"tools\redmod\scripts\cyberpunk\UI\fullscreen\perks\perksMenuAttributeItem.script",".script","12537"
"tools\redmod\scripts\cyberpunk\UI\fullscreen\perks\perksMenuEvents.script",".script","1815"
"tools\redmod\scripts\cyberpunk\UI\fullscreen\perks\perksMenuTooltips.script",".script","38600"
"tools\redmod\scripts\cyberpunk\UI\fullscreen\perks\perksPointsDisplayController.script",".script","2122"
"tools\redmod\scripts\cyberpunk\UI\fullscreen\perks\perksSkillsLevelsContainerController.script",".script","2827"
"tools\redmod\scripts\cyberpunk\UI\fullscreen\phone_sms\messengerContacts.script",".script","4005"
"tools\redmod\scripts\cyberpunk\UI\fullscreen\phone_sms\messengerController.script",".script","9855"
"tools\redmod\scripts\cyberpunk\UI\fullscreen\phone_sms\messengerDialogView.script",".script","17451"
"tools\redmod\scripts\cyberpunk\UI\fullscreen\phone_sms\messengerRenderers.script",".script","5754"
"tools\redmod\scripts\cyberpunk\UI\fullscreen\phone_sms\messengerUtils.script",".script","14761"
"tools\redmod\scripts\cyberpunk\UI\fullscreen\photoMode\photoModeCameraLocation.script",".script","881"
"tools\redmod\scripts\cyberpunk\UI\fullscreen\photoMode\photoModeFrame.script",".script","2497"
"tools\redmod\scripts\cyberpunk\UI\fullscreen\photoMode\photoModeGridButton.script",".script","5186"
"tools\redmod\scripts\cyberpunk\UI\fullscreen\photoMode\photoModeLightIndicatorController.script",".script","4087"
"tools\redmod\scripts\cyberpunk\UI\fullscreen\photoMode\photoModeListController.script",".script","8218"
"tools\redmod\scripts\cyberpunk\UI\fullscreen\photoMode\photoModeMenuController.script",".script","68301"
"tools\redmod\scripts\cyberpunk\UI\fullscreen\photoMode\photoModeSticker.script",".script","893"
"tools\redmod\scripts\cyberpunk\UI\fullscreen\photoMode\photoModeStickersController.script",".script","18173"
"tools\redmod\scripts\cyberpunk\UI\fullscreen\photoMode\photoModeStickersGrid.script",".script","10178"
"tools\redmod\scripts\cyberpunk\UI\fullscreen\photoMode\photoModeToggle.script",".script","3735"
"tools\redmod\scripts\cyberpunk\UI\fullscreen\photoMode\photoModeTopBarController.script",".script","3020"
"tools\redmod\scripts\cyberpunk\UI\fullscreen\pregame\boothMode.script",".script","524"
"tools\redmod\scripts\cyberpunk\UI\fullscreen\pregame\characterCreationBodyMorphImageThumbnail.script",".script","994"
"tools\redmod\scripts\cyberpunk\UI\fullscreen\pregame\characterCreationBodyMorphListItem.script",".script","37832"
"tools\redmod\scripts\cyberpunk\UI\fullscreen\pregame\characterCreationBodyMorphMenu.script",".script","50774"
"tools\redmod\scripts\cyberpunk\UI\fullscreen\pregame\characterCreationGenderBackstoryBtn.script",".script","2933"
"tools\redmod\scripts\cyberpunk\UI\fullscreen\pregame\characterCreationGenderBackstoryMenu.script",".script","11749"
"tools\redmod\scripts\cyberpunk\UI\fullscreen\pregame\characterCreationMenu.script",".script","8638"
"tools\redmod\scripts\cyberpunk\UI\fullscreen\pregame\characterCreationNavigationBtn.script",".script","682"
"tools\redmod\scripts\cyberpunk\UI\fullscreen\pregame\characterCreationPunkRandomizerMenu.script",".script","17119"
"tools\redmod\scripts\cyberpunk\UI\fullscreen\pregame\characterCreationStatsAttributeBtn.script",".script","9187"
"tools\redmod\scripts\cyberpunk\UI\fullscreen\pregame\characterCreationStatsMenu.script",".script","23367"
"tools\redmod\scripts\cyberpunk\UI\fullscreen\pregame\characterCreationSummaryListItem.script",".script","602"
"tools\redmod\scripts\cyberpunk\UI\fullscreen\pregame\characterCreationSummaryMenu.script",".script","7294"
"tools\redmod\scripts\cyberpunk\UI\fullscreen\pregame\characterCreationTopBar.script",".script","5776"
"tools\redmod\scripts\cyberpunk\UI\fullscreen\pregame\continueGameTooltip.script",".script","6871"
"tools\redmod\scripts\cyberpunk\UI\fullscreen\pregame\difficultySelection.script",".script","6320"
"tools\redmod\scripts\cyberpunk\UI\fullscreen\pregame\expansionNewGame.script",".script","8059"
"tools\redmod\scripts\cyberpunk\UI\fullscreen\pregame\findServersMenu.script",".script","6631"
"tools\redmod\scripts\cyberpunk\UI\fullscreen\pregame\gogProfileController.script",".script","18368"
"tools\redmod\scripts\cyberpunk\UI\fullscreen\pregame\gogRewardsListController.script",".script","4769"
"tools\redmod\scripts\cyberpunk\UI\fullscreen\pregame\loadGameMenu.script",".script","25062"
"tools\redmod\scripts\cyberpunk\UI\fullscreen\pregame\menuAccountController.script",".script","1855"
"tools\redmod\scripts\cyberpunk\UI\fullscreen\pregame\multiplayerMenu.script",".script","1020"
"tools\redmod\scripts\cyberpunk\UI\fullscreen\pregame\newGameMenu.script",".script","2599"
"tools\redmod\scripts\cyberpunk\UI\fullscreen\pregame\playRecordedSessionMenu.script",".script","1331"
"tools\redmod\scripts\cyberpunk\UI\fullscreen\pregame\preGameMenu.script",".script","3210"
"tools\redmod\scripts\cyberpunk\UI\fullscreen\pregame\preGameMenuGameController.script",".script","3036"
"tools\redmod\scripts\cyberpunk\UI\fullscreen\pregame\preGameScenarios.script",".script","21410"
"tools\redmod\scripts\cyberpunk\UI\fullscreen\pregame\saveGameMenu.script",".script","12542"
"tools\redmod\scripts\cyberpunk\UI\fullscreen\pregame\serverInfoController.script",".script","3016"
"tools\redmod\scripts\cyberpunk\UI\fullscreen\pregame\singleplayerMenu.script",".script","53717"
"tools\redmod\scripts\cyberpunk\UI\fullscreen\quest_log\questCodexLink.script",".script","14632"
"tools\redmod\scripts\cyberpunk\UI\fullscreen\quest_log\questLog.script",".script","40481"
"tools\redmod\scripts\cyberpunk\UI\fullscreen\quest_log\questLogDetailsPanel.script",".script","18264"
"tools\redmod\scripts\cyberpunk\UI\fullscreen\quest_log\questLogElements.script",".script","12043"
"tools\redmod\scripts\cyberpunk\UI\fullscreen\quest_log\questLogListItem.script",".script","14573"
"tools\redmod\scripts\cyberpunk\UI\fullscreen\quest_log\questLogUtils.script",".script","9273"
"tools\redmod\scripts\cyberpunk\UI\fullscreen\quest_log\questLogv2.script",".script","13186"
"tools\redmod\scripts\cyberpunk\UI\fullscreen\ripperdoc\cyberwareMinigrid.script",".script","25873"
"tools\redmod\scripts\cyberpunk\UI\fullscreen\ripperdoc\moneyLabelController.script",".script","976"
"tools\redmod\scripts\cyberpunk\UI\fullscreen\ripperdoc\pulseAnimation.script",".script","3387"
"tools\redmod\scripts\cyberpunk\UI\fullscreen\ripperdoc\ripperdoc.script",".script","134453"
"tools\redmod\scripts\cyberpunk\UI\fullscreen\ripperdoc\ripperdocAnimationController.script",".script","15551"
"tools\redmod\scripts\cyberpunk\UI\fullscreen\ripperdoc\ripperdocArmorMeters.script",".script","15791"
"tools\redmod\scripts\cyberpunk\UI\fullscreen\ripperdoc\ripperdocBarTooltip.script",".script","13389"
"tools\redmod\scripts\cyberpunk\UI\fullscreen\ripperdoc\ripperdocCategoryTooltip.script",".script","2295"
"tools\redmod\scripts\cyberpunk\UI\fullscreen\ripperdoc\ripperdocCwPreviewItemController.script",".script","686"
"tools\redmod\scripts\cyberpunk\UI\fullscreen\ripperdoc\ripperdocFillBar.script",".script","2510"
"tools\redmod\scripts\cyberpunk\UI\fullscreen\ripperdoc\ripperdocFillLabel.script",".script","3430"
"tools\redmod\scripts\cyberpunk\UI\fullscreen\ripperdoc\ripperdocInventoryController.script",".script","9963"
"tools\redmod\scripts\cyberpunk\UI\fullscreen\ripperdoc\ripperdocMeterCapacity.script",".script","19972"
"tools\redmod\scripts\cyberpunk\UI\fullscreen\ripperdoc\ripperdocMeters.script",".script","6088"
"tools\redmod\scripts\cyberpunk\UI\fullscreen\ripperdoc\ripperdocMetersBars.script",".script","3075"
"tools\redmod\scripts\cyberpunk\UI\fullscreen\ripperdoc\ripperdocPerkController.script",".script","1808"
"tools\redmod\scripts\cyberpunk\UI\fullscreen\ripperdoc\ripperdocPerkTooltip.script",".script","1233"
"tools\redmod\scripts\cyberpunk\UI\fullscreen\ripperdoc\ripperdocSelectorController.script",".script","3731"
"tools\redmod\scripts\cyberpunk\UI\fullscreen\ripperdoc\ripperdocShardController.script",".script","1289"
"tools\redmod\scripts\cyberpunk\UI\fullscreen\ripperdoc\ripperdocTokenPopup.script",".script","27494"
"tools\redmod\scripts\cyberpunk\UI\fullscreen\ripperdoc\shoppingCartListItem.script",".script","947"
"tools\redmod\scripts\cyberpunk\UI\fullscreen\settings\brightnessSettingsMain.script",".script","2943"
"tools\redmod\scripts\cyberpunk\UI\fullscreen\settings\controllerSettingsMain.script",".script","7618"
"tools\redmod\scripts\cyberpunk\UI\fullscreen\settings\controllersScheme.script",".script","1488"
"tools\redmod\scripts\cyberpunk\UI\fullscreen\settings\HDRSettingsMain.script",".script","6872"
"tools\redmod\scripts\cyberpunk\UI\fullscreen\settings\hudSafezonesEditorGameController.script",".script","1520"
"tools\redmod\scripts\cyberpunk\UI\fullscreen\settings\settingsCategoriesList.script",".script","1090"
"tools\redmod\scripts\cyberpunk\UI\fullscreen\settings\settingsListItem.script",".script","617"
"tools\redmod\scripts\cyberpunk\UI\fullscreen\settings\settingsMain.script",".script","45256"
"tools\redmod\scripts\cyberpunk\UI\fullscreen\social\socialContactsDetails.script",".script","691"
"tools\redmod\scripts\cyberpunk\UI\fullscreen\social\socialContactsList.script",".script","3613"
"tools\redmod\scripts\cyberpunk\UI\fullscreen\social\socialPanel.script",".script","2429"
"tools\redmod\scripts\cyberpunk\UI\fullscreen\stats\cyberwareMain.script",".script","6698"
"tools\redmod\scripts\cyberpunk\UI\fullscreen\stats\statsMain.script",".script","17644"
"tools\redmod\scripts\cyberpunk\UI\fullscreen\stats\statsStreetCredReward.script",".script","5576"
"tools\redmod\scripts\cyberpunk\UI\fullscreen\storage\storageScenario.script",".script","959"
"tools\redmod\scripts\cyberpunk\UI\fullscreen\tarot\tarot_main.script",".script","8846"
"tools\redmod\scripts\cyberpunk\UI\fullscreen\tarot\TarotCardPreviewController.script",".script","1864"
"tools\redmod\scripts\cyberpunk\UI\fullscreen\time_management\timeSkip.script",".script","4826"
"tools\redmod\scripts\cyberpunk\UI\fullscreen\time_management\timeSkipPopup.script",".script","20265"
"tools\redmod\scripts\cyberpunk\UI\fullscreen\vendor\fullscreenVendorGameController.script",".script","77876"
"tools\redmod\scripts\cyberpunk\UI\fullscreen\vendor\itemFilter.script",".script","830"
"tools\redmod\scripts\cyberpunk\UI\fullscreen\vendor\itemQuantityPickerController.script",".script","13577"
"tools\redmod\scripts\cyberpunk\UI\fullscreen\vendor\vendorConfirmationPopup.script",".script","6333"
"tools\redmod\scripts\cyberpunk\UI\fullscreen\vendor\vendorHubMenuGameController.script",".script","24468"
"tools\redmod\scripts\cyberpunk\UI\fullscreen\vendor\vendorScenario.script",".script","2326"
"tools\redmod\scripts\cyberpunk\UI\fullscreen\vendor\vendorSellJunkConfirmationPopup.script",".script","5608"
"tools\redmod\scripts\cyberpunk\UI\fullscreen\wardrobeDevice\clothingSetController.script",".script","4083"
"tools\redmod\scripts\cyberpunk\UI\fullscreen\wardrobeDevice\wardrobeSetEditorUIController.script",".script","26372"
"tools\redmod\scripts\cyberpunk\UI\fullscreen\wardrobeDevice\wardrobeSetIconsPicker.script",".script","3300"
"tools\redmod\scripts\cyberpunk\UI\fullscreen\wardrobeDevice\wardrobeUIController.script",".script","16493"
"tools\redmod\scripts\cyberpunk\UI\hud\custom\hud_camera.script",".script","10954"
"tools\redmod\scripts\cyberpunk\UI\hud\custom\hud_corpo.script",".script","3908"
"tools\redmod\scripts\cyberpunk\UI\hud\custom\hud_drone.script",".script","1854"
"tools\redmod\scripts\cyberpunk\UI\hud\custom\hud_johnny.script",".script","1568"
"tools\redmod\scripts\cyberpunk\UI\hud\custom\hud_militech_warning.script",".script","1035"
"tools\redmod\scripts\cyberpunk\UI\hud\custom\hud_panzer.script",".script","17277"
"tools\redmod\scripts\cyberpunk\UI\hud\custom\hud_recrording.script",".script","1906"
"tools\redmod\scripts\cyberpunk\UI\hud\custom\hud_sightseeing_binoculars.script",".script","6422"
"tools\redmod\scripts\cyberpunk\UI\hud\custom\hud_sniper_nest.script",".script","3700"
"tools\redmod\scripts\cyberpunk\UI\hud\custom\hud_turret.script",".script","10355"
"tools\redmod\scripts\cyberpunk\UI\hud\custom\textanim.script",".script","1627"
"tools\redmod\scripts\cyberpunk\UI\hud\cyberwareBreach\cyberwareBreachGameController.script",".script","10694"
"tools\redmod\scripts\cyberpunk\UI\hud\cyberwareBreach\cyberwareInfo.script",".script","2933"
"tools\redmod\scripts\cyberpunk\UI\hud\onscreenMessage.script",".script","5967"
"tools\redmod\scripts\cyberpunk\UI\hud\phone\holoAudioCallController.script",".script","2927"
"tools\redmod\scripts\cyberpunk\UI\hud\phone\hudPhone.script",".script","16117"
"tools\redmod\scripts\cyberpunk\UI\hud\phone\hudPhoneAvatarController.script",".script","10891"
"tools\redmod\scripts\cyberpunk\UI\hud\phone\hudPhoneMessageController.script",".script","4234"
"tools\redmod\scripts\cyberpunk\UI\hud\phone\incomingCallController.script",".script","4282"
"tools\redmod\scripts\cyberpunk\UI\hud\phone\messageCounter.script",".script","1578"
"tools\redmod\scripts\cyberpunk\UI\hud\phone\newHudPhoneGameController.script",".script","64687"
"tools\redmod\scripts\cyberpunk\UI\hud\phone_dialer\phoneDialerContact.script",".script","8713"
"tools\redmod\scripts\cyberpunk\UI\hud\phone_dialer\phoneDialerController.script",".script","9614"
"tools\redmod\scripts\cyberpunk\UI\hud\phone_dialer\phoneDialerData.script",".script","2093"
"tools\redmod\scripts\cyberpunk\UI\hud\phone_dialer\phoneDialerLogicController.script",".script","16230"
"tools\redmod\scripts\cyberpunk\UI\hud\phone_dialer\phoneDialerSelectionController.script",".script","6042"
"tools\redmod\scripts\cyberpunk\UI\hud\policeMessage.script",".script","2737"
"tools\redmod\scripts\cyberpunk\UI\hud\ponr\ponrRewardsController.script",".script","7064"
"tools\redmod\scripts\cyberpunk\UI\hud\scanner\scanner.script",".script","14193"
"tools\redmod\scripts\cyberpunk\UI\hud\scanner\scanner_border.script",".script","15145"
"tools\redmod\scripts\cyberpunk\UI\hud\scanner\scanner_chunks.script",".script","100426"
"tools\redmod\scripts\cyberpunk\UI\hud\scanner\scanner_crosshair.script",".script","1214"
"tools\redmod\scripts\cyberpunk\UI\hud\scanner\scanner_data.script",".script","16973"
"tools\redmod\scripts\cyberpunk\UI\hud\scanner\scanner_details.script",".script","22997"
"tools\redmod\scripts\cyberpunk\UI\hud\scanner\scanner_details_elements.script",".script","1475"
"tools\redmod\scripts\cyberpunk\UI\hud\scanner\scanner_hint.script",".script","2247"
"tools\redmod\scripts\cyberpunk\UI\hud\scanner\scanner_skill_checks.script",".script","8748"
"tools\redmod\scripts\cyberpunk\UI\hud\vehicle\baseModalListPopup.script",".script","8626"
"tools\redmod\scripts\cyberpunk\UI\hud\vehicle\vehicleRadioPopup.script",".script","13085"
"tools\redmod\scripts\cyberpunk\UI\hud\vehicle\vehiclesManagerData.script",".script","3706"
"tools\redmod\scripts\cyberpunk\UI\hud\vehicle\vehiclesManagerPopup.script",".script","10965"
"tools\redmod\scripts\cyberpunk\UI\hud\warningMessage.script",".script","10572"
"tools\redmod\scripts\cyberpunk\UI\interactions\dialogData.script",".script","800"
"tools\redmod\scripts\cyberpunk\UI\interactions\dialogEvent.script",".script","58"
"tools\redmod\scripts\cyberpunk\UI\interactions\dialogUI.script",".script","41231"
"tools\redmod\scripts\cyberpunk\UI\interactions\hudButtonReminderUI.script",".script","4509"
"tools\redmod\scripts\cyberpunk\UI\interactions\interactionData.script",".script","917"
"tools\redmod\scripts\cyberpunk\UI\interactions\interactionsHub.script",".script","3379"
"tools\redmod\scripts\cyberpunk\UI\interactions\interactionsInputView.script",".script","1646"
"tools\redmod\scripts\cyberpunk\UI\interactions\interactionsUI.script",".script","10635"
"tools\redmod\scripts\cyberpunk\UI\interactions\interactionsUIChoiceItem.script",".script","9189"
"tools\redmod\scripts\cyberpunk\UI\interactions\interactionUIBase.script",".script","4726"
"tools\redmod\scripts\cyberpunk\UI\interactions\looting.script",".script","36707"
"tools\redmod\scripts\cyberpunk\UI\interactions\lootingData.script",".script","357"
"tools\redmod\scripts\cyberpunk\UI\interactions\lootingItemDisplayController.script",".script","5577"
"tools\redmod\scripts\cyberpunk\UI\interactions\netrunner_charges.script",".script","2306"
"tools\redmod\scripts\cyberpunk\UI\interactions\visualizerTimeProvider.script",".script","206"
"tools\redmod\scripts\cyberpunk\UI\inventory\abilityData.script",".script","445"
"tools\redmod\scripts\cyberpunk\UI\inventory\inventoryComboBoxContentController.script",".script","586"
"tools\redmod\scripts\cyberpunk\UI\inventory\inventoryComboBoxItemsList.script",".script","69"
"tools\redmod\scripts\cyberpunk\UI\inventory\inventoryCyberwareDetails.script",".script","68"
"tools\redmod\scripts\cyberpunk\UI\inventory\InventoryCyberwareDisplayController.script",".script","785"
"tools\redmod\scripts\cyberpunk\UI\inventory\inventoryCyberwareItemChooser.script",".script","4582"
"tools\redmod\scripts\cyberpunk\UI\inventory\inventoryDataManagerV2.script",".script","216953"
"tools\redmod\scripts\cyberpunk\UI\inventory\inventoryEquipmentSlot.script",".script","5114"
"tools\redmod\scripts\cyberpunk\UI\inventory\inventoryFilters.script",".script","1398"
"tools\redmod\scripts\cyberpunk\UI\inventory\inventoryGameController.script",".script","86001"
"tools\redmod\scripts\cyberpunk\UI\inventory\inventoryGenericItemChooser.script",".script","15161"
"tools\redmod\scripts\cyberpunk\UI\inventory\InventoryItem.script",".script","42012"
"tools\redmod\scripts\cyberpunk\UI\inventory\inventoryItemData.script",".script","31315"
"tools\redmod\scripts\cyberpunk\UI\inventory\InventoryItemDisplay.script",".script","11758"
"tools\redmod\scripts\cyberpunk\UI\inventory\inventoryItemDisplayController.script",".script","79962"
"tools\redmod\scripts\cyberpunk\UI\inventory\inventoryItemDisplayEquipmentArea.script",".script","2937"
"tools\redmod\scripts\cyberpunk\UI\inventory\inventoryItemGrenade.script",".script","8733"
"tools\redmod\scripts\cyberpunk\UI\inventory\inventoryItemLabel.script",".script","4328"
"tools\redmod\scripts\cyberpunk\UI\inventory\inventoryItemMode.script",".script","100378"
"tools\redmod\scripts\cyberpunk\UI\inventory\inventoryItemMods.script",".script","20364"
"tools\redmod\scripts\cyberpunk\UI\inventory\inventoryItemPartDisplay.script",".script","1383"
"tools\redmod\scripts\cyberpunk\UI\inventory\inventoryItemRequirements.script",".script","7198"
"tools\redmod\scripts\cyberpunk\UI\inventory\InventoryItemsList.script",".script","5354"
"tools\redmod\scripts\cyberpunk\UI\inventory\inventoryItemsManager.script",".script","22793"
"tools\redmod\scripts\cyberpunk\UI\inventory\inventoryItemStats.script",".script","44096"
"tools\redmod\scripts\cyberpunk\UI\inventory\inventoryPaperdollGlitchController.script",".script","596"
"tools\redmod\scripts\cyberpunk\UI\inventory\inventoryQuickSlotsDisplay.script",".script","69"
"tools\redmod\scripts\cyberpunk\UI\inventory\inventoryRipperdocDisplayController.script",".script","1138"
"tools\redmod\scripts\cyberpunk\UI\inventory\inventoryStatsDisplay.script",".script","3848"
"tools\redmod\scripts\cyberpunk\UI\inventory\inventoryTransmogButtonView.script",".script","834"
"tools\redmod\scripts\cyberpunk\UI\inventory\inventoryWeaponDisplayController.script",".script","2866"
"tools\redmod\scripts\cyberpunk\UI\inventory\inventoryWeaponItemChooser.script",".script","6299"
"tools\redmod\scripts\cyberpunk\UI\inventory\inventoryWeaponSlot.script",".script","2292"
"tools\redmod\scripts\cyberpunk\UI\inventory\inventoryWideItemDisplay.script",".script","5716"
"tools\redmod\scripts\cyberpunk\UI\inventory\progressBarButton.script",".script","4542"
"tools\redmod\scripts\cyberpunk\UI\inventory\ripperdocFilter.script",".script","1143"
"tools\redmod\scripts\cyberpunk\UI\inventory\UIInventoryHelper.script",".script","799"
"tools\redmod\scripts\cyberpunk\UI\inventory\UIItemsHelper.script",".script","72628"
"tools\redmod\scripts\cyberpunk\UI\inventory\visualSlotController.script",".script","1695"
"tools\redmod\scripts\cyberpunk\UI\inventory\wardrobeOutfitSlot.script",".script","3367"
"tools\redmod\scripts\cyberpunk\UI\mappins\gameplayMappins.script",".script","9997"
"tools\redmod\scripts\cyberpunk\UI\mappins\interactionMappins.script",".script","759"
"tools\redmod\scripts\cyberpunk\UI\mappins\mappins.script",".script","7281"
"tools\redmod\scripts\cyberpunk\UI\mappins\mappinsContainers.script",".script","8964"
"tools\redmod\scripts\cyberpunk\UI\mappins\mappinsControllers.script",".script","4500"
"tools\redmod\scripts\cyberpunk\UI\mappins\mappinUIProfile.script",".script","1147"
"tools\redmod\scripts\cyberpunk\UI\mappins\mappinUtils.script",".script","29850"
"tools\redmod\scripts\cyberpunk\UI\mappins\minimapMappins.script",".script","52329"
"tools\redmod\scripts\cyberpunk\UI\mappins\pingSystemMappin.script",".script","802"
"tools\redmod\scripts\cyberpunk\UI\mappins\questMappins.script",".script","16930"
"tools\redmod\scripts\cyberpunk\UI\mappins\quickHackMappin.script",".script","6315"
"tools\redmod\scripts\cyberpunk\UI\mappins\remotePlayerMappin.script",".script","514"
"tools\redmod\scripts\cyberpunk\UI\mappins\stealthMappins.script",".script","33898"
"tools\redmod\scripts\cyberpunk\UI\menus\builds_placeholder.script",".script","14061"
"tools\redmod\scripts\cyberpunk\UI\menus\cpo_character_selection.script",".script","5729"
"tools\redmod\scripts\cyberpunk\UI\menus\inventoryDataManager.script",".script","12291"
"tools\redmod\scripts\cyberpunk\UI\menus\inventoryStats.script",".script","1803"
"tools\redmod\scripts\cyberpunk\UI\menus\menuGameController.script",".script","1177"
"tools\redmod\scripts\cyberpunk\UI\menus\menuItemListGameController.script",".script","2886"
"tools\redmod\scripts\cyberpunk\UI\miniGames\Advanced\minigameControllerAdvanced.script",".script","394"
"tools\redmod\scripts\cyberpunk\UI\miniGames\Advanced\sideScrollerMiniGameEventsAdvanced.script",".script","233"
"tools\redmod\scripts\cyberpunk\UI\miniGames\Advanced\sideScrollerMiniGameStateAdvanced.script",".script","179"
"tools\redmod\scripts\cyberpunk\UI\miniGames\Advanced\sideScrollerScoreSystemAdvanced.script",".script","1462"
"tools\redmod\scripts\cyberpunk\UI\miniGames\hackingMinigame.script",".script","90"
"tools\redmod\scripts\cyberpunk\UI\miniGames\hackingMinigameGenerationRules.script",".script","701"
"tools\redmod\scripts\cyberpunk\UI\miniGames\hackingMinigameUtils.script",".script","35768"
"tools\redmod\scripts\cyberpunk\UI\miniGames\panzer\panzerGameController.script",".script","743"
"tools\redmod\scripts\cyberpunk\UI\miniGames\panzer\panzerMiniGameController.script",".script","86"
"tools\redmod\scripts\cyberpunk\UI\miniGames\quadRacer\quadRacerController.script",".script","2664"
"tools\redmod\scripts\cyberpunk\UI\miniGames\quadRacer\quadRacerGameState.script",".script","343"
"tools\redmod\scripts\cyberpunk\UI\miniGames\quadRacer\quadRacerLogicController.script",".script","2531"
"tools\redmod\scripts\cyberpunk\UI\miniGames\quadRacer\quadRacerObstacle.script",".script","1468"
"tools\redmod\scripts\cyberpunk\UI\miniGames\roachRace\bonusCollisionLogic.script",".script","1340"
"tools\redmod\scripts\cyberpunk\UI\miniGames\roachRace\obstacleCollisionLogic.script",".script","698"
"tools\redmod\scripts\cyberpunk\UI\miniGames\roachRace\roachRaceController.script",".script","1465"
"tools\redmod\scripts\cyberpunk\UI\miniGames\roachRace\roachRaceGameController.script",".script","3420"
"tools\redmod\scripts\cyberpunk\UI\miniGames\roachRace\roachRaceGameState.script",".script","183"
"tools\redmod\scripts\cyberpunk\UI\miniGames\roachRace\roachRacePlayer.script",".script","1230"
"tools\redmod\scripts\cyberpunk\UI\miniGames\roachRace\roachRaceScoreboardEntity.script",".script","277"
"tools\redmod\scripts\cyberpunk\UI\miniGames\roachRace\scoreboardLogicController.script",".script","1944"
"tools\redmod\scripts\cyberpunk\UI\miniGames\roachRace\sideScrollerLoopAnimation.script",".script","581"
"tools\redmod\scripts\cyberpunk\UI\miniGames\sideScrollerAnimated.script",".script","303"
"tools\redmod\scripts\cyberpunk\UI\miniGames\sideScrollerMiniGameCollisionLogic.script",".script","146"
"tools\redmod\scripts\cyberpunk\UI\miniGames\sideScrollerMiniGameController.script",".script","468"
"tools\redmod\scripts\cyberpunk\UI\miniGames\sideScrollerMiniGameDynObject.script",".script","71"
"tools\redmod\scripts\cyberpunk\UI\miniGames\sideScrollerMiniGameEvents.script",".script","358"
"tools\redmod\scripts\cyberpunk\UI\miniGames\sideScrollerMiniGameLogicController.script",".script","796"
"tools\redmod\scripts\cyberpunk\UI\miniGames\sideScrollerMiniGameState.script",".script","130"
"tools\redmod\scripts\cyberpunk\UI\miniGames\sideScrollerPlayerController.script",".script","78"
"tools\redmod\scripts\cyberpunk\UI\miniGames\sideScrollerScoreSystem.script",".script","1269"
"tools\redmod\scripts\cyberpunk\UI\Player\bufflist.script",".script","9760"
"tools\redmod\scripts\cyberpunk\UI\Player\healthbar.script",".script","34797"
"tools\redmod\scripts\cyberpunk\UI\Player\net_charges.script",".script","4245"
"tools\redmod\scripts\cyberpunk\UI\Player\oxygenbar.script",".script","8389"
"tools\redmod\scripts\cyberpunk\UI\Player\staminabar.script",".script","9709"
"tools\redmod\scripts\cyberpunk\UI\popups\messagePopupDisplayController.script",".script","640"
"tools\redmod\scripts\cyberpunk\UI\popups\tutorialBracketControllers.script",".script","1171"
"tools\redmod\scripts\cyberpunk\UI\popups\tutorialData.script",".script","387"
"tools\redmod\scripts\cyberpunk\UI\popups\tutorialGameController.script",".script","11834"
"tools\redmod\scripts\cyberpunk\UI\popups\tutorialLogicController.script",".script","3113"
"tools\redmod\scripts\cyberpunk\UI\popups\tutorialOverlayControllers.script",".script","2100"
"tools\redmod\scripts\cyberpunk\UI\popups\twintoneOverrideGameController.script",".script","5787"
"tools\redmod\scripts\cyberpunk\UI\quests\codexSystem.script",".script","5962"
"tools\redmod\scripts\cyberpunk\UI\quests\journalTypes.script",".script","1191"
"tools\redmod\scripts\cyberpunk\UI\quests\objectiveEntryLogicController.script",".script","8276"
"tools\redmod\scripts\cyberpunk\UI\quests\quest_tracker.script",".script","17300"
"tools\redmod\scripts\cyberpunk\UI\quests\questListGameController.script",".script","17928"
"tools\redmod\scripts\cyberpunk\UI\quests\questUpdateGameController.script",".script","2290"
"tools\redmod\scripts\cyberpunk\UI\radialWheel\pointerController.script",".script","235"
"tools\redmod\scripts\cyberpunk\UI\radialWheel\radialSlot.script",".script","8272"
"tools\redmod\scripts\cyberpunk\UI\radialWheel\radialWheel.script",".script","36319"
"tools\redmod\scripts\cyberpunk\UI\subtitles\baseSubtitlesControllers.script",".script","21016"
"tools\redmod\scripts\cyberpunk\UI\subtitles\chattersControllers.script",".script","23122"
"tools\redmod\scripts\cyberpunk\UI\subtitles\subtitlesControllers.script",".script","10078"
"tools\redmod\scripts\cyberpunk\UI\tooltips\cyberdeckTooltip.script",".script","43466"
"tools\redmod\scripts\cyberpunk\UI\tooltips\cyberwareTooltip.script",".script","2062"
"tools\redmod\scripts\cyberpunk\UI\tooltips\cyberwareTooltipData.script",".script","773"
"tools\redmod\scripts\cyberpunk\UI\tooltips\genericTooltip.script",".script","3306"
"tools\redmod\scripts\cyberpunk\UI\tooltips\InventorySlotWrapperTooltip.script",".script","1313"
"tools\redmod\scripts\cyberpunk\UI\tooltips\InventoryTooltip.script",".script","11196"
"tools\redmod\scripts\cyberpunk\UI\tooltips\InventoryTooltipData.script",".script","20529"
"tools\redmod\scripts\cyberpunk\UI\tooltips\InventoryTooltipElements.script",".script","9423"
"tools\redmod\scripts\cyberpunk\UI\tooltips\itemTooltip.script",".script","59804"
"tools\redmod\scripts\cyberpunk\UI\tooltips\itemTooltipController.script",".script","137905"
"tools\redmod\scripts\cyberpunk\UI\tooltips\itemTooltipMod.script",".script","12924"
"tools\redmod\scripts\cyberpunk\UI\tooltips\itemTooltipStat.script",".script","13376"
"tools\redmod\scripts\cyberpunk\UI\tooltips\levelBarsController.script",".script","1833"
"tools\redmod\scripts\cyberpunk\UI\tooltips\materialTooltip.script",".script","2319"
"tools\redmod\scripts\cyberpunk\UI\tooltips\messageTooltip.script",".script","3976"
"tools\redmod\scripts\cyberpunk\UI\tooltips\minimalItemTooltipData.script",".script","37952"
"tools\redmod\scripts\cyberpunk\UI\tooltips\newTooltip\newItemTooltip.script",".script","77506"
"tools\redmod\scripts\cyberpunk\UI\tooltips\newTooltip\newItemTooltipMod.script",".script","9783"
"tools\redmod\scripts\cyberpunk\UI\tooltips\programTooltip.script",".script","26055"
"tools\redmod\scripts\cyberpunk\UI\tooltips\tooltipCycleDotController.script",".script","286"
"tools\redmod\scripts\cyberpunk\UI\tooltips\tooltipProgressBar.script",".script","3291"
"tools\redmod\scripts\cyberpunk\UI\tooltips\tooltipProvider.script",".script","2126"
"tools\redmod\scripts\cyberpunk\UI\tooltips\tooltipRandomizedStats.script",".script","537"
"tools\redmod\scripts\cyberpunk\UI\tooltips\tooltipsManager.script",".script","23717"
"tools\redmod\scripts\cyberpunk\UI\tooltips\visualTooltipController.script",".script","1864"
"tools\redmod\scripts\cyberpunk\UI\vehicles\car_hud.script",".script","9178"
"tools\redmod\scripts\cyberpunk\UI\vehicles\car_race_hud.script",".script","5271"
"tools\redmod\scripts\cyberpunk\UI\vehicles\carVisualCustomizationTemplatePreview.script",".script","24440"
"tools\redmod\scripts\cyberpunk\UI\vehicles\driver_combat_hud.script",".script","6258"
"tools\redmod\scripts\cyberpunk\UI\vehicles\ink_dex_limo_controller.script",".script","1670"
"tools\redmod\scripts\cyberpunk\UI\vehicles\ink_motorcycle_hud_controller.script",".script","13185"
"tools\redmod\scripts\cyberpunk\UI\vehicles\ink_vehicle_interior_ui_controller.script",".script","10511"
"tools\redmod\scripts\cyberpunk\UI\vehicles\ink_vehicle_ui_controller.script",".script","28949"
"tools\redmod\scripts\cyberpunk\UI\vehicles\remote_control_driving_hud.script",".script","6749"
"tools\redmod\scripts\cyberpunk\UI\vehicles\vcar_controller.script",".script","22425"
"tools\redmod\scripts\cyberpunk\UI\vehicles\vehicle_debug_ui_game_controller.script",".script","8159"
"tools\redmod\scripts\cyberpunk\UI\weapons\activeWeaponBlackboardData.script",".script","1882"
"tools\redmod\scripts\cyberpunk\UI\weapons\crosshairs\crosshair_chargebar.script",".script","3082"
"tools\redmod\scripts\cyberpunk\UI\weapons\crosshairs\crosshairBaseControllers.script",".script","17672"
"tools\redmod\scripts\cyberpunk\UI\weapons\crosshairs\crosshairContainerController.script",".script","6774"
"tools\redmod\scripts\cyberpunk\UI\weapons\crosshairs\crosshairController_BaseTech.script",".script","3215"
"tools\redmod\scripts\cyberpunk\UI\weapons\crosshairs\crosshairController_Basic.script",".script","15715"
"tools\redmod\scripts\cyberpunk\UI\weapons\crosshairs\crosshairController_Blackwall.script",".script","3228"
"tools\redmod\scripts\cyberpunk\UI\weapons\crosshairs\crosshairController_DriverCombat_MissileLauncher.script",".script","3005"
"tools\redmod\scripts\cyberpunk\UI\weapons\crosshairs\crosshairController_DriverCombat_PowerWeapon.script",".script","6751"
"tools\redmod\scripts\cyberpunk\UI\weapons\crosshairs\crosshairController_Hercules.script",".script","91"
"tools\redmod\scripts\cyberpunk\UI\weapons\crosshairs\crosshairController_Launcher.script",".script","4002"
"tools\redmod\scripts\cyberpunk\UI\weapons\crosshairs\crosshairController_Mantis_Blade.script",".script","4331"
"tools\redmod\scripts\cyberpunk\UI\weapons\crosshairs\crosshairController_Melee.script",".script","7987"
"tools\redmod\scripts\cyberpunk\UI\weapons\crosshairs\crosshairController_NoWeapon.script",".script","5951"
"tools\redmod\scripts\cyberpunk\UI\weapons\crosshairs\crosshairController_Rasetsu.script",".script","11393"
"tools\redmod\scripts\cyberpunk\UI\weapons\crosshairs\crosshairController_Simple.script",".script","3353"
"tools\redmod\scripts\cyberpunk\UI\weapons\crosshairs\crosshairController_Smart_Rifle.script",".script","21808"
"tools\redmod\scripts\cyberpunk\UI\weapons\crosshairs\crosshairController_Tech_Hex.script",".script","12685"
"tools\redmod\scripts\cyberpunk\UI\weapons\crosshairs\crosshairController_Tech_Round.script",".script","19369"
"tools\redmod\scripts\cyberpunk\UI\weapons\crosshairs\crosshairControllerPersistentDot.script",".script","2418"
"tools\redmod\scripts\cyberpunk\UI\weapons\crosshairs\custom\crosshairController_Hercules.script",".script","3556"
"tools\redmod\scripts\cyberpunk\UI\weapons\crosshairs\custom\militech\crosshair_custom_hmg.script",".script","6474"
"tools\redmod\scripts\cyberpunk\UI\weapons\crosshairs\detail\crosshairHealthChangeListener.script",".script","630"
"tools\redmod\scripts\cyberpunk\UI\weapons\crosshairs\ironsight.script",".script","41802"
"tools\redmod\scripts\cyberpunk\UI\weapons\crosshairs\jailbreak\crosshair_Jailbreak_Power.script",".script","97"
"tools\redmod\scripts\cyberpunk\UI\weapons\crosshairs\jailbreak\crosshair_Jailbreak_Smart.script",".script","97"
"tools\redmod\scripts\cyberpunk\UI\weapons\crosshairs\jailbreak\crosshair_Jailbreak_Tech.script",".script","96"
"tools\redmod\scripts\cyberpunk\UI\weapons\crosshairs\kill_marker.script",".script","1324"
"tools\redmod\scripts\cyberpunk\UI\weapons\crosshairs\lmgs\con_arms\crosshair_power_defender.script",".script","2194"
"tools\redmod\scripts\cyberpunk\UI\weapons\crosshairs\melee\crosshair_melee_hammer.script",".script","1498"
"tools\redmod\scripts\cyberpunk\UI\weapons\crosshairs\melee\crosshair_melee_knife.script",".script","11423"
"tools\redmod\scripts\cyberpunk\UI\weapons\crosshairs\melee\crosshair_melee_misc.script",".script","1482"
"tools\redmod\scripts\cyberpunk\UI\weapons\crosshairs\melee\crosshair_melee_nano_wire.script",".script","4857"
"tools\redmod\scripts\cyberpunk\UI\weapons\crosshairs\meleeLeapAttackObjectTagger.script",".script","2678"
"tools\redmod\scripts\cyberpunk\UI\weapons\crosshairs\pistols\militech\crosshair_tech_omaha.script",".script","2994"
"tools\redmod\scripts\cyberpunk\UI\weapons\crosshairs\revolvers\malorian\crosshair_power_overture.script",".script","2194"
"tools\redmod\scripts\cyberpunk\UI\weapons\crosshairs\shotguns\con_arms\crosshair_power_tactian.script",".script","2195"
"tools\redmod\scripts\cyberpunk\UI\weapons\crosshairs\submachineguns\militech\crosshair_power_saratoga.script",".script","2224"
"tools\redmod\scripts\cyberpunk\UI\weapons\crouchIndicator.script",".script","1742"
"tools\redmod\scripts\cyberpunk\UI\weapons\rifles\megatronControllers.script",".script","14530"
"tools\redmod\scripts\cyberpunk\UI\weapons\shotguns\blunderbussWeaponController.script",".script","3805"
"tools\redmod\scripts\cyberpunk\UI\weapons\weaponIndicatorController.script",".script","6104"
"tools\redmod\scripts\cyberpunk\UI\weapons\weaponRoster.script",".script","30000"
"tools\redmod\scripts\cyberpunk\UI\widgets\autodrive\autodrive.script",".script","21870"
"tools\redmod\scripts\cyberpunk\UI\widgets\braindance\braindance.script",".script","24777"
"tools\redmod\scripts\cyberpunk\UI\widgets\carModding\carColorHandler.script",".script","9495"
"tools\redmod\scripts\cyberpunk\UI\widgets\carModding\carColorSelection.script",".script","97186"
"tools\redmod\scripts\cyberpunk\UI\widgets\compass\stealth_zones\stealth_zones.script",".script","71"
"tools\redmod\scripts\cyberpunk\UI\widgets\contextMenus\radialMenu.script",".script","3938"
"tools\redmod\scripts\cyberpunk\UI\widgets\contextMenus\radialMenuItem.script",".script","125"
"tools\redmod\scripts\cyberpunk\UI\widgets\cpo\chatBox.script",".script","6940"
"tools\redmod\scripts\cyberpunk\UI\widgets\cpo\cpoHudRoot.script",".script","2020"
"tools\redmod\scripts\cyberpunk\UI\widgets\cpo\narrationJournal.script",".script","2770"
"tools\redmod\scripts\cyberpunk\UI\widgets\cpo\narrativePlate.script",".script","2747"
"tools\redmod\scripts\cyberpunk\UI\widgets\cpo\playerList.script",".script","3377"
"tools\redmod\scripts\cyberpunk\UI\widgets\cpo\targetHitIndicator.script",".script","15514"
"tools\redmod\scripts\cyberpunk\UI\widgets\cursors\cursor_device.script",".script","6262"
"tools\redmod\scripts\cyberpunk\UI\widgets\damage_indicator\damage_indicator.script",".script","5260"
"tools\redmod\scripts\cyberpunk\UI\widgets\damage_indicator\stealth_indicator.script",".script","5458"
"tools\redmod\scripts\cyberpunk\UI\widgets\debug\artist_test_area\artist_test_area_r.script",".script","836"
"tools\redmod\scripts\cyberpunk\UI\widgets\debug\debugNpcNamePlate.script",".script","4963"
"tools\redmod\scripts\cyberpunk\UI\widgets\dpad_hint\car_radio.script",".script","1804"
"tools\redmod\scripts\cyberpunk\UI\widgets\dpad_hint\dpad_hint.script",".script","12825"
"tools\redmod\scripts\cyberpunk\UI\widgets\dpad_hint\dpad_wheel.script",".script","30563"
"tools\redmod\scripts\cyberpunk\UI\widgets\dpad_hint\dpadHintItem.script",".script","84972"
"tools\redmod\scripts\cyberpunk\UI\widgets\dpad_hint\keyboard_hint.script",".script","3064"
"tools\redmod\scripts\cyberpunk\UI\widgets\dpad_hint\keyboardHintItem.script",".script","2310"
"tools\redmod\scripts\cyberpunk\UI\widgets\healthbar\bossHealthBar.script",".script","12409"
"tools\redmod\scripts\cyberpunk\UI\widgets\healthbar\companionHealthbar.script",".script","2895"
"tools\redmod\scripts\cyberpunk\UI\widgets\healthbar\damagePreview.script",".script","1468"
"tools\redmod\scripts\cyberpunk\UI\widgets\healthbar\entityHealthBar.script",".script","2526"
"tools\redmod\scripts\cyberpunk\UI\widgets\healthbar\nameplateVisuals.script",".script","14027"
"tools\redmod\scripts\cyberpunk\UI\widgets\healthbar\npcNamePlate.script",".script","23574"
"tools\redmod\scripts\cyberpunk\UI\widgets\hud_button_hints\hud_button_hints.script",".script","56"
"tools\redmod\scripts\cyberpunk\UI\widgets\hud_progress_bar\HUD_progress_bar.script",".script","14046"
"tools\redmod\scripts\cyberpunk\UI\widgets\hud_progress_bar\hud_signal_progress.script",".script","8031"
"tools\redmod\scripts\cyberpunk\UI\widgets\inputHints\inputHints.script",".script","2609"
"tools\redmod\scripts\cyberpunk\UI\widgets\minimap\minimap.script",".script","23245"
"tools\redmod\scripts\cyberpunk\UI\widgets\notifications\character_levelup.script",".script","1816"
"tools\redmod\scripts\cyberpunk\UI\widgets\notifications\custom_quest.script",".script","1723"
"tools\redmod\scripts\cyberpunk\UI\widgets\notifications\levelup.script",".script","1808"
"tools\redmod\scripts\cyberpunk\UI\widgets\notifications\new_area_discovered.script",".script","642"
"tools\redmod\scripts\cyberpunk\UI\widgets\notifications\new_codex_entry.script",".script","836"
"tools\redmod\scripts\cyberpunk\UI\widgets\notifications\phoneNotification.script",".script","2849"
"tools\redmod\scripts\cyberpunk\UI\widgets\notifications\progression_notification.script",".script","12266"
"tools\redmod\scripts\cyberpunk\UI\widgets\notifications\stealth_alert.script",".script","4249"
"tools\redmod\scripts\cyberpunk\UI\widgets\notifications\vehicle_summon_notification.script",".script","10021"
"tools\redmod\scripts\cyberpunk\UI\widgets\quickhacks\quickhackListItem.script",".script","12724"
"tools\redmod\scripts\cyberpunk\UI\widgets\quickhacks\quickhacks.script",".script","51366"
"tools\redmod\scripts\cyberpunk\UI\widgets\shared\baseDirectionalIndicatorController.script",".script","375"
"tools\redmod\scripts\cyberpunk\UI\widgets\timer\timer.script",".script","2286"
"tools\redmod\scripts\cyberpunk\UI\widgets\wanted\wantedBar.script",".script","10896"
"tools\redmod\scripts\cyberpunk\UI\wrappers\journal_wrapper.script",".script","13776"
"tools\redmod\scripts\cyberpunk\vehicles\metroDoorDisplay.script",".script","9673"
"tools\redmod\scripts\cyberpunk\vehicles\metroLinelist.script",".script","22528"
"tools\redmod\scripts\cyberpunk\vehicles\tankTurret.script",".script","3077"
"tools\redmod\scripts\exec\damage.script",".script","1862"
"tools\redmod\scripts\exec\statPoolsDebug.script",".script","1628"
"tools\redmod\scripts\exec\stats.script",".script","3305"
"tools\redmod\scripts\exec\statusEffects.script",".script","880"
"tools\redmod\scripts\samples\ink\gym_ui\gymUIAnchorButtonController.script",".script","210"
"tools\redmod\scripts\samples\ink\gym_ui\gymUIAnchorShowcaseController.script",".script","550"
"tools\redmod\scripts\samples\ink\gym_ui\gymUIAnimationsConstructor.script",".script","2414"
"tools\redmod\scripts\samples\ink\gym_ui\gymUIAnimationsControllers.script",".script","6675"
"tools\redmod\scripts\samples\ink\gym_ui\gymUIControllers.script",".script","2767"
"tools\redmod\scripts\samples\ink\gym_ui\gymUIInterpolatorsShowcaseCotroller.script",".script","7558"
"tools\redmod\scripts\samples\ink\gym_ui\gymUITextScrollingController.script",".script","337"
"tools\redmod\scripts\samples\ink\gym_ui\gymUIVideoPlayerController.script",".script","2690"
"tools\redmod\scripts\samples\ink\sampleGameNotifications.script",".script","1101"
"tools\redmod\scripts\samples\ink\sampleUIAnimations.script",".script","5998"
"tools\redmod\scripts\samples\ink\sampleUIbuttons.script",".script","3344"
"tools\redmod\scripts\samples\ink\sampleUIControllers.script",".script","9855"
"tools\redmod\scripts\samples\ink\sampleUISounds.script",".script","698"
"tools\redmod\scripts\samples\ink\sampleUITextSystem.script",".script","7487"
"tools\redmod\scripts\samples\ink\techqa_temp\template\ImageSwappingController.script",".script","1289"
"tools\redmod\scripts\samples\ink\techqa_temp\template\ui_scripting_crashcourse.script",".script","796"
"tools\redmod\scripts\samples\sampleBullet.script",".script","6602"
"tools\redmod\scripts\samples\sampleBulletGeneric.script",".script","3641"
"tools\redmod\scripts\samples\sampleDevice.script",".script","6333"
"tools\redmod\scripts\samples\sampleGranade.script",".script","2584"
"tools\redmod\scripts\samples\sampleInspectionObject.script",".script","1368"
"tools\redmod\scripts\samples\samplePersistentState.script",".script","3952"
"tools\redmod\scripts\samples\sampleSmartBullet.script",".script","23262"
"tools\redmod\scripts\samples\sampleTimeObject.script",".script","884"
"tools\redmod\scripts\samples\sampleVisionModeClues.script",".script","2279"
"tools\redmod\scripts\samples\sampleVisionModeWires.script",".script","4824"
"tools\redmod\scripts\tests\disassembleMasterController.script",".script","1626"
"tools\redmod\scripts\tests\functionalFramework\functionalTestsResult.script",".script","256"
"tools\redmod\scripts\tests\functionalTestsUtils\AT_UI\AT_UI.script",".script","686"
"tools\redmod\scripts\tests\functionalTestsUtils\editorResources.script",".script","1179"
"tools\redmod\scripts\tests\functionalTestsUtils\mounting.script",".script","65"
"tools\redmod\scripts\tests\functionalTestsUtils\player.script",".script","489"
"tools\redmod\scripts\tests\functionalTestsUtils\playerCamera.script",".script","97"
"tools\redmod\scripts\tests\functionalTestsUtils\playerCombat.script",".script","186"
"tools\redmod\scripts\tests\functionalTestsUtils\playerVehicle.script",".script","104"
"tools\redmod\scripts\tests\functionalTestsUtils\uiTests.script",".script","75"
"tools\redmod\scripts\tests\functionalTestsUtils\workspots.script",".script","5530"
"tools\redmod\scripts\tests\functionalTestsUtils\world.script",".script","87"
"tools\redmod\scripts\tests\GTFBackend\gtf_testCase.script",".script","163"
"tools\redmod\scripts\tests\interactionCPODataAccessPoint.script",".script","7377"
"tools\redmod\scripts\tests\interactionCPOVotingDevice.script",".script","1497"
"tools\redmod\scripts\tests\interactionMultiplayerTest.script",".script","376"
"tools\redmod\scripts\tests\testStepLogicImport.script",".script","903"
"tools\redmod\tweaks\base\gameplay\static_data\attacks.tweak",".tweak","237"
"tools\redmod\tweaks\base\gameplay\static_data\camera\camera_settings.tweak",".tweak","480"
"tools\redmod\tweaks\base\gameplay\static_data\camera\fppcameraparamsets.tweak",".tweak","14961"
"tools\redmod\tweaks\base\gameplay\static_data\camera\freecameraparams.tweak",".tweak","267"
"tools\redmod\tweaks\base\gameplay\static_data\camera\screenshot360cameraparams.tweak",".tweak","351"
"tools\redmod\tweaks\base\gameplay\static_data\database\achievements\achievements.tweak",".tweak","12416"
"tools\redmod\tweaks\base\gameplay\static_data\database\achievements\schema.tweak",".tweak","315"
"tools\redmod\tweaks\base\gameplay\static_data\database\advertisements\brands\abydos.tweak",".tweak","1721"
"tools\redmod\tweaks\base\gameplay\static_data\database\advertisements\brands\allfoods_2.tweak",".tweak","2068"
"tools\redmod\tweaks\base\gameplay\static_data\database\advertisements\brands\allfoods_family.tweak",".tweak","1179"
"tools\redmod\tweaks\base\gameplay\static_data\database\advertisements\brands\allfoods_meat.tweak",".tweak","2015"
"tools\redmod\tweaks\base\gameplay\static_data\database\advertisements\brands\allworldinsurance.tweak",".tweak","1839"
"tools\redmod\tweaks\base\gameplay\static_data\database\advertisements\brands\arasaka.tweak",".tweak","2659"
"tools\redmod\tweaks\base\gameplay\static_data\database\advertisements\brands\arasaka_lobby.tweak",".tweak","349"
"tools\redmod\tweaks\base\gameplay\static_data\database\advertisements\brands\arasaka_propaganda.tweak",".tweak","2225"
"tools\redmod\tweaks\base\gameplay\static_data\database\advertisements\brands\arasaka_soldier.tweak",".tweak","3546"
"tools\redmod\tweaks\base\gameplay\static_data\database\advertisements\brands\astromarin.tweak",".tweak","1051"
"tools\redmod\tweaks\base\gameplay\static_data\database\advertisements\brands\avante.tweak",".tweak","3849"
"tools\redmod\tweaks\base\gameplay\static_data\database\advertisements\brands\biotechnika.tweak",".tweak","1931"
"tools\redmod\tweaks\base\gameplay\static_data\database\advertisements\brands\blastdance.tweak",".tweak","1570"
"tools\redmod\tweaks\base\gameplay\static_data\database\advertisements\brands\bodyimplants.tweak",".tweak","1973"
"tools\redmod\tweaks\base\gameplay\static_data\database\advertisements\brands\bolshevik.tweak",".tweak","1847"
"tools\redmod\tweaks\base\gameplay\static_data\database\advertisements\brands\bossfight.tweak",".tweak","1359"
"tools\redmod\tweaks\base\gameplay\static_data\database\advertisements\brands\bottomsup.tweak",".tweak","1847"
"tools\redmod\tweaks\base\gameplay\static_data\database\advertisements\brands\broseph.tweak",".tweak","2246"
"tools\redmod\tweaks\base\gameplay\static_data\database\advertisements\brands\budget_arms01.tweak",".tweak","1833"
"tools\redmod\tweaks\base\gameplay\static_data\database\advertisements\brands\budget_arms2.tweak",".tweak","1797"
"tools\redmod\tweaks\base\gameplay\static_data\database\advertisements\brands\burrito.tweak",".tweak","1763"
"tools\redmod\tweaks\base\gameplay\static_data\database\advertisements\brands\caliente.tweak",".tweak","1805"
"tools\redmod\tweaks\base\gameplay\static_data\database\advertisements\brands\champaradise.tweak",".tweak","1973"
"tools\redmod\tweaks\base\gameplay\static_data\database\advertisements\brands\cheap_as_chips.tweak",".tweak","1569"
"tools\redmod\tweaks\base\gameplay\static_data\database\advertisements\brands\chromanticore.tweak",".tweak","2015"
"tools\redmod\tweaks\base\gameplay\static_data\database\advertisements\brands\cirrus.tweak",".tweak","3009"
"tools\redmod\tweaks\base\gameplay\static_data\database\advertisements\brands\combatcab.tweak",".tweak","1520"
"tools\redmod\tweaks\base\gameplay\static_data\database\advertisements\brands\combatcab2.tweak",".tweak","1069"
"tools\redmod\tweaks\base\gameplay\static_data\database\advertisements\brands\crystal_palace.tweak",".tweak","491"
"tools\redmod\tweaks\base\gameplay\static_data\database\advertisements\brands\dark_star.tweak",".tweak","2029"
"tools\redmod\tweaks\base\gameplay\static_data\database\advertisements\brands\darra.tweak",".tweak","1099"
"tools\redmod\tweaks\base\gameplay\static_data\database\advertisements\brands\delamain.tweak",".tweak","1805"
"tools\redmod\tweaks\base\gameplay\static_data\database\advertisements\brands\dtr.tweak",".tweak","1181"
"tools\redmod\tweaks\base\gameplay\static_data\database\advertisements\brands\dynalar.tweak",".tweak","2903"
"tools\redmod\tweaks\base\gameplay\static_data\database\advertisements\brands\e3boss.tweak",".tweak","1283"
"tools\redmod\tweaks\base\gameplay\static_data\database\advertisements\brands\eji.tweak",".tweak","1047"
"tools\redmod\tweaks\base\gameplay\static_data\database\advertisements\brands\elguapo.tweak",".tweak","1763"
"tools\redmod\tweaks\base\gameplay\static_data\database\advertisements\brands\football.tweak",".tweak","501"
"tools\redmod\tweaks\base\gameplay\static_data\database\advertisements\brands\foreignbody.tweak",".tweak","1964"
"tools\redmod\tweaks\base\gameplay\static_data\database\advertisements\brands\fuyutsuki_boombox.tweak",".tweak","2183"
"tools\redmod\tweaks\base\gameplay\static_data\database\advertisements\brands\giovannibrizzi.tweak",".tweak","1536"
"tools\redmod\tweaks\base\gameplay\static_data\database\advertisements\brands\gomorrah.tweak",".tweak","1805"
"tools\redmod\tweaks\base\gameplay\static_data\database\advertisements\brands\gotchrome.tweak",".tweak","879"
"tools\redmod\tweaks\base\gameplay\static_data\database\advertisements\brands\gotchrome_doctor.tweak",".tweak","1003"
"tools\redmod\tweaks\base\gameplay\static_data\database\advertisements\brands\gotchrome_driver.tweak",".tweak","1003"
"tools\redmod\tweaks\base\gameplay\static_data\database\advertisements\brands\gotchrome_mechanic.tweak",".tweak","1037"
"tools\redmod\tweaks\base\gameplay\static_data\database\advertisements\brands\jigjig_braindance.tweak",".tweak","2447"
"tools\redmod\tweaks\base\gameplay\static_data\database\advertisements\brands\jigjig_stars.tweak",".tweak","3669"
"tools\redmod\tweaks\base\gameplay\static_data\database\advertisements\brands\jigjig_twerk.tweak",".tweak","1617"
"tools\redmod\tweaks\base\gameplay\static_data\database\advertisements\brands\jinguji_street.tweak",".tweak","1945"
"tools\redmod\tweaks\base\gameplay\static_data\database\advertisements\brands\jingujishop.tweak",".tweak","1690"
"tools\redmod\tweaks\base\gameplay\static_data\database\advertisements\brands\joe_tiel.tweak",".tweak","1805"
"tools\redmod\tweaks\base\gameplay\static_data\database\advertisements\brands\kangtao.tweak",".tweak","1003"
"tools\redmod\tweaks\base\gameplay\static_data\database\advertisements\brands\khalil.tweak",".tweak","1721"
"tools\redmod\tweaks\base\gameplay\static_data\database\advertisements\brands\kiroshi.tweak",".tweak","2666"
"tools\redmod\tweaks\base\gameplay\static_data\database\advertisements\brands\konpeki.tweak",".tweak","432"
"tools\redmod\tweaks\base\gameplay\static_data\database\advertisements\brands\kthenry.tweak",".tweak","4651"
"tools\redmod\tweaks\base\gameplay\static_data\database\advertisements\brands\leavenow.tweak",".tweak","306"
"tools\redmod\tweaks\base\gameplay\static_data\database\advertisements\brands\lizzies.tweak",".tweak","1763"
"tools\redmod\tweaks\base\gameplay\static_data\database\advertisements\brands\malorian.tweak",".tweak","1805"
"tools\redmod\tweaks\base\gameplay\static_data\database\advertisements\brands\matapang_coffee.tweak",".tweak","2308"
"tools\redmod\tweaks\base\gameplay\static_data\database\advertisements\brands\midnight_lady_acc.tweak",".tweak","2766"
"tools\redmod\tweaks\base\gameplay\static_data\database\advertisements\brands\milfgaard.tweak",".tweak","1847"
"tools\redmod\tweaks\base\gameplay\static_data\database\advertisements\brands\militech.tweak",".tweak","733"
"tools\redmod\tweaks\base\gameplay\static_data\database\advertisements\brands\moonchies.tweak",".tweak","1992"
"tools\redmod\tweaks\base\gameplay\static_data\database\advertisements\brands\moore.tweak",".tweak","2604"
"tools\redmod\tweaks\base\gameplay\static_data\database\advertisements\brands\movieposters.tweak",".tweak","1963"
"tools\redmod\tweaks\base\gameplay\static_data\database\advertisements\brands\mrstud.tweak",".tweak","1754"
"tools\redmod\tweaks\base\gameplay\static_data\database\advertisements\brands\mrstud2.tweak",".tweak","1721"
"tools\redmod\tweaks\base\gameplay\static_data\database\advertisements\brands\mrwhitey.tweak",".tweak","1836"
"tools\redmod\tweaks\base\gameplay\static_data\database\advertisements\brands\naranjita.tweak",".tweak","1847"
"tools\redmod\tweaks\base\gameplay\static_data\database\advertisements\brands\ncpd.tweak",".tweak","1552"
"tools\redmod\tweaks\base\gameplay\static_data\database\advertisements\brands\newempire.tweak",".tweak","1440"
"tools\redmod\tweaks\base\gameplay\static_data\database\advertisements\brands\nicola.tweak",".tweak","1837"
"tools\redmod\tweaks\base\gameplay\static_data\database\advertisements\brands\nightcorp.tweak",".tweak","1847"
"tools\redmod\tweaks\base\gameplay\static_data\database\advertisements\brands\northoak.tweak",".tweak","3285"
"tools\redmod\tweaks\base\gameplay\static_data\database\advertisements\brands\orgiatic.tweak",".tweak","1805"
"tools\redmod\tweaks\base\gameplay\static_data\database\advertisements\brands\pacifica.tweak",".tweak","1432"
"tools\redmod\tweaks\base\gameplay\static_data\database\advertisements\brands\pacificahotels.tweak",".tweak","1218"
"tools\redmod\tweaks\base\gameplay\static_data\database\advertisements\brands\pacificawelcome.tweak",".tweak","352"
"tools\redmod\tweaks\base\gameplay\static_data\database\advertisements\brands\palladia_center_billboard.tweak",".tweak","1905"
"tools\redmod\tweaks\base\gameplay\static_data\database\advertisements\brands\peralez_vote.tweak",".tweak","1973"
"tools\redmod\tweaks\base\gameplay\static_data\database\advertisements\brands\photos.tweak",".tweak","1328"
"tools\redmod\tweaks\base\gameplay\static_data\database\advertisements\brands\propaganda_hanako.tweak",".tweak","2183"
"tools\redmod\tweaks\base\gameplay\static_data\database\advertisements\brands\rayfield.tweak",".tweak","1025"
"tools\redmod\tweaks\base\gameplay\static_data\database\advertisements\brands\rcs.tweak",".tweak","1595"
"tools\redmod\tweaks\base\gameplay\static_data\database\advertisements\brands\real_water.tweak",".tweak","1889"
"tools\redmod\tweaks\base\gameplay\static_data\database\advertisements\brands\relic_arasaka.tweak",".tweak","2015"
"tools\redmod\tweaks\base\gameplay\static_data\database\advertisements\brands\rowdydog.tweak",".tweak","1805"
"tools\redmod\tweaks\base\gameplay\static_data\database\advertisements\brands\rtj.tweak",".tweak","1239"
"tools\redmod\tweaks\base\gameplay\static_data\database\advertisements\brands\sandblast.tweak",".tweak","1847"
"tools\redmod\tweaks\base\gameplay\static_data\database\advertisements\brands\sashadevon.tweak",".tweak","1877"
"tools\redmod\tweaks\base\gameplay\static_data\database\advertisements\brands\schade_zeig_dich.tweak",".tweak","1918"
"tools\redmod\tweaks\base\gameplay\static_data\database\advertisements\brands\skull.tweak",".tweak","1317"
"tools\redmod\tweaks\base\gameplay\static_data\database\advertisements\brands\slaughterhouse.tweak",".tweak","2874"
"tools\redmod\tweaks\base\gameplay\static_data\database\advertisements\brands\sojasilmachistador.tweak",".tweak","1811"
"tools\redmod\tweaks\base\gameplay\static_data\database\advertisements\brands\somalia.tweak",".tweak","1151"
"tools\redmod\tweaks\base\gameplay\static_data\database\advertisements\brands\spaceport.tweak",".tweak","462"
"tools\redmod\tweaks\base\gameplay\static_data\database\advertisements\brands\spc.tweak",".tweak","1771"
"tools\redmod\tweaks\base\gameplay\static_data\database\advertisements\brands\speedloans.tweak",".tweak","1922"
"tools\redmod\tweaks\base\gameplay\static_data\database\advertisements\brands\squirtaquisitor.tweak",".tweak","2099"
"tools\redmod\tweaks\base\gameplay\static_data\database\advertisements\brands\stress_pills.tweak",".tweak","1509"
"tools\redmod\tweaks\base\gameplay\static_data\database\advertisements\brands\sudo.tweak",".tweak","1637"
"tools\redmod\tweaks\base\gameplay\static_data\database\advertisements\brands\tampons.tweak",".tweak","2031"
"tools\redmod\tweaks\base\gameplay\static_data\database\advertisements\brands\techtronika.tweak",".tweak","1588"
"tools\redmod\tweaks\base\gameplay\static_data\database\advertisements\brands\televangelist.tweak",".tweak","1843"
"tools\redmod\tweaks\base\gameplay\static_data\database\advertisements\brands\thebigeatshow.tweak",".tweak","1370"
"tools\redmod\tweaks\base\gameplay\static_data\database\advertisements\brands\thrud.tweak",".tweak","1679"
"tools\redmod\tweaks\base\gameplay\static_data\database\advertisements\brands\tiancha.tweak",".tweak","1763"
"tools\redmod\tweaks\base\gameplay\static_data\database\advertisements\brands\timemachine1.tweak",".tweak","643"
"tools\redmod\tweaks\base\gameplay\static_data\database\advertisements\brands\timemachine2.tweak",".tweak","1868"
"tools\redmod\tweaks\base\gameplay\static_data\database\advertisements\brands\uscracks.tweak",".tweak","1838"
"tools\redmod\tweaks\base\gameplay\static_data\database\advertisements\brands\uscracks2.tweak",".tweak","1847"
"tools\redmod\tweaks\base\gameplay\static_data\database\advertisements\brands\vargas.tweak",".tweak","1721"
"tools\redmod\tweaks\base\gameplay\static_data\database\advertisements\brands\vending_machines\brendan_vending.tweak",".tweak","360"
"tools\redmod\tweaks\base\gameplay\static_data\database\advertisements\brands\vending_machines\burritoxxl.tweak",".tweak","2033"
"tools\redmod\tweaks\base\gameplay\static_data\database\advertisements\brands\vending_machines\chromantico_vending.tweak",".tweak","3028"
"tools\redmod\tweaks\base\gameplay\static_data\database\advertisements\brands\vending_machines\cirrus_vending.tweak",".tweak","3023"
"tools\redmod\tweaks\base\gameplay\static_data\database\advertisements\brands\vending_machines\holobites_vending.tweak",".tweak","1722"
"tools\redmod\tweaks\base\gameplay\static_data\database\advertisements\brands\vending_machines\leelou_beans_vending.tweak",".tweak","1803"
"tools\redmod\tweaks\base\gameplay\static_data\database\advertisements\brands\vending_machines\moonchies_vending.tweak",".tweak","2285"
"tools\redmod\tweaks\base\gameplay\static_data\database\advertisements\brands\vending_machines\mrwhitey_vending.tweak",".tweak","2249"
"tools\redmod\tweaks\base\gameplay\static_data\database\advertisements\brands\vending_machines\nicola_vending.tweak",".tweak","2713"
"tools\redmod\tweaks\base\gameplay\static_data\database\advertisements\brands\vending_machines\orgiatic.tweak",".tweak","1479"
"tools\redmod\tweaks\base\gameplay\static_data\database\advertisements\brands\vending_machines\shwabshwab.tweak",".tweak","2031"
"tools\redmod\tweaks\base\gameplay\static_data\database\advertisements\brands\vending_machines\slaughterhouse_vending.tweak",".tweak","2463"
"tools\redmod\tweaks\base\gameplay\static_data\database\advertisements\brands\vending_machines\sojasil_vending.tweak",".tweak","2213"
"tools\redmod\tweaks\base\gameplay\static_data\database\advertisements\brands\vending_machines\tiancha_vending.tweak",".tweak","1668"
"tools\redmod\tweaks\base\gameplay\static_data\database\advertisements\brands\watsonwhore.tweak",".tweak","1964"
"tools\redmod\tweaks\base\gameplay\static_data\database\advertisements\brands\wetdream.tweak",".tweak","1838"
"tools\redmod\tweaks\base\gameplay\static_data\database\advertisements\brands\yaiba_showroom.tweak",".tweak","528"
"tools\redmod\tweaks\base\gameplay\static_data\database\advertisements\groups.tweak",".tweak","31330"
"tools\redmod\tweaks\base\gameplay\static_data\database\advertisements\schema.tweak",".tweak","614"
"tools\redmod\tweaks\base\gameplay\static_data\database\ai\actions\library\abilityactions.tweak",".tweak","2497"
"tools\redmod\tweaks\base\gameplay\static_data\database\ai\actions\library\combatdecoratoractions.tweak",".tweak","37988"
"tools\redmod\tweaks\base\gameplay\static_data\database\ai\actions\library\commandhandleractions.tweak",".tweak","12456"
"tools\redmod\tweaks\base\gameplay\static_data\database\ai\actions\library\commonconditionchecks.tweak",".tweak","291307"
"tools\redmod\tweaks\base\gameplay\static_data\database\ai\actions\library\coveractions.tweak",".tweak","60501"
"tools\redmod\tweaks\base\gameplay\static_data\database\ai\actions\library\dashanddodgeactions.tweak",".tweak","72125"
"tools\redmod\tweaks\base\gameplay\static_data\database\ai\actions\library\droneactions.tweak",".tweak","98557"
"tools\redmod\tweaks\base\gameplay\static_data\database\ai\actions\library\dronebombusactions.tweak",".tweak","39605"
"tools\redmod\tweaks\base\gameplay\static_data\database\ai\actions\library\dronegriffinactions.tweak",".tweak","9978"
"tools\redmod\tweaks\base\gameplay\static_data\database\ai\actions\library\droneoctantactions.tweak",".tweak","29569"
"tools\redmod\tweaks\base\gameplay\static_data\database\ai\actions\library\dronereactionsactions.tweak",".tweak","33506"
"tools\redmod\tweaks\base\gameplay\static_data\database\ai\actions\library\dronestatuseffectactions.tweak",".tweak","9461"
"tools\redmod\tweaks\base\gameplay\static_data\database\ai\actions\library\followeractions.tweak",".tweak","37101"
"tools\redmod\tweaks\base\gameplay\static_data\database\ai\actions\library\idleactions.tweak",".tweak","2404"
"tools\redmod\tweaks\base\gameplay\static_data\database\ai\actions\library\itemhandling.tweak",".tweak","63503"
"tools\redmod\tweaks\base\gameplay\static_data\database\ai\actions\library\mechanicalreactionsactions.tweak",".tweak","7378"
"tools\redmod\tweaks\base\gameplay\static_data\database\ai\actions\library\mechreactionsactions.tweak",".tweak","15307"
"tools\redmod\tweaks\base\gameplay\static_data\database\ai\actions\library\medicactions.tweak",".tweak","1664"
"tools\redmod\tweaks\base\gameplay\static_data\database\ai\actions\library\meleeattackactions.tweak",".tweak","112472"
"tools\redmod\tweaks\base\gameplay\static_data\database\ai\actions\library\meleeattackfistactions.tweak",".tweak","53833"
"tools\redmod\tweaks\base\gameplay\static_data\database\ai\actions\library\meleeattackhammeractions.tweak",".tweak","41951"
"tools\redmod\tweaks\base\gameplay\static_data\database\ai\actions\library\meleeattackkatanaactions.tweak",".tweak","41476"
"tools\redmod\tweaks\base\gameplay\static_data\database\ai\actions\library\meleeattackknifeactions.tweak",".tweak","35669"
"tools\redmod\tweaks\base\gameplay\static_data\database\ai\actions\library\meleeattackmantisbladesactions.tweak",".tweak","47388"
"tools\redmod\tweaks\base\gameplay\static_data\database\ai\actions\library\meleeattackonehandedactions.tweak",".tweak","40230"
"tools\redmod\tweaks\base\gameplay\static_data\database\ai\actions\library\miscactions.tweak",".tweak","204"
"tools\redmod\tweaks\base\gameplay\static_data\database\ai\actions\library\movementactions.tweak",".tweak","159989"
"tools\redmod\tweaks\base\gameplay\static_data\database\ai\actions\library\netrunneractions.tweak",".tweak","56488"
"tools\redmod\tweaks\base\gameplay\static_data\database\ai\actions\library\noweaponcombatactions.tweak",".tweak","13403"
"tools\redmod\tweaks\base\gameplay\static_data\database\ai\actions\library\patrolactions.tweak",".tweak","2166"
"tools\redmod\tweaks\base\gameplay\static_data\database\ai\actions\library\reactionsactions.tweak",".tweak","138781"
"tools\redmod\tweaks\base\gameplay\static_data\database\ai\actions\library\shootingactions.tweak",".tweak","51053"
"tools\redmod\tweaks\base\gameplay\static_data\database\ai\actions\library\specialactions.tweak",".tweak","25522"
"tools\redmod\tweaks\base\gameplay\static_data\database\ai\actions\library\spiderbotactions.tweak",".tweak","364"
"tools\redmod\tweaks\base\gameplay\static_data\database\ai\actions\library\statuseffectaction.tweak",".tweak","91743"
"tools\redmod\tweaks\base\gameplay\static_data\database\ai\actions\library\vehicleactions.tweak",".tweak","31360"
"tools\redmod\tweaks\base\gameplay\static_data\database\ai\actions\packages\drone\drone.tweak",".tweak","8571"
"tools\redmod\tweaks\base\gameplay\static_data\database\ai\actions\packages\drone\dronebombus.tweak",".tweak","7563"
"tools\redmod\tweaks\base\gameplay\static_data\database\ai\actions\packages\drone\dronebombusfast.tweak",".tweak","8199"
"tools\redmod\tweaks\base\gameplay\static_data\database\ai\actions\packages\drone\dronebombusslow.tweak",".tweak","8401"
"tools\redmod\tweaks\base\gameplay\static_data\database\ai\actions\packages\drone\dronebombussuicide.tweak",".tweak","3801"
"tools\redmod\tweaks\base\gameplay\static_data\database\ai\actions\packages\drone\dronegriffin.tweak",".tweak","8364"
"tools\redmod\tweaks\base\gameplay\static_data\database\ai\actions\packages\drone\droneoctant.tweak",".tweak","7759"
"tools\redmod\tweaks\base\gameplay\static_data\database\ai\actions\packages\factions\boss\adamsmasher_boss.tweak",".tweak","269946"
"tools\redmod\tweaks\base\gameplay\static_data\database\ai\actions\packages\factions\boss\animals_boss.tweak",".tweak","76263"
"tools\redmod\tweaks\base\gameplay\static_data\database\ai\actions\packages\factions\boss\max_tac_sniper.tweak",".tweak","9802"
"tools\redmod\tweaks\base\gameplay\static_data\database\ai\actions\packages\factions\boss\militech_chimera_boss.tweak",".tweak","116528"
"tools\redmod\tweaks\base\gameplay\static_data\database\ai\actions\packages\factions\boss\minotaur_mech.tweak",".tweak","39347"
"tools\redmod\tweaks\base\gameplay\static_data\database\ai\actions\packages\factions\boss\oda_boss.tweak",".tweak","149882"
"tools\redmod\tweaks\base\gameplay\static_data\database\ai\actions\packages\factions\boss\royce_exo_boss.tweak",".tweak","130847"
"tools\redmod\tweaks\base\gameplay\static_data\database\ai\actions\packages\factions\boss\weapon_packages\animals_boss_fists.tweak",".tweak","124830"
"tools\redmod\tweaks\base\gameplay\static_data\database\ai\actions\packages\factions\boss\weapon_packages\animals_boss_hammer.tweak",".tweak","92436"
"tools\redmod\tweaks\base\gameplay\static_data\database\ai\actions\packages\factions\boss\weapon_packages\kurt_knife_npc_status_effect.tweak",".tweak","2554"
"tools\redmod\tweaks\base\gameplay\static_data\database\ai\actions\packages\factions\corpo\android\corpo_android.tweak",".tweak","17837"
"tools\redmod\tweaks\base\gameplay\static_data\database\ai\actions\packages\factions\corpo\android\weapon_packages\corpo_android_handgun.tweak",".tweak","7219"
"tools\redmod\tweaks\base\gameplay\static_data\database\ai\actions\packages\factions\corpo\android\weapon_packages\corpo_android_lightmachinegun.tweak",".tweak","7874"
"tools\redmod\tweaks\base\gameplay\static_data\database\ai\actions\packages\factions\corpo\android\weapon_packages\corpo_android_rifle.tweak",".tweak","6599"
"tools\redmod\tweaks\base\gameplay\static_data\database\ai\actions\packages\factions\corpo\android\weapon_packages\corpo_android_shotgun.tweak",".tweak","7485"
"tools\redmod\tweaks\base\gameplay\static_data\database\ai\actions\packages\factions\corpo\android\weapon_packages\corpo_android_sniper.tweak",".tweak","12489"
"tools\redmod\tweaks\base\gameplay\static_data\database\ai\actions\packages\factions\corpo\android\weapon_packages\corpo_android_submachinegun.tweak",".tweak","7341"
"tools\redmod\tweaks\base\gameplay\static_data\database\ai\actions\packages\factions\corpo\assault\corpo_assault.tweak",".tweak","3877"
"tools\redmod\tweaks\base\gameplay\static_data\database\ai\actions\packages\factions\corpo\assault\weapon_packages\corpo_assault_handgun.tweak",".tweak","7172"
"tools\redmod\tweaks\base\gameplay\static_data\database\ai\actions\packages\factions\corpo\assault\weapon_packages\corpo_assault_lightmachinegun.tweak",".tweak","8891"
"tools\redmod\tweaks\base\gameplay\static_data\database\ai\actions\packages\factions\corpo\assault\weapon_packages\corpo_assault_rifle.tweak",".tweak","7898"
"tools\redmod\tweaks\base\gameplay\static_data\database\ai\actions\packages\factions\corpo\assault\weapon_packages\corpo_assault_shotgun.tweak",".tweak","7930"
"tools\redmod\tweaks\base\gameplay\static_data\database\ai\actions\packages\factions\corpo\assault\weapon_packages\corpo_assault_sniper.tweak",".tweak","13837"
"tools\redmod\tweaks\base\gameplay\static_data\database\ai\actions\packages\factions\corpo\assault\weapon_packages\corpo_assault_submachinegun.tweak",".tweak","8342"
"tools\redmod\tweaks\base\gameplay\static_data\database\ai\actions\packages\factions\corpo\generic\corpo.tweak",".tweak","2304"
"tools\redmod\tweaks\base\gameplay\static_data\database\ai\actions\packages\factions\corpo\generic\weapon_packages\corpo_fists.tweak",".tweak","13370"
"tools\redmod\tweaks\base\gameplay\static_data\database\ai\actions\packages\factions\corpo\generic\weapon_packages\corpo_hammer.tweak",".tweak","11468"
"tools\redmod\tweaks\base\gameplay\static_data\database\ai\actions\packages\factions\corpo\generic\weapon_packages\corpo_handgun.tweak",".tweak","51174"
"tools\redmod\tweaks\base\gameplay\static_data\database\ai\actions\packages\factions\corpo\generic\weapon_packages\corpo_katana.tweak",".tweak","12492"
"tools\redmod\tweaks\base\gameplay\static_data\database\ai\actions\packages\factions\corpo\generic\weapon_packages\corpo_knife.tweak",".tweak","11029"
"tools\redmod\tweaks\base\gameplay\static_data\database\ai\actions\packages\factions\corpo\generic\weapon_packages\corpo_lightmachinegun.tweak",".tweak","32809"
"tools\redmod\tweaks\base\gameplay\static_data\database\ai\actions\packages\factions\corpo\generic\weapon_packages\corpo_longblade.tweak",".tweak","9217"
"tools\redmod\tweaks\base\gameplay\static_data\database\ai\actions\packages\factions\corpo\generic\weapon_packages\corpo_mantisblades.tweak",".tweak","11700"
"tools\redmod\tweaks\base\gameplay\static_data\database\ai\actions\packages\factions\corpo\generic\weapon_packages\corpo_onehandedclub.tweak",".tweak","10857"
"tools\redmod\tweaks\base\gameplay\static_data\database\ai\actions\packages\factions\corpo\generic\weapon_packages\corpo_rifle.tweak",".tweak","28341"
"tools\redmod\tweaks\base\gameplay\static_data\database\ai\actions\packages\factions\corpo\generic\weapon_packages\corpo_shotgun.tweak",".tweak","32447"
"tools\redmod\tweaks\base\gameplay\static_data\database\ai\actions\packages\factions\corpo\generic\weapon_packages\corpo_sniper.tweak",".tweak","61531"
"tools\redmod\tweaks\base\gameplay\static_data\database\ai\actions\packages\factions\corpo\generic\weapon_packages\corpo_submachinegun.tweak",".tweak","28730"
"tools\redmod\tweaks\base\gameplay\static_data\database\ai\actions\packages\factions\corpo\generic\weapon_packages\corpo_twohandedclub.tweak",".tweak","10133"
"tools\redmod\tweaks\base\gameplay\static_data\database\ai\actions\packages\factions\corpo\netrunner\corpo_netrunner.tweak",".tweak","25632"
"tools\redmod\tweaks\base\gameplay\static_data\database\ai\actions\packages\factions\corpo\netrunner\weapon_packages\corpo_netrunner_handgun.tweak",".tweak","7194"
"tools\redmod\tweaks\base\gameplay\static_data\database\ai\actions\packages\factions\corpo\netrunner\weapon_packages\corpo_netrunner_lightmachinegun.tweak",".tweak","8913"
"tools\redmod\tweaks\base\gameplay\static_data\database\ai\actions\packages\factions\corpo\netrunner\weapon_packages\corpo_netrunner_rifle.tweak",".tweak","7920"
"tools\redmod\tweaks\base\gameplay\static_data\database\ai\actions\packages\factions\corpo\netrunner\weapon_packages\corpo_netrunner_shotgun.tweak",".tweak","7952"
"tools\redmod\tweaks\base\gameplay\static_data\database\ai\actions\packages\factions\corpo\netrunner\weapon_packages\corpo_netrunner_sniper.tweak",".tweak","12316"
"tools\redmod\tweaks\base\gameplay\static_data\database\ai\actions\packages\factions\corpo\netrunner\weapon_packages\corpo_netrunner_submachinegun.tweak",".tweak","8364"
"tools\redmod\tweaks\base\gameplay\static_data\database\ai\actions\packages\factions\corpo\support\corpo_support.tweak",".tweak","4679"
"tools\redmod\tweaks\base\gameplay\static_data\database\ai\actions\packages\factions\corpo\support\weapon_packages\corpo_support_handgun.tweak",".tweak","7172"
"tools\redmod\tweaks\base\gameplay\static_data\database\ai\actions\packages\factions\corpo\support\weapon_packages\corpo_support_lightmachinegun.tweak",".tweak","8891"
"tools\redmod\tweaks\base\gameplay\static_data\database\ai\actions\packages\factions\corpo\support\weapon_packages\corpo_support_rifle.tweak",".tweak","7898"
"tools\redmod\tweaks\base\gameplay\static_data\database\ai\actions\packages\factions\corpo\support\weapon_packages\corpo_support_shotgun.tweak",".tweak","7930"
"tools\redmod\tweaks\base\gameplay\static_data\database\ai\actions\packages\factions\corpo\support\weapon_packages\corpo_support_sniper.tweak",".tweak","14590"
"tools\redmod\tweaks\base\gameplay\static_data\database\ai\actions\packages\factions\corpo\support\weapon_packages\corpo_support_submachinegun.tweak",".tweak","8342"
"tools\redmod\tweaks\base\gameplay\static_data\database\ai\actions\packages\factions\gang\android\gang_android.tweak",".tweak","8079"
"tools\redmod\tweaks\base\gameplay\static_data\database\ai\actions\packages\factions\gang\android\weapon_packages\gang_android_fist.tweak",".tweak","5531"
"tools\redmod\tweaks\base\gameplay\static_data\database\ai\actions\packages\factions\gang\android\weapon_packages\gang_android_handgun.tweak",".tweak","7143"
"tools\redmod\tweaks\base\gameplay\static_data\database\ai\actions\packages\factions\gang\android\weapon_packages\gang_android_lightmachinegun.tweak",".tweak","7615"
"tools\redmod\tweaks\base\gameplay\static_data\database\ai\actions\packages\factions\gang\android\weapon_packages\gang_android_rifle.tweak",".tweak","6823"
"tools\redmod\tweaks\base\gameplay\static_data\database\ai\actions\packages\factions\gang\android\weapon_packages\gang_android_shotgun.tweak",".tweak","6855"
"tools\redmod\tweaks\base\gameplay\static_data\database\ai\actions\packages\factions\gang\android\weapon_packages\gang_android_sniper.tweak",".tweak","12701"
"tools\redmod\tweaks\base\gameplay\static_data\database\ai\actions\packages\factions\gang\android\weapon_packages\gang_android_submachinegun.tweak",".tweak","7267"
"tools\redmod\tweaks\base\gameplay\static_data\database\ai\actions\packages\factions\gang\assault\gang_assault.tweak",".tweak","3846"
"tools\redmod\tweaks\base\gameplay\static_data\database\ai\actions\packages\factions\gang\assault\weapon_packages\gang_assault_handgun.tweak",".tweak","7113"
"tools\redmod\tweaks\base\gameplay\static_data\database\ai\actions\packages\factions\gang\assault\weapon_packages\gang_assault_lightmachinegun.tweak",".tweak","8831"
"tools\redmod\tweaks\base\gameplay\static_data\database\ai\actions\packages\factions\gang\assault\weapon_packages\gang_assault_rifle.tweak",".tweak","7841"
"tools\redmod\tweaks\base\gameplay\static_data\database\ai\actions\packages\factions\gang\assault\weapon_packages\gang_assault_shotgun.tweak",".tweak","7873"
"tools\redmod\tweaks\base\gameplay\static_data\database\ai\actions\packages\factions\gang\assault\weapon_packages\gang_assault_sniper.tweak",".tweak","13261"
"tools\redmod\tweaks\base\gameplay\static_data\database\ai\actions\packages\factions\gang\assault\weapon_packages\gang_assault_submachinegun.tweak",".tweak","8285"
"tools\redmod\tweaks\base\gameplay\static_data\database\ai\actions\packages\factions\gang\generic\gang.tweak",".tweak","3331"
"tools\redmod\tweaks\base\gameplay\static_data\database\ai\actions\packages\factions\gang\generic\hybridhmgcustom.tweak",".tweak","1565"
"tools\redmod\tweaks\base\gameplay\static_data\database\ai\actions\packages\factions\gang\generic\weapon_packages\gang_fists.tweak",".tweak","14226"
"tools\redmod\tweaks\base\gameplay\static_data\database\ai\actions\packages\factions\gang\generic\weapon_packages\gang_hammer.tweak",".tweak","11432"
"tools\redmod\tweaks\base\gameplay\static_data\database\ai\actions\packages\factions\gang\generic\weapon_packages\gang_handgun.tweak",".tweak","52060"
"tools\redmod\tweaks\base\gameplay\static_data\database\ai\actions\packages\factions\gang\generic\weapon_packages\gang_hmghybrid_custom.tweak",".tweak","25069"
"tools\redmod\tweaks\base\gameplay\static_data\database\ai\actions\packages\factions\gang\generic\weapon_packages\gang_katana.tweak",".tweak","12532"
"tools\redmod\tweaks\base\gameplay\static_data\database\ai\actions\packages\factions\gang\generic\weapon_packages\gang_knife.tweak",".tweak","10995"
"tools\redmod\tweaks\base\gameplay\static_data\database\ai\actions\packages\factions\gang\generic\weapon_packages\gang_lightmachinegun.tweak",".tweak","33054"
"tools\redmod\tweaks\base\gameplay\static_data\database\ai\actions\packages\factions\gang\generic\weapon_packages\gang_longblade.tweak",".tweak","9587"
"tools\redmod\tweaks\base\gameplay\static_data\database\ai\actions\packages\factions\gang\generic\weapon_packages\gang_mantisblades.tweak",".tweak","12069"
"tools\redmod\tweaks\base\gameplay\static_data\database\ai\actions\packages\factions\gang\generic\weapon_packages\gang_onehandedclub.tweak",".tweak","11223"
"tools\redmod\tweaks\base\gameplay\static_data\database\ai\actions\packages\factions\gang\generic\weapon_packages\gang_rifle.tweak",".tweak","28203"
"tools\redmod\tweaks\base\gameplay\static_data\database\ai\actions\packages\factions\gang\generic\weapon_packages\gang_shotgun.tweak",".tweak","32306"
"tools\redmod\tweaks\base\gameplay\static_data\database\ai\actions\packages\factions\gang\generic\weapon_packages\gang_sniper.tweak",".tweak","47742"
"tools\redmod\tweaks\base\gameplay\static_data\database\ai\actions\packages\factions\gang\generic\weapon_packages\gang_submachinegun.tweak",".tweak","28591"
"tools\redmod\tweaks\base\gameplay\static_data\database\ai\actions\packages\factions\gang\generic\weapon_packages\gang_twohandedclub.tweak",".tweak","10482"
"tools\redmod\tweaks\base\gameplay\static_data\database\ai\actions\packages\factions\gang\netrunner\gang_netrunner.tweak",".tweak","25539"
"tools\redmod\tweaks\base\gameplay\static_data\database\ai\actions\packages\factions\gang\netrunner\maxtac_netrunner.tweak",".tweak","8087"
"tools\redmod\tweaks\base\gameplay\static_data\database\ai\actions\packages\factions\gang\netrunner\weapon_packages\gang_netrunner_handgun.tweak",".tweak","7135"
"tools\redmod\tweaks\base\gameplay\static_data\database\ai\actions\packages\factions\gang\netrunner\weapon_packages\gang_netrunner_lightmachinegun.tweak",".tweak","8853"
"tools\redmod\tweaks\base\gameplay\static_data\database\ai\actions\packages\factions\gang\netrunner\weapon_packages\gang_netrunner_rifle.tweak",".tweak","7863"
"tools\redmod\tweaks\base\gameplay\static_data\database\ai\actions\packages\factions\gang\netrunner\weapon_packages\gang_netrunner_shotgun.tweak",".tweak","7895"
"tools\redmod\tweaks\base\gameplay\static_data\database\ai\actions\packages\factions\gang\netrunner\weapon_packages\gang_netrunner_sniper.tweak",".tweak","12236"
"tools\redmod\tweaks\base\gameplay\static_data\database\ai\actions\packages\factions\gang\netrunner\weapon_packages\gang_netrunner_submachinegun.tweak",".tweak","8307"
"tools\redmod\tweaks\base\gameplay\static_data\database\ai\actions\packages\factions\gang\netrunner\weapon_packages\maxtac_netrunner_handgun.tweak",".tweak","7179"
"tools\redmod\tweaks\base\gameplay\static_data\database\ai\actions\packages\factions\gang\support\gang_support.tweak",".tweak","4648"
"tools\redmod\tweaks\base\gameplay\static_data\database\ai\actions\packages\factions\gang\support\weapon_packages\gang_support_handgun.tweak",".tweak","7113"
"tools\redmod\tweaks\base\gameplay\static_data\database\ai\actions\packages\factions\gang\support\weapon_packages\gang_support_lightmachinegun.tweak",".tweak","8831"
"tools\redmod\tweaks\base\gameplay\static_data\database\ai\actions\packages\factions\gang\support\weapon_packages\gang_support_rifle.tweak",".tweak","7841"
"tools\redmod\tweaks\base\gameplay\static_data\database\ai\actions\packages\factions\gang\support\weapon_packages\gang_support_shotgun.tweak",".tweak","7873"
"tools\redmod\tweaks\base\gameplay\static_data\database\ai\actions\packages\factions\gang\support\weapon_packages\gang_support_sniper.tweak",".tweak","14502"
"tools\redmod\tweaks\base\gameplay\static_data\database\ai\actions\packages\factions\gang\support\weapon_packages\gang_support_submachinegun.tweak",".tweak","8285"
"tools\redmod\tweaks\base\gameplay\static_data\database\ai\actions\packages\factions\tutorial\melee\tutorial_melee_atk_light.tweak",".tweak","9579"
"tools\redmod\tweaks\base\gameplay\static_data\database\ai\actions\packages\factions\tutorial\melee\tutorial_melee_atk_strong.tweak",".tweak","10596"
"tools\redmod\tweaks\base\gameplay\static_data\database\ai\actions\packages\factions\tutorial\melee\tutorial_melee_block.tweak",".tweak","6244"
"tools\redmod\tweaks\base\gameplay\static_data\database\ai\actions\packages\factions\tutorial\melee\tutorial_melee_deflect.tweak",".tweak","3883"
"tools\redmod\tweaks\base\gameplay\static_data\database\ai\actions\packages\factions\tutorial\melee\tutorial_melee_guardbreak.tweak",".tweak","11229"
"tools\redmod\tweaks\base\gameplay\static_data\database\ai\actions\packages\factions\tutorial\melee\tutorial_melee_no_action.tweak",".tweak","5237"
"tools\redmod\tweaks\base\gameplay\static_data\database\ai\actions\packages\generic\genericpackage.tweak",".tweak","12768"
"tools\redmod\tweaks\base\gameplay\static_data\database\ai\actions\packages\spiderbot\spiderbot.tweak",".tweak","214"
"tools\redmod\tweaks\base\gameplay\static_data\database\ai\actions\samples.tweak",".tweak","14582"
"tools\redmod\tweaks\base\gameplay\static_data\database\ai\actions\schema_action.tweak",".tweak","19237"
"tools\redmod\tweaks\base\gameplay\static_data\database\ai\actions\schema_composite.tweak",".tweak","804"
"tools\redmod\tweaks\base\gameplay\static_data\database\ai\actions\schema_condition.tweak",".tweak","14772"
"tools\redmod\tweaks\base\gameplay\static_data\database\ai\actions\test\equip.tweak",".tweak","35"
"tools\redmod\tweaks\base\gameplay\static_data\database\ai\actions\test\grenadethrow.tweak",".tweak","35"
"tools\redmod\tweaks\base\gameplay\static_data\database\ai\actions\test\reload.tweak",".tweak","35"
"tools\redmod\tweaks\base\gameplay\static_data\database\ai\actions\test\shoot.tweak",".tweak","35"
"tools\redmod\tweaks\base\gameplay\static_data\database\ai\actions\test\weapon_archetypes\equip.tweak",".tweak","353"
"tools\redmod\tweaks\base\gameplay\static_data\database\ai\actions\test\weapon_archetypes\grenadethrow.tweak",".tweak","1321"
"tools\redmod\tweaks\base\gameplay\static_data\database\ai\actions\test\weapon_archetypes\reload.tweak",".tweak","1067"
"tools\redmod\tweaks\base\gameplay\static_data\database\ai\actions\test\weapon_archetypes\shoot.tweak",".tweak","301"
"tools\redmod\tweaks\base\gameplay\static_data\database\ai\actions\test\weapon_archetypes\shootprecise.tweak",".tweak","1718"
"tools\redmod\tweaks\base\gameplay\static_data\database\ai\actions\test\weapon_archetypes\shootprecisecrouch.tweak",".tweak","1776"
"tools\redmod\tweaks\base\gameplay\static_data\database\ai\aigeneralsettings.tweak",".tweak","8500"
"tools\redmod\tweaks\base\gameplay\static_data\database\ai\archetype_data\archetype_types.tweak",".tweak","1961"
"tools\redmod\tweaks\base\gameplay\static_data\database\ai\archetype_data\archetypedata.tweak",".tweak","20888"
"tools\redmod\tweaks\base\gameplay\static_data\database\ai\archetype_data\schema_archetype.tweak",".tweak","335"
"tools\redmod\tweaks\base\gameplay\static_data\database\ai\attack_patterns\schema_pattern.tweak",".tweak","337"
"tools\redmod\tweaks\base\gameplay\static_data\database\ai\attack_patterns\shootingpatterns.tweak",".tweak","185232"
"tools\redmod\tweaks\base\gameplay\static_data\database\ai\cover_selection\cover_selection_parameters.tweak",".tweak","16627"
"tools\redmod\tweaks\base\gameplay\static_data\database\ai\cover_selection\cover_selection_parameters_schema.tweak",".tweak","4375"
"tools\redmod\tweaks\base\gameplay\static_data\database\ai\cover_selection\cover_selection_presets.tweak",".tweak","28739"
"tools\redmod\tweaks\base\gameplay\static_data\database\ai\cover_selection\cover_selection_presets_schema.tweak",".tweak","368"
"tools\redmod\tweaks\base\gameplay\static_data\database\ai\debug\debug.tweak",".tweak","55"
"tools\redmod\tweaks\base\gameplay\static_data\database\ai\enums\actiontarget.tweak",".tweak","8331"
"tools\redmod\tweaks\base\gameplay\static_data\database\ai\enums\actiontype.tweak",".tweak","1282"
"tools\redmod\tweaks\base\gameplay\static_data\database\ai\enums\additionaltracetypes.tweak",".tweak","291"
"tools\redmod\tweaks\base\gameplay\static_data\database\ai\enums\aidifficulty.tweak",".tweak","656"
"tools\redmod\tweaks\base\gameplay\static_data\database\ai\enums\companiondistancepreset.tweak",".tweak","450"
"tools\redmod\tweaks\base\gameplay\static_data\database\ai\enums\exposuremethodtype.tweak",".tweak","359"
"tools\redmod\tweaks\base\gameplay\static_data\database\ai\enums\ringtype.tweak",".tweak","1118"
"tools\redmod\tweaks\base\gameplay\static_data\database\ai\enums\role.tweak",".tweak","270"
"tools\redmod\tweaks\base\gameplay\static_data\database\ai\enums\schema.tweak",".tweak","1846"
"tools\redmod\tweaks\base\gameplay\static_data\database\ai\enums\sectortype.tweak",".tweak","1190"
"tools\redmod\tweaks\base\gameplay\static_data\database\ai\enums\securityareatype.tweak",".tweak","349"
"tools\redmod\tweaks\base\gameplay\static_data\database\ai\enums\securitynotificationtype.tweak",".tweak","708"
"tools\redmod\tweaks\base\gameplay\static_data\database\ai\enums\sensestype.tweak",".tweak","488"
"tools\redmod\tweaks\base\gameplay\static_data\database\ai\enums\smartcompositetype.tweak",".tweak","888"
"tools\redmod\tweaks\base\gameplay\static_data\database\ai\enums\squadtype.tweak",".tweak","346"
"tools\redmod\tweaks\base\gameplay\static_data\database\ai\enums\tactictype.tweak",".tweak","582"
"tools\redmod\tweaks\base\gameplay\static_data\database\ai\enums\threatpersistancesource.tweak",".tweak","1416"
"tools\redmod\tweaks\base\gameplay\static_data\database\ai\enums\tickettype.tweak",".tweak","4288"
"tools\redmod\tweaks\base\gameplay\static_data\database\ai\item_conditions\weaponconditions.tweak",".tweak","11559"
"tools\redmod\tweaks\base\gameplay\static_data\database\ai\lights\light_preset_schema.tweak",".tweak","285"
"tools\redmod\tweaks\base\gameplay\static_data\database\ai\lights\mechanicallightpreset.tweak",".tweak","2239"
"tools\redmod\tweaks\base\gameplay\static_data\database\ai\movement_policy\schema.tweak",".tweak","1901"
"tools\redmod\tweaks\base\gameplay\static_data\database\ai\off_mesh_link_tags\off_mesh_tags.tweak",".tweak","6453"
"tools\redmod\tweaks\base\gameplay\static_data\database\ai\off_mesh_link_tags\schema.tweak",".tweak","121"
"tools\redmod\tweaks\base\gameplay\static_data\database\ai\reactions\schema.tweak",".tweak","75"
"tools\redmod\tweaks\base\gameplay\static_data\database\ai\squads\base_squad.tweak",".tweak","20325"
"tools\redmod\tweaks\base\gameplay\static_data\database\ai\squads\faction_squad.tweak",".tweak","1821"
"tools\redmod\tweaks\base\gameplay\static_data\database\ai\squads\schema_squad.tweak",".tweak","1804"
"tools\redmod\tweaks\base\gameplay\static_data\database\ai\squads\squad_conditions.tweak",".tweak","1364"
"tools\redmod\tweaks\base\gameplay\static_data\database\ai\threattracking\schema.tweak",".tweak","762"
"tools\redmod\tweaks\base\gameplay\static_data\database\ai\threattracking\threattracking.tweak",".tweak","1887"
"tools\redmod\tweaks\base\gameplay\static_data\database\ai\time_between_hits\time_between_hits.tweak",".tweak","1225"
"tools\redmod\tweaks\base\gameplay\static_data\database\aim_assist\aim_assist_enum.tweak",".tweak","866"
"tools\redmod\tweaks\base\gameplay\static_data\database\aim_assist\aimsnap.tweak",".tweak","2863"
"tools\redmod\tweaks\base\gameplay\static_data\database\aim_assist\bullet_magnetism.tweak",".tweak","933"
"tools\redmod\tweaks\base\gameplay\static_data\database\aim_assist\common.tweak",".tweak","8940"
"tools\redmod\tweaks\base\gameplay\static_data\database\aim_assist\configs.tweak",".tweak","12142"
"tools\redmod\tweaks\base\gameplay\static_data\database\aim_assist\finishing.tweak",".tweak","602"
"tools\redmod\tweaks\base\gameplay\static_data\database\aim_assist\magnetism.tweak",".tweak","8630"
"tools\redmod\tweaks\base\gameplay\static_data\database\aim_assist\melee.tweak",".tweak","847"
"tools\redmod\tweaks\base\gameplay\static_data\database\aim_assist\schema.tweak",".tweak","5062"
"tools\redmod\tweaks\base\gameplay\static_data\database\aim_assist\settings.tweak",".tweak","6796"
"tools\redmod\tweaks\base\gameplay\static_data\database\aim_assist\targeting_component_settings.tweak",".tweak","15977"
"tools\redmod\tweaks\base\gameplay\static_data\database\aim_assist\targeting_filters.tweak",".tweak","2016"
"tools\redmod\tweaks\base\gameplay\static_data\database\arcade_minigames\general.tweak",".tweak","102"
"tools\redmod\tweaks\base\gameplay\static_data\database\arcade_minigames\roach_race\general.tweak",".tweak","2341"
"tools\redmod\tweaks\base\gameplay\static_data\database\arcade_minigames\roach_race\levels.tweak",".tweak","23299"
"tools\redmod\tweaks\base\gameplay\static_data\database\arcade_minigames\roach_race\movement_type.tweak",".tweak","317"
"tools\redmod\tweaks\base\gameplay\static_data\database\arcade_minigames\roach_race\objects.tweak",".tweak","2411"
"tools\redmod\tweaks\base\gameplay\static_data\database\arcade_minigames\roach_race\power_up.tweak",".tweak","913"
"tools\redmod\tweaks\base\gameplay\static_data\database\arcade_minigames\roach_race\schema.tweak",".tweak","1681"
"tools\redmod\tweaks\base\gameplay\static_data\database\arcade_minigames\schema.tweak",".tweak","1491"
"tools\redmod\tweaks\base\gameplay\static_data\database\arcade_minigames\shooter\bullet.tweak",".tweak","4407"
"tools\redmod\tweaks\base\gameplay\static_data\database\arcade_minigames\shooter\enemy.tweak",".tweak","7048"
"tools\redmod\tweaks\base\gameplay\static_data\database\arcade_minigames\shooter\general.tweak",".tweak","4687"
"tools\redmod\tweaks\base\gameplay\static_data\database\arcade_minigames\shooter\levels.tweak",".tweak","11681"
"tools\redmod\tweaks\base\gameplay\static_data\database\arcade_minigames\shooter\npc.tweak",".tweak","2423"
"tools\redmod\tweaks\base\gameplay\static_data\database\arcade_minigames\shooter\player.tweak",".tweak","1239"
"tools\redmod\tweaks\base\gameplay\static_data\database\arcade_minigames\shooter\power_up.tweak",".tweak","2441"
"tools\redmod\tweaks\base\gameplay\static_data\database\arcade_minigames\shooter\schema.tweak",".tweak","11324"
"tools\redmod\tweaks\base\gameplay\static_data\database\arcade_minigames\shooter\vfx.tweak",".tweak","5552"
"tools\redmod\tweaks\base\gameplay\static_data\database\arcade_minigames\shooter\weapon.tweak",".tweak","2456"
"tools\redmod\tweaks\base\gameplay\static_data\database\arcade_minigames\tank\background.tweak",".tweak","1024"
"tools\redmod\tweaks\base\gameplay\static_data\database\arcade_minigames\tank\decorations.tweak",".tweak","5538"
"tools\redmod\tweaks\base\gameplay\static_data\database\arcade_minigames\tank\ememy_arrangement.tweak",".tweak","1854"
"tools\redmod\tweaks\base\gameplay\static_data\database\arcade_minigames\tank\enemy.tweak",".tweak","21794"
"tools\redmod\tweaks\base\gameplay\static_data\database\arcade_minigames\tank\enemy_spawn_arrangement.tweak",".tweak","15874"
"tools\redmod\tweaks\base\gameplay\static_data\database\arcade_minigames\tank\general.tweak",".tweak","2345"
"tools\redmod\tweaks\base\gameplay\static_data\database\arcade_minigames\tank\levels.tweak",".tweak","1053"
"tools\redmod\tweaks\base\gameplay\static_data\database\arcade_minigames\tank\obstacles.tweak",".tweak","3789"
"tools\redmod\tweaks\base\gameplay\static_data\database\arcade_minigames\tank\pickups.tweak",".tweak","1674"
"tools\redmod\tweaks\base\gameplay\static_data\database\arcade_minigames\tank\player.tweak",".tweak","455"
"tools\redmod\tweaks\base\gameplay\static_data\database\arcade_minigames\tank\projectile.tweak",".tweak","1879"
"tools\redmod\tweaks\base\gameplay\static_data\database\arcade_minigames\tank\schema.tweak",".tweak","3407"
"tools\redmod\tweaks\base\gameplay\static_data\database\arcade_minigames\tank\weapon.tweak",".tweak","3188"
"tools\redmod\tweaks\base\gameplay\static_data\database\attachable_objects\attachableobjects.tweak",".tweak","9589"
"tools\redmod\tweaks\base\gameplay\static_data\database\attachable_objects\schema.tweak",".tweak","60"
"tools\redmod\tweaks\base\gameplay\static_data\database\attachment_slot\clothing_attachment_slots.tweak",".tweak","1635"
"tools\redmod\tweaks\base\gameplay\static_data\database\attachment_slot\cyberware_attachment_slots.tweak",".tweak","3575"
"tools\redmod\tweaks\base\gameplay\static_data\database\attachment_slot\grenades_attachment_slots.tweak",".tweak","308"
"tools\redmod\tweaks\base\gameplay\static_data\database\attachment_slot\item_attachment_slots.tweak",".tweak","1233"
"tools\redmod\tweaks\base\gameplay\static_data\database\attachment_slot\misc_attachment_slots.tweak",".tweak","1377"
"tools\redmod\tweaks\base\gameplay\static_data\database\attachment_slot\puppet_attachment_slots.tweak",".tweak","9845"
"tools\redmod\tweaks\base\gameplay\static_data\database\attachment_slot\schema.tweak",".tweak","187"
"tools\redmod\tweaks\base\gameplay\static_data\database\attachment_slot\vehicle_attachment_slots.tweak",".tweak","2509"
"tools\redmod\tweaks\base\gameplay\static_data\database\attachment_slot\weapon_attachment_slots.tweak",".tweak","12880"
"tools\redmod\tweaks\base\gameplay\static_data\database\attack\adam_smasher_attacks.tweak",".tweak","3972"
"tools\redmod\tweaks\base\gameplay\static_data\database\attack\attack_stat_mods.tweak",".tweak","7200"
"tools\redmod\tweaks\base\gameplay\static_data\database\attack\attacks.tweak",".tweak","23408"
"tools\redmod\tweaks\base\gameplay\static_data\database\attack\attacksubtypes.tweak",".tweak","846"
"tools\redmod\tweaks\base\gameplay\static_data\database\attack\attacktypes.tweak",".tweak","1611"
"tools\redmod\tweaks\base\gameplay\static_data\database\attack\bullets.tweak",".tweak","55699"
"tools\redmod\tweaks\base\gameplay\static_data\database\attack\chimera_attacks.tweak",".tweak","9731"
"tools\redmod\tweaks\base\gameplay\static_data\database\attack\cyberware_attacks.tweak",".tweak","4557"
"tools\redmod\tweaks\base\gameplay\static_data\database\attack\device_attacks.tweak",".tweak","13430"
"tools\redmod\tweaks\base\gameplay\static_data\database\attack\direct.tweak",".tweak","1371"
"tools\redmod\tweaks\base\gameplay\static_data\database\attack\dots.tweak",".tweak","16208"
"tools\redmod\tweaks\base\gameplay\static_data\database\attack\environment_attacks.tweak",".tweak","2303"
"tools\redmod\tweaks\base\gameplay\static_data\database\attack\explosions.tweak",".tweak","51216"
"tools\redmod\tweaks\base\gameplay\static_data\database\attack\grenade_attacks.tweak",".tweak","3585"
"tools\redmod\tweaks\base\gameplay\static_data\database\attack\hercules_attacks.tweak",".tweak","1470"
"tools\redmod\tweaks\base\gameplay\static_data\database\attack\melee\attacks_directions.tweak",".tweak","3809"
"tools\redmod\tweaks\base\gameplay\static_data\database\attack\melee\axe_attacks.tweak",".tweak","20928"
"tools\redmod\tweaks\base\gameplay\static_data\database\attack\melee\baton_attacks.tweak",".tweak","20795"
"tools\redmod\tweaks\base\gameplay\static_data\database\attack\melee\chainsword_attacks.tweak",".tweak","18412"
"tools\redmod\tweaks\base\gameplay\static_data\database\attack\melee\fists_attacks.tweak",".tweak","17077"
"tools\redmod\tweaks\base\gameplay\static_data\database\attack\melee\katana_attacks.tweak",".tweak","19078"
"tools\redmod\tweaks\base\gameplay\static_data\database\attack\melee\knife_attacks.tweak",".tweak","20356"
"tools\redmod\tweaks\base\gameplay\static_data\database\attack\melee\machete_attacks.tweak",".tweak","30428"
"tools\redmod\tweaks\base\gameplay\static_data\database\attack\melee\mantis_blades_attacks.tweak",".tweak","26886"
"tools\redmod\tweaks\base\gameplay\static_data\database\attack\melee\melee_attack_directions.tweak",".tweak","772"
"tools\redmod\tweaks\base\gameplay\static_data\database\attack\melee\melee_attacks.tweak",".tweak","13838"
"tools\redmod\tweaks\base\gameplay\static_data\database\attack\melee\mono_wires_attacks.tweak",".tweak","18005"
"tools\redmod\tweaks\base\gameplay\static_data\database\attack\melee\one_hand_blade_attacks.tweak",".tweak","18786"
"tools\redmod\tweaks\base\gameplay\static_data\database\attack\melee\one_hand_blunt_attacks.tweak",".tweak","26839"
"tools\redmod\tweaks\base\gameplay\static_data\database\attack\melee\strong_arms_attacks.tweak",".tweak","20282"
"tools\redmod\tweaks\base\gameplay\static_data\database\attack\melee\two_hand_blunt_attacks.tweak",".tweak","16679"
"tools\redmod\tweaks\base\gameplay\static_data\database\attack\melee\two_hand_hammer_attacks.tweak",".tweak","21798"
"tools\redmod\tweaks\base\gameplay\static_data\database\attack\minotaur_attacks.tweak",".tweak","1714"
"tools\redmod\tweaks\base\gameplay\static_data\database\attack\newperk_attacks.tweak",".tweak","835"
"tools\redmod\tweaks\base\gameplay\static_data\database\attack\npc_attacks.tweak",".tweak","21870"
"tools\redmod\tweaks\base\gameplay\static_data\database\attack\oda_attacks.tweak",".tweak","2673"
"tools\redmod\tweaks\base\gameplay\static_data\database\attack\pressure_waves.tweak",".tweak","4571"
"tools\redmod\tweaks\base\gameplay\static_data\database\attack\projectile_launcher_round_attacks.tweak",".tweak","6915"
"tools\redmod\tweaks\base\gameplay\static_data\database\attack\royce_attacks.tweak",".tweak","9127"
"tools\redmod\tweaks\base\gameplay\static_data\database\attack\schema.tweak",".tweak","3662"
"tools\redmod\tweaks\base\gameplay\static_data\database\attack\thrown_projectiles.tweak",".tweak","3887"
"tools\redmod\tweaks\base\gameplay\static_data\database\attitude\attitudes.tweak",".tweak","49391"
"tools\redmod\tweaks\base\gameplay\static_data\database\attitude\attitudes_gameplay.tweak",".tweak","1738"
"tools\redmod\tweaks\base\gameplay\static_data\database\attitude\attitudes_ow.tweak",".tweak","29361"
"tools\redmod\tweaks\base\gameplay\static_data\database\attitude\schema.tweak",".tweak","303"
"tools\redmod\tweaks\base\gameplay\static_data\database\bounties\bounties.tweak",".tweak","6564"
"tools\redmod\tweaks\base\gameplay\static_data\database\bounties\bounty_draw_tables.tweak",".tweak","3077"
"tools\redmod\tweaks\base\gameplay\static_data\database\bounties\schema.tweak",".tweak","492"
"tools\redmod\tweaks\base\gameplay\static_data\database\bounties\transgressions.tweak",".tweak","6652"
"tools\redmod\tweaks\base\gameplay\static_data\database\camera\scenes\scene_camera_dof.tweak",".tweak","249"
"tools\redmod\tweaks\base\gameplay\static_data\database\camera\scenes\scene_camera_dof_profiles.tweak",".tweak","263"
"tools\redmod\tweaks\base\gameplay\static_data\database\camera\schema.tweak",".tweak","1604"
"tools\redmod\tweaks\base\gameplay\static_data\database\carriable\mq001.tweak",".tweak","157"
"tools\redmod\tweaks\base\gameplay\static_data\database\carriable\q000.tweak",".tweak","341"
"tools\redmod\tweaks\base\gameplay\static_data\database\carriable\q005.tweak",".tweak","311"
"tools\redmod\tweaks\base\gameplay\static_data\database\carriable\q103.tweak",".tweak","301"
"tools\redmod\tweaks\base\gameplay\static_data\database\carriable\q113.tweak",".tweak","192"
"tools\redmod\tweaks\base\gameplay\static_data\database\carriable\samples.tweak",".tweak","170"
"tools\redmod\tweaks\base\gameplay\static_data\database\carriable\schema.tweak",".tweak","59"
"tools\redmod\tweaks\base\gameplay\static_data\database\characters\appearances\sample_values.tweak",".tweak","105"
"tools\redmod\tweaks\base\gameplay\static_data\database\characters\bases\base_items.tweak",".tweak","6016"
"tools\redmod\tweaks\base\gameplay\static_data\database\characters\bases\base_records.tweak",".tweak","27006"
"tools\redmod\tweaks\base\gameplay\static_data\database\characters\bases\base_stat_pools.tweak",".tweak","692"
"tools\redmod\tweaks\base\gameplay\static_data\database\characters\bases\base_stats.tweak",".tweak","44"
"tools\redmod\tweaks\base\gameplay\static_data\database\characters\bases\base_visual_tags.tweak",".tweak","44"
"tools\redmod\tweaks\base\gameplay\static_data\database\characters\builds.tweak",".tweak","947"
"tools\redmod\tweaks\base\gameplay\static_data\database\characters\defensemode.tweak",".tweak","303"
"tools\redmod\tweaks\base\gameplay\static_data\database\characters\genders.tweak",".tweak","190"
"tools\redmod\tweaks\base\gameplay\static_data\database\characters\interactive_objects.tweak",".tweak","264"
"tools\redmod\tweaks\base\gameplay\static_data\database\characters\lifepaths.tweak",".tweak","623"
"tools\redmod\tweaks\base\gameplay\static_data\database\characters\locomotionmode.tweak",".tweak","162"
"tools\redmod\tweaks\base\gameplay\static_data\database\characters\loot_injection.tweak",".tweak","367"
"tools\redmod\tweaks\base\gameplay\static_data\database\characters\nameplate.tweak",".tweak","498"
"tools\redmod\tweaks\base\gameplay\static_data\database\characters\npcbehaviorstate.tweak",".tweak","360"
"tools\redmod\tweaks\base\gameplay\static_data\database\characters\npchighlevelstate.tweak",".tweak","631"
"tools\redmod\tweaks\base\gameplay\static_data\database\characters\npcs\records\crowds\civilians.tweak",".tweak","186"
"tools\redmod\tweaks\base\gameplay\static_data\database\characters\npcs\records\crowds\communities.tweak",".tweak","99016"
"tools\redmod\tweaks\base\gameplay\static_data\database\characters\npcs\records\crowds\crowdsettings.tweak",".tweak","11060"
"tools\redmod\tweaks\base\gameplay\static_data\database\characters\npcs\records\crowds\e3_19_customs.tweak",".tweak","534"
"tools\redmod\tweaks\base\gameplay\static_data\database\characters\npcs\records\crowds\schema.tweak",".tweak","1847"
"tools\redmod\tweaks\base\gameplay\static_data\database\characters\npcs\records\encounters\main_quests\q003.tweak",".tweak","1871"
"tools\redmod\tweaks\base\gameplay\static_data\database\characters\npcs\records\encounters\main_quests\q005.tweak",".tweak","5249"
"tools\redmod\tweaks\base\gameplay\static_data\database\characters\npcs\records\encounters\main_quests\q101.tweak",".tweak","2183"
"tools\redmod\tweaks\base\gameplay\static_data\database\characters\npcs\records\encounters\main_quests\q103.tweak",".tweak","7975"
"tools\redmod\tweaks\base\gameplay\static_data\database\characters\npcs\records\encounters\main_quests\q104.tweak",".tweak","5974"
"tools\redmod\tweaks\base\gameplay\static_data\database\characters\npcs\records\encounters\main_quests\q105.tweak",".tweak","5421"
"tools\redmod\tweaks\base\gameplay\static_data\database\characters\npcs\records\encounters\main_quests\q108.tweak",".tweak","2809"
"tools\redmod\tweaks\base\gameplay\static_data\database\characters\npcs\records\encounters\main_quests\q110.tweak",".tweak","3200"
"tools\redmod\tweaks\base\gameplay\static_data\database\characters\npcs\records\encounters\main_quests\q112.tweak",".tweak","16363"
"tools\redmod\tweaks\base\gameplay\static_data\database\characters\npcs\records\encounters\main_quests\q113.tweak",".tweak","9971"
"tools\redmod\tweaks\base\gameplay\static_data\database\characters\npcs\records\encounters\main_quests\q114.tweak",".tweak","7978"
"tools\redmod\tweaks\base\gameplay\static_data\database\characters\npcs\records\encounters\main_quests\q115.tweak",".tweak","13672"
"tools\redmod\tweaks\base\gameplay\static_data\database\characters\npcs\records\encounters\side_quests\sq004.tweak",".tweak","21"
"tools\redmod\tweaks\base\gameplay\static_data\database\characters\npcs\records\encounters\side_quests\sq006.tweak",".tweak","21"
"tools\redmod\tweaks\base\gameplay\static_data\database\characters\npcs\records\encounters\side_quests\sq011.tweak",".tweak","1829"
"tools\redmod\tweaks\base\gameplay\static_data\database\characters\npcs\records\encounters\side_quests\sq012.tweak",".tweak","21"
"tools\redmod\tweaks\base\gameplay\static_data\database\characters\npcs\records\encounters\side_quests\sq017.tweak",".tweak","21"
"tools\redmod\tweaks\base\gameplay\static_data\database\characters\npcs\records\encounters\side_quests\sq021.tweak",".tweak","1880"
"tools\redmod\tweaks\base\gameplay\static_data\database\characters\npcs\records\encounters\side_quests\sq025.tweak",".tweak","21"
"tools\redmod\tweaks\base\gameplay\static_data\database\characters\npcs\records\encounters\side_quests\sq026.tweak",".tweak","1899"
"tools\redmod\tweaks\base\gameplay\static_data\database\characters\npcs\records\encounters\side_quests\sq027.tweak",".tweak","21"
"tools\redmod\tweaks\base\gameplay\static_data\database\characters\npcs\records\encounters\side_quests\sq031.tweak",".tweak","21"
"tools\redmod\tweaks\base\gameplay\static_data\database\characters\npcs\records\ethnicities\ethnic_names.tweak",".tweak","193763"
"tools\redmod\tweaks\base\gameplay\static_data\database\characters\npcs\records\ethnicities\ethnicities.tweak",".tweak","923"
"tools\redmod\tweaks\base\gameplay\static_data\database\characters\npcs\records\ethnicities\ethnicities_appearance_map.tweak",".tweak","52769"
"tools\redmod\tweaks\base\gameplay\static_data\database\characters\npcs\records\ethnicities\schema.tweak",".tweak","475"
"tools\redmod\tweaks\base\gameplay\static_data\database\characters\npcs\records\gameplay\base_quest\main_quests.tweak",".tweak","2705"
"tools\redmod\tweaks\base\gameplay\static_data\database\characters\npcs\records\gameplay\base_quest\minor_activities.tweak",".tweak","29598"
"tools\redmod\tweaks\base\gameplay\static_data\database\characters\npcs\records\gameplay\base_quest\minor_quests.tweak",".tweak","5722"
"tools\redmod\tweaks\base\gameplay\static_data\database\characters\npcs\records\gameplay\base_quest\open_world.tweak",".tweak","3037"
"tools\redmod\tweaks\base\gameplay\static_data\database\characters\npcs\records\gameplay\base_quest\side_quests.tweak",".tweak","2460"
"tools\redmod\tweaks\base\gameplay\static_data\database\characters\npcs\records\gameplay\base_quest\street_stories.tweak",".tweak","10531"
"tools\redmod\tweaks\base\gameplay\static_data\database\characters\npcs\records\gameplay\bosses.tweak",".tweak","63356"
"tools\redmod\tweaks\base\gameplay\static_data\database\characters\npcs\records\gameplay\factions\afterlife_mercs.tweak",".tweak","14074"
"tools\redmod\tweaks\base\gameplay\static_data\database\characters\npcs\records\gameplay\factions\aldecaldos.tweak",".tweak","10281"
"tools\redmod\tweaks\base\gameplay\static_data\database\characters\npcs\records\gameplay\factions\animals.tweak",".tweak","35309"
"tools\redmod\tweaks\base\gameplay\static_data\database\characters\npcs\records\gameplay\factions\arasaka.tweak",".tweak","62120"
"tools\redmod\tweaks\base\gameplay\static_data\database\characters\npcs\records\gameplay\factions\drones.tweak",".tweak","218"
"tools\redmod\tweaks\base\gameplay\static_data\database\characters\npcs\records\gameplay\factions\fx_debug_npc_weapons.tweak",".tweak","24368"
"tools\redmod\tweaks\base\gameplay\static_data\database\characters\npcs\records\gameplay\factions\generic.tweak",".tweak","23385"
"tools\redmod\tweaks\base\gameplay\static_data\database\characters\npcs\records\gameplay\factions\kangtao.tweak",".tweak","7327"
"tools\redmod\tweaks\base\gameplay\static_data\database\characters\npcs\records\gameplay\factions\maelstrom.tweak",".tweak","50662"
"tools\redmod\tweaks\base\gameplay\static_data\database\characters\npcs\records\gameplay\factions\militech.tweak",".tweak","19066"
"tools\redmod\tweaks\base\gameplay\static_data\database\characters\npcs\records\gameplay\factions\ncpd.tweak",".tweak","29467"
"tools\redmod\tweaks\base\gameplay\static_data\database\characters\npcs\records\gameplay\factions\scavengers.tweak",".tweak","82990"
"tools\redmod\tweaks\base\gameplay\static_data\database\characters\npcs\records\gameplay\factions\security.tweak",".tweak","36326"
"tools\redmod\tweaks\base\gameplay\static_data\database\characters\npcs\records\gameplay\factions\sixth_street.tweak",".tweak","24419"
"tools\redmod\tweaks\base\gameplay\static_data\database\characters\npcs\records\gameplay\factions\the_mox.tweak",".tweak","6883"
"tools\redmod\tweaks\base\gameplay\static_data\database\characters\npcs\records\gameplay\factions\trauma_team.tweak",".tweak","5151"
"tools\redmod\tweaks\base\gameplay\static_data\database\characters\npcs\records\gameplay\factions\tyger_claws.tweak",".tweak","50758"
"tools\redmod\tweaks\base\gameplay\static_data\database\characters\npcs\records\gameplay\factions\valentinos.tweak",".tweak","31495"
"tools\redmod\tweaks\base\gameplay\static_data\database\characters\npcs\records\gameplay\factions\voodoo_boys.tweak",".tweak","18308"
"tools\redmod\tweaks\base\gameplay\static_data\database\characters\npcs\records\gameplay\factions\wraiths.tweak",".tweak","22265"
"tools\redmod\tweaks\base\gameplay\static_data\database\characters\npcs\records\gameplay\gameplay.tweak",".tweak","64996"
"tools\redmod\tweaks\base\gameplay\static_data\database\characters\npcs\records\gameplay\kurt_militia_dogtown_gate.tweak",".tweak","1819"
"tools\redmod\tweaks\base\gameplay\static_data\database\characters\npcs\records\gameplay\npcquestaffiliation.tweak",".tweak","455"
"tools\redmod\tweaks\base\gameplay\static_data\database\characters\npcs\records\gameplay\npcrarities.tweak",".tweak","14074"
"tools\redmod\tweaks\base\gameplay\static_data\database\characters\npcs\records\gameplay\npcstatpreset.tweak",".tweak","21001"
"tools\redmod\tweaks\base\gameplay\static_data\database\characters\npcs\records\gameplay\npcvehicle.tweak",".tweak","581"
"tools\redmod\tweaks\base\gameplay\static_data\database\characters\npcs\records\gameplay\prevenetion_system.tweak",".tweak","47258"
"tools\redmod\tweaks\base\gameplay\static_data\database\characters\npcs\records\gameplay\security_area_gym.tweak",".tweak","947"
"tools\redmod\tweaks\base\gameplay\static_data\database\characters\npcs\records\gameplay\tutorial.tweak",".tweak","1323"
"tools\redmod\tweaks\base\gameplay\static_data\database\characters\npcs\records\gyms\ccl.tweak",".tweak","20458"
"tools\redmod\tweaks\base\gameplay\static_data\database\characters\npcs\records\gyms\collision_avoidance.tweak",".tweak","271"
"tools\redmod\tweaks\base\gameplay\static_data\database\characters\npcs\records\gyms\gym_cinematics.tweak",".tweak","1111"
"tools\redmod\tweaks\base\gameplay\static_data\database\characters\npcs\records\gyms\gym_cloth.tweak",".tweak","2074"
"tools\redmod\tweaks\base\gameplay\static_data\database\characters\npcs\records\gyms\gym_drones.tweak",".tweak","6821"
"tools\redmod\tweaks\base\gameplay\static_data\database\characters\npcs\records\gyms\gym_encounters.tweak",".tweak","284"
"tools\redmod\tweaks\base\gameplay\static_data\database\characters\npcs\records\gyms\gym_interactions.tweak",".tweak","300"
"tools\redmod\tweaks\base\gameplay\static_data\database\characters\npcs\records\gyms\gym_vehicles.tweak",".tweak","719"
"tools\redmod\tweaks\base\gameplay\static_data\database\characters\npcs\records\quest\city_scenes\city_scenes.tweak",".tweak","4441"
"tools\redmod\tweaks\base\gameplay\static_data\database\characters\npcs\records\quest\city_scenes\ue_cats.tweak",".tweak","705"
"tools\redmod\tweaks\base\gameplay\static_data\database\characters\npcs\records\quest\city_scenes\ue_metro_passengers.tweak",".tweak","813"
"tools\redmod\tweaks\base\gameplay\static_data\database\characters\npcs\records\quest\combat_events\arasaka_waterfront.tweak",".tweak","825"
"tools\redmod\tweaks\base\gameplay\static_data\database\characters\npcs\records\quest\combat_events\arroyo.tweak",".tweak","12605"
"tools\redmod\tweaks\base\gameplay\static_data\database\characters\npcs\records\quest\combat_events\badlands_northeast.tweak",".tweak","441"
"tools\redmod\tweaks\base\gameplay\static_data\database\characters\npcs\records\quest\combat_events\badlands_southeast.tweak",".tweak","14389"
"tools\redmod\tweaks\base\gameplay\static_data\database\characters\npcs\records\quest\combat_events\charter_hill.tweak",".tweak","10197"
"tools\redmod\tweaks\base\gameplay\static_data\database\characters\npcs\records\quest\combat_events\coastview.tweak",".tweak","12435"
"tools\redmod\tweaks\base\gameplay\static_data\database\characters\npcs\records\quest\combat_events\corpo_plaza.tweak",".tweak","9051"
"tools\redmod\tweaks\base\gameplay\static_data\database\characters\npcs\records\quest\combat_events\downtown.tweak",".tweak","17745"
"tools\redmod\tweaks\base\gameplay\static_data\database\characters\npcs\records\quest\combat_events\glen.tweak",".tweak","9409"
"tools\redmod\tweaks\base\gameplay\static_data\database\characters\npcs\records\quest\combat_events\japan_town.tweak",".tweak","8856"
"tools\redmod\tweaks\base\gameplay\static_data\database\characters\npcs\records\quest\combat_events\kabuki.tweak",".tweak","20123"
"tools\redmod\tweaks\base\gameplay\static_data\database\characters\npcs\records\quest\combat_events\little_china.tweak",".tweak","16609"
"tools\redmod\tweaks\base\gameplay\static_data\database\characters\npcs\records\quest\combat_events\north_oak.tweak",".tweak","7241"
"tools\redmod\tweaks\base\gameplay\static_data\database\characters\npcs\records\quest\combat_events\northside.tweak",".tweak","24299"
"tools\redmod\tweaks\base\gameplay\static_data\database\characters\npcs\records\quest\combat_events\rancho_coronado.tweak",".tweak","12419"
"tools\redmod\tweaks\base\gameplay\static_data\database\characters\npcs\records\quest\combat_events\vista_del_rey.tweak",".tweak","8321"
"tools\redmod\tweaks\base\gameplay\static_data\database\characters\npcs\records\quest\combat_events\wellsprings.tweak",".tweak","8664"
"tools\redmod\tweaks\base\gameplay\static_data\database\characters\npcs\records\quest\combat_events\west_wind_estate.tweak",".tweak","9414"
"tools\redmod\tweaks\base\gameplay\static_data\database\characters\npcs\records\quest\main_characters\primarycharacters.tweak",".tweak","10012"
"tools\redmod\tweaks\base\gameplay\static_data\database\characters\npcs\records\quest\main_characters\secondarycharacters.tweak",".tweak","11310"
"tools\redmod\tweaks\base\gameplay\static_data\database\characters\npcs\records\quest\main_characters\tertiarycharacters.tweak",".tweak","49249"
"tools\redmod\tweaks\base\gameplay\static_data\database\characters\npcs\records\quest\media\mediacharacters.tweak",".tweak","5726"
"tools\redmod\tweaks\base\gameplay\static_data\database\characters\npcs\records\quest\mini_world_stories\mws_bad.tweak",".tweak","12677"
"tools\redmod\tweaks\base\gameplay\static_data\database\characters\npcs\records\quest\mini_world_stories\mws_cc.tweak",".tweak","617"
"tools\redmod\tweaks\base\gameplay\static_data\database\characters\npcs\records\quest\mini_world_stories\mws_hey.tweak",".tweak","9201"
"tools\redmod\tweaks\base\gameplay\static_data\database\characters\npcs\records\quest\mini_world_stories\mws_pac.tweak",".tweak","2246"
"tools\redmod\tweaks\base\gameplay\static_data\database\characters\npcs\records\quest\mini_world_stories\mws_san.tweak",".tweak","2260"
"tools\redmod\tweaks\base\gameplay\static_data\database\characters\npcs\records\quest\mini_world_stories\mws_wat.tweak",".tweak","2181"
"tools\redmod\tweaks\base\gameplay\static_data\database\characters\npcs\records\quest\mini_world_stories\mws_wes.tweak",".tweak","384"
"tools\redmod\tweaks\base\gameplay\static_data\database\characters\npcs\records\quest\minor_activities\ma_bls_ina.tweak",".tweak","17315"
"tools\redmod\tweaks\base\gameplay\static_data\database\characters\npcs\records\quest\minor_activities\ma_cct_cpz.tweak",".tweak","527"
"tools\redmod\tweaks\base\gameplay\static_data\database\characters\npcs\records\quest\minor_activities\ma_cct_dtn.tweak",".tweak","9685"
"tools\redmod\tweaks\base\gameplay\static_data\database\characters\npcs\records\quest\minor_activities\ma_hey_gle.tweak",".tweak","3926"
"tools\redmod\tweaks\base\gameplay\static_data\database\characters\npcs\records\quest\minor_activities\ma_hey_rey.tweak",".tweak","1701"
"tools\redmod\tweaks\base\gameplay\static_data\database\characters\npcs\records\quest\minor_activities\ma_hey_spr.tweak",".tweak","9896"
"tools\redmod\tweaks\base\gameplay\static_data\database\characters\npcs\records\quest\minor_activities\ma_outposts_ncpd_dipatch.tweak",".tweak","321"
"tools\redmod\tweaks\base\gameplay\static_data\database\characters\npcs\records\quest\minor_activities\ma_pac_cvi.tweak",".tweak","6801"
"tools\redmod\tweaks\base\gameplay\static_data\database\characters\npcs\records\quest\minor_activities\ma_pac_wwd.tweak",".tweak","965"
"tools\redmod\tweaks\base\gameplay\static_data\database\characters\npcs\records\quest\minor_activities\ma_std_arr.tweak",".tweak","6588"
"tools\redmod\tweaks\base\gameplay\static_data\database\characters\npcs\records\quest\minor_activities\ma_std_rcr.tweak",".tweak","18967"
"tools\redmod\tweaks\base\gameplay\static_data\database\characters\npcs\records\quest\minor_activities\ma_wat_jpn.tweak",".tweak","3790"
"tools\redmod\tweaks\base\gameplay\static_data\database\characters\npcs\records\quest\minor_activities\ma_wat_kab.tweak",".tweak","8031"
"tools\redmod\tweaks\base\gameplay\static_data\database\characters\npcs\records\quest\minor_activities\ma_wat_lch.tweak",".tweak","6621"
"tools\redmod\tweaks\base\gameplay\static_data\database\characters\npcs\records\quest\minor_activities\ma_wat_nid.tweak",".tweak","13052"
"tools\redmod\tweaks\base\gameplay\static_data\database\characters\npcs\records\quest\minor_activities\ma_wat_nid_15.tweak",".tweak","2553"
"tools\redmod\tweaks\base\gameplay\static_data\database\characters\npcs\records\quest\minor_activities\ma_wbr_hil.tweak",".tweak","331"
"tools\redmod\tweaks\base\gameplay\static_data\database\characters\npcs\records\quest\minor_activities\ma_wbr_nok.tweak",".tweak","1270"
"tools\redmod\tweaks\base\gameplay\static_data\database\characters\npcs\records\quest\minor_quests\mq000.tweak",".tweak","592"
"tools\redmod\tweaks\base\gameplay\static_data\database\characters\npcs\records\quest\minor_quests\mq001.tweak",".tweak","830"
"tools\redmod\tweaks\base\gameplay\static_data\database\characters\npcs\records\quest\minor_quests\mq002.tweak",".tweak","2439"
"tools\redmod\tweaks\base\gameplay\static_data\database\characters\npcs\records\quest\minor_quests\mq003.tweak",".tweak","2905"
"tools\redmod\tweaks\base\gameplay\static_data\database\characters\npcs\records\quest\minor_quests\mq005.tweak",".tweak","6333"
"tools\redmod\tweaks\base\gameplay\static_data\database\characters\npcs\records\quest\minor_quests\mq006.tweak",".tweak","2736"
"tools\redmod\tweaks\base\gameplay\static_data\database\characters\npcs\records\quest\minor_quests\mq007.tweak",".tweak","483"
"tools\redmod\tweaks\base\gameplay\static_data\database\characters\npcs\records\quest\minor_quests\mq008.tweak",".tweak","20274"
"tools\redmod\tweaks\base\gameplay\static_data\database\characters\npcs\records\quest\minor_quests\mq009.tweak",".tweak","1002"
"tools\redmod\tweaks\base\gameplay\static_data\database\characters\npcs\records\quest\minor_quests\mq010.tweak",".tweak","2136"
"tools\redmod\tweaks\base\gameplay\static_data\database\characters\npcs\records\quest\minor_quests\mq011.tweak",".tweak","3215"
"tools\redmod\tweaks\base\gameplay\static_data\database\characters\npcs\records\quest\minor_quests\mq012.tweak",".tweak","2031"
"tools\redmod\tweaks\base\gameplay\static_data\database\characters\npcs\records\quest\minor_quests\mq013.tweak",".tweak","1632"
"tools\redmod\tweaks\base\gameplay\static_data\database\characters\npcs\records\quest\minor_quests\mq014.tweak",".tweak","678"
"tools\redmod\tweaks\base\gameplay\static_data\database\characters\npcs\records\quest\minor_quests\mq015.tweak",".tweak","870"
"tools\redmod\tweaks\base\gameplay\static_data\database\characters\npcs\records\quest\minor_quests\mq017.tweak",".tweak","910"
"tools\redmod\tweaks\base\gameplay\static_data\database\characters\npcs\records\quest\minor_quests\mq018.tweak",".tweak","792"
"tools\redmod\tweaks\base\gameplay\static_data\database\characters\npcs\records\quest\minor_quests\mq019.tweak",".tweak","1817"
"tools\redmod\tweaks\base\gameplay\static_data\database\characters\npcs\records\quest\minor_quests\mq021.tweak",".tweak","7077"
"tools\redmod\tweaks\base\gameplay\static_data\database\characters\npcs\records\quest\minor_quests\mq022.tweak",".tweak","3110"
"tools\redmod\tweaks\base\gameplay\static_data\database\characters\npcs\records\quest\minor_quests\mq023.tweak",".tweak","1069"
"tools\redmod\tweaks\base\gameplay\static_data\database\characters\npcs\records\quest\minor_quests\mq024.tweak",".tweak","799"
"tools\redmod\tweaks\base\gameplay\static_data\database\characters\npcs\records\quest\minor_quests\mq025.tweak",".tweak","14178"
"tools\redmod\tweaks\base\gameplay\static_data\database\characters\npcs\records\quest\minor_quests\mq026.tweak",".tweak","5254"
"tools\redmod\tweaks\base\gameplay\static_data\database\characters\npcs\records\quest\minor_quests\mq027.tweak",".tweak","1135"
"tools\redmod\tweaks\base\gameplay\static_data\database\characters\npcs\records\quest\minor_quests\mq028.tweak",".tweak","3737"
"tools\redmod\tweaks\base\gameplay\static_data\database\characters\npcs\records\quest\minor_quests\mq029.tweak",".tweak","898"
"tools\redmod\tweaks\base\gameplay\static_data\database\characters\npcs\records\quest\minor_quests\mq030.tweak",".tweak","8564"
"tools\redmod\tweaks\base\gameplay\static_data\database\characters\npcs\records\quest\minor_quests\mq032.tweak",".tweak","2073"
"tools\redmod\tweaks\base\gameplay\static_data\database\characters\npcs\records\quest\minor_quests\mq034.tweak",".tweak","316"
"tools\redmod\tweaks\base\gameplay\static_data\database\characters\npcs\records\quest\minor_quests\mq035.tweak",".tweak","1701"
"tools\redmod\tweaks\base\gameplay\static_data\database\characters\npcs\records\quest\minor_quests\mq036.tweak",".tweak","3211"
"tools\redmod\tweaks\base\gameplay\static_data\database\characters\npcs\records\quest\minor_quests\mq037.tweak",".tweak","2740"
"tools\redmod\tweaks\base\gameplay\static_data\database\characters\npcs\records\quest\minor_quests\mq038.tweak",".tweak","1655"
"tools\redmod\tweaks\base\gameplay\static_data\database\characters\npcs\records\quest\minor_quests\mq040.tweak",".tweak","3428"
"tools\redmod\tweaks\base\gameplay\static_data\database\characters\npcs\records\quest\minor_quests\mq042.tweak",".tweak","501"
"tools\redmod\tweaks\base\gameplay\static_data\database\characters\npcs\records\quest\minor_quests\mq044.tweak",".tweak","903"
"tools\redmod\tweaks\base\gameplay\static_data\database\characters\npcs\records\quest\minor_quests\mq051.tweak",".tweak","1467"
"tools\redmod\tweaks\base\gameplay\static_data\database\characters\npcs\records\quest\minor_quests\mq056.tweak",".tweak","4387"
"tools\redmod\tweaks\base\gameplay\static_data\database\characters\npcs\records\quest\minor_quests\mq057.tweak",".tweak","1863"
"tools\redmod\tweaks\base\gameplay\static_data\database\characters\npcs\records\quest\minor_quests\mq058.tweak",".tweak","843"
"tools\redmod\tweaks\base\gameplay\static_data\database\characters\npcs\records\quest\minor_quests\mq059.tweak",".tweak","5425"
"tools\redmod\tweaks\base\gameplay\static_data\database\characters\npcs\records\quest\minor_quests\mq060.tweak",".tweak","5403"
"tools\redmod\tweaks\base\gameplay\static_data\database\characters\npcs\records\quest\persistent_names.tweak",".tweak","497"
"tools\redmod\tweaks\base\gameplay\static_data\database\characters\npcs\records\quest\quests\q000.tweak",".tweak","76742"
"tools\redmod\tweaks\base\gameplay\static_data\database\characters\npcs\records\quest\quests\q001.tweak",".tweak","23280"
"tools\redmod\tweaks\base\gameplay\static_data\database\characters\npcs\records\quest\quests\q002.tweak",".tweak","44"
"tools\redmod\tweaks\base\gameplay\static_data\database\characters\npcs\records\quest\quests\q003.tweak",".tweak","10357"
"tools\redmod\tweaks\base\gameplay\static_data\database\characters\npcs\records\quest\quests\q004.tweak",".tweak","30831"
"tools\redmod\tweaks\base\gameplay\static_data\database\characters\npcs\records\quest\quests\q005.tweak",".tweak","31395"
"tools\redmod\tweaks\base\gameplay\static_data\database\characters\npcs\records\quest\quests\q101.tweak",".tweak","14798"
"tools\redmod\tweaks\base\gameplay\static_data\database\characters\npcs\records\quest\quests\q102.tweak",".tweak","44"
"tools\redmod\tweaks\base\gameplay\static_data\database\characters\npcs\records\quest\quests\q103.tweak",".tweak","4311"
"tools\redmod\tweaks\base\gameplay\static_data\database\characters\npcs\records\quest\quests\q104.tweak",".tweak","2601"
"tools\redmod\tweaks\base\gameplay\static_data\database\characters\npcs\records\quest\quests\q105.tweak",".tweak","28136"
"tools\redmod\tweaks\base\gameplay\static_data\database\characters\npcs\records\quest\quests\q108.tweak",".tweak","23542"
"tools\redmod\tweaks\base\gameplay\static_data\database\characters\npcs\records\quest\quests\q110.tweak",".tweak","21471"
"tools\redmod\tweaks\base\gameplay\static_data\database\characters\npcs\records\quest\quests\q111.tweak",".tweak","293"
"tools\redmod\tweaks\base\gameplay\static_data\database\characters\npcs\records\quest\quests\q112.tweak",".tweak","8503"
"tools\redmod\tweaks\base\gameplay\static_data\database\characters\npcs\records\quest\quests\q113.tweak",".tweak","5472"
"tools\redmod\tweaks\base\gameplay\static_data\database\characters\npcs\records\quest\quests\q114.tweak",".tweak","7203"
"tools\redmod\tweaks\base\gameplay\static_data\database\characters\npcs\records\quest\quests\q115.tweak",".tweak","3032"
"tools\redmod\tweaks\base\gameplay\static_data\database\characters\npcs\records\quest\quests\q116.tweak",".tweak","1365"
"tools\redmod\tweaks\base\gameplay\static_data\database\characters\npcs\records\quest\quests\q201.tweak",".tweak","2282"
"tools\redmod\tweaks\base\gameplay\static_data\database\characters\npcs\records\quest\quests\q203.tweak",".tweak","953"
"tools\redmod\tweaks\base\gameplay\static_data\database\characters\npcs\records\quest\quests\q204.tweak",".tweak","2562"
"tools\redmod\tweaks\base\gameplay\static_data\database\characters\npcs\records\quest\sidequests\sq004.tweak",".tweak","6490"
"tools\redmod\tweaks\base\gameplay\static_data\database\characters\npcs\records\quest\sidequests\sq006.tweak",".tweak","3175"
"tools\redmod\tweaks\base\gameplay\static_data\database\characters\npcs\records\quest\sidequests\sq011.tweak",".tweak","15104"
"tools\redmod\tweaks\base\gameplay\static_data\database\characters\npcs\records\quest\sidequests\sq012.tweak",".tweak","9512"
"tools\redmod\tweaks\base\gameplay\static_data\database\characters\npcs\records\quest\sidequests\sq017.tweak",".tweak","14953"
"tools\redmod\tweaks\base\gameplay\static_data\database\characters\npcs\records\quest\sidequests\sq018.tweak",".tweak","3938"
"tools\redmod\tweaks\base\gameplay\static_data\database\characters\npcs\records\quest\sidequests\sq021.tweak",".tweak","11828"
"tools\redmod\tweaks\base\gameplay\static_data\database\characters\npcs\records\quest\sidequests\sq023.tweak",".tweak","22287"
"tools\redmod\tweaks\base\gameplay\static_data\database\characters\npcs\records\quest\sidequests\sq024.tweak",".tweak","5165"
"tools\redmod\tweaks\base\gameplay\static_data\database\characters\npcs\records\quest\sidequests\sq025.tweak",".tweak","9057"
"tools\redmod\tweaks\base\gameplay\static_data\database\characters\npcs\records\quest\sidequests\sq026.tweak",".tweak","3951"
"tools\redmod\tweaks\base\gameplay\static_data\database\characters\npcs\records\quest\sidequests\sq027.tweak",".tweak","2624"
"tools\redmod\tweaks\base\gameplay\static_data\database\characters\npcs\records\quest\sidequests\sq029.tweak",".tweak","3098"
"tools\redmod\tweaks\base\gameplay\static_data\database\characters\npcs\records\quest\sidequests\sq030.tweak",".tweak","970"
"tools\redmod\tweaks\base\gameplay\static_data\database\characters\npcs\records\quest\sidequests\sq031.tweak",".tweak","11903"
"tools\redmod\tweaks\base\gameplay\static_data\database\characters\npcs\records\quest\sidequests\sq032.tweak",".tweak","44"
"tools\redmod\tweaks\base\gameplay\static_data\database\characters\npcs\records\quest\street_stories\mws_gang_retaliation.tweak",".tweak","12027"
"tools\redmod\tweaks\base\gameplay\static_data\database\characters\npcs\records\quest\street_stories\ow_fixers_drivers.tweak",".tweak","2031"
"tools\redmod\tweaks\base\gameplay\static_data\database\characters\npcs\records\quest\street_stories\ow_prolog_roadblocks.tweak",".tweak","334"
"tools\redmod\tweaks\base\gameplay\static_data\database\characters\npcs\records\quest\street_stories\street_stories.tweak",".tweak","8231"
"tools\redmod\tweaks\base\gameplay\static_data\database\characters\npcs\records\quest\street_stories\sts_bls_ina_02.tweak",".tweak","2404"
"tools\redmod\tweaks\base\gameplay\static_data\database\characters\npcs\records\quest\street_stories\sts_bls_ina_03.tweak",".tweak","1995"
"tools\redmod\tweaks\base\gameplay\static_data\database\characters\npcs\records\quest\street_stories\sts_bls_ina_04.tweak",".tweak","2273"
"tools\redmod\tweaks\base\gameplay\static_data\database\characters\npcs\records\quest\street_stories\sts_bls_ina_05.tweak",".tweak","4989"
"tools\redmod\tweaks\base\gameplay\static_data\database\characters\npcs\records\quest\street_stories\sts_bls_ina_06.tweak",".tweak","1787"
"tools\redmod\tweaks\base\gameplay\static_data\database\characters\npcs\records\quest\street_stories\sts_bls_ina_07.tweak",".tweak","1012"
"tools\redmod\tweaks\base\gameplay\static_data\database\characters\npcs\records\quest\street_stories\sts_bls_ina_08.tweak",".tweak","3204"
"tools\redmod\tweaks\base\gameplay\static_data\database\characters\npcs\records\quest\street_stories\sts_bls_ina_09.tweak",".tweak","1780"
"tools\redmod\tweaks\base\gameplay\static_data\database\characters\npcs\records\quest\street_stories\sts_bls_ina_101.tweak",".tweak","836"
"tools\redmod\tweaks\base\gameplay\static_data\database\characters\npcs\records\quest\street_stories\sts_bls_ina_11.tweak",".tweak","1740"
"tools\redmod\tweaks\base\gameplay\static_data\database\characters\npcs\records\quest\street_stories\sts_cct_cpz_01.tweak",".tweak","2451"
"tools\redmod\tweaks\base\gameplay\static_data\database\characters\npcs\records\quest\street_stories\sts_cct_dtn_02.tweak",".tweak","5950"
"tools\redmod\tweaks\base\gameplay\static_data\database\characters\npcs\records\quest\street_stories\sts_cct_dtn_03.tweak",".tweak","965"
"tools\redmod\tweaks\base\gameplay\static_data\database\characters\npcs\records\quest\street_stories\sts_cct_dtn_04.tweak",".tweak","2804"
"tools\redmod\tweaks\base\gameplay\static_data\database\characters\npcs\records\quest\street_stories\sts_cct_dtn_05.tweak",".tweak","982"
"tools\redmod\tweaks\base\gameplay\static_data\database\characters\npcs\records\quest\street_stories\sts_gang_retaliation.tweak",".tweak","34217"
"tools\redmod\tweaks\base\gameplay\static_data\database\characters\npcs\records\quest\street_stories\sts_hey_gle_01.tweak",".tweak","2195"
"tools\redmod\tweaks\base\gameplay\static_data\database\characters\npcs\records\quest\street_stories\sts_hey_gle_03.tweak",".tweak","1155"
"tools\redmod\tweaks\base\gameplay\static_data\database\characters\npcs\records\quest\street_stories\sts_hey_gle_04.tweak",".tweak","2772"
"tools\redmod\tweaks\base\gameplay\static_data\database\characters\npcs\records\quest\street_stories\sts_hey_gle_05.tweak",".tweak","936"
"tools\redmod\tweaks\base\gameplay\static_data\database\characters\npcs\records\quest\street_stories\sts_hey_gle_06.tweak",".tweak","2048"
"tools\redmod\tweaks\base\gameplay\static_data\database\characters\npcs\records\quest\street_stories\sts_hey_rey_01.tweak",".tweak","2344"
"tools\redmod\tweaks\base\gameplay\static_data\database\characters\npcs\records\quest\street_stories\sts_hey_rey_02.tweak",".tweak","2194"
"tools\redmod\tweaks\base\gameplay\static_data\database\characters\npcs\records\quest\street_stories\sts_hey_rey_06.tweak",".tweak","2586"
"tools\redmod\tweaks\base\gameplay\static_data\database\characters\npcs\records\quest\street_stories\sts_hey_rey_08.tweak",".tweak","3022"
"tools\redmod\tweaks\base\gameplay\static_data\database\characters\npcs\records\quest\street_stories\sts_hey_rey_09.tweak",".tweak","2315"
"tools\redmod\tweaks\base\gameplay\static_data\database\characters\npcs\records\quest\street_stories\sts_hey_rey_101.tweak",".tweak","961"
"tools\redmod\tweaks\base\gameplay\static_data\database\characters\npcs\records\quest\street_stories\sts_hey_spr_01.tweak",".tweak","3498"
"tools\redmod\tweaks\base\gameplay\static_data\database\characters\npcs\records\quest\street_stories\sts_hey_spr_03.tweak",".tweak","1721"
"tools\redmod\tweaks\base\gameplay\static_data\database\characters\npcs\records\quest\street_stories\sts_hey_spr_06.tweak",".tweak","2529"
"tools\redmod\tweaks\base\gameplay\static_data\database\characters\npcs\records\quest\street_stories\sts_pac_cvi_02.tweak",".tweak","971"
"tools\redmod\tweaks\base\gameplay\static_data\database\characters\npcs\records\quest\street_stories\sts_pac_wwd_05.tweak",".tweak","2005"
"tools\redmod\tweaks\base\gameplay\static_data\database\characters\npcs\records\quest\street_stories\sts_std_arr_01.tweak",".tweak","3299"
"tools\redmod\tweaks\base\gameplay\static_data\database\characters\npcs\records\quest\street_stories\sts_std_arr_03.tweak",".tweak","2643"
"tools\redmod\tweaks\base\gameplay\static_data\database\characters\npcs\records\quest\street_stories\sts_std_arr_05.tweak",".tweak","1997"
"tools\redmod\tweaks\base\gameplay\static_data\database\characters\npcs\records\quest\street_stories\sts_std_arr_06.tweak",".tweak","7718"
"tools\redmod\tweaks\base\gameplay\static_data\database\characters\npcs\records\quest\street_stories\sts_std_arr_09.tweak",".tweak","204"
"tools\redmod\tweaks\base\gameplay\static_data\database\characters\npcs\records\quest\street_stories\sts_std_arr_10.tweak",".tweak","2814"
"tools\redmod\tweaks\base\gameplay\static_data\database\characters\npcs\records\quest\street_stories\sts_std_arr_11.tweak",".tweak","1998"
"tools\redmod\tweaks\base\gameplay\static_data\database\characters\npcs\records\quest\street_stories\sts_std_arr_12.tweak",".tweak","5868"
"tools\redmod\tweaks\base\gameplay\static_data\database\characters\npcs\records\quest\street_stories\sts_std_rcr_01.tweak",".tweak","3661"
"tools\redmod\tweaks\base\gameplay\static_data\database\characters\npcs\records\quest\street_stories\sts_std_rcr_02.tweak",".tweak","3978"
"tools\redmod\tweaks\base\gameplay\static_data\database\characters\npcs\records\quest\street_stories\sts_std_rcr_03.tweak",".tweak","3173"
"tools\redmod\tweaks\base\gameplay\static_data\database\characters\npcs\records\quest\street_stories\sts_std_rcr_04.tweak",".tweak","1406"
"tools\redmod\tweaks\base\gameplay\static_data\database\characters\npcs\records\quest\street_stories\sts_std_rcr_05.tweak",".tweak","2962"
"tools\redmod\tweaks\base\gameplay\static_data\database\characters\npcs\records\quest\street_stories\sts_wat_kab_01.tweak",".tweak","4247"
"tools\redmod\tweaks\base\gameplay\static_data\database\characters\npcs\records\quest\street_stories\sts_wat_kab_02.tweak",".tweak","2683"
"tools\redmod\tweaks\base\gameplay\static_data\database\characters\npcs\records\quest\street_stories\sts_wat_kab_03.tweak",".tweak","1348"
"tools\redmod\tweaks\base\gameplay\static_data\database\characters\npcs\records\quest\street_stories\sts_wat_kab_04.tweak",".tweak","4470"
"tools\redmod\tweaks\base\gameplay\static_data\database\characters\npcs\records\quest\street_stories\sts_wat_kab_05.tweak",".tweak","2993"
"tools\redmod\tweaks\base\gameplay\static_data\database\characters\npcs\records\quest\street_stories\sts_wat_kab_06.tweak",".tweak","2528"
"tools\redmod\tweaks\base\gameplay\static_data\database\characters\npcs\records\quest\street_stories\sts_wat_kab_07.tweak",".tweak","6155"
"tools\redmod\tweaks\base\gameplay\static_data\database\characters\npcs\records\quest\street_stories\sts_wat_kab_08.tweak",".tweak","2424"
"tools\redmod\tweaks\base\gameplay\static_data\database\characters\npcs\records\quest\street_stories\sts_wat_kab_101.tweak",".tweak","3363"
"tools\redmod\tweaks\base\gameplay\static_data\database\characters\npcs\records\quest\street_stories\sts_wat_kab_102.tweak",".tweak","2653"
"tools\redmod\tweaks\base\gameplay\static_data\database\characters\npcs\records\quest\street_stories\sts_wat_kab_107.tweak",".tweak","1939"
"tools\redmod\tweaks\base\gameplay\static_data\database\characters\npcs\records\quest\street_stories\sts_wat_lch_01.tweak",".tweak","1450"
"tools\redmod\tweaks\base\gameplay\static_data\database\characters\npcs\records\quest\street_stories\sts_wat_lch_03.tweak",".tweak","3058"
"tools\redmod\tweaks\base\gameplay\static_data\database\characters\npcs\records\quest\street_stories\sts_wat_lch_05.tweak",".tweak","1176"
"tools\redmod\tweaks\base\gameplay\static_data\database\characters\npcs\records\quest\street_stories\sts_wat_lch_06.tweak",".tweak","1830"
"tools\redmod\tweaks\base\gameplay\static_data\database\characters\npcs\records\quest\street_stories\sts_wat_nid_01.tweak",".tweak","1954"
"tools\redmod\tweaks\base\gameplay\static_data\database\characters\npcs\records\quest\street_stories\sts_wat_nid_02.tweak",".tweak","2512"
"tools\redmod\tweaks\base\gameplay\static_data\database\characters\npcs\records\quest\street_stories\sts_wat_nid_03.tweak",".tweak","2130"
"tools\redmod\tweaks\base\gameplay\static_data\database\characters\npcs\records\quest\street_stories\sts_wat_nid_04.tweak",".tweak","2431"
"tools\redmod\tweaks\base\gameplay\static_data\database\characters\npcs\records\quest\street_stories\sts_wat_nid_05.tweak",".tweak","1834"
"tools\redmod\tweaks\base\gameplay\static_data\database\characters\npcs\records\quest\street_stories\sts_wat_nid_06.tweak",".tweak","1922"
"tools\redmod\tweaks\base\gameplay\static_data\database\characters\npcs\records\quest\street_stories\sts_wat_nid_07.tweak",".tweak","1803"
"tools\redmod\tweaks\base\gameplay\static_data\database\characters\npcs\records\quest\street_stories\sts_wat_nid_10.tweak",".tweak","44"
"tools\redmod\tweaks\base\gameplay\static_data\database\characters\npcs\records\quest\street_stories\sts_wat_nid_101.tweak",".tweak","766"
"tools\redmod\tweaks\base\gameplay\static_data\database\characters\npcs\records\quest\street_stories\sts_wat_nid_102.tweak",".tweak","722"
"tools\redmod\tweaks\base\gameplay\static_data\database\characters\npcs\records\quest\street_stories\sts_wat_nid_12.tweak",".tweak","536"
"tools\redmod\tweaks\base\gameplay\static_data\database\characters\npcs\records\quest\street_stories\sts_wbr_hil_01.tweak",".tweak","988"
"tools\redmod\tweaks\base\gameplay\static_data\database\characters\npcs\records\quest\street_stories\sts_wbr_hil_06.tweak",".tweak","2622"
"tools\redmod\tweaks\base\gameplay\static_data\database\characters\npcs\records\quest\street_stories\sts_wbr_hil_07.tweak",".tweak","2769"
"tools\redmod\tweaks\base\gameplay\static_data\database\characters\npcs\records\quest\street_stories\sts_wbr_hil_101.tweak",".tweak","508"
"tools\redmod\tweaks\base\gameplay\static_data\database\characters\npcs\records\quest\street_stories\sts_wbr_jpn_01.tweak",".tweak","1599"
"tools\redmod\tweaks\base\gameplay\static_data\database\characters\npcs\records\quest\street_stories\sts_wbr_jpn_02.tweak",".tweak","2794"
"tools\redmod\tweaks\base\gameplay\static_data\database\characters\npcs\records\quest\street_stories\sts_wbr_jpn_03.tweak",".tweak","1333"
"tools\redmod\tweaks\base\gameplay\static_data\database\characters\npcs\records\quest\street_stories\sts_wbr_jpn_05.tweak",".tweak","1161"
"tools\redmod\tweaks\base\gameplay\static_data\database\characters\npcs\records\quest\street_stories\sts_wbr_jpn_09.tweak",".tweak","1197"
"tools\redmod\tweaks\base\gameplay\static_data\database\characters\npcs\records\quest\street_stories\sts_wbr_jpn_101.tweak",".tweak","406"
"tools\redmod\tweaks\base\gameplay\static_data\database\characters\npcs\records\quest\street_stories\sts_wbr_jpn_12.tweak",".tweak","3407"
"tools\redmod\tweaks\base\gameplay\static_data\database\characters\npcs\records\quest\street_stories\sts_wbr_jpn_13.tweak",".tweak","294"
"tools\redmod\tweaks\base\gameplay\static_data\database\characters\npcs\records\quest\vendors\vendors.tweak",".tweak","41590"
"tools\redmod\tweaks\base\gameplay\static_data\database\characters\npcs\records\squads\schema.tweak",".tweak","836"
"tools\redmod\tweaks\base\gameplay\static_data\database\characters\npcs\records\squads\squadinstances.tweak",".tweak","461"
"tools\redmod\tweaks\base\gameplay\static_data\database\characters\npcs\records\squads\squads.tweak",".tweak","1508"
"tools\redmod\tweaks\base\gameplay\static_data\database\characters\npcs\stats\primary_stats.tweak",".tweak","55374"
"tools\redmod\tweaks\base\gameplay\static_data\database\characters\npcstancestate.tweak",".tweak","475"
"tools\redmod\tweaks\base\gameplay\static_data\database\characters\npctype.tweak",".tweak","557"
"tools\redmod\tweaks\base\gameplay\static_data\database\characters\npcupperbodystate.tweak",".tweak","751"
"tools\redmod\tweaks\base\gameplay\static_data\database\characters\player\player_attribute_passives.tweak",".tweak","1318"
"tools\redmod\tweaks\base\gameplay\static_data\database\characters\player\player_base_items.tweak",".tweak","128"
"tools\redmod\tweaks\base\gameplay\static_data\database\characters\player\player_base_record.tweak",".tweak","9260"
"tools\redmod\tweaks\base\gameplay\static_data\database\characters\player\player_base_stat_pools.tweak",".tweak","38504"
"tools\redmod\tweaks\base\gameplay\static_data\database\characters\player\player_base_stats.tweak",".tweak","52372"
"tools\redmod\tweaks\base\gameplay\static_data\database\characters\player\player_debug.tweak",".tweak","164520"
"tools\redmod\tweaks\base\gameplay\static_data\database\characters\player\player_inventory_record.tweak",".tweak","895"
"tools\redmod\tweaks\base\gameplay\static_data\database\characters\player\player_locomotion.tweak",".tweak","42050"
"tools\redmod\tweaks\base\gameplay\static_data\database\characters\player\player_locomotion_base.tweak",".tweak","4153"
"tools\redmod\tweaks\base\gameplay\static_data\database\characters\player\player_locomotion_braindance.tweak",".tweak","1584"
"tools\redmod\tweaks\base\gameplay\static_data\database\characters\player\player_locomotion_braindance_base.tweak",".tweak","2729"
"tools\redmod\tweaks\base\gameplay\static_data\database\characters\player\player_locomotion_low_gravity.tweak",".tweak","26632"
"tools\redmod\tweaks\base\gameplay\static_data\database\characters\player\player_locomotion_low_gravity_base.tweak",".tweak","4985"
"tools\redmod\tweaks\base\gameplay\static_data\database\characters\player\player_locomotion_swimming.tweak",".tweak","5042"
"tools\redmod\tweaks\base\gameplay\static_data\database\characters\player\player_locomotion_swimming_base.tweak",".tweak","2658"
"tools\redmod\tweaks\base\gameplay\static_data\database\characters\player\player_locomotion_takedown.tweak",".tweak","12165"
"tools\redmod\tweaks\base\gameplay\static_data\database\characters\player\player_locomotion_tier3.tweak",".tweak","3371"
"tools\redmod\tweaks\base\gameplay\static_data\database\characters\player\player_locomotion_tier3_base.tweak",".tweak","2668"
"tools\redmod\tweaks\base\gameplay\static_data\database\characters\player\player_locomotion_tier4.tweak",".tweak","956"
"tools\redmod\tweaks\base\gameplay\static_data\database\characters\player\player_locomotion_tier5.tweak",".tweak","956"
"tools\redmod\tweaks\base\gameplay\static_data\database\characters\player\player_menu_record.tweak",".tweak","601"
"tools\redmod\tweaks\base\gameplay\static_data\database\characters\player\player_photomode_record.tweak",".tweak","10284"
"tools\redmod\tweaks\base\gameplay\static_data\database\characters\player\player_possesion_enum.tweak",".tweak","181"
"tools\redmod\tweaks\base\gameplay\static_data\database\characters\player\player_proficiency_passives.tweak",".tweak","24824"
"tools\redmod\tweaks\base\gameplay\static_data\database\characters\rigs.tweak",".tweak","1620"
"tools\redmod\tweaks\base\gameplay\static_data\database\characters\samples.tweak",".tweak","135"
"tools\redmod\tweaks\base\gameplay\static_data\database\characters\schema.tweak",".tweak","7125"
"tools\redmod\tweaks\base\gameplay\static_data\database\characters\spawnable_object_priority.tweak",".tweak","619"
"tools\redmod\tweaks\base\gameplay\static_data\database\characters\subcharacters\samples.tweak",".tweak","10353"
"tools\redmod\tweaks\base\gameplay\static_data\database\codex\base_values.tweak",".tweak","3010"
"tools\redmod\tweaks\base\gameplay\static_data\database\codex\schema.tweak",".tweak","291"
"tools\redmod\tweaks\base\gameplay\static_data\database\content_assignment\deprecated_assignments.tweak",".tweak","3929"
"tools\redmod\tweaks\base\gameplay\static_data\database\content_assignment\devices.tweak",".tweak","35828"
"tools\redmod\tweaks\base\gameplay\static_data\database\content_assignment\economic_assignments.tweak",".tweak","1200"
"tools\redmod\tweaks\base\gameplay\static_data\database\content_assignment\open_world.tweak",".tweak","2502"
"tools\redmod\tweaks\base\gameplay\static_data\database\content_assignment\player_housing_assignments.tweak",".tweak","705"
"tools\redmod\tweaks\base\gameplay\static_data\database\content_assignment\quests.tweak",".tweak","1534"
"tools\redmod\tweaks\base\gameplay\static_data\database\content_assignment\schema.tweak",".tweak","309"
"tools\redmod\tweaks\base\gameplay\static_data\database\content_assignment\street_cred_tiers.tweak",".tweak","2484"
"tools\redmod\tweaks\base\gameplay\static_data\database\content_assignment\vehicle_assignments.tweak",".tweak","4909"
"tools\redmod\tweaks\base\gameplay\static_data\database\cpo\ai\actions\archetypes\cpo_handgun.tweak",".tweak","833"
"tools\redmod\tweaks\base\gameplay\static_data\database\cpo\ai\actions\archetypes\cpo_rifle.tweak",".tweak","819"
"tools\redmod\tweaks\base\gameplay\static_data\database\cpo\ai\actions\archetypes\cpo_testarchetypeshotgun.tweak",".tweak","847"
"tools\redmod\tweaks\base\gameplay\static_data\database\cpo\ai_director\ai_director_schema.tweak",".tweak","893"
"tools\redmod\tweaks\base\gameplay\static_data\database\cpo\ai_director\ai_director_start_types.tweak",".tweak","530"
"tools\redmod\tweaks\base\gameplay\static_data\database\cpo\attacks\cpo_attacks.tweak",".tweak","3947"
"tools\redmod\tweaks\base\gameplay\static_data\database\cpo\attacks\cpo_bullets.tweak",".tweak","945"
"tools\redmod\tweaks\base\gameplay\static_data\database\cpo\attitude\attitudes_cpo.tweak",".tweak","769"
"tools\redmod\tweaks\base\gameplay\static_data\database\cpo\chatters\chatterhelper.tweak",".tweak","625"
"tools\redmod\tweaks\base\gameplay\static_data\database\cpo\chatters\schema.tweak",".tweak","122"
"tools\redmod\tweaks\base\gameplay\static_data\database\cpo\devices\cpo_devices.tweak",".tweak","1871"
"tools\redmod\tweaks\base\gameplay\static_data\database\cpo\items\categories\base_values.tweak",".tweak","195"
"tools\redmod\tweaks\base\gameplay\static_data\database\cpo\items\categories\schema.tweak",".tweak","45"
"tools\redmod\tweaks\base\gameplay\static_data\database\cpo\items\cpo_items.tweak",".tweak","33238"
"tools\redmod\tweaks\base\gameplay\static_data\database\cpo\items\loadouts\base_values.tweak",".tweak","558"
"tools\redmod\tweaks\base\gameplay\static_data\database\cpo\items\loadouts\schema.tweak",".tweak","103"
"tools\redmod\tweaks\base\gameplay\static_data\database\cpo\mappins\cpo_mappins.tweak",".tweak","611"
"tools\redmod\tweaks\base\gameplay\static_data\database\cpo\mp_senses.tweak",".tweak","2668"
"tools\redmod\tweaks\base\gameplay\static_data\database\cpo\mp_test.tweak",".tweak","8952"
"tools\redmod\tweaks\base\gameplay\static_data\database\cpo\ping_system\ping_system.tweak",".tweak","1889"
"tools\redmod\tweaks\base\gameplay\static_data\database\cpo\ping_system\schema.tweak",".tweak","208"
"tools\redmod\tweaks\base\gameplay\static_data\database\cpo\progression_builds\cpo_base_values.tweak",".tweak","3474"
"tools\redmod\tweaks\base\gameplay\static_data\database\cpo\status_effects\cpo_shock.tweak",".tweak","1114"
"tools\redmod\tweaks\base\gameplay\static_data\database\cpo\status_effects\cpo_stat_buffs.tweak",".tweak","697"
"tools\redmod\tweaks\base\gameplay\static_data\database\curves\base_values.tweak",".tweak","118"
"tools\redmod\tweaks\base\gameplay\static_data\database\curves\schema.tweak",".tweak","127"
"tools\redmod\tweaks\base\gameplay\static_data\database\damage_types\damage_types.tweak",".tweak","1131"
"tools\redmod\tweaks\base\gameplay\static_data\database\damage_types\schema.tweak",".tweak","330"
"tools\redmod\tweaks\base\gameplay\static_data\database\device_fx\devicefx_records.tweak",".tweak","153"
"tools\redmod\tweaks\base\gameplay\static_data\database\device_fx\schema.tweak",".tweak","134"
"tools\redmod\tweaks\base\gameplay\static_data\database\device_quest_restrictions\base_records.tweak",".tweak","312"
"tools\redmod\tweaks\base\gameplay\static_data\database\device_quest_restrictions\schema.tweak",".tweak","78"
"tools\redmod\tweaks\base\gameplay\static_data\database\devices\base_records.tweak",".tweak","18072"
"tools\redmod\tweaks\base\gameplay\static_data\database\devices\schema.tweak",".tweak","415"
"tools\redmod\tweaks\base\gameplay\static_data\database\dynamic_spawn_system\dynamicspawnsystemdata.tweak",".tweak","876"
"tools\redmod\tweaks\base\gameplay\static_data\database\dynamic_spawn_system\mws_dynamicspawnsystemdata_records.tweak",".tweak","4038"
"tools\redmod\tweaks\base\gameplay\static_data\database\dynamic_spawn_system\schema.tweak",".tweak","130"
"tools\redmod\tweaks\base\gameplay\static_data\database\dynamic_spawn_system\sts_gang_retaliation_dynamicspawnsystemdata_records.tweak",".tweak","41420"
"tools\redmod\tweaks\base\gameplay\static_data\database\effectors\custom.tweak",".tweak","36894"
"tools\redmod\tweaks\base\gameplay\static_data\database\effectors\samples.tweak",".tweak","4660"
"tools\redmod\tweaks\base\gameplay\static_data\database\effectors\schema.tweak",".tweak","6606"
"tools\redmod\tweaks\base\gameplay\static_data\database\effectors\skill_effectors.tweak",".tweak","49"
"tools\redmod\tweaks\base\gameplay\static_data\database\effectors\takedowns.tweak",".tweak","8417"
"tools\redmod\tweaks\base\gameplay\static_data\database\effectors\time_between_hits.tweak",".tweak","4819"
"tools\redmod\tweaks\base\gameplay\static_data\database\effectors\time_dilation_driver.tweak",".tweak","400"
"tools\redmod\tweaks\base\gameplay\static_data\database\effectors\weapon_mods_effectors.tweak",".tweak","4767"
"tools\redmod\tweaks\base\gameplay\static_data\database\environment\damage\particles_damage.tweak",".tweak","15224"
"tools\redmod\tweaks\base\gameplay\static_data\database\environment\damage\schema.tweak",".tweak","121"
"tools\redmod\tweaks\base\gameplay\static_data\database\environment\lighting\presets.tweak",".tweak","1319"
"tools\redmod\tweaks\base\gameplay\static_data\database\environment\lighting\schema.tweak",".tweak","156"
"tools\redmod\tweaks\base\gameplay\static_data\database\equipment_areas\equip_area_records.tweak",".tweak","5227"
"tools\redmod\tweaks\base\gameplay\static_data\database\equipment_areas\schema.tweak",".tweak","571"
"tools\redmod\tweaks\base\gameplay\static_data\database\equipment_areas\subchar_equip_area_records.tweak",".tweak","911"
"tools\redmod\tweaks\base\gameplay\static_data\database\facials\facial_presets.tweak",".tweak","525"
"tools\redmod\tweaks\base\gameplay\static_data\database\facials\schema.tweak",".tweak","173"
"tools\redmod\tweaks\base\gameplay\static_data\database\factions\factions.tweak",".tweak","5474"
"tools\redmod\tweaks\base\gameplay\static_data\database\factions\schema.tweak",".tweak","168"
"tools\redmod\tweaks\base\gameplay\static_data\database\fast_travel_bink_data\binks_definitions.tweak",".tweak","67"
"tools\redmod\tweaks\base\gameplay\static_data\database\fast_travel_bink_data\binks_groups.tweak",".tweak","61"
"tools\redmod\tweaks\base\gameplay\static_data\database\fast_travel_bink_data\schema.tweak",".tweak","647"
"tools\redmod\tweaks\base\gameplay\static_data\database\fast_travel_bink_data\screen_data_definitions.tweak",".tweak","2821"
"tools\redmod\tweaks\base\gameplay\static_data\database\fast_travel_bink_data\times.tweak",".tweak","250"
"tools\redmod\tweaks\base\gameplay\static_data\database\fast_travel_bink_data\weathers.tweak",".tweak","124"
"tools\redmod\tweaks\base\gameplay\static_data\database\fasttravel\districts.tweak",".tweak","22930"
"tools\redmod\tweaks\base\gameplay\static_data\database\fasttravel\fasttravelpoints.tweak",".tweak","49164"
"tools\redmod\tweaks\base\gameplay\static_data\database\fasttravel\fasttravelsystem.tweak",".tweak","117"
"tools\redmod\tweaks\base\gameplay\static_data\database\fasttravel\loadingscreenvalues.tweak",".tweak","1318"
"tools\redmod\tweaks\base\gameplay\static_data\database\fasttravel\preventiondata.tweak",".tweak","38886"
"tools\redmod\tweaks\base\gameplay\static_data\database\fasttravel\schema.tweak",".tweak","5715"
"tools\redmod\tweaks\base\gameplay\static_data\database\focus_clues\schema.tweak",".tweak","51"
"tools\redmod\tweaks\base\gameplay\static_data\database\footsteps\footsteps.tweak",".tweak","149"
"tools\redmod\tweaks\base\gameplay\static_data\database\footsteps\schema.tweak",".tweak","128"
"tools\redmod\tweaks\base\gameplay\static_data\database\functional_tests\ammo.tweak",".tweak","251"
"tools\redmod\tweaks\base\gameplay\static_data\database\functional_tests\gameplay_logic_packages.tweak",".tweak","412"
"tools\redmod\tweaks\base\gameplay\static_data\database\functional_tests\items.tweak",".tweak","206"
"tools\redmod\tweaks\base\gameplay\static_data\database\functional_tests\progression_builds.tweak",".tweak","1626"
"tools\redmod\tweaks\base\gameplay\static_data\database\functional_tests\ranged_weapons.tweak",".tweak","7737"
"tools\redmod\tweaks\base\gameplay\static_data\database\fx_package\fx_package_schema.tweak",".tweak","167"
"tools\redmod\tweaks\base\gameplay\static_data\database\gameplay_logic_packages\ai_role.tweak",".tweak","3502"
"tools\redmod\tweaks\base\gameplay\static_data\database\gameplay_logic_packages\equipment_abilities.tweak",".tweak","58087"
"tools\redmod\tweaks\base\gameplay\static_data\database\gameplay_logic_packages\gameplay_feature.tweak",".tweak","16408"
"tools\redmod\tweaks\base\gameplay\static_data\database\gameplay_logic_packages\items.tweak",".tweak","1735"
"tools\redmod\tweaks\base\gameplay\static_data\database\gameplay_logic_packages\on_spawn.tweak",".tweak","3551"
"tools\redmod\tweaks\base\gameplay\static_data\database\gameplay_logic_packages\psm_highlevel.tweak",".tweak","2056"
"tools\redmod\tweaks\base\gameplay\static_data\database\gameplay_logic_packages\schema.tweak",".tweak","554"
"tools\redmod\tweaks\base\gameplay\static_data\database\global_tv\channels.tweak",".tweak","2255"
"tools\redmod\tweaks\base\gameplay\static_data\database\global_tv\news\example_news.tweak",".tweak","836"
"tools\redmod\tweaks\base\gameplay\static_data\database\global_tv\news\tv_n54_news.tweak",".tweak","4188"
"tools\redmod\tweaks\base\gameplay\static_data\database\global_tv\news\tv_newsfeed.tweak",".tweak","5518"
"tools\redmod\tweaks\base\gameplay\static_data\database\global_tv\news\tv_wns_news.tweak",".tweak","3828"
"tools\redmod\tweaks\base\gameplay\static_data\database\global_tv\schema.tweak",".tweak","309"
"tools\redmod\tweaks\base\gameplay\static_data\database\gmpl_abilities\abilities.tweak",".tweak","98449"
"tools\redmod\tweaks\base\gameplay\static_data\database\gmpl_abilities\abilities_status_effects.tweak",".tweak","2530"
"tools\redmod\tweaks\base\gameplay\static_data\database\gmpl_abilities\schema.tweak",".tweak","332"
"tools\redmod\tweaks\base\gameplay\static_data\database\gog_rewards\base_rewards.tweak",".tweak","4029"
"tools\redmod\tweaks\base\gameplay\static_data\database\gog_rewards\schema.tweak",".tweak","184"
"tools\redmod\tweaks\base\gameplay\static_data\database\hud\hudenhancers\samples.tweak",".tweak","123"
"tools\redmod\tweaks\base\gameplay\static_data\database\hud\hudenhancers\schema.tweak",".tweak","59"
"tools\redmod\tweaks\base\gameplay\static_data\database\interactions\config.tweak",".tweak","889"
"tools\redmod\tweaks\base\gameplay\static_data\database\interactions\hack_interactions.tweak",".tweak","4349"
"tools\redmod\tweaks\base\gameplay\static_data\database\interactions\interactions.tweak",".tweak","86065"
"tools\redmod\tweaks\base\gameplay\static_data\database\interactions\schema.tweak",".tweak","362"
"tools\redmod\tweaks\base\gameplay\static_data\database\items\ammo\ammo.tweak",".tweak","6230"
"tools\redmod\tweaks\base\gameplay\static_data\database\items\ammo\samples.tweak",".tweak","39"
"tools\redmod\tweaks\base\gameplay\static_data\database\items\base_values.tweak",".tweak","21984"
"tools\redmod\tweaks\base\gameplay\static_data\database\items\blueprint_elements.tweak",".tweak","7450"
"tools\redmod\tweaks\base\gameplay\static_data\database\items\blueprint_schema.tweak",".tweak","933"
"tools\redmod\tweaks\base\gameplay\static_data\database\items\category\category.tweak",".tweak","458"
"tools\redmod\tweaks\base\gameplay\static_data\database\items\category\category_schema.tweak",".tweak","90"
"tools\redmod\tweaks\base\gameplay\static_data\database\items\check_type\check_type.tweak",".tweak","396"
"tools\redmod\tweaks\base\gameplay\static_data\database\items\check_type\check_type_schema.tweak",".tweak","86"
"tools\redmod\tweaks\base\gameplay\static_data\database\items\clothing\base_clothing.tweak",".tweak","794"
"tools\redmod\tweaks\base\gameplay\static_data\database\items\clothing\clothing_gems_generation.tweak",".tweak","8205"
"tools\redmod\tweaks\base\gameplay\static_data\database\items\clothing\clothing_sets.tweak",".tweak","9474"
"tools\redmod\tweaks\base\gameplay\static_data\database\items\clothing\fabric_enhancers.tweak",".tweak","15940"
"tools\redmod\tweaks\base\gameplay\static_data\database\items\clothing\fabric_enhancers_abilities.tweak",".tweak","1311"
"tools\redmod\tweaks\base\gameplay\static_data\database\items\clothing\face\base_face_clothing.tweak",".tweak","4727"
"tools\redmod\tweaks\base\gameplay\static_data\database\items\clothing\face\glasses.tweak",".tweak","6259"
"tools\redmod\tweaks\base\gameplay\static_data\database\items\clothing\face\mask.tweak",".tweak","3244"
"tools\redmod\tweaks\base\gameplay\static_data\database\items\clothing\face\tech.tweak",".tweak","3069"
"tools\redmod\tweaks\base\gameplay\static_data\database\items\clothing\face\visors.tweak",".tweak","3739"
"tools\redmod\tweaks\base\gameplay\static_data\database\items\clothing\feet\base_feet_clothing.tweak",".tweak","5349"
"tools\redmod\tweaks\base\gameplay\static_data\database\items\clothing\feet\boots.tweak",".tweak","13956"
"tools\redmod\tweaks\base\gameplay\static_data\database\items\clothing\feet\casual_shoes.tweak",".tweak","8937"
"tools\redmod\tweaks\base\gameplay\static_data\database\items\clothing\feet\formal_shoes.tweak",".tweak","3586"
"tools\redmod\tweaks\base\gameplay\static_data\database\items\clothing\head\balaclava.tweak",".tweak","2165"
"tools\redmod\tweaks\base\gameplay\static_data\database\items\clothing\head\base_head_clothing.tweak",".tweak","7104"
"tools\redmod\tweaks\base\gameplay\static_data\database\items\clothing\head\cap.tweak",".tweak","8256"
"tools\redmod\tweaks\base\gameplay\static_data\database\items\clothing\head\hat.tweak",".tweak","4652"
"tools\redmod\tweaks\base\gameplay\static_data\database\items\clothing\head\helmet.tweak",".tweak","8059"
"tools\redmod\tweaks\base\gameplay\static_data\database\items\clothing\head\scarf.tweak",".tweak","5468"
"tools\redmod\tweaks\base\gameplay\static_data\database\items\clothing\inner_chest\base_inner_chest_clothing.tweak",".tweak","8861"
"tools\redmod\tweaks\base\gameplay\static_data\database\items\clothing\inner_chest\formal_shirt.tweak",".tweak","4924"
"tools\redmod\tweaks\base\gameplay\static_data\database\items\clothing\inner_chest\jumpsuit_tight.tweak",".tweak","2521"
"tools\redmod\tweaks\base\gameplay\static_data\database\items\clothing\inner_chest\shirt.tweak",".tweak","5345"
"tools\redmod\tweaks\base\gameplay\static_data\database\items\clothing\inner_chest\tshirt.tweak",".tweak","14823"
"tools\redmod\tweaks\base\gameplay\static_data\database\items\clothing\inner_chest\undershirt.tweak",".tweak","3033"
"tools\redmod\tweaks\base\gameplay\static_data\database\items\clothing\legs\base_legs_clothing.tweak",".tweak","5311"
"tools\redmod\tweaks\base\gameplay\static_data\database\items\clothing\legs\formal_pants.tweak",".tweak","3680"
"tools\redmod\tweaks\base\gameplay\static_data\database\items\clothing\legs\pants.tweak",".tweak","25796"
"tools\redmod\tweaks\base\gameplay\static_data\database\items\clothing\legs\shorts.tweak",".tweak","5357"
"tools\redmod\tweaks\base\gameplay\static_data\database\items\clothing\legs\skirt.tweak",".tweak","2997"
"tools\redmod\tweaks\base\gameplay\static_data\database\items\clothing\misc\base_outfit_clothing.tweak",".tweak","671"
"tools\redmod\tweaks\base\gameplay\static_data\database\items\clothing\misc\underwear_clothing.tweak",".tweak","1221"
"tools\redmod\tweaks\base\gameplay\static_data\database\items\clothing\outer_chest\base_outer_chest_clothing.tweak",".tweak","9103"
"tools\redmod\tweaks\base\gameplay\static_data\database\items\clothing\outer_chest\coat.tweak",".tweak","8428"
"tools\redmod\tweaks\base\gameplay\static_data\database\items\clothing\outer_chest\dress.tweak",".tweak","2501"
"tools\redmod\tweaks\base\gameplay\static_data\database\items\clothing\outer_chest\formal_jacket.tweak",".tweak","7114"
"tools\redmod\tweaks\base\gameplay\static_data\database\items\clothing\outer_chest\jacket.tweak",".tweak","41675"
"tools\redmod\tweaks\base\gameplay\static_data\database\items\clothing\outer_chest\jumpsuit.tweak",".tweak","4517"
"tools\redmod\tweaks\base\gameplay\static_data\database\items\clothing\outer_chest\shirt_loose.tweak",".tweak","2725"
"tools\redmod\tweaks\base\gameplay\static_data\database\items\clothing\outer_chest\vest.tweak",".tweak","24234"
"tools\redmod\tweaks\base\gameplay\static_data\database\items\clothing\quest_clothing.tweak",".tweak","27879"
"tools\redmod\tweaks\base\gameplay\static_data\database\items\clothing\schema.tweak",".tweak","74"
"tools\redmod\tweaks\base\gameplay\static_data\database\items\clothing\wardrobe_exclude_list.tweak",".tweak","202"
"tools\redmod\tweaks\base\gameplay\static_data\database\items\consumables\alcohol.tweak",".tweak","8850"
"tools\redmod\tweaks\base\gameplay\static_data\database\items\consumables\consumable_names.tweak",".tweak","756"
"tools\redmod\tweaks\base\gameplay\static_data\database\items\consumables\consumable_types.tweak",".tweak","281"
"tools\redmod\tweaks\base\gameplay\static_data\database\items\consumables\drinks.tweak",".tweak","11937"
"tools\redmod\tweaks\base\gameplay\static_data\database\items\consumables\drugs.tweak",".tweak","1375"
"tools\redmod\tweaks\base\gameplay\static_data\database\items\consumables\factions_consumables.tweak",".tweak","41"
"tools\redmod\tweaks\base\gameplay\static_data\database\items\consumables\first_aid.tweak",".tweak","134"
"tools\redmod\tweaks\base\gameplay\static_data\database\items\consumables\food.tweak",".tweak","27614"
"tools\redmod\tweaks\base\gameplay\static_data\database\items\consumables\inhalers.tweak",".tweak","9500"
"tools\redmod\tweaks\base\gameplay\static_data\database\items\consumables\injectors.tweak",".tweak","11806"
"tools\redmod\tweaks\base\gameplay\static_data\database\items\consumables\longlasting.tweak",".tweak","10351"
"tools\redmod\tweaks\base\gameplay\static_data\database\items\consumables\schema.tweak",".tweak","1072"
"tools\redmod\tweaks\base\gameplay\static_data\database\items\consumables\skillbooks.tweak",".tweak","16859"
"tools\redmod\tweaks\base\gameplay\static_data\database\items\consumables\statmodifiersgroups.tweak",".tweak","2858"
"tools\redmod\tweaks\base\gameplay\static_data\database\items\crafting\clothing_recipes.tweak",".tweak","29"
"tools\redmod\tweaks\base\gameplay\static_data\database\items\crafting\craftbooks.tweak",".tweak","6723"
"tools\redmod\tweaks\base\gameplay\static_data\database\items\crafting\deprecated_recipes.tweak",".tweak","40628"
"tools\redmod\tweaks\base\gameplay\static_data\database\items\crafting\disassembly_recipes.tweak",".tweak","3656"
"tools\redmod\tweaks\base\gameplay\static_data\database\items\crafting\generics.tweak",".tweak","15116"
"tools\redmod\tweaks\base\gameplay\static_data\database\items\crafting\quickhacks_recipes.tweak",".tweak","27341"
"tools\redmod\tweaks\base\gameplay\static_data\database\items\crafting\recipe_items.tweak",".tweak","10723"
"tools\redmod\tweaks\base\gameplay\static_data\database\items\crafting\schema.tweak",".tweak","1097"
"tools\redmod\tweaks\base\gameplay\static_data\database\items\crafting\upgrade_data.tweak",".tweak","2691"
"tools\redmod\tweaks\base\gameplay\static_data\database\items\crafting\weapon_mods_recipes.tweak",".tweak","16280"
"tools\redmod\tweaks\base\gameplay\static_data\database\items\crafting\weapon_recipes.tweak",".tweak","86411"
"tools\redmod\tweaks\base\gameplay\static_data\database\items\cyberware\arms\arms_cyberware_advanced.tweak",".tweak","55337"
"tools\redmod\tweaks\base\gameplay\static_data\database\items\cyberware\arms\arms_cyberware_data.tweak",".tweak","226"
"tools\redmod\tweaks\base\gameplay\static_data\database\items\cyberware\arms\blackwall_force.tweak",".tweak","2297"
"tools\redmod\tweaks\base\gameplay\static_data\database\items\cyberware\arms\faction_arms_fragments.tweak",".tweak","2782"
"tools\redmod\tweaks\base\gameplay\static_data\database\items\cyberware\arms\mantis_blades.tweak",".tweak","15057"
"tools\redmod\tweaks\base\gameplay\static_data\database\items\cyberware\arms\mantis_blades_fragments.tweak",".tweak","5717"
"tools\redmod\tweaks\base\gameplay\static_data\database\items\cyberware\arms\nano_wires.tweak",".tweak","10922"
"tools\redmod\tweaks\base\gameplay\static_data\database\items\cyberware\arms\nano_wires_fragments.tweak",".tweak","5693"
"tools\redmod\tweaks\base\gameplay\static_data\database\items\cyberware\arms\projectile_launcher.tweak",".tweak","9037"
"tools\redmod\tweaks\base\gameplay\static_data\database\items\cyberware\arms\projectile_launcher_fragments.tweak",".tweak","12157"
"tools\redmod\tweaks\base\gameplay\static_data\database\items\cyberware\arms\shared_fragments.tweak",".tweak","3610"
"tools\redmod\tweaks\base\gameplay\static_data\database\items\cyberware\arms\strong_arms.tweak",".tweak","14349"
"tools\redmod\tweaks\base\gameplay\static_data\database\items\cyberware\arms\strong_arms_fragments.tweak",".tweak","5770"
"tools\redmod\tweaks\base\gameplay\static_data\database\items\cyberware\attunements\attunements.tweak",".tweak","31984"
"tools\redmod\tweaks\base\gameplay\static_data\database\items\cyberware\base_values.tweak",".tweak","7825"
"tools\redmod\tweaks\base\gameplay\static_data\database\items\cyberware\cardiovascular_system\cardiovascular_system_advanced.tweak",".tweak","139600"
"tools\redmod\tweaks\base\gameplay\static_data\database\items\cyberware\cardiovascular_system\cardiovascular_system_general.tweak",".tweak","41864"
"tools\redmod\tweaks\base\gameplay\static_data\database\items\cyberware\cyberware_equipment_areas.tweak",".tweak","3360"
"tools\redmod\tweaks\base\gameplay\static_data\database\items\cyberware\eyes\eyes_advanced.tweak",".tweak","110747"
"tools\redmod\tweaks\base\gameplay\static_data\database\items\cyberware\eyes\eyes_fragments.tweak",".tweak","7154"
"tools\redmod\tweaks\base\gameplay\static_data\database\items\cyberware\eyes\eyes_general.tweak",".tweak","2180"
"tools\redmod\tweaks\base\gameplay\static_data\database\items\cyberware\frontal_cortex\frontal_cortex_advanced.tweak",".tweak","128988"
"tools\redmod\tweaks\base\gameplay\static_data\database\items\cyberware\frontal_cortex\frontal_cortex_general.tweak",".tweak","27519"
"tools\redmod\tweaks\base\gameplay\static_data\database\items\cyberware\hands\hands_advanced.tweak",".tweak","104764"
"tools\redmod\tweaks\base\gameplay\static_data\database\items\cyberware\hands\hands_general.tweak",".tweak","6473"
"tools\redmod\tweaks\base\gameplay\static_data\database\items\cyberware\immune_system\immune_system_advanced.tweak",".tweak","3474"
"tools\redmod\tweaks\base\gameplay\static_data\database\items\cyberware\immune_system\immune_system_general.tweak",".tweak","11934"
"tools\redmod\tweaks\base\gameplay\static_data\database\items\cyberware\integumentary_system\integumentary_system_advanced.tweak",".tweak","124059"
"tools\redmod\tweaks\base\gameplay\static_data\database\items\cyberware\integumentary_system\integumentary_system_general.tweak",".tweak","10945"
"tools\redmod\tweaks\base\gameplay\static_data\database\items\cyberware\legs\legs_advanced.tweak",".tweak","50459"
"tools\redmod\tweaks\base\gameplay\static_data\database\items\cyberware\legs\legs_general.tweak",".tweak","3065"
"tools\redmod\tweaks\base\gameplay\static_data\database\items\cyberware\mask.tweak",".tweak","2888"
"tools\redmod\tweaks\base\gameplay\static_data\database\items\cyberware\musculoskeletal_system\musculoskeletal_system_advanced.tweak",".tweak","182625"
"tools\redmod\tweaks\base\gameplay\static_data\database\items\cyberware\musculoskeletal_system\musculoskeletal_system_general.tweak",".tweak","18264"
"tools\redmod\tweaks\base\gameplay\static_data\database\items\cyberware\nervous_system\nervous_system_advanced.tweak",".tweak","116324"
"tools\redmod\tweaks\base\gameplay\static_data\database\items\cyberware\nervous_system\nervous_system_general.tweak",".tweak","22940"
"tools\redmod\tweaks\base\gameplay\static_data\database\items\cyberware\personal_link.tweak",".tweak","1470"
"tools\redmod\tweaks\base\gameplay\static_data\database\items\cyberware\system_replacement\berserk.tweak",".tweak","20626"
"tools\redmod\tweaks\base\gameplay\static_data\database\items\cyberware\system_replacement\berserk_advanced.tweak",".tweak","77300"
"tools\redmod\tweaks\base\gameplay\static_data\database\items\cyberware\system_replacement\berserk_fragments.tweak",".tweak","9998"
"tools\redmod\tweaks\base\gameplay\static_data\database\items\cyberware\system_replacement\capacity_booster.tweak",".tweak","8014"
"tools\redmod\tweaks\base\gameplay\static_data\database\items\cyberware\system_replacement\cyberdeck_instances.tweak",".tweak","19037"
"tools\redmod\tweaks\base\gameplay\static_data\database\items\cyberware\system_replacement\cyberdeck_instances_advanced.tweak",".tweak","55335"
"tools\redmod\tweaks\base\gameplay\static_data\database\items\cyberware\system_replacement\kers.tweak",".tweak","1238"
"tools\redmod\tweaks\base\gameplay\static_data\database\items\cyberware\system_replacement\kers_fragments.tweak",".tweak","1619"
"tools\redmod\tweaks\base\gameplay\static_data\database\items\cyberware\system_replacement\militech_paraline.tweak",".tweak","11986"
"tools\redmod\tweaks\base\gameplay\static_data\database\items\cyberware\system_replacement\militech_paraline_fragments.tweak",".tweak","47722"
"tools\redmod\tweaks\base\gameplay\static_data\database\items\cyberware\system_replacement\sandevistan.tweak",".tweak","21030"
"tools\redmod\tweaks\base\gameplay\static_data\database\items\cyberware\system_replacement\sandevistan_advanced.tweak",".tweak","106353"
"tools\redmod\tweaks\base\gameplay\static_data\database\items\cyberware\system_replacement\sandevistan_fragments.tweak",".tweak","9772"
"tools\redmod\tweaks\base\gameplay\static_data\database\items\cyberware\variants\base_variants.tweak",".tweak","114"
"tools\redmod\tweaks\base\gameplay\static_data\database\items\cyberware\variants\modifier_groups.tweak",".tweak","33922"
"tools\redmod\tweaks\base\gameplay\static_data\database\items\cyberware\variants\modifiers.tweak",".tweak","37777"
"tools\redmod\tweaks\base\gameplay\static_data\database\items\cyberware\variants\variants.tweak",".tweak","33408"
"tools\redmod\tweaks\base\gameplay\static_data\database\items\gadgets\acceleratetowardsparameters.tweak",".tweak","981"
"tools\redmod\tweaks\base\gameplay\static_data\database\items\gadgets\acceleratetowardsparametersschema.tweak",".tweak","294"
"tools\redmod\tweaks\base\gameplay\static_data\database\items\gadgets\factions_gadgets.tweak",".tweak","1183"
"tools\redmod\tweaks\base\gameplay\static_data\database\items\gadgets\gadgets.tweak",".tweak","52218"
"tools\redmod\tweaks\base\gameplay\static_data\database\items\gadgets\grenadedeliverymethods.tweak",".tweak","1216"
"tools\redmod\tweaks\base\gameplay\static_data\database\items\gadgets\grenadedeliverymethodtypes.tweak",".tweak","679"
"tools\redmod\tweaks\base\gameplay\static_data\database\items\gadgets\grenadedeliverymethodtypeschema.tweak",".tweak","101"
"tools\redmod\tweaks\base\gameplay\static_data\database\items\gadgets\homingparameters.tweak",".tweak","1027"
"tools\redmod\tweaks\base\gameplay\static_data\database\items\gadgets\homingparametersschema.tweak",".tweak","483"
"tools\redmod\tweaks\base\gameplay\static_data\database\items\gadgets\schema.tweak",".tweak","3152"
"tools\redmod\tweaks\base\gameplay\static_data\database\items\hair_colors.tweak",".tweak","646"
"tools\redmod\tweaks\base\gameplay\static_data\database\items\items.tweak",".tweak","266"
"tools\redmod\tweaks\base\gameplay\static_data\database\items\itemsfactoryappearancebasesuffix.tweak",".tweak","259"
"tools\redmod\tweaks\base\gameplay\static_data\database\items\itemsfactoryappearancesuffixes.tweak",".tweak","668"
"tools\redmod\tweaks\base\gameplay\static_data\database\items\itemstructs.tweak",".tweak","232"
"tools\redmod\tweaks\base\gameplay\static_data\database\items\misc\animation_items.tweak",".tweak","40267"
"tools\redmod\tweaks\base\gameplay\static_data\database\items\misc\animation_items_crowd.tweak",".tweak","27381"
"tools\redmod\tweaks\base\gameplay\static_data\database\items\misc\currency.tweak",".tweak","2332"
"tools\redmod\tweaks\base\gameplay\static_data\database\items\misc\jewellery.tweak",".tweak","5986"
"tools\redmod\tweaks\base\gameplay\static_data\database\items\misc\junk.tweak",".tweak","21862"
"tools\redmod\tweaks\base\gameplay\static_data\database\items\misc\junk_vending_machine.tweak",".tweak","996"
"tools\redmod\tweaks\base\gameplay\static_data\database\items\misc\misc.tweak",".tweak","629"
"tools\redmod\tweaks\base\gameplay\static_data\database\items\misc\readables.tweak",".tweak","676"
"tools\redmod\tweaks\base\gameplay\static_data\database\items\misc\rewards.tweak",".tweak","2334"
"tools\redmod\tweaks\base\gameplay\static_data\database\items\misc\samples.tweak",".tweak","428"
"tools\redmod\tweaks\base\gameplay\static_data\database\items\misc\schema.tweak",".tweak","81"
"tools\redmod\tweaks\base\gameplay\static_data\database\items\parent_attachment_type\parent_attachment_type.tweak",".tweak","521"
"tools\redmod\tweaks\base\gameplay\static_data\database\items\parent_attachment_type\schema.tweak",".tweak","66"
"tools\redmod\tweaks\base\gameplay\static_data\database\items\prices\price_modifiers.tweak",".tweak","19505"
"tools\redmod\tweaks\base\gameplay\static_data\database\items\projectiles\axe.tweak",".tweak","540"
"tools\redmod\tweaks\base\gameplay\static_data\database\items\projectiles\hercules.tweak",".tweak","548"
"tools\redmod\tweaks\base\gameplay\static_data\database\items\projectiles\knife.tweak",".tweak","837"
"tools\redmod\tweaks\base\gameplay\static_data\database\items\projectiles\melee.tweak",".tweak","44"
"tools\redmod\tweaks\base\gameplay\static_data\database\items\projectiles\missile.tweak",".tweak","413"
"tools\redmod\tweaks\base\gameplay\static_data\database\items\projectiles\nano_wire.tweak",".tweak","406"
"tools\redmod\tweaks\base\gameplay\static_data\database\items\projectiles\projectilelaunchmodes.tweak",".tweak","685"
"tools\redmod\tweaks\base\gameplay\static_data\database\items\projectiles\projectilelaunchmodesschema.tweak",".tweak","96"
"tools\redmod\tweaks\base\gameplay\static_data\database\items\projectiles\projectilelaunchmodetypes.tweak",".tweak","350"
"tools\redmod\tweaks\base\gameplay\static_data\database\items\projectiles\projectileoncollisionactions.tweak",".tweak","646"
"tools\redmod\tweaks\base\gameplay\static_data\database\items\projectiles\projectileoncollisionactionsschema.tweak",".tweak","103"
"tools\redmod\tweaks\base\gameplay\static_data\database\items\projectiles\projectileoncollisionactiontypes.tweak",".tweak","925"
"tools\redmod\tweaks\base\gameplay\static_data\database\items\quality\quality.tweak",".tweak","6426"
"tools\redmod\tweaks\base\gameplay\static_data\database\items\quality\quality_schema.tweak",".tweak","113"
"tools\redmod\tweaks\base\gameplay\static_data\database\items\quest\keycards.tweak",".tweak","16076"
"tools\redmod\tweaks\base\gameplay\static_data\database\items\quest\minor_activity_items.tweak",".tweak","16194"
"tools\redmod\tweaks\base\gameplay\static_data\database\items\quest\mws_se5_03_weapon.tweak",".tweak","7437"
"tools\redmod\tweaks\base\gameplay\static_data\database\items\quest\quest_items.tweak",".tweak","64224"
"tools\redmod\tweaks\base\gameplay\static_data\database\items\quest\samples.tweak",".tweak","238"
"tools\redmod\tweaks\base\gameplay\static_data\database\items\quest\sts_items.tweak",".tweak","13108"
"tools\redmod\tweaks\base\gameplay\static_data\database\items\schema.tweak",".tweak","4027"
"tools\redmod\tweaks\base\gameplay\static_data\database\items\splinters\base_splinters.tweak",".tweak","1563"
"tools\redmod\tweaks\base\gameplay\static_data\database\items\tokens\ripperdoc_tokens.tweak",".tweak","330"
"tools\redmod\tweaks\base\gameplay\static_data\database\items\tokens\schema.tweak",".tweak","16"
"tools\redmod\tweaks\base\gameplay\static_data\database\items\type\type.tweak",".tweak","10562"
"tools\redmod\tweaks\base\gameplay\static_data\database\items\type\type_schema.tweak",".tweak","110"
"tools\redmod\tweaks\base\gameplay\static_data\database\items\unit_test.tweak",".tweak","2842"
"tools\redmod\tweaks\base\gameplay\static_data\database\items\weapons\deprecated_iconics.tweak",".tweak","29480"
"tools\redmod\tweaks\base\gameplay\static_data\database\items\weapons\melee\bases\base_axe.tweak",".tweak","8750"
"tools\redmod\tweaks\base\gameplay\static_data\database\items\weapons\melee\bases\base_baton.tweak",".tweak","8620"
"tools\redmod\tweaks\base\gameplay\static_data\database\items\weapons\melee\bases\base_chainsword.tweak",".tweak","9055"
"tools\redmod\tweaks\base\gameplay\static_data\database\items\weapons\melee\bases\base_fists.tweak",".tweak","9969"
"tools\redmod\tweaks\base\gameplay\static_data\database\items\weapons\melee\bases\base_katana.tweak",".tweak","8161"
"tools\redmod\tweaks\base\gameplay\static_data\database\items\weapons\melee\bases\base_knife.tweak",".tweak","9767"
"tools\redmod\tweaks\base\gameplay\static_data\database\items\weapons\melee\bases\base_machete.tweak",".tweak","9839"
"tools\redmod\tweaks\base\gameplay\static_data\database\items\weapons\melee\bases\base_melee.tweak",".tweak","47232"
"tools\redmod\tweaks\base\gameplay\static_data\database\items\weapons\melee\bases\base_one_hand_blade.tweak",".tweak","7036"
"tools\redmod\tweaks\base\gameplay\static_data\database\items\weapons\melee\bases\base_one_hand_blunt.tweak",".tweak","8786"
"tools\redmod\tweaks\base\gameplay\static_data\database\items\weapons\melee\bases\base_two_hand_blunt.tweak",".tweak","7201"
"tools\redmod\tweaks\base\gameplay\static_data\database\items\weapons\melee\bases\base_two_hand_hammer.tweak",".tweak","16878"
"tools\redmod\tweaks\base\gameplay\static_data\database\items\weapons\melee\presets\preset_axe.tweak",".tweak","8764"
"tools\redmod\tweaks\base\gameplay\static_data\database\items\weapons\melee\presets\preset_bat.tweak",".tweak","8508"
"tools\redmod\tweaks\base\gameplay\static_data\database\items\weapons\melee\presets\preset_baton.tweak",".tweak","9593"
"tools\redmod\tweaks\base\gameplay\static_data\database\items\weapons\melee\presets\preset_cane.tweak",".tweak","3477"
"tools\redmod\tweaks\base\gameplay\static_data\database\items\weapons\melee\presets\preset_chainsword.tweak",".tweak","5729"
"tools\redmod\tweaks\base\gameplay\static_data\database\items\weapons\melee\presets\preset_dildo.tweak",".tweak","4493"
"tools\redmod\tweaks\base\gameplay\static_data\database\items\weapons\melee\presets\preset_katana.tweak",".tweak","16622"
"tools\redmod\tweaks\base\gameplay\static_data\database\items\weapons\melee\presets\preset_knife.tweak",".tweak","29507"
"tools\redmod\tweaks\base\gameplay\static_data\database\items\weapons\melee\presets\preset_knuckles.tweak",".tweak","2780"
"tools\redmod\tweaks\base\gameplay\static_data\database\items\weapons\melee\presets\preset_machete.tweak",".tweak","11188"
"tools\redmod\tweaks\base\gameplay\static_data\database\items\weapons\melee\presets\preset_one_hand_blunts.tweak",".tweak","14292"
"tools\redmod\tweaks\base\gameplay\static_data\database\items\weapons\melee\presets\preset_shovel.tweak",".tweak","2236"
"tools\redmod\tweaks\base\gameplay\static_data\database\items\weapons\melee\presets\preset_wakizashi.tweak",".tweak","40"
"tools\redmod\tweaks\base\gameplay\static_data\database\items\weapons\melee\w_melee_000__fists_a.tweak",".tweak","7130"
"tools\redmod\tweaks\base\gameplay\static_data\database\items\weapons\melee\w_melee_smasher__fists_a.tweak",".tweak","1105"
"tools\redmod\tweaks\base\gameplay\static_data\database\items\weapons\parts\cyberdeck_abilities.tweak",".tweak","30670"
"tools\redmod\tweaks\base\gameplay\static_data\database\items\weapons\parts\factions_mods.tweak",".tweak","1061"
"tools\redmod\tweaks\base\gameplay\static_data\database\items\weapons\parts\iconic_mods.tweak",".tweak","78603"
"tools\redmod\tweaks\base\gameplay\static_data\database\items\weapons\parts\magazines.tweak",".tweak","276"
"tools\redmod\tweaks\base\gameplay\static_data\database\items\weapons\parts\mods.tweak",".tweak","147866"
"tools\redmod\tweaks\base\gameplay\static_data\database\items\weapons\parts\mods_abilities.tweak",".tweak","127099"
"tools\redmod\tweaks\base\gameplay\static_data\database\items\weapons\parts\muzzle_attachments.tweak",".tweak","1228"
"tools\redmod\tweaks\base\gameplay\static_data\database\items\weapons\ranged\attachments\power_modules.tweak",".tweak","25863"
"tools\redmod\tweaks\base\gameplay\static_data\database\items\weapons\ranged\attachments\scopes.tweak",".tweak","31629"
"tools\redmod\tweaks\base\gameplay\static_data\database\items\weapons\ranged\bases\base_handgun.tweak",".tweak","15677"
"tools\redmod\tweaks\base\gameplay\static_data\database\items\weapons\ranged\bases\base_lightmachinegun.tweak",".tweak","9356"
"tools\redmod\tweaks\base\gameplay\static_data\database\items\weapons\ranged\bases\base_revolver.tweak",".tweak","10547"
"tools\redmod\tweaks\base\gameplay\static_data\database\items\weapons\ranged\bases\base_rifle_assault.tweak",".tweak","15960"
"tools\redmod\tweaks\base\gameplay\static_data\database\items\weapons\ranged\bases\base_rifle_precision.tweak",".tweak","11638"
"tools\redmod\tweaks\base\gameplay\static_data\database\items\weapons\ranged\bases\base_rifle_sniper.tweak",".tweak","13085"
"tools\redmod\tweaks\base\gameplay\static_data\database\items\weapons\ranged\bases\base_shotgun.tweak",".tweak","14168"
"tools\redmod\tweaks\base\gameplay\static_data\database\items\weapons\ranged\bases\base_shotgun_dual.tweak",".tweak","11685"
"tools\redmod\tweaks\base\gameplay\static_data\database\items\weapons\ranged\bases\base_submachinegun.tweak",".tweak","13257"
"tools\redmod\tweaks\base\gameplay\static_data\database\items\weapons\ranged\bases\base_weapon.tweak",".tweak","109964"
"tools\redmod\tweaks\base\gameplay\static_data\database\items\weapons\ranged\custom\chimera_metalstorm.tweak",".tweak","4655"
"tools\redmod\tweaks\base\gameplay\static_data\database\items\weapons\ranged\custom\custom_vehicle_weapons\generic_vehicle_weapons.tweak",".tweak","10885"
"tools\redmod\tweaks\base\gameplay\static_data\database\items\weapons\ranged\custom\custom_vehicle_weapons\panam_vehicle.tweak",".tweak","314"
"tools\redmod\tweaks\base\gameplay\static_data\database\items\weapons\ranged\custom\delamain_launcher.tweak",".tweak","2905"
"tools\redmod\tweaks\base\gameplay\static_data\database\items\weapons\ranged\custom\demo_boss_plasma_cutter.tweak",".tweak","13654"
"tools\redmod\tweaks\base\gameplay\static_data\database\items\weapons\ranged\custom\drone_weapons\bombus_torch.tweak",".tweak","2294"
"tools\redmod\tweaks\base\gameplay\static_data\database\items\weapons\ranged\custom\drone_weapons\griffin_rifle.tweak",".tweak","2710"
"tools\redmod\tweaks\base\gameplay\static_data\database\items\weapons\ranged\custom\drone_weapons\octant_autocannon.tweak",".tweak","4311"
"tools\redmod\tweaks\base\gameplay\static_data\database\items\weapons\ranged\custom\drone_weapons\wyvern_rifle.tweak",".tweak","3644"
"tools\redmod\tweaks\base\gameplay\static_data\database\items\weapons\ranged\custom\militech_hmg\base_militech_hmg.tweak",".tweak","15269"
"tools\redmod\tweaks\base\gameplay\static_data\database\items\weapons\ranged\custom\minotaur_hmg.tweak",".tweak","3873"
"tools\redmod\tweaks\base\gameplay\static_data\database\items\weapons\ranged\custom\minotaur_launcher.tweak",".tweak","1901"
"tools\redmod\tweaks\base\gameplay\static_data\database\items\weapons\ranged\custom\panzer_weapons\panzer_weapons.tweak",".tweak","5848"
"tools\redmod\tweaks\base\gameplay\static_data\database\items\weapons\ranged\custom\samples.tweak",".tweak","2014"
"tools\redmod\tweaks\base\gameplay\static_data\database\items\weapons\ranged\custom\smasher_hmg.tweak",".tweak","2896"
"tools\redmod\tweaks\base\gameplay\static_data\database\items\weapons\ranged\custom\smasher_launcher.tweak",".tweak","8268"
"tools\redmod\tweaks\base\gameplay\static_data\database\items\weapons\ranged\custom\smasher_shotgun.tweak",".tweak","3150"
"tools\redmod\tweaks\base\gameplay\static_data\database\items\weapons\ranged\grenadelauncher\base_grenadelauncher.tweak",".tweak","8202"
"tools\redmod\tweaks\base\gameplay\static_data\database\items\weapons\ranged\handguns\chao\base_chao.tweak",".tweak","13685"
"tools\redmod\tweaks\base\gameplay\static_data\database\items\weapons\ranged\handguns\chao\preset_base_chao.tweak",".tweak","14940"
"tools\redmod\tweaks\base\gameplay\static_data\database\items\weapons\ranged\handguns\kappa\base_kappa.tweak",".tweak","13520"
"tools\redmod\tweaks\base\gameplay\static_data\database\items\weapons\ranged\handguns\kappa\preset_base_kappa.tweak",".tweak","21968"
"tools\redmod\tweaks\base\gameplay\static_data\database\items\weapons\ranged\handguns\kenshin\base_kenshin.tweak",".tweak","11513"
"tools\redmod\tweaks\base\gameplay\static_data\database\items\weapons\ranged\handguns\kenshin\preset_base_kenshin.tweak",".tweak","21174"
"tools\redmod\tweaks\base\gameplay\static_data\database\items\weapons\ranged\handguns\lexington\base_lexington.tweak",".tweak","9818"
"tools\redmod\tweaks\base\gameplay\static_data\database\items\weapons\ranged\handguns\lexington\preset_base_lexington.tweak",".tweak","32195"
"tools\redmod\tweaks\base\gameplay\static_data\database\items\weapons\ranged\handguns\liberty\base_liberty.tweak",".tweak","8462"
"tools\redmod\tweaks\base\gameplay\static_data\database\items\weapons\ranged\handguns\liberty\preset_base_liberty.tweak",".tweak","18503"
"tools\redmod\tweaks\base\gameplay\static_data\database\items\weapons\ranged\handguns\nue\base_nue.tweak",".tweak","9413"
"tools\redmod\tweaks\base\gameplay\static_data\database\items\weapons\ranged\handguns\nue\preset_base_nue.tweak",".tweak","24643"
"tools\redmod\tweaks\base\gameplay\static_data\database\items\weapons\ranged\handguns\omaha\base_omaha.tweak",".tweak","11352"
"tools\redmod\tweaks\base\gameplay\static_data\database\items\weapons\ranged\handguns\omaha\preset_base_omaha.tweak",".tweak","14335"
"tools\redmod\tweaks\base\gameplay\static_data\database\items\weapons\ranged\handguns\slaughtomatic\base_slaughtomatic.tweak",".tweak","9785"
"tools\redmod\tweaks\base\gameplay\static_data\database\items\weapons\ranged\handguns\slaughtomatic\preset_base_slaughtomatic.tweak",".tweak","1068"
"tools\redmod\tweaks\base\gameplay\static_data\database\items\weapons\ranged\handguns\unity\base_unity.tweak",".tweak","8405"
"tools\redmod\tweaks\base\gameplay\static_data\database\items\weapons\ranged\handguns\unity\preset_base_unity.tweak",".tweak","16499"
"tools\redmod\tweaks\base\gameplay\static_data\database\items\weapons\ranged\handguns\yukimura\base_yukimura.tweak",".tweak","13030"
"tools\redmod\tweaks\base\gameplay\static_data\database\items\weapons\ranged\handguns\yukimura\preset_base_yukimura.tweak",".tweak","20160"
"tools\redmod\tweaks\base\gameplay\static_data\database\items\weapons\ranged\lmgs\defender\base_defender.tweak",".tweak","9001"
"tools\redmod\tweaks\base\gameplay\static_data\database\items\weapons\ranged\lmgs\defender\preset_base_defender.tweak",".tweak","8548"
"tools\redmod\tweaks\base\gameplay\static_data\database\items\weapons\ranged\lmgs\ma70\base_ma70.tweak",".tweak","9156"
"tools\redmod\tweaks\base\gameplay\static_data\database\items\weapons\ranged\lmgs\ma70\preset_base_ma70.tweak",".tweak","9404"
"tools\redmod\tweaks\base\gameplay\static_data\database\items\weapons\ranged\revolvers\burya\base_burya.tweak",".tweak","12011"
"tools\redmod\tweaks\base\gameplay\static_data\database\items\weapons\ranged\revolvers\burya\preset_base_burya.tweak",".tweak","20518"
"tools\redmod\tweaks\base\gameplay\static_data\database\items\weapons\ranged\revolvers\crusher\base_crusher.tweak",".tweak","9624"
"tools\redmod\tweaks\base\gameplay\static_data\database\items\weapons\ranged\revolvers\crusher\preset_base_crusher.tweak",".tweak","13412"
"tools\redmod\tweaks\base\gameplay\static_data\database\items\weapons\ranged\revolvers\malorian_overture\base_malorian_overture.tweak",".tweak","9602"
"tools\redmod\tweaks\base\gameplay\static_data\database\items\weapons\ranged\revolvers\malorian_overture\preset_malorian_overture.tweak",".tweak","24057"
"tools\redmod\tweaks\base\gameplay\static_data\database\items\weapons\ranged\revolvers\malorian_silverhand\base_malorian_silverhand.tweak",".tweak","11212"
"tools\redmod\tweaks\base\gameplay\static_data\database\items\weapons\ranged\revolvers\malorian_silverhand\preset_malorian_silverhand.tweak",".tweak","1533"
"tools\redmod\tweaks\base\gameplay\static_data\database\items\weapons\ranged\revolvers\nova\base_nova.tweak",".tweak","8834"
"tools\redmod\tweaks\base\gameplay\static_data\database\items\weapons\ranged\revolvers\nova\preset_base_nova.tweak",".tweak","16108"
"tools\redmod\tweaks\base\gameplay\static_data\database\items\weapons\ranged\revolvers\quasar\base_quasar.tweak",".tweak","11181"
"tools\redmod\tweaks\base\gameplay\static_data\database\items\weapons\ranged\revolvers\quasar\preset_base_quasar.tweak",".tweak","12819"
"tools\redmod\tweaks\base\gameplay\static_data\database\items\weapons\ranged\rifles\achilles\base_achilles.tweak",".tweak","10759"
"tools\redmod\tweaks\base\gameplay\static_data\database\items\weapons\ranged\rifles\achilles\preset_base_achilles.tweak",".tweak","18617"
"tools\redmod\tweaks\base\gameplay\static_data\database\items\weapons\ranged\rifles\ajax\base_ajax.tweak",".tweak","8100"
"tools\redmod\tweaks\base\gameplay\static_data\database\items\weapons\ranged\rifles\ajax\preset_base_ajax.tweak",".tweak","15973"
"tools\redmod\tweaks\base\gameplay\static_data\database\items\weapons\ranged\rifles\ashura\base_ashura.tweak",".tweak","14554"
"tools\redmod\tweaks\base\gameplay\static_data\database\items\weapons\ranged\rifles\ashura\preset_base_ashura.tweak",".tweak","9148"
"tools\redmod\tweaks\base\gameplay\static_data\database\items\weapons\ranged\rifles\copperhead\base_copperhead.tweak",".tweak","8608"
"tools\redmod\tweaks\base\gameplay\static_data\database\items\weapons\ranged\rifles\copperhead\preset_base_copperhead.tweak",".tweak","10480"
"tools\redmod\tweaks\base\gameplay\static_data\database\items\weapons\ranged\rifles\grad\base_grad.tweak",".tweak","9366"
"tools\redmod\tweaks\base\gameplay\static_data\database\items\weapons\ranged\rifles\grad\preset_base_grad.tweak",".tweak","29968"
"tools\redmod\tweaks\base\gameplay\static_data\database\items\weapons\ranged\rifles\kolac\base_kolac.tweak",".tweak","9319"
"tools\redmod\tweaks\base\gameplay\static_data\database\items\weapons\ranged\rifles\kolac\preset_base_kolac.tweak",".tweak","2738"
"tools\redmod\tweaks\base\gameplay\static_data\database\items\weapons\ranged\rifles\kyubi\base_kyubi.tweak",".tweak","9151"
"tools\redmod\tweaks\base\gameplay\static_data\database\items\weapons\ranged\rifles\kyubi\preset_base_kyubi.tweak",".tweak","17669"
"tools\redmod\tweaks\base\gameplay\static_data\database\items\weapons\ranged\rifles\masamune\base_masamune.tweak",".tweak","8698"
"tools\redmod\tweaks\base\gameplay\static_data\database\items\weapons\ranged\rifles\masamune\preset_base_masamune.tweak",".tweak","13364"
"tools\redmod\tweaks\base\gameplay\static_data\database\items\weapons\ranged\rifles\nekomata\base_nekomata.tweak",".tweak","11993"
"tools\redmod\tweaks\base\gameplay\static_data\database\items\weapons\ranged\rifles\nekomata\preset_base_nekomata.tweak",".tweak","18197"
"tools\redmod\tweaks\base\gameplay\static_data\database\items\weapons\ranged\rifles\pozhar\base_pozhar.tweak",".tweak","11198"
"tools\redmod\tweaks\base\gameplay\static_data\database\items\weapons\ranged\rifles\pozhar\preset_base_pozhar.tweak",".tweak","13854"
"tools\redmod\tweaks\base\gameplay\static_data\database\items\weapons\ranged\rifles\sidewinder\base_sidewinder.tweak",".tweak","14060"
"tools\redmod\tweaks\base\gameplay\static_data\database\items\weapons\ranged\rifles\sidewinder\preset_base_sidewinder.tweak",".tweak","9348"
"tools\redmod\tweaks\base\gameplay\static_data\database\items\weapons\ranged\rifles\sor\base_sor.tweak",".tweak","9083"
"tools\redmod\tweaks\base\gameplay\static_data\database\items\weapons\ranged\rifles\sor\preset_base_sor.tweak",".tweak","5895"
"tools\redmod\tweaks\base\gameplay\static_data\database\items\weapons\ranged\rifles\umbra\base_umbra.tweak",".tweak","8825"
"tools\redmod\tweaks\base\gameplay\static_data\database\items\weapons\ranged\rifles\umbra\preset_base_umbra.tweak",".tweak","9322"
"tools\redmod\tweaks\base\gameplay\static_data\database\items\weapons\ranged\rocketlauncher\base_rocketlauncher.tweak",".tweak","8434"
"tools\redmod\tweaks\base\gameplay\static_data\database\items\weapons\ranged\rocketlauncher\preset_base_rocketlauncher.tweak",".tweak","2988"
"tools\redmod\tweaks\base\gameplay\static_data\database\items\weapons\ranged\shotguns\carnage\base_carnage.tweak",".tweak","9602"
"tools\redmod\tweaks\base\gameplay\static_data\database\items\weapons\ranged\shotguns\carnage\preset_base_carnage.tweak",".tweak","12552"
"tools\redmod\tweaks\base\gameplay\static_data\database\items\weapons\ranged\shotguns\igla\base_igla.tweak",".tweak","9065"
"tools\redmod\tweaks\base\gameplay\static_data\database\items\weapons\ranged\shotguns\igla\preset_base_igla.tweak",".tweak","7725"
"tools\redmod\tweaks\base\gameplay\static_data\database\items\weapons\ranged\shotguns\palica\base_palica.tweak",".tweak","13717"
"tools\redmod\tweaks\base\gameplay\static_data\database\items\weapons\ranged\shotguns\palica\preset_base_palica.tweak",".tweak","2869"
"tools\redmod\tweaks\base\gameplay\static_data\database\items\weapons\ranged\shotguns\satara\base_satara.tweak",".tweak","10402"
"tools\redmod\tweaks\base\gameplay\static_data\database\items\weapons\ranged\shotguns\satara\preset_base_satara.tweak",".tweak","6779"
"tools\redmod\tweaks\base\gameplay\static_data\database\items\weapons\ranged\shotguns\tactician\base_tactician.tweak",".tweak","9170"
"tools\redmod\tweaks\base\gameplay\static_data\database\items\weapons\ranged\shotguns\tactician\preset_base_tactician.tweak",".tweak","15513"
"tools\redmod\tweaks\base\gameplay\static_data\database\items\weapons\ranged\shotguns\testera\base_testera.tweak",".tweak","10172"
"tools\redmod\tweaks\base\gameplay\static_data\database\items\weapons\ranged\shotguns\testera\preset_base_testera.tweak",".tweak","8671"
"tools\redmod\tweaks\base\gameplay\static_data\database\items\weapons\ranged\shotguns\zhuo\base_zhuo.tweak",".tweak","13643"
"tools\redmod\tweaks\base\gameplay\static_data\database\items\weapons\ranged\shotguns\zhuo\preset_base_zhuo.tweak",".tweak","13908"
"tools\redmod\tweaks\base\gameplay\static_data\database\items\weapons\ranged\submachineguns\dian\base_dian.tweak",".tweak","12669"
"tools\redmod\tweaks\base\gameplay\static_data\database\items\weapons\ranged\submachineguns\dian\preset_base_dian.tweak",".tweak","6387"
"tools\redmod\tweaks\base\gameplay\static_data\database\items\weapons\ranged\submachineguns\guillotine\base_guillotine.tweak",".tweak","10531"
"tools\redmod\tweaks\base\gameplay\static_data\database\items\weapons\ranged\submachineguns\guillotine\preset_base_guillotine.tweak",".tweak","8594"
"tools\redmod\tweaks\base\gameplay\static_data\database\items\weapons\ranged\submachineguns\pulsar\base_pulsar.tweak",".tweak","9151"
"tools\redmod\tweaks\base\gameplay\static_data\database\items\weapons\ranged\submachineguns\pulsar\preset_base_pulsar.tweak",".tweak","6566"
"tools\redmod\tweaks\base\gameplay\static_data\database\items\weapons\ranged\submachineguns\saratoga\base_saratoga.tweak",".tweak","9271"
"tools\redmod\tweaks\base\gameplay\static_data\database\items\weapons\ranged\submachineguns\saratoga\preset_base_saratoga.tweak",".tweak","16791"
"tools\redmod\tweaks\base\gameplay\static_data\database\items\weapons\ranged\submachineguns\senkoh\base_senkoh.tweak",".tweak","12852"
"tools\redmod\tweaks\base\gameplay\static_data\database\items\weapons\ranged\submachineguns\senkoh\preset_base_senkoh.tweak",".tweak","9583"
"tools\redmod\tweaks\base\gameplay\static_data\database\items\weapons\ranged\submachineguns\shingen\base_shingen.tweak",".tweak","16682"
"tools\redmod\tweaks\base\gameplay\static_data\database\items\weapons\ranged\submachineguns\shingen\preset_base_shingen.tweak",".tweak","8761"
"tools\redmod\tweaks\base\gameplay\static_data\database\items\weapons\schema.tweak",".tweak","2078"
"tools\redmod\tweaks\base\gameplay\static_data\database\items\weapons\smart_gun_config\configs.tweak",".tweak","1832"
"tools\redmod\tweaks\base\gameplay\static_data\database\items\weapons\smart_gun_config\schema.tweak",".tweak","1087"
"tools\redmod\tweaks\base\gameplay\static_data\database\items\weapons\weapon_base.tweak",".tweak","3981"
"tools\redmod\tweaks\base\gameplay\static_data\database\items\weapons\weapon_blueprints.tweak",".tweak","41938"
"tools\redmod\tweaks\base\gameplay\static_data\database\lookat_presets\base_values.tweak",".tweak","43862"
"tools\redmod\tweaks\base\gameplay\static_data\database\lookat_presets\schema.tweak",".tweak","891"
"tools\redmod\tweaks\base\gameplay\static_data\database\loot\bosses_loot.tweak",".tweak","2211"
"tools\redmod\tweaks\base\gameplay\static_data\database\loot\ce\ce_loot.tweak",".tweak","14454"
"tools\redmod\tweaks\base\gameplay\static_data\database\loot\container_types.tweak",".tweak","1301"
"tools\redmod\tweaks\base\gameplay\static_data\database\loot\contextual\contextual_clothing.tweak",".tweak","295"
"tools\redmod\tweaks\base\gameplay\static_data\database\loot\contextual\richness.tweak",".tweak","170"
"tools\redmod\tweaks\base\gameplay\static_data\database\loot\controlled_loot.tweak",".tweak","40880"
"tools\redmod\tweaks\base\gameplay\static_data\database\loot\cyberpsycho_weapon_loot.tweak",".tweak","59361"
"tools\redmod\tweaks\base\gameplay\static_data\database\loot\districts\badlands\badlands_general.tweak",".tweak","3842"
"tools\redmod\tweaks\base\gameplay\static_data\database\loot\districts\badlands\badlands_idyllwild.tweak",".tweak","2630"
"tools\redmod\tweaks\base\gameplay\static_data\database\loot\districts\badlands\badlands_indland_avenue.tweak",".tweak","3753"
"tools\redmod\tweaks\base\gameplay\static_data\database\loot\districts\badlands\badlands_yunque.tweak",".tweak","2622"
"tools\redmod\tweaks\base\gameplay\static_data\database\loot\districts\city_center\city_center_corpo_plaza.tweak",".tweak","3668"
"tools\redmod\tweaks\base\gameplay\static_data\database\loot\districts\city_center\city_center_downtown.tweak",".tweak","3772"
"tools\redmod\tweaks\base\gameplay\static_data\database\loot\districts\city_center\city_center_general.tweak",".tweak","2782"
"tools\redmod\tweaks\base\gameplay\static_data\database\loot\districts\heywood\heywood_general.tweak",".tweak","422"
"tools\redmod\tweaks\base\gameplay\static_data\database\loot\districts\heywood\heywood_glen.tweak",".tweak","3290"
"tools\redmod\tweaks\base\gameplay\static_data\database\loot\districts\heywood\heywood_vista_del_rey.tweak",".tweak","4627"
"tools\redmod\tweaks\base\gameplay\static_data\database\loot\districts\heywood\heywood_wellsprings.tweak",".tweak","3634"
"tools\redmod\tweaks\base\gameplay\static_data\database\loot\districts\pacifica\pacifica_coastview.tweak",".tweak","3526"
"tools\redmod\tweaks\base\gameplay\static_data\database\loot\districts\pacifica\pacifica_general.tweak",".tweak","2852"
"tools\redmod\tweaks\base\gameplay\static_data\database\loot\districts\pacifica\pacifica_general_contexts.tweak",".tweak","28"
"tools\redmod\tweaks\base\gameplay\static_data\database\loot\districts\pacifica\pacifica_general_factions.tweak",".tweak","28"
"tools\redmod\tweaks\base\gameplay\static_data\database\loot\districts\pacifica\pacifica_general_locations.tweak",".tweak","28"
"tools\redmod\tweaks\base\gameplay\static_data\database\loot\districts\pacifica\pacifica_west_wind_estate.tweak",".tweak","3344"
"tools\redmod\tweaks\base\gameplay\static_data\database\loot\districts\santo_domingo\santo_domingo_arroyo.tweak",".tweak","4688"
"tools\redmod\tweaks\base\gameplay\static_data\database\loot\districts\santo_domingo\santo_domingo_general.tweak",".tweak","4106"
"tools\redmod\tweaks\base\gameplay\static_data\database\loot\districts\santo_domingo\santo_domingo_rancho_corronado.tweak",".tweak","5000"
"tools\redmod\tweaks\base\gameplay\static_data\database\loot\districts\watson\watson_general.tweak",".tweak","3669"
"tools\redmod\tweaks\base\gameplay\static_data\database\loot\districts\watson\watson_general_contexts.tweak",".tweak","417"
"tools\redmod\tweaks\base\gameplay\static_data\database\loot\districts\watson\watson_kabuki.tweak",".tweak","6087"
"tools\redmod\tweaks\base\gameplay\static_data\database\loot\districts\watson\watson_little_china.tweak",".tweak","6052"
"tools\redmod\tweaks\base\gameplay\static_data\database\loot\districts\watson\watson_nid.tweak",".tweak","6192"
"tools\redmod\tweaks\base\gameplay\static_data\database\loot\districts\westbrook\westbrook_charter_hill.tweak",".tweak","4619"
"tools\redmod\tweaks\base\gameplay\static_data\database\loot\districts\westbrook\westbrook_general.tweak",".tweak","3660"
"tools\redmod\tweaks\base\gameplay\static_data\database\loot\districts\westbrook\westbrook_japan_town.tweak",".tweak","4552"
"tools\redmod\tweaks\base\gameplay\static_data\database\loot\districts\westbrook\westbrook_north_oaks.tweak",".tweak","4959"
"tools\redmod\tweaks\base\gameplay\static_data\database\loot\factions\6th_street_loot.tweak",".tweak","4257"
"tools\redmod\tweaks\base\gameplay\static_data\database\loot\factions\aldecados_loot.tweak",".tweak","2456"
"tools\redmod\tweaks\base\gameplay\static_data\database\loot\factions\animals_loot.tweak",".tweak","6013"
"tools\redmod\tweaks\base\gameplay\static_data\database\loot\factions\arasaka_loot.tweak",".tweak","9581"
"tools\redmod\tweaks\base\gameplay\static_data\database\loot\factions\faction_queries.tweak",".tweak","4963"
"tools\redmod\tweaks\base\gameplay\static_data\database\loot\factions\kang_tao_loot.tweak",".tweak","844"
"tools\redmod\tweaks\base\gameplay\static_data\database\loot\factions\maelstrom_loot.tweak",".tweak","4262"
"tools\redmod\tweaks\base\gameplay\static_data\database\loot\factions\militech_loot.tweak",".tweak","3307"
"tools\redmod\tweaks\base\gameplay\static_data\database\loot\factions\moxies_loot.tweak",".tweak","871"
"tools\redmod\tweaks\base\gameplay\static_data\database\loot\factions\ncpd_loot.tweak",".tweak","28"
"tools\redmod\tweaks\base\gameplay\static_data\database\loot\factions\scavengers_loot.tweak",".tweak","5353"
"tools\redmod\tweaks\base\gameplay\static_data\database\loot\factions\trauma_team_loot.tweak",".tweak","707"
"tools\redmod\tweaks\base\gameplay\static_data\database\loot\factions\tyger_claws_loot.tweak",".tweak","7122"
"tools\redmod\tweaks\base\gameplay\static_data\database\loot\factions\valentinos_loot.tweak",".tweak","4983"
"tools\redmod\tweaks\base\gameplay\static_data\database\loot\factions\voodoo_boys_loot.tweak",".tweak","3742"
"tools\redmod\tweaks\base\gameplay\static_data\database\loot\factions\wraiths_loot.tweak",".tweak","4027"
"tools\redmod\tweaks\base\gameplay\static_data\database\loot\generic_loot.tweak",".tweak","993"
"tools\redmod\tweaks\base\gameplay\static_data\database\loot\generic_loot\attachments_loot.tweak",".tweak","5815"
"tools\redmod\tweaks\base\gameplay\static_data\database\loot\generic_loot\generic_faction_loot.tweak",".tweak","27067"
"tools\redmod\tweaks\base\gameplay\static_data\database\loot\generic_loot\high_class.tweak",".tweak","30253"
"tools\redmod\tweaks\base\gameplay\static_data\database\loot\generic_loot\low_class.tweak",".tweak","30183"
"tools\redmod\tweaks\base\gameplay\static_data\database\loot\generic_loot\medium_class.tweak",".tweak","31552"
"tools\redmod\tweaks\base\gameplay\static_data\database\loot\generic_npc_loot.tweak",".tweak","6121"
"tools\redmod\tweaks\base\gameplay\static_data\database\loot\generictokens.tweak",".tweak","34"
"tools\redmod\tweaks\base\gameplay\static_data\database\loot\gym_ccl\weapons.tweak",".tweak","2115"
"tools\redmod\tweaks\base\gameplay\static_data\database\loot\gym_tech_gmpl\loottables.tweak",".tweak","1045"
"tools\redmod\tweaks\base\gameplay\static_data\database\loot\gym_ui\loottables.tweak",".tweak","1322"
"tools\redmod\tweaks\base\gameplay\static_data\database\loot\item_pass_loot_tables.tweak",".tweak","71940"
"tools\redmod\tweaks\base\gameplay\static_data\database\loot\loot_prereqs.tweak",".tweak","31979"
"tools\redmod\tweaks\base\gameplay\static_data\database\loot\lootsettings.tweak",".tweak","289"
"tools\redmod\tweaks\base\gameplay\static_data\database\loot\ma\ma_loot.tweak",".tweak","84157"
"tools\redmod\tweaks\base\gameplay\static_data\database\loot\ma_npcs_rewards.tweak",".tweak","9302"
"tools\redmod\tweaks\base\gameplay\static_data\database\loot\main_quests\q000_loot.tweak",".tweak","3030"
"tools\redmod\tweaks\base\gameplay\static_data\database\loot\main_quests\q001_loot.tweak",".tweak","6665"
"tools\redmod\tweaks\base\gameplay\static_data\database\loot\main_quests\q003_loot.tweak",".tweak","2582"
"tools\redmod\tweaks\base\gameplay\static_data\database\loot\main_quests\q004_loot.tweak",".tweak","2302"
"tools\redmod\tweaks\base\gameplay\static_data\database\loot\main_quests\q005_loot.tweak",".tweak","1624"
"tools\redmod\tweaks\base\gameplay\static_data\database\loot\main_quests\q103_loot.tweak",".tweak","7564"
"tools\redmod\tweaks\base\gameplay\static_data\database\loot\main_quests\q104_loot.tweak",".tweak","6634"
"tools\redmod\tweaks\base\gameplay\static_data\database\loot\main_quests\q105_loot.tweak",".tweak","7575"
"tools\redmod\tweaks\base\gameplay\static_data\database\loot\main_quests\q110_loot.tweak",".tweak","5035"
"tools\redmod\tweaks\base\gameplay\static_data\database\loot\main_quests\q112_loot.tweak",".tweak","7178"
"tools\redmod\tweaks\base\gameplay\static_data\database\loot\main_quests\q113_loot.tweak",".tweak","5252"
"tools\redmod\tweaks\base\gameplay\static_data\database\loot\main_quests\q114_loot.tweak",".tweak","6209"
"tools\redmod\tweaks\base\gameplay\static_data\database\loot\main_quests\q115_loot.tweak",".tweak","3763"
"tools\redmod\tweaks\base\gameplay\static_data\database\loot\main_quests\q204_loot.tweak",".tweak","321"
"tools\redmod\tweaks\base\gameplay\static_data\database\loot\minor_activity_loot.tweak",".tweak","170340"
"tools\redmod\tweaks\base\gameplay\static_data\database\loot\ms\ms_loot.tweak",".tweak","37308"
"tools\redmod\tweaks\base\gameplay\static_data\database\loot\mws_loot_gang_retaliation.tweak",".tweak","1490"
"tools\redmod\tweaks\base\gameplay\static_data\database\loot\quest_loot.tweak",".tweak","18267"
"tools\redmod\tweaks\base\gameplay\static_data\database\loot\quickhacks_loot.tweak",".tweak","85275"
"tools\redmod\tweaks\base\gameplay\static_data\database\loot\samples.tweak",".tweak","106"
"tools\redmod\tweaks\base\gameplay\static_data\database\loot\schema.tweak",".tweak","1941"
"tools\redmod\tweaks\base\gameplay\static_data\database\loot\side_quests\mq050_loot.tweak",".tweak","1372"
"tools\redmod\tweaks\base\gameplay\static_data\database\loot\side_quests\mq057_loot.tweak",".tweak","953"
"tools\redmod\tweaks\base\gameplay\static_data\database\loot\side_quests\mq059_loot.tweak",".tweak","401"
"tools\redmod\tweaks\base\gameplay\static_data\database\loot\side_quests\sq004_loot.tweak",".tweak","5655"
"tools\redmod\tweaks\base\gameplay\static_data\database\loot\side_quests\sq006_loot.tweak",".tweak","4089"
"tools\redmod\tweaks\base\gameplay\static_data\database\loot\side_quests\sq011_loot.tweak",".tweak","2787"
"tools\redmod\tweaks\base\gameplay\static_data\database\loot\side_quests\sq012_loot.tweak",".tweak","1918"
"tools\redmod\tweaks\base\gameplay\static_data\database\loot\side_quests\sq017_loot.tweak",".tweak","2587"
"tools\redmod\tweaks\base\gameplay\static_data\database\loot\side_quests\sq018_loot.tweak",".tweak","994"
"tools\redmod\tweaks\base\gameplay\static_data\database\loot\side_quests\sq021_loot.tweak",".tweak","4271"
"tools\redmod\tweaks\base\gameplay\static_data\database\loot\side_quests\sq023_loot.tweak",".tweak","1224"
"tools\redmod\tweaks\base\gameplay\static_data\database\loot\side_quests\sq024_loot.tweak",".tweak","1369"
"tools\redmod\tweaks\base\gameplay\static_data\database\loot\side_quests\sq025_loot.tweak",".tweak","2244"
"tools\redmod\tweaks\base\gameplay\static_data\database\loot\side_quests\sq026_loot.tweak",".tweak","1708"
"tools\redmod\tweaks\base\gameplay\static_data\database\loot\side_quests\sq027_loot.tweak",".tweak","2098"
"tools\redmod\tweaks\base\gameplay\static_data\database\loot\side_quests\sq028_loot.tweak",".tweak","517"
"tools\redmod\tweaks\base\gameplay\static_data\database\loot\side_quests\sq030_loot.tweak",".tweak","887"
"tools\redmod\tweaks\base\gameplay\static_data\database\loot\side_quests\sq031_loot.tweak",".tweak","5560"
"tools\redmod\tweaks\base\gameplay\static_data\database\loot\specific_loot.tweak",".tweak","91614"
"tools\redmod\tweaks\base\gameplay\static_data\database\loot\sts\kabuki_07.tweak",".tweak","691"
"tools\redmod\tweaks\base\gameplay\static_data\database\loot\sts\sts_loot.tweak",".tweak","32924"
"tools\redmod\tweaks\base\gameplay\static_data\database\loot\sts_loot.tweak",".tweak","23714"
"tools\redmod\tweaks\base\gameplay\static_data\database\loot\sts_loot_gang_retaliation.tweak",".tweak","2758"
"tools\redmod\tweaks\base\gameplay\static_data\database\loot\vending_machnes_loot.tweak",".tweak","1450"
"tools\redmod\tweaks\base\gameplay\static_data\database\loot\vertical_slice_loot.tweak",".tweak","862"
"tools\redmod\tweaks\base\gameplay\static_data\database\mappins\mappins.tweak",".tweak","8985"
"tools\redmod\tweaks\base\gameplay\static_data\database\mappins\mappins_poi.tweak",".tweak","2265"
"tools\redmod\tweaks\base\gameplay\static_data\database\mappins\mappins_racing.tweak",".tweak","443"
"tools\redmod\tweaks\base\gameplay\static_data\database\mappins\mappins_ripperdoc.tweak",".tweak","2324"
"tools\redmod\tweaks\base\gameplay\static_data\database\mappins\phase_enum.tweak",".tweak","335"
"tools\redmod\tweaks\base\gameplay\static_data\database\mappins\schema.tweak",".tweak","796"
"tools\redmod\tweaks\base\gameplay\static_data\database\mappins\variant_enum.tweak",".tweak","14098"
"tools\redmod\tweaks\base\gameplay\static_data\database\materials\materials.tweak",".tweak","1297"
"tools\redmod\tweaks\base\gameplay\static_data\database\materials\materials_schema.tweak",".tweak","53"
"tools\redmod\tweaks\base\gameplay\static_data\database\minigame\enums\schema.tweak",".tweak","57"
"tools\redmod\tweaks\base\gameplay\static_data\database\minigame\enums\traptype.tweak",".tweak","188"
"tools\redmod\tweaks\base\gameplay\static_data\database\minigame\minigame.tweak",".tweak","2394"
"tools\redmod\tweaks\base\gameplay\static_data\database\minigame\schema.tweak",".tweak","885"
"tools\redmod\tweaks\base\gameplay\static_data\database\minigame_v2\minigame_v2.tweak",".tweak","14086"
"tools\redmod\tweaks\base\gameplay\static_data\database\minigame_v2\schema.tweak",".tweak","1903"
"tools\redmod\tweaks\base\gameplay\static_data\database\minigame_v2\traps.tweak",".tweak","1351"
"tools\redmod\tweaks\base\gameplay\static_data\database\movement_params\base_values.tweak",".tweak","8881"
"tools\redmod\tweaks\base\gameplay\static_data\database\movement_params\schema.tweak",".tweak","251"
"tools\redmod\tweaks\base\gameplay\static_data\database\multiplayer\records.tweak",".tweak","1825"
"tools\redmod\tweaks\base\gameplay\static_data\database\network\network.tweak",".tweak","9613"
"tools\redmod\tweaks\base\gameplay\static_data\database\network\schema.tweak",".tweak","1253"
"tools\redmod\tweaks\base\gameplay\static_data\database\new_perks\base_values.tweak",".tweak","17910"
"tools\redmod\tweaks\base\gameplay\static_data\database\new_perks\body_new_perks.tweak",".tweak","54492"
"tools\redmod\tweaks\base\gameplay\static_data\database\new_perks\cool_new_perks.tweak",".tweak","58892"
"tools\redmod\tweaks\base\gameplay\static_data\database\new_perks\espionage_new_perks.tweak",".tweak","12694"
"tools\redmod\tweaks\base\gameplay\static_data\database\new_perks\intelligence_new_perks.tweak",".tweak","57281"
"tools\redmod\tweaks\base\gameplay\static_data\database\new_perks\reflexes_new_perks.tweak",".tweak","61104"
"tools\redmod\tweaks\base\gameplay\static_data\database\new_perks\schema.tweak",".tweak","1518"
"tools\redmod\tweaks\base\gameplay\static_data\database\new_perks\tech_new_perks.tweak",".tweak","62211"
"tools\redmod\tweaks\base\gameplay\static_data\database\object_actions\action_categories.tweak",".tweak","2271"
"tools\redmod\tweaks\base\gameplay\static_data\database\object_actions\action_restriction_groups.tweak",".tweak","1012"
"tools\redmod\tweaks\base\gameplay\static_data\database\object_actions\ai_quick_hacks.tweak",".tweak","20853"
"tools\redmod\tweaks\base\gameplay\static_data\database\object_actions\boss_actions.tweak",".tweak","463"
"tools\redmod\tweaks\base\gameplay\static_data\database\object_actions\cyberware_actions.tweak",".tweak","13509"
"tools\redmod\tweaks\base\gameplay\static_data\database\object_actions\defeated_actions.tweak",".tweak","315"
"tools\redmod\tweaks\base\gameplay\static_data\database\object_actions\device_actions.tweak",".tweak","25065"
"tools\redmod\tweaks\base\gameplay\static_data\database\object_actions\devicehacks.tweak",".tweak","1332"
"tools\redmod\tweaks\base\gameplay\static_data\database\object_actions\flathead_actions.tweak",".tweak","696"
"tools\redmod\tweaks\base\gameplay\static_data\database\object_actions\hack_categories.tweak",".tweak","1361"
"tools\redmod\tweaks\base\gameplay\static_data\database\object_actions\item_actions.tweak",".tweak","1542"
"tools\redmod\tweaks\base\gameplay\static_data\database\object_actions\minigame_actions.tweak",".tweak","23300"
"tools\redmod\tweaks\base\gameplay\static_data\database\object_actions\object_action_types.tweak",".tweak","574"
"tools\redmod\tweaks\base\gameplay\static_data\database\object_actions\payment_actions.tweak",".tweak","875"
"tools\redmod\tweaks\base\gameplay\static_data\database\object_actions\pick_up_body.tweak",".tweak","2134"
"tools\redmod\tweaks\base\gameplay\static_data\database\object_actions\puppet_quick_hacks.tweak",".tweak","221158"
"tools\redmod\tweaks\base\gameplay\static_data\database\object_actions\references.tweak",".tweak","432"
"tools\redmod\tweaks\base\gameplay\static_data\database\object_actions\schema.tweak",".tweak","2910"
"tools\redmod\tweaks\base\gameplay\static_data\database\object_actions\scrap.tweak",".tweak","2345"
"tools\redmod\tweaks\base\gameplay\static_data\database\object_actions\takedowns.tweak",".tweak","19383"
"tools\redmod\tweaks\base\gameplay\static_data\database\object_actions\talk.tweak",".tweak","2739"
"tools\redmod\tweaks\base\gameplay\static_data\database\object_actions\vehicle_actions.tweak",".tweak","13816"
"tools\redmod\tweaks\base\gameplay\static_data\database\perks\all_traits.tweak",".tweak","4145"
"tools\redmod\tweaks\base\gameplay\static_data\database\perks\athletics_perks.tweak",".tweak","7835"
"tools\redmod\tweaks\base\gameplay\static_data\database\perks\base_values.tweak",".tweak","29"
"tools\redmod\tweaks\base\gameplay\static_data\database\perks\blades_perks.tweak",".tweak","10018"
"tools\redmod\tweaks\base\gameplay\static_data\database\perks\brawling_perks.tweak",".tweak","9163"
"tools\redmod\tweaks\base\gameplay\static_data\database\perks\coldblood_perks.tweak",".tweak","7561"
"tools\redmod\tweaks\base\gameplay\static_data\database\perks\combat_hacking_perks.tweak",".tweak","8091"
"tools\redmod\tweaks\base\gameplay\static_data\database\perks\crafting_perks.tweak",".tweak","6770"
"tools\redmod\tweaks\base\gameplay\static_data\database\perks\engineering_perks.tweak",".tweak","7767"
"tools\redmod\tweaks\base\gameplay\static_data\database\perks\hacking_perks.tweak",".tweak","7524"
"tools\redmod\tweaks\base\gameplay\static_data\database\perks\handguns_perks.tweak",".tweak","8661"
"tools\redmod\tweaks\base\gameplay\static_data\database\perks\hit_prereq_conditions.tweak",".tweak","4707"
"tools\redmod\tweaks\base\gameplay\static_data\database\perks\perk_groups.tweak",".tweak","419"
"tools\redmod\tweaks\base\gameplay\static_data\database\perks\perks_helper_records.tweak",".tweak","24671"
"tools\redmod\tweaks\base\gameplay\static_data\database\perks\perks_utility.tweak",".tweak","454"
"tools\redmod\tweaks\base\gameplay\static_data\database\perks\rifles_perks.tweak",".tweak","8885"
"tools\redmod\tweaks\base\gameplay\static_data\database\perks\schema.tweak",".tweak","1480"
"tools\redmod\tweaks\base\gameplay\static_data\database\perks\shotguns_perks.tweak",".tweak","8422"
"tools\redmod\tweaks\base\gameplay\static_data\database\perks\stealth_perks.tweak",".tweak","12663"
"tools\redmod\tweaks\base\gameplay\static_data\database\personalities\base_values.tweak",".tweak","60568"
"tools\redmod\tweaks\base\gameplay\static_data\database\personalities\rule_outputs_base_values.tweak",".tweak","2633"
"tools\redmod\tweaks\base\gameplay\static_data\database\personalities\rules_schema.tweak",".tweak","278"
"tools\redmod\tweaks\base\gameplay\static_data\database\personalities\schema.tweak",".tweak","700"
"tools\redmod\tweaks\base\gameplay\static_data\database\photomode\backgrounds.tweak",".tweak","1889"
"tools\redmod\tweaks\base\gameplay\static_data\database\photomode\effects.tweak",".tweak","12469"
"tools\redmod\tweaks\base\gameplay\static_data\database\photomode\faces.tweak",".tweak","1613"
"tools\redmod\tweaks\base\gameplay\static_data\database\photomode\frames.tweak",".tweak","40440"
"tools\redmod\tweaks\base\gameplay\static_data\database\photomode\npcicons.tweak",".tweak","10887"
"tools\redmod\tweaks\base\gameplay\static_data\database\photomode\posecategories.tweak",".tweak","522"
"tools\redmod\tweaks\base\gameplay\static_data\database\photomode\poses.tweak",".tweak","63161"
"tools\redmod\tweaks\base\gameplay\static_data\database\photomode\schema.tweak",".tweak","1325"
"tools\redmod\tweaks\base\gameplay\static_data\database\photomode\stickers.tweak",".tweak","72576"
"tools\redmod\tweaks\base\gameplay\static_data\database\prereqs\ai_prereqs.tweak",".tweak","4494"
"tools\redmod\tweaks\base\gameplay\static_data\database\prereqs\devices_prereqs.tweak",".tweak","1351"
"tools\redmod\tweaks\base\gameplay\static_data\database\prereqs\hit_prereq_condition_types.tweak",".tweak","2897"
"tools\redmod\tweaks\base\gameplay\static_data\database\prereqs\hit_prereqs.tweak",".tweak","1484"
"tools\redmod\tweaks\base\gameplay\static_data\database\prereqs\item_prereqs.tweak",".tweak","12169"
"tools\redmod\tweaks\base\gameplay\static_data\database\prereqs\player_prereqs.tweak",".tweak","1319"
"tools\redmod\tweaks\base\gameplay\static_data\database\prereqs\psm_prereqs.tweak",".tweak","2546"
"tools\redmod\tweaks\base\gameplay\static_data\database\prereqs\quick_hack_prereqs.tweak",".tweak","12612"
"tools\redmod\tweaks\base\gameplay\static_data\database\prereqs\rpg_prereqs.tweak",".tweak","9258"
"tools\redmod\tweaks\base\gameplay\static_data\database\prereqs\schema.tweak",".tweak","3497"
"tools\redmod\tweaks\base\gameplay\static_data\database\prereqs\simple_prereqs.tweak",".tweak","3381"
"tools\redmod\tweaks\base\gameplay\static_data\database\prereqs\ui_prereqs.tweak",".tweak","289"
"tools\redmod\tweaks\base\gameplay\static_data\database\prereqs\vision_mode\vision_mode.tweak",".tweak","31"
"tools\redmod\tweaks\base\gameplay\static_data\database\prereqs\weapon_mods_prereqs.tweak",".tweak","3326"
"tools\redmod\tweaks\base\gameplay\static_data\database\prevention_system\car_chases.tweak",".tweak","3634"
"tools\redmod\tweaks\base\gameplay\static_data\database\prevention_system\prevention_system.tweak",".tweak","2252"
"tools\redmod\tweaks\base\gameplay\static_data\database\proficiencies\base_values.tweak",".tweak","54203"
"tools\redmod\tweaks\base\gameplay\static_data\database\proficiencies\development_points_base.tweak",".tweak","551"
"tools\redmod\tweaks\base\gameplay\static_data\database\proficiencies\schema.tweak",".tweak","941"
"tools\redmod\tweaks\base\gameplay\static_data\database\progression_builds\base_values.tweak",".tweak","256049"
"tools\redmod\tweaks\base\gameplay\static_data\database\progression_builds\builds_items.tweak",".tweak","70472"
"tools\redmod\tweaks\base\gameplay\static_data\database\progression_builds\schema.tweak",".tweak","1844"
"tools\redmod\tweaks\base\gameplay\static_data\database\progression_builds\set_values.tweak",".tweak","97592"
"tools\redmod\tweaks\base\gameplay\static_data\database\props\misc\q005.tweak",".tweak","176"
"tools\redmod\tweaks\base\gameplay\static_data\database\props\misc\q105.tweak",".tweak","3880"
"tools\redmod\tweaks\base\gameplay\static_data\database\props\misc\q201.tweak",".tweak","2531"
"tools\redmod\tweaks\base\gameplay\static_data\database\props\misc\samples.tweak",".tweak","360"
"tools\redmod\tweaks\base\gameplay\static_data\database\props\misc\sq023.tweak",".tweak","3201"
"tools\redmod\tweaks\base\gameplay\static_data\database\props\misc\ue_props.tweak",".tweak","1084"
"tools\redmod\tweaks\base\gameplay\static_data\database\props\quest\dlc6_apart.tweak",".tweak","1268"
"tools\redmod\tweaks\base\gameplay\static_data\database\props\quest\ma_std_rcr_11.tweak",".tweak","264"
"tools\redmod\tweaks\base\gameplay\static_data\database\props\quest\mq001.tweak",".tweak","220"
"tools\redmod\tweaks\base\gameplay\static_data\database\props\quest\mq007.tweak",".tweak","382"
"tools\redmod\tweaks\base\gameplay\static_data\database\props\quest\mq008.tweak",".tweak","222"
"tools\redmod\tweaks\base\gameplay\static_data\database\props\quest\mq011.tweak",".tweak","197"
"tools\redmod\tweaks\base\gameplay\static_data\database\props\quest\mq016.tweak",".tweak","178"
"tools\redmod\tweaks\base\gameplay\static_data\database\props\quest\mq017.tweak",".tweak","174"
"tools\redmod\tweaks\base\gameplay\static_data\database\props\quest\mq019.tweak",".tweak","381"
"tools\redmod\tweaks\base\gameplay\static_data\database\props\quest\mq021.tweak",".tweak","198"
"tools\redmod\tweaks\base\gameplay\static_data\database\props\quest\mq024.tweak",".tweak","157"
"tools\redmod\tweaks\base\gameplay\static_data\database\props\quest\mq026.tweak",".tweak","211"
"tools\redmod\tweaks\base\gameplay\static_data\database\props\quest\mq029.tweak",".tweak","181"
"tools\redmod\tweaks\base\gameplay\static_data\database\props\quest\mq033.tweak",".tweak","195"
"tools\redmod\tweaks\base\gameplay\static_data\database\props\quest\mq037.tweak",".tweak","384"
"tools\redmod\tweaks\base\gameplay\static_data\database\props\quest\mq040.tweak",".tweak","190"
"tools\redmod\tweaks\base\gameplay\static_data\database\props\quest\mq055.tweak",".tweak","214"
"tools\redmod\tweaks\base\gameplay\static_data\database\props\quest\q000.tweak",".tweak","11821"
"tools\redmod\tweaks\base\gameplay\static_data\database\props\quest\q001.tweak",".tweak","4425"
"tools\redmod\tweaks\base\gameplay\static_data\database\props\quest\q003.tweak",".tweak","1376"
"tools\redmod\tweaks\base\gameplay\static_data\database\props\quest\q004.tweak",".tweak","2989"
"tools\redmod\tweaks\base\gameplay\static_data\database\props\quest\q005.tweak",".tweak","1127"
"tools\redmod\tweaks\base\gameplay\static_data\database\props\quest\q101.tweak",".tweak","3609"
"tools\redmod\tweaks\base\gameplay\static_data\database\props\quest\q103.tweak",".tweak","2335"
"tools\redmod\tweaks\base\gameplay\static_data\database\props\quest\q104.tweak",".tweak","2607"
"tools\redmod\tweaks\base\gameplay\static_data\database\props\quest\q105.tweak",".tweak","2864"
"tools\redmod\tweaks\base\gameplay\static_data\database\props\quest\q108.tweak",".tweak","3782"
"tools\redmod\tweaks\base\gameplay\static_data\database\props\quest\q110.tweak",".tweak","2424"
"tools\redmod\tweaks\base\gameplay\static_data\database\props\quest\q112.tweak",".tweak","2670"
"tools\redmod\tweaks\base\gameplay\static_data\database\props\quest\q113.tweak",".tweak","761"
"tools\redmod\tweaks\base\gameplay\static_data\database\props\quest\q114.tweak",".tweak","2330"
"tools\redmod\tweaks\base\gameplay\static_data\database\props\quest\q115.tweak",".tweak","2101"
"tools\redmod\tweaks\base\gameplay\static_data\database\props\quest\q202.tweak",".tweak","605"
"tools\redmod\tweaks\base\gameplay\static_data\database\props\quest\q203.tweak",".tweak","1371"
"tools\redmod\tweaks\base\gameplay\static_data\database\props\quest\q204.tweak",".tweak","2789"
"tools\redmod\tweaks\base\gameplay\static_data\database\props\quest\sq004.tweak",".tweak","816"
"tools\redmod\tweaks\base\gameplay\static_data\database\props\quest\sq011.tweak",".tweak","3963"
"tools\redmod\tweaks\base\gameplay\static_data\database\props\quest\sq012.tweak",".tweak","1343"
"tools\redmod\tweaks\base\gameplay\static_data\database\props\quest\sq017.tweak",".tweak","865"
"tools\redmod\tweaks\base\gameplay\static_data\database\props\quest\sq018.tweak",".tweak","2063"
"tools\redmod\tweaks\base\gameplay\static_data\database\props\quest\sq021.tweak",".tweak","4137"
"tools\redmod\tweaks\base\gameplay\static_data\database\props\quest\sq024.tweak",".tweak","212"
"tools\redmod\tweaks\base\gameplay\static_data\database\props\quest\sq025.tweak",".tweak","753"
"tools\redmod\tweaks\base\gameplay\static_data\database\props\quest\sq026.tweak",".tweak","1247"
"tools\redmod\tweaks\base\gameplay\static_data\database\props\quest\sq027.tweak",".tweak","1214"
"tools\redmod\tweaks\base\gameplay\static_data\database\props\quest\sq028.tweak",".tweak","2836"
"tools\redmod\tweaks\base\gameplay\static_data\database\props\quest\sq029.tweak",".tweak","2352"
"tools\redmod\tweaks\base\gameplay\static_data\database\props\quest\sq030.tweak",".tweak","2039"
"tools\redmod\tweaks\base\gameplay\static_data\database\props\quest\sq031.tweak",".tweak","1227"
"tools\redmod\tweaks\base\gameplay\static_data\database\props\quest\sq032.tweak",".tweak","1037"
"tools\redmod\tweaks\base\gameplay\static_data\database\props\schema.tweak",".tweak","93"
"tools\redmod\tweaks\base\gameplay\static_data\database\purchase_offers\apartmentoffers.tweak",".tweak","797"
"tools\redmod\tweaks\base\gameplay\static_data\database\queries\ammo_queries.tweak",".tweak","427"
"tools\redmod\tweaks\base\gameplay\static_data\database\queries\clothing\context_clothing_queries.tweak",".tweak","6107"
"tools\redmod\tweaks\base\gameplay\static_data\database\queries\clothing\general_clothing_queries.tweak",".tweak","1515"
"tools\redmod\tweaks\base\gameplay\static_data\database\queries\clothing\type_clothing_queries.tweak",".tweak","2309"
"tools\redmod\tweaks\base\gameplay\static_data\database\queries\consumables_queries.tweak",".tweak","2399"
"tools\redmod\tweaks\base\gameplay\static_data\database\queries\crafting_materials_queries.tweak",".tweak","444"
"tools\redmod\tweaks\base\gameplay\static_data\database\queries\cyberware\arms_cyberware_fragments_queries.tweak",".tweak","29"
"tools\redmod\tweaks\base\gameplay\static_data\database\queries\cyberware\kiroshi_fragments_queries.tweak",".tweak","122"
"tools\redmod\tweaks\base\gameplay\static_data\database\queries\cyberware\system_replacement_fragments_queries.tweak",".tweak","1593"
"tools\redmod\tweaks\base\gameplay\static_data\database\queries\gadgets_queries.tweak",".tweak","164"
"tools\redmod\tweaks\base\gameplay\static_data\database\queries\melee_weapon_queries.tweak",".tweak","828"
"tools\redmod\tweaks\base\gameplay\static_data\database\queries\misc_queries.tweak",".tweak","5571"
"tools\redmod\tweaks\base\gameplay\static_data\database\queries\parts_queries.tweak",".tweak","13664"
"tools\redmod\tweaks\base\gameplay\static_data\database\queries\quickhack_queries.tweak",".tweak","1306"
"tools\redmod\tweaks\base\gameplay\static_data\database\queries\ranged_weapon_queries.tweak",".tweak","3989"
"tools\redmod\tweaks\base\gameplay\static_data\database\queries\recipes_queries.tweak",".tweak","8854"
"tools\redmod\tweaks\base\gameplay\static_data\database\queries\schema.tweak",".tweak","308"
"tools\redmod\tweaks\base\gameplay\static_data\database\queries\weapon_attachment_queries.tweak",".tweak","29"
"tools\redmod\tweaks\base\gameplay\static_data\database\quest_rewards\achievements.tweak",".tweak","2277"
"tools\redmod\tweaks\base\gameplay\static_data\database\quest_rewards\bounty_rewards.tweak",".tweak","23276"
"tools\redmod\tweaks\base\gameplay\static_data\database\quest_rewards\ccl_rewards.tweak",".tweak","2372"
"tools\redmod\tweaks\base\gameplay\static_data\database\quest_rewards\dynamic_events.tweak",".tweak","8763"
"tools\redmod\tweaks\base\gameplay\static_data\database\quest_rewards\main_quests.tweak",".tweak","24961"
"tools\redmod\tweaks\base\gameplay\static_data\database\quest_rewards\minor_activities.tweak",".tweak","339636"
"tools\redmod\tweaks\base\gameplay\static_data\database\quest_rewards\minor_quests.tweak",".tweak","47377"
"tools\redmod\tweaks\base\gameplay\static_data\database\quest_rewards\photomode_rewards.tweak",".tweak","3314"
"tools\redmod\tweaks\base\gameplay\static_data\database\quest_rewards\rewards.tweak",".tweak","3252"
"tools\redmod\tweaks\base\gameplay\static_data\database\quest_rewards\rpg_action_rewards.tweak",".tweak","10363"
"tools\redmod\tweaks\base\gameplay\static_data\database\quest_rewards\schema.tweak",".tweak","974"
"tools\redmod\tweaks\base\gameplay\static_data\database\quest_rewards\side_quests.tweak",".tweak","35307"
"tools\redmod\tweaks\base\gameplay\static_data\database\quest_rewards\street_stories.tweak",".tweak","123912"
"tools\redmod\tweaks\base\gameplay\static_data\database\quest_rewards\trainer_rewards.tweak",".tweak","10867"
"tools\redmod\tweaks\base\gameplay\static_data\database\quest_rewards\vehicle_metaquest.tweak",".tweak","6333"
"tools\redmod\tweaks\base\gameplay\static_data\database\quest_system\quest_system.tweak",".tweak","515"
"tools\redmod\tweaks\base\gameplay\static_data\database\quest_system\schema.tweak",".tweak","335"
"tools\redmod\tweaks\base\gameplay\static_data\database\readables\generic\generic_readables.tweak",".tweak","52789"
"tools\redmod\tweaks\base\gameplay\static_data\database\readables\main_quests\q000.tweak",".tweak","815"
"tools\redmod\tweaks\base\gameplay\static_data\database\readables\main_quests\q003.tweak",".tweak","583"
"tools\redmod\tweaks\base\gameplay\static_data\database\readables\main_quests\q103.tweak",".tweak","979"
"tools\redmod\tweaks\base\gameplay\static_data\database\readables\main_quests\q104.tweak",".tweak","518"
"tools\redmod\tweaks\base\gameplay\static_data\database\readables\main_quests\q105.tweak",".tweak","767"
"tools\redmod\tweaks\base\gameplay\static_data\database\readables\main_quests\q110.tweak",".tweak","949"
"tools\redmod\tweaks\base\gameplay\static_data\database\readables\main_quests\q114.tweak",".tweak","722"
"tools\redmod\tweaks\base\gameplay\static_data\database\readables\main_quests\q115.tweak",".tweak","873"
"tools\redmod\tweaks\base\gameplay\static_data\database\readables\main_quests\q116.tweak",".tweak","248"
"tools\redmod\tweaks\base\gameplay\static_data\database\readables\main_quests\q204.tweak",".tweak","314"
"tools\redmod\tweaks\base\gameplay\static_data\database\readables\minor_activities\ma_readables.tweak",".tweak","146809"
"tools\redmod\tweaks\base\gameplay\static_data\database\readables\minor_quests\mq001.tweak",".tweak","41"
"tools\redmod\tweaks\base\gameplay\static_data\database\readables\minor_quests\mq006.tweak",".tweak","269"
"tools\redmod\tweaks\base\gameplay\static_data\database\readables\minor_quests\mq018.tweak",".tweak","252"
"tools\redmod\tweaks\base\gameplay\static_data\database\readables\minor_quests\mq024.tweak",".tweak","971"
"tools\redmod\tweaks\base\gameplay\static_data\database\readables\minor_quests\mq025.tweak",".tweak","270"
"tools\redmod\tweaks\base\gameplay\static_data\database\readables\minor_quests\mq026.tweak",".tweak","445"
"tools\redmod\tweaks\base\gameplay\static_data\database\readables\minor_quests\mq028.tweak",".tweak","676"
"tools\redmod\tweaks\base\gameplay\static_data\database\readables\minor_quests\mq029.tweak",".tweak","738"
"tools\redmod\tweaks\base\gameplay\static_data\database\readables\minor_quests\mq030.tweak",".tweak","41"
"tools\redmod\tweaks\base\gameplay\static_data\database\readables\minor_quests\mq034.tweak",".tweak","336"
"tools\redmod\tweaks\base\gameplay\static_data\database\readables\minor_quests\mq049.tweak",".tweak","747"
"tools\redmod\tweaks\base\gameplay\static_data\database\readables\minor_quests\mq055.tweak",".tweak","1905"
"tools\redmod\tweaks\base\gameplay\static_data\database\readables\minor_quests\mq057.tweak",".tweak","689"
"tools\redmod\tweaks\base\gameplay\static_data\database\readables\minor_quests\mq058.tweak",".tweak","493"
"tools\redmod\tweaks\base\gameplay\static_data\database\readables\minor_quests\mq059.tweak",".tweak","870"
"tools\redmod\tweaks\base\gameplay\static_data\database\readables\minor_quests\mq060.tweak",".tweak","933"
"tools\redmod\tweaks\base\gameplay\static_data\database\readables\side_quests\sq001.tweak",".tweak","41"
"tools\redmod\tweaks\base\gameplay\static_data\database\readables\side_quests\sq004.tweak",".tweak","303"
"tools\redmod\tweaks\base\gameplay\static_data\database\readables\side_quests\sq006.tweak",".tweak","265"
"tools\redmod\tweaks\base\gameplay\static_data\database\readables\side_quests\sq011.tweak",".tweak","41"
"tools\redmod\tweaks\base\gameplay\static_data\database\readables\side_quests\sq012.tweak",".tweak","499"
"tools\redmod\tweaks\base\gameplay\static_data\database\readables\side_quests\sq023.tweak",".tweak","515"
"tools\redmod\tweaks\base\gameplay\static_data\database\readables\side_quests\sq024.tweak",".tweak","691"
"tools\redmod\tweaks\base\gameplay\static_data\database\readables\side_quests\sq025.tweak",".tweak","41"
"tools\redmod\tweaks\base\gameplay\static_data\database\readables\side_quests\sq026.tweak",".tweak","1009"
"tools\redmod\tweaks\base\gameplay\static_data\database\readables\side_quests\sq027.tweak",".tweak","920"
"tools\redmod\tweaks\base\gameplay\static_data\database\readables\side_quests\sq030.tweak",".tweak","285"
"tools\redmod\tweaks\base\gameplay\static_data\database\readables\side_quests\sq031.tweak",".tweak","327"
"tools\redmod\tweaks\base\gameplay\static_data\database\readables\street_stories\mws_gang_retaliation_readables.tweak",".tweak","1343"
"tools\redmod\tweaks\base\gameplay\static_data\database\readables\street_stories\sts_gang_retaliation_readables.tweak",".tweak","2584"
"tools\redmod\tweaks\base\gameplay\static_data\database\readables\street_stories\sts_readables.tweak",".tweak","32716"
"tools\redmod\tweaks\base\gameplay\static_data\database\readables\world_stories\mws_readables.tweak",".tweak","2101"
"tools\redmod\tweaks\base\gameplay\static_data\database\rpg_actions\base_values.tweak",".tweak","366"
"tools\redmod\tweaks\base\gameplay\static_data\database\rpg_actions\schema.tweak",".tweak","124"
"tools\redmod\tweaks\base\gameplay\static_data\database\rpg_data\schema.tweak",".tweak","206"
"tools\redmod\tweaks\base\gameplay\static_data\database\scanning\main_quests\q000.tweak",".tweak","805"
"tools\redmod\tweaks\base\gameplay\static_data\database\scanning\main_quests\q001.tweak",".tweak","1561"
"tools\redmod\tweaks\base\gameplay\static_data\database\scanning\main_quests\q003.tweak",".tweak","5940"
"tools\redmod\tweaks\base\gameplay\static_data\database\scanning\main_quests\q004.tweak",".tweak","13151"
"tools\redmod\tweaks\base\gameplay\static_data\database\scanning\main_quests\q005.tweak",".tweak","4161"
"tools\redmod\tweaks\base\gameplay\static_data\database\scanning\main_quests\q101.tweak",".tweak","1556"
"tools\redmod\tweaks\base\gameplay\static_data\database\scanning\main_quests\q103.tweak",".tweak","2183"
"tools\redmod\tweaks\base\gameplay\static_data\database\scanning\main_quests\q104.tweak",".tweak","7599"
"tools\redmod\tweaks\base\gameplay\static_data\database\scanning\main_quests\q105.tweak",".tweak","28528"
"tools\redmod\tweaks\base\gameplay\static_data\database\scanning\main_quests\q108.tweak",".tweak","172"
"tools\redmod\tweaks\base\gameplay\static_data\database\scanning\main_quests\q110.tweak",".tweak","2600"
"tools\redmod\tweaks\base\gameplay\static_data\database\scanning\main_quests\q111.tweak",".tweak","1768"
"tools\redmod\tweaks\base\gameplay\static_data\database\scanning\main_quests\q112.tweak",".tweak","8104"
"tools\redmod\tweaks\base\gameplay\static_data\database\scanning\main_quests\q113.tweak",".tweak","1563"
"tools\redmod\tweaks\base\gameplay\static_data\database\scanning\main_quests\q114.tweak",".tweak","4790"
"tools\redmod\tweaks\base\gameplay\static_data\database\scanning\main_quests\q115.tweak",".tweak","1307"
"tools\redmod\tweaks\base\gameplay\static_data\database\scanning\main_quests\q116.tweak",".tweak","191"
"tools\redmod\tweaks\base\gameplay\static_data\database\scanning\main_quests\q200.tweak",".tweak","2006"
"tools\redmod\tweaks\base\gameplay\static_data\database\scanning\main_quests\q201.tweak",".tweak","3387"
"tools\redmod\tweaks\base\gameplay\static_data\database\scanning\main_quests\q202.tweak",".tweak","172"
"tools\redmod\tweaks\base\gameplay\static_data\database\scanning\main_quests\q203.tweak",".tweak","636"
"tools\redmod\tweaks\base\gameplay\static_data\database\scanning\main_quests\q204.tweak",".tweak","8565"
"tools\redmod\tweaks\base\gameplay\static_data\database\scanning\mini_world_stories\mini_world_stories.tweak",".tweak","2121"
"tools\redmod\tweaks\base\gameplay\static_data\database\scanning\minor_activities\ma_bls_ina_07.tweak",".tweak","1362"
"tools\redmod\tweaks\base\gameplay\static_data\database\scanning\minor_activities\ma_bls_ina_se1_08.tweak",".tweak","805"
"tools\redmod\tweaks\base\gameplay\static_data\database\scanning\minor_activities\ma_bls_ina_se1_22.tweak",".tweak","1337"
"tools\redmod\tweaks\base\gameplay\static_data\database\scanning\minor_activities\ma_cct_dtn_03.tweak",".tweak","571"
"tools\redmod\tweaks\base\gameplay\static_data\database\scanning\minor_activities\ma_cct_dtn_07.tweak",".tweak","451"
"tools\redmod\tweaks\base\gameplay\static_data\database\scanning\minor_activities\ma_hey_spr_04.tweak",".tweak","2831"
"tools\redmod\tweaks\base\gameplay\static_data\database\scanning\minor_activities\ma_hey_spr_06.tweak",".tweak","419"
"tools\redmod\tweaks\base\gameplay\static_data\database\scanning\minor_activities\ma_pac_cvi_08.tweak",".tweak","3930"
"tools\redmod\tweaks\base\gameplay\static_data\database\scanning\minor_activities\ma_pac_cvi_15.tweak",".tweak","443"
"tools\redmod\tweaks\base\gameplay\static_data\database\scanning\minor_activities\ma_std_arr_06.tweak",".tweak","419"
"tools\redmod\tweaks\base\gameplay\static_data\database\scanning\minor_activities\ma_std_rcr_11.tweak",".tweak","1937"
"tools\redmod\tweaks\base\gameplay\static_data\database\scanning\minor_activities\ma_wat_kab_02.tweak",".tweak","806"
"tools\redmod\tweaks\base\gameplay\static_data\database\scanning\minor_activities\ma_wat_kab_08.tweak",".tweak","419"
"tools\redmod\tweaks\base\gameplay\static_data\database\scanning\minor_activities\ma_wat_kab_10.tweak",".tweak","248"
"tools\redmod\tweaks\base\gameplay\static_data\database\scanning\minor_activities\ma_wat_lch_06.tweak",".tweak","775"
"tools\redmod\tweaks\base\gameplay\static_data\database\scanning\minor_activities\ma_wat_nid_03.tweak",".tweak","945"
"tools\redmod\tweaks\base\gameplay\static_data\database\scanning\minor_activities\ma_wat_nid_15.tweak",".tweak","3440"
"tools\redmod\tweaks\base\gameplay\static_data\database\scanning\minor_activities\ma_wat_nid_22.tweak",".tweak","419"
"tools\redmod\tweaks\base\gameplay\static_data\database\scanning\minor_quests\mq001.tweak",".tweak","1923"
"tools\redmod\tweaks\base\gameplay\static_data\database\scanning\minor_quests\mq002.tweak",".tweak","676"
"tools\redmod\tweaks\base\gameplay\static_data\database\scanning\minor_quests\mq003.tweak",".tweak","2131"
"tools\redmod\tweaks\base\gameplay\static_data\database\scanning\minor_quests\mq005.tweak",".tweak","652"
"tools\redmod\tweaks\base\gameplay\static_data\database\scanning\minor_quests\mq006.tweak",".tweak","740"
"tools\redmod\tweaks\base\gameplay\static_data\database\scanning\minor_quests\mq010.tweak",".tweak","195"
"tools\redmod\tweaks\base\gameplay\static_data\database\scanning\minor_quests\mq015.tweak",".tweak","334"
"tools\redmod\tweaks\base\gameplay\static_data\database\scanning\minor_quests\mq016.tweak",".tweak","664"
"tools\redmod\tweaks\base\gameplay\static_data\database\scanning\minor_quests\mq018.tweak",".tweak","1840"
"tools\redmod\tweaks\base\gameplay\static_data\database\scanning\minor_quests\mq019.tweak",".tweak","177"
"tools\redmod\tweaks\base\gameplay\static_data\database\scanning\minor_quests\mq021.tweak",".tweak","501"
"tools\redmod\tweaks\base\gameplay\static_data\database\scanning\minor_quests\mq025.tweak",".tweak","921"
"tools\redmod\tweaks\base\gameplay\static_data\database\scanning\minor_quests\mq029.tweak",".tweak","1577"
"tools\redmod\tweaks\base\gameplay\static_data\database\scanning\minor_quests\mq033.tweak",".tweak","5344"
"tools\redmod\tweaks\base\gameplay\static_data\database\scanning\minor_quests\mq038.tweak",".tweak","201"
"tools\redmod\tweaks\base\gameplay\static_data\database\scanning\minor_quests\mq039.tweak",".tweak","539"
"tools\redmod\tweaks\base\gameplay\static_data\database\scanning\minor_quests\mq042.tweak",".tweak","519"
"tools\redmod\tweaks\base\gameplay\static_data\database\scanning\minor_quests\mq055.tweak",".tweak","2270"
"tools\redmod\tweaks\base\gameplay\static_data\database\scanning\minor_quests\mq057.tweak",".tweak","296"
"tools\redmod\tweaks\base\gameplay\static_data\database\scanning\minor_quests\mq059.tweak",".tweak","4278"
"tools\redmod\tweaks\base\gameplay\static_data\database\scanning\minor_quests\mq060.tweak",".tweak","4164"
"tools\redmod\tweaks\base\gameplay\static_data\database\scanning\scanning.tweak",".tweak","9810"
"tools\redmod\tweaks\base\gameplay\static_data\database\scanning\scanning_clues.tweak",".tweak","819"
"tools\redmod\tweaks\base\gameplay\static_data\database\scanning\scanning_device_custom_data.tweak",".tweak","6584"
"tools\redmod\tweaks\base\gameplay\static_data\database\scanning\scanning_device_descriptions.tweak",".tweak","2129"
"tools\redmod\tweaks\base\gameplay\static_data\database\scanning\scanning_device_gameplay_actions.tweak",".tweak","13922"
"tools\redmod\tweaks\base\gameplay\static_data\database\scanning\scanning_device_gameplay_roles.tweak",".tweak","13989"
"tools\redmod\tweaks\base\gameplay\static_data\database\scanning\scanning_devices.tweak",".tweak","5990"
"tools\redmod\tweaks\base\gameplay\static_data\database\scanning\scanning_devices_test.tweak",".tweak","3117"
"tools\redmod\tweaks\base\gameplay\static_data\database\scanning\scanning_e3.tweak",".tweak","23"
"tools\redmod\tweaks\base\gameplay\static_data\database\scanning\scanning_npc.tweak",".tweak","11327"
"tools\redmod\tweaks\base\gameplay\static_data\database\scanning\scanning_npc_custom_data.tweak",".tweak","40"
"tools\redmod\tweaks\base\gameplay\static_data\database\scanning\scanning_npc_descriptions.tweak",".tweak","1905"
"tools\redmod\tweaks\base\gameplay\static_data\database\scanning\scanning_npc_presets.tweak",".tweak","1294"
"tools\redmod\tweaks\base\gameplay\static_data\database\scanning\scanning_weakspots.tweak",".tweak","1257"
"tools\redmod\tweaks\base\gameplay\static_data\database\scanning\schema.tweak",".tweak","877"
"tools\redmod\tweaks\base\gameplay\static_data\database\scanning\side_quests\sq001.tweak",".tweak","191"
"tools\redmod\tweaks\base\gameplay\static_data\database\scanning\side_quests\sq002.tweak",".tweak","173"
"tools\redmod\tweaks\base\gameplay\static_data\database\scanning\side_quests\sq004.tweak",".tweak","2038"
"tools\redmod\tweaks\base\gameplay\static_data\database\scanning\side_quests\sq005.tweak",".tweak","744"
"tools\redmod\tweaks\base\gameplay\static_data\database\scanning\side_quests\sq006.tweak",".tweak","9295"
"tools\redmod\tweaks\base\gameplay\static_data\database\scanning\side_quests\sq009.tweak",".tweak","370"
"tools\redmod\tweaks\base\gameplay\static_data\database\scanning\side_quests\sq011.tweak",".tweak","6292"
"tools\redmod\tweaks\base\gameplay\static_data\database\scanning\side_quests\sq012.tweak",".tweak","2603"
"tools\redmod\tweaks\base\gameplay\static_data\database\scanning\side_quests\sq017.tweak",".tweak","1111"
"tools\redmod\tweaks\base\gameplay\static_data\database\scanning\side_quests\sq018.tweak",".tweak","3970"
"tools\redmod\tweaks\base\gameplay\static_data\database\scanning\side_quests\sq019.tweak",".tweak","2171"
"tools\redmod\tweaks\base\gameplay\static_data\database\scanning\side_quests\sq021.tweak",".tweak","21718"
"tools\redmod\tweaks\base\gameplay\static_data\database\scanning\side_quests\sq022.tweak",".tweak","686"
"tools\redmod\tweaks\base\gameplay\static_data\database\scanning\side_quests\sq023.tweak",".tweak","173"
"tools\redmod\tweaks\base\gameplay\static_data\database\scanning\side_quests\sq024.tweak",".tweak","173"
"tools\redmod\tweaks\base\gameplay\static_data\database\scanning\side_quests\sq025.tweak",".tweak","4384"
"tools\redmod\tweaks\base\gameplay\static_data\database\scanning\side_quests\sq026.tweak",".tweak","5002"
"tools\redmod\tweaks\base\gameplay\static_data\database\scanning\side_quests\sq027.tweak",".tweak","5121"
"tools\redmod\tweaks\base\gameplay\static_data\database\scanning\side_quests\sq028.tweak",".tweak","32"
"tools\redmod\tweaks\base\gameplay\static_data\database\scanning\side_quests\sq029.tweak",".tweak","1000"
"tools\redmod\tweaks\base\gameplay\static_data\database\scanning\side_quests\sq030.tweak",".tweak","3789"
"tools\redmod\tweaks\base\gameplay\static_data\database\scanning\side_quests\sq031.tweak",".tweak","4026"
"tools\redmod\tweaks\base\gameplay\static_data\database\scanning\street_stories\street_stories.tweak",".tweak","18526"
"tools\redmod\tweaks\base\gameplay\static_data\database\scanning\street_stories\sts_bls_ina_04.tweak",".tweak","2554"
"tools\redmod\tweaks\base\gameplay\static_data\database\scanning\street_stories\sts_bls_ina_05.tweak",".tweak","371"
"tools\redmod\tweaks\base\gameplay\static_data\database\scanning\street_stories\sts_bls_ina_06.tweak",".tweak","1333"
"tools\redmod\tweaks\base\gameplay\static_data\database\scanning\street_stories\sts_bls_ina_08.tweak",".tweak","502"
"tools\redmod\tweaks\base\gameplay\static_data\database\scanning\street_stories\sts_bls_ina_09.tweak",".tweak","457"
"tools\redmod\tweaks\base\gameplay\static_data\database\scanning\street_stories\sts_bls_ina_11.tweak",".tweak","1611"
"tools\redmod\tweaks\base\gameplay\static_data\database\scanning\street_stories\sts_cct_dtn_01.tweak",".tweak","2151"
"tools\redmod\tweaks\base\gameplay\static_data\database\scanning\street_stories\sts_cct_dtn_04.tweak",".tweak","645"
"tools\redmod\tweaks\base\gameplay\static_data\database\scanning\street_stories\sts_hey_arr_08.tweak",".tweak","1004"
"tools\redmod\tweaks\base\gameplay\static_data\database\scanning\street_stories\sts_hey_arr_11.tweak",".tweak","2570"
"tools\redmod\tweaks\base\gameplay\static_data\database\scanning\street_stories\sts_hey_arr_12.tweak",".tweak","195"
"tools\redmod\tweaks\base\gameplay\static_data\database\scanning\street_stories\sts_hey_gle_05.tweak",".tweak","2341"
"tools\redmod\tweaks\base\gameplay\static_data\database\scanning\street_stories\sts_hey_rey_06.tweak",".tweak","1486"
"tools\redmod\tweaks\base\gameplay\static_data\database\scanning\street_stories\sts_hey_rey_08.tweak",".tweak","1623"
"tools\redmod\tweaks\base\gameplay\static_data\database\scanning\street_stories\sts_hey_rey_09.tweak",".tweak","713"
"tools\redmod\tweaks\base\gameplay\static_data\database\scanning\street_stories\sts_hey_spr_01.tweak",".tweak","1275"
"tools\redmod\tweaks\base\gameplay\static_data\database\scanning\street_stories\sts_hey_spr_04.tweak",".tweak","1059"
"tools\redmod\tweaks\base\gameplay\static_data\database\scanning\street_stories\sts_hey_spr_06.tweak",".tweak","803"
"tools\redmod\tweaks\base\gameplay\static_data\database\scanning\street_stories\sts_objective_conteiners.tweak",".tweak","2781"
"tools\redmod\tweaks\base\gameplay\static_data\database\scanning\street_stories\sts_pac_cvi_02.tweak",".tweak","2591"
"tools\redmod\tweaks\base\gameplay\static_data\database\scanning\street_stories\sts_std_arr_01.tweak",".tweak","1824"
"tools\redmod\tweaks\base\gameplay\static_data\database\scanning\street_stories\sts_std_arr_06.tweak",".tweak","1362"
"tools\redmod\tweaks\base\gameplay\static_data\database\scanning\street_stories\sts_std_arr_12.tweak",".tweak","193"
"tools\redmod\tweaks\base\gameplay\static_data\database\scanning\street_stories\sts_std_rcr_03.tweak",".tweak","911"
"tools\redmod\tweaks\base\gameplay\static_data\database\scanning\street_stories\sts_std_rcr_05.tweak",".tweak","747"
"tools\redmod\tweaks\base\gameplay\static_data\database\scanning\street_stories\sts_wat_kab_02.tweak",".tweak","2072"
"tools\redmod\tweaks\base\gameplay\static_data\database\scanning\street_stories\sts_wat_kab_05.tweak",".tweak","334"
"tools\redmod\tweaks\base\gameplay\static_data\database\scanning\street_stories\sts_wat_kab_06.tweak",".tweak","215"
"tools\redmod\tweaks\base\gameplay\static_data\database\scanning\street_stories\sts_wat_kab_09.tweak",".tweak","1059"
"tools\redmod\tweaks\base\gameplay\static_data\database\scanning\street_stories\sts_wat_lch_03.tweak",".tweak","414"
"tools\redmod\tweaks\base\gameplay\static_data\database\scanning\street_stories\sts_wat_lch_06.tweak",".tweak","217"
"tools\redmod\tweaks\base\gameplay\static_data\database\scanning\street_stories\sts_wat_nid_03.tweak",".tweak","1095"
"tools\redmod\tweaks\base\gameplay\static_data\database\scanning\street_stories\sts_wat_nid_06.tweak",".tweak","2551"
"tools\redmod\tweaks\base\gameplay\static_data\database\scanning\street_stories\sts_wat_nid_07.tweak",".tweak","843"
"tools\redmod\tweaks\base\gameplay\static_data\database\scanning\street_stories\sts_wbr_hil_01.tweak",".tweak","503"
"tools\redmod\tweaks\base\gameplay\static_data\database\scanning\street_stories\sts_wbr_hil_06.tweak",".tweak","1333"
"tools\redmod\tweaks\base\gameplay\static_data\database\scanning\street_stories\sts_wbr_jpn_05.tweak",".tweak","1303"
"tools\redmod\tweaks\base\gameplay\static_data\database\scanning\street_stories\sts_wbr_jpn_07.tweak",".tweak","2135"
"tools\redmod\tweaks\base\gameplay\static_data\database\scanning\street_stories\sts_wbr_jpn_13.tweak",".tweak","751"
"tools\redmod\tweaks\base\gameplay\static_data\database\scene_system\scene_system.tweak",".tweak","865"
"tools\redmod\tweaks\base\gameplay\static_data\database\scene_system\schema.tweak",".tweak","131"
"tools\redmod\tweaks\base\gameplay\static_data\database\screenmessages\advertisement_slogans.tweak",".tweak","33089"
"tools\redmod\tweaks\base\gameplay\static_data\database\screenmessages\backgroundtextures.tweak",".tweak","1830"
"tools\redmod\tweaks\base\gameplay\static_data\database\screenmessages\city_fluff_lcd_screens.tweak",".tweak","58905"
"tools\redmod\tweaks\base\gameplay\static_data\database\screenmessages\city_onscreens.tweak",".tweak","166969"
"tools\redmod\tweaks\base\gameplay\static_data\database\screenmessages\city_onscreens_groups.tweak",".tweak","19270"
"tools\redmod\tweaks\base\gameplay\static_data\database\screenmessages\city_onscreens_quest.tweak",".tweak","3001"
"tools\redmod\tweaks\base\gameplay\static_data\database\screenmessages\lcd_screens.tweak",".tweak","7047"
"tools\redmod\tweaks\base\gameplay\static_data\database\screenmessages\messages.tweak",".tweak","26592"
"tools\redmod\tweaks\base\gameplay\static_data\database\screenmessages\messagesgroups.tweak",".tweak","207"
"tools\redmod\tweaks\base\gameplay\static_data\database\screenmessages\number_plates.tweak",".tweak","460"
"tools\redmod\tweaks\base\gameplay\static_data\database\screenmessages\quest_lcd_screens.tweak",".tweak","1558"
"tools\redmod\tweaks\base\gameplay\static_data\database\screenmessages\schema.tweak",".tweak","736"
"tools\redmod\tweaks\base\gameplay\static_data\database\sectors\schema.tweak",".tweak","411"
"tools\redmod\tweaks\base\gameplay\static_data\database\sectors\sectorselector.tweak",".tweak","500"
"tools\redmod\tweaks\base\gameplay\static_data\database\senses\base_values.tweak",".tweak","32090"
"tools\redmod\tweaks\base\gameplay\static_data\database\senses\customs.tweak",".tweak","323"
"tools\redmod\tweaks\base\gameplay\static_data\database\senses\schema.tweak",".tweak","1171"
"tools\redmod\tweaks\base\gameplay\static_data\database\stat_pool\base_values.tweak",".tweak","9990"
"tools\redmod\tweaks\base\gameplay\static_data\database\stat_pool\cyberware_statpools.tweak",".tweak","37"
"tools\redmod\tweaks\base\gameplay\static_data\database\stat_pool\device_stat_pools.tweak",".tweak","96"
"tools\redmod\tweaks\base\gameplay\static_data\database\stat_pool\schema.tweak",".tweak","789"
"tools\redmod\tweaks\base\gameplay\static_data\database\stat_pool\status_effect_stat_pools.tweak",".tweak","908"
"tools\redmod\tweaks\base\gameplay\static_data\database\stat_pool\vehicle_stat_pools.tweak",".tweak","361"
"tools\redmod\tweaks\base\gameplay\static_data\database\stat_pool\weapon_statpools.tweak",".tweak","3969"
"tools\redmod\tweaks\base\gameplay\static_data\database\stats\attributes.tweak",".tweak","1338"
"tools\redmod\tweaks\base\gameplay\static_data\database\stats\base_values.tweak",".tweak","57442"
"tools\redmod\tweaks\base\gameplay\static_data\database\stats\calculation_stats.tweak",".tweak","2391"
"tools\redmod\tweaks\base\gameplay\static_data\database\stats\crafting_stats.tweak",".tweak","2749"
"tools\redmod\tweaks\base\gameplay\static_data\database\stats\cyberware_stats.tweak",".tweak","24026"
"tools\redmod\tweaks\base\gameplay\static_data\database\stats\damage_types.tweak",".tweak","15913"
"tools\redmod\tweaks\base\gameplay\static_data\database\stats\defensive_stats.tweak",".tweak","19203"
"tools\redmod\tweaks\base\gameplay\static_data\database\stats\flags_values.tweak",".tweak","35574"
"tools\redmod\tweaks\base\gameplay\static_data\database\stats\global_values.tweak",".tweak","2234"
"tools\redmod\tweaks\base\gameplay\static_data\database\stats\hacking_minigame_stats.tweak",".tweak","4707"
"tools\redmod\tweaks\base\gameplay\static_data\database\stats\immunity_stats.tweak",".tweak","2358"
"tools\redmod\tweaks\base\gameplay\static_data\database\stats\improvement_relation.tweak",".tweak","490"
"tools\redmod\tweaks\base\gameplay\static_data\database\stats\locomotion_stats.tweak",".tweak","2272"
"tools\redmod\tweaks\base\gameplay\static_data\database\stats\personality_stat_values.tweak",".tweak","2449"
"tools\redmod\tweaks\base\gameplay\static_data\database\stats\schema.tweak",".tweak","2307"
"tools\redmod\tweaks\base\gameplay\static_data\database\stats\skill_stats.tweak",".tweak","3546"
"tools\redmod\tweaks\base\gameplay\static_data\database\stats\stat_groups\hitreaction_threshold_modifiers.tweak",".tweak","6690"
"tools\redmod\tweaks\base\gameplay\static_data\database\stats\stats_lists.tweak",".tweak","988"
"tools\redmod\tweaks\base\gameplay\static_data\database\stats\status_effects_stats.tweak",".tweak","4134"
"tools\redmod\tweaks\base\gameplay\static_data\database\stats\trait_stats.tweak",".tweak","939"
"tools\redmod\tweaks\base\gameplay\static_data\database\stats\weapon_mods_stats.tweak",".tweak","5542"
"tools\redmod\tweaks\base\gameplay\static_data\database\stats\weapon_stats\melee_stats.tweak",".tweak","2943"
"tools\redmod\tweaks\base\gameplay\static_data\database\stats\weapon_stats\npc_weapon_stats.tweak",".tweak","1119"
"tools\redmod\tweaks\base\gameplay\static_data\database\stats\weapon_stats\placement_stats.tweak",".tweak","2426"
"tools\redmod\tweaks\base\gameplay\static_data\database\stats\weapon_stats\recoil_stats.tweak",".tweak","19959"
"tools\redmod\tweaks\base\gameplay\static_data\database\stats\weapon_stats\smart_gun_stats.tweak",".tweak","27676"
"tools\redmod\tweaks\base\gameplay\static_data\database\stats\weapon_stats\spread_stats.tweak",".tweak","11112"
"tools\redmod\tweaks\base\gameplay\static_data\database\stats\weapon_stats\sway_stats.tweak",".tweak","4899"
"tools\redmod\tweaks\base\gameplay\static_data\database\stats\weapon_stats\weapon_flags.tweak",".tweak","1440"
"tools\redmod\tweaks\base\gameplay\static_data\database\stats\weapon_stats\weapon_stats.tweak",".tweak","37743"
"tools\redmod\tweaks\base\gameplay\static_data\database\status_effect\adam_smasher.tweak",".tweak","16643"
"tools\redmod\tweaks\base\gameplay\static_data\database\status_effect\base_values.tweak",".tweak","739"
"tools\redmod\tweaks\base\gameplay\static_data\database\status_effect\berserk.tweak",".tweak","10718"
"tools\redmod\tweaks\base\gameplay\static_data\database\status_effect\bleedings.tweak",".tweak","15388"
"tools\redmod\tweaks\base\gameplay\static_data\database\status_effect\blindings.tweak",".tweak","22024"
"tools\redmod\tweaks\base\gameplay\static_data\database\status_effect\breathings.tweak",".tweak","4665"
"tools\redmod\tweaks\base\gameplay\static_data\database\status_effect\breserk_advanced.tweak",".tweak","10473"
"tools\redmod\tweaks\base\gameplay\static_data\database\status_effect\burnings.tweak",".tweak","36388"
"tools\redmod\tweaks\base\gameplay\static_data\database\status_effect\camos.tweak",".tweak","11029"
"tools\redmod\tweaks\base\gameplay\static_data\database\status_effect\character_develpoment.tweak",".tweak","65026"
"tools\redmod\tweaks\base\gameplay\static_data\database\status_effect\chimera.tweak",".tweak","12906"
"tools\redmod\tweaks\base\gameplay\static_data\database\status_effect\combat_stim.tweak",".tweak","4159"
"tools\redmod\tweaks\base\gameplay\static_data\database\status_effect\cripplings.tweak",".tweak","17080"
"tools\redmod\tweaks\base\gameplay\static_data\database\status_effect\custom.tweak",".tweak","12464"
"tools\redmod\tweaks\base\gameplay\static_data\database\status_effect\cyberpsychosis.tweak",".tweak","8224"
"tools\redmod\tweaks\base\gameplay\static_data\database\status_effect\cyberware.tweak",".tweak","4577"
"tools\redmod\tweaks\base\gameplay\static_data\database\status_effect\deafenings.tweak",".tweak","3475"
"tools\redmod\tweaks\base\gameplay\static_data\database\status_effect\dodge.tweak",".tweak","2010"
"tools\redmod\tweaks\base\gameplay\static_data\database\status_effect\electric_shocks.tweak",".tweak","9720"
"tools\redmod\tweaks\base\gameplay\static_data\database\status_effect\emp.tweak",".tweak","25641"
"tools\redmod\tweaks\base\gameplay\static_data\database\status_effect\enemy_netrunner.tweak",".tweak","28447"
"tools\redmod\tweaks\base\gameplay\static_data\database\status_effect\equip_statuses.tweak",".tweak","908"
"tools\redmod\tweaks\base\gameplay\static_data\database\status_effect\johnny_sickness.tweak",".tweak","5061"
"tools\redmod\tweaks\base\gameplay\static_data\database\status_effect\kerenzikov.tweak",".tweak","1128"
"tools\redmod\tweaks\base\gameplay\static_data\database\status_effect\knockdowns.tweak",".tweak","6695"
"tools\redmod\tweaks\base\gameplay\static_data\database\status_effect\kurt_boss_status_effects.tweak",".tweak","6452"
"tools\redmod\tweaks\base\gameplay\static_data\database\status_effect\minotaur.tweak",".tweak","3225"
"tools\redmod\tweaks\base\gameplay\static_data\database\status_effect\misc.tweak",".tweak","54903"
"tools\redmod\tweaks\base\gameplay\static_data\database\status_effect\netwatcher_hack_stage_1.tweak",".tweak","2017"
"tools\redmod\tweaks\base\gameplay\static_data\database\status_effect\new_perks_status_effects.tweak",".tweak","59765"
"tools\redmod\tweaks\base\gameplay\static_data\database\status_effect\oda.tweak",".tweak","12411"
"tools\redmod\tweaks\base\gameplay\static_data\database\status_effect\pain.tweak",".tweak","921"
"tools\redmod\tweaks\base\gameplay\static_data\database\status_effect\player_cooldowns.tweak",".tweak","28504"
"tools\redmod\tweaks\base\gameplay\static_data\database\status_effect\player_gameplay_restrictions.tweak",".tweak","42865"
"tools\redmod\tweaks\base\gameplay\static_data\database\status_effect\player_housing.tweak",".tweak","3109"
"tools\redmod\tweaks\base\gameplay\static_data\database\status_effect\poisons.tweak",".tweak","40021"
"tools\redmod\tweaks\base\gameplay\static_data\database\status_effect\prevention_system_status_effects.tweak",".tweak","1042"
"tools\redmod\tweaks\base\gameplay\static_data\database\status_effect\quest_custom.tweak",".tweak","9998"
"tools\redmod\tweaks\base\gameplay\static_data\database\status_effect\quickhack_status_effects.tweak",".tweak","135533"
"tools\redmod\tweaks\base\gameplay\static_data\database\status_effect\reconattack.tweak",".tweak","7497"
"tools\redmod\tweaks\base\gameplay\static_data\database\status_effect\regens.tweak",".tweak","2558"
"tools\redmod\tweaks\base\gameplay\static_data\database\status_effect\royce.tweak",".tweak","4917"
"tools\redmod\tweaks\base\gameplay\static_data\database\status_effect\sandevistan.tweak",".tweak","6555"
"tools\redmod\tweaks\base\gameplay\static_data\database\status_effect\sandstorm.tweak",".tweak","1876"
"tools\redmod\tweaks\base\gameplay\static_data\database\status_effect\sasquatch.tweak",".tweak","5008"
"tools\redmod\tweaks\base\gameplay\static_data\database\status_effect\schema.tweak",".tweak","3497"
"tools\redmod\tweaks\base\gameplay\static_data\database\status_effect\skill_passives_buffs.tweak",".tweak","8040"
"tools\redmod\tweaks\base\gameplay\static_data\database\status_effect\smart_targeting.tweak",".tweak","1155"
"tools\redmod\tweaks\base\gameplay\static_data\database\status_effect\staggers.tweak",".tweak","1576"
"tools\redmod\tweaks\base\gameplay\static_data\database\status_effect\stat_buffs.tweak",".tweak","58192"
"tools\redmod\tweaks\base\gameplay\static_data\database\status_effect\stat_debuffs.tweak",".tweak","8363"
"tools\redmod\tweaks\base\gameplay\static_data\database\status_effect\status_effect_ai_reactions\behavior_flags.tweak",".tweak","496"
"tools\redmod\tweaks\base\gameplay\static_data\database\status_effect\status_effect_ai_reactions\behavior_types.tweak",".tweak","332"
"tools\redmod\tweaks\base\gameplay\static_data\database\status_effect\status_effect_types.tweak",".tweak","6584"
"tools\redmod\tweaks\base\gameplay\static_data\database\status_effect\status_effect_variations.tweak",".tweak","331"
"tools\redmod\tweaks\base\gameplay\static_data\database\status_effect\stuns.tweak",".tweak","15333"
"tools\redmod\tweaks\base\gameplay\static_data\database\status_effect\time_dilation.tweak",".tweak","30055"
"tools\redmod\tweaks\base\gameplay\static_data\database\status_effect\trainer_buffs.tweak",".tweak","322"
"tools\redmod\tweaks\base\gameplay\static_data\database\status_effect\visibility.tweak",".tweak","372"
"tools\redmod\tweaks\base\gameplay\static_data\database\status_effect\weapon_mods.tweak",".tweak","114812"
"tools\redmod\tweaks\base\gameplay\static_data\database\status_effect\workspot_effects.tweak",".tweak","5993"
"tools\redmod\tweaks\base\gameplay\static_data\database\stimuli\schema.tweak",".tweak","615"
"tools\redmod\tweaks\base\gameplay\static_data\database\stimuli\stimnames.tweak",".tweak","4792"
"tools\redmod\tweaks\base\gameplay\static_data\database\stimuli\stimpresets.tweak",".tweak","19454"
"tools\redmod\tweaks\base\gameplay\static_data\database\street_signs\higway_signs\city_center.tweak",".tweak","878"
"tools\redmod\tweaks\base\gameplay\static_data\database\street_signs\higway_signs\heywood.tweak",".tweak","1189"
"tools\redmod\tweaks\base\gameplay\static_data\database\street_signs\higway_signs\night_city.tweak",".tweak","463"
"tools\redmod\tweaks\base\gameplay\static_data\database\street_signs\higway_signs\norcal.tweak",".tweak","856"
"tools\redmod\tweaks\base\gameplay\static_data\database\street_signs\higway_signs\pacifica.tweak",".tweak","896"
"tools\redmod\tweaks\base\gameplay\static_data\database\street_signs\higway_signs\rocky_ridge.tweak",".tweak","469"
"tools\redmod\tweaks\base\gameplay\static_data\database\street_signs\higway_signs\santo_domingo.tweak",".tweak","904"
"tools\redmod\tweaks\base\gameplay\static_data\database\street_signs\higway_signs\socal.tweak",".tweak","499"
"tools\redmod\tweaks\base\gameplay\static_data\database\street_signs\higway_signs\watson.tweak",".tweak","1599"
"tools\redmod\tweaks\base\gameplay\static_data\database\street_signs\higway_signs\westbrook.tweak",".tweak","1235"
"tools\redmod\tweaks\base\gameplay\static_data\database\street_signs\metro_stations\metro_stations.tweak",".tweak","2715"
"tools\redmod\tweaks\base\gameplay\static_data\database\street_signs\schema.tweak",".tweak","1038"
"tools\redmod\tweaks\base\gameplay\static_data\database\street_signs\signs\empty.tweak",".tweak","137"
"tools\redmod\tweaks\base\gameplay\static_data\database\street_signs\signs\information_signs.tweak",".tweak","1926"
"tools\redmod\tweaks\base\gameplay\static_data\database\street_signs\signs\situational_signs.tweak",".tweak","673"
"tools\redmod\tweaks\base\gameplay\static_data\database\street_signs\signs\warning_signs.tweak",".tweak","146"
"tools\redmod\tweaks\base\gameplay\static_data\database\street_signs\signs\warrant_signs.tweak",".tweak","1490"
"tools\redmod\tweaks\base\gameplay\static_data\database\street_signs\streets_names\arasaka_waterfront.tweak",".tweak","1228"
"tools\redmod\tweaks\base\gameplay\static_data\database\street_signs\streets_names\arroyo.tweak",".tweak","2655"
"tools\redmod\tweaks\base\gameplay\static_data\database\street_signs\streets_names\badlands.tweak",".tweak","1610"
"tools\redmod\tweaks\base\gameplay\static_data\database\street_signs\streets_names\charter_hill.tweak",".tweak","1212"
"tools\redmod\tweaks\base\gameplay\static_data\database\street_signs\streets_names\coast_view.tweak",".tweak","969"
"tools\redmod\tweaks\base\gameplay\static_data\database\street_signs\streets_names\corpo_plaza.tweak",".tweak","962"
"tools\redmod\tweaks\base\gameplay\static_data\database\street_signs\streets_names\downtown.tweak",".tweak","1510"
"tools\redmod\tweaks\base\gameplay\static_data\database\street_signs\streets_names\glen.tweak",".tweak","1323"
"tools\redmod\tweaks\base\gameplay\static_data\database\street_signs\streets_names\japan_town.tweak",".tweak","2039"
"tools\redmod\tweaks\base\gameplay\static_data\database\street_signs\streets_names\kabuki.tweak",".tweak","1834"
"tools\redmod\tweaks\base\gameplay\static_data\database\street_signs\streets_names\little_china.tweak",".tweak","2958"
"tools\redmod\tweaks\base\gameplay\static_data\database\street_signs\streets_names\north_oaks.tweak",".tweak","882"
"tools\redmod\tweaks\base\gameplay\static_data\database\street_signs\streets_names\northside_industrial.tweak",".tweak","2517"
"tools\redmod\tweaks\base\gameplay\static_data\database\street_signs\streets_names\rancho_coronado.tweak",".tweak","2853"
"tools\redmod\tweaks\base\gameplay\static_data\database\street_signs\streets_names\vista_del_rey.tweak",".tweak","1586"
"tools\redmod\tweaks\base\gameplay\static_data\database\street_signs\streets_names\wellsprings.tweak",".tweak","1320"
"tools\redmod\tweaks\base\gameplay\static_data\database\street_signs\streets_names\west_wind_estate.tweak",".tweak","748"
"tools\redmod\tweaks\base\gameplay\static_data\database\targetingsystem\general.tweak",".tweak","416"
"tools\redmod\tweaks\base\gameplay\static_data\database\test_records\item_pass_weapons.tweak",".tweak","7618"
"tools\redmod\tweaks\base\gameplay\static_data\database\test_records\test_attacks.tweak",".tweak","693"
"tools\redmod\tweaks\base\gameplay\static_data\database\test_records\test_characters.tweak",".tweak","16970"
"tools\redmod\tweaks\base\gameplay\static_data\database\test_records\test_clothing.tweak",".tweak","235"
"tools\redmod\tweaks\base\gameplay\static_data\database\test_records\test_faction.tweak",".tweak","2565"
"tools\redmod\tweaks\base\gameplay\static_data\database\test_records\test_loot.tweak",".tweak","15871"
"tools\redmod\tweaks\base\gameplay\static_data\database\test_records\test_records.tweak",".tweak","106958"
"tools\redmod\tweaks\base\gameplay\static_data\database\test_records\test_stat_pools.tweak",".tweak","278"
"tools\redmod\tweaks\base\gameplay\static_data\database\test_records\test_status_effects.tweak",".tweak","3543"
"tools\redmod\tweaks\base\gameplay\static_data\database\test_records\test_weapons.tweak",".tweak","2902"
"tools\redmod\tweaks\base\gameplay\static_data\database\test_records\testrecordscorpo.tweak",".tweak","14691"
"tools\redmod\tweaks\base\gameplay\static_data\database\test_records\testrecordsgang.tweak",".tweak","22635"
"tools\redmod\tweaks\base\gameplay\static_data\database\ui\character_creation\attribute_presets.tweak",".tweak","2725"
"tools\redmod\tweaks\base\gameplay\static_data\database\ui\character_creation\general_values.tweak",".tweak","1157"
"tools\redmod\tweaks\base\gameplay\static_data\database\ui\character_creation\options_icons.tweak",".tweak","49245"
"tools\redmod\tweaks\base\gameplay\static_data\database\ui\character_creation\schema.tweak",".tweak","277"
"tools\redmod\tweaks\base\gameplay\static_data\database\ui\character_customization\character_customization.tweak",".tweak","323"
"tools\redmod\tweaks\base\gameplay\static_data\database\ui\character_customization\character_randomization.tweak",".tweak","4411"
"tools\redmod\tweaks\base\gameplay\static_data\database\ui\character_customization\schema.tweak",".tweak","430"
"tools\redmod\tweaks\base\gameplay\static_data\database\ui\choice_caption\choice_ui_icon.tweak",".tweak","16803"
"tools\redmod\tweaks\base\gameplay\static_data\database\ui\choice_caption\choicecaptionparttype.tweak",".tweak","394"
"tools\redmod\tweaks\base\gameplay\static_data\database\ui\choice_caption\icon_part.tweak",".tweak","22728"
"tools\redmod\tweaks\base\gameplay\static_data\database\ui\choice_caption\schema.tweak",".tweak","535"
"tools\redmod\tweaks\base\gameplay\static_data\database\ui\choice_caption\tag_part.tweak",".tweak","791"
"tools\redmod\tweaks\base\gameplay\static_data\database\ui\crosshairs\crosshairs.tweak",".tweak","3650"
"tools\redmod\tweaks\base\gameplay\static_data\database\ui\crosshairs\schema.tweak",".tweak","69"
"tools\redmod\tweaks\base\gameplay\static_data\database\ui\devices\definitions.tweak",".tweak","122"
"tools\redmod\tweaks\base\gameplay\static_data\database\ui\devices\devices.tweak",".tweak","0"
"tools\redmod\tweaks\base\gameplay\static_data\database\ui\devices\devices_computers.tweak",".tweak","711"
"tools\redmod\tweaks\base\gameplay\static_data\database\ui\devices\devices_computers_presets.tweak",".tweak","575"
"tools\redmod\tweaks\base\gameplay\static_data\database\ui\devices\devices_computers_ui_style.tweak",".tweak","341"
"tools\redmod\tweaks\base\gameplay\static_data\database\ui\devices\devices_icons.tweak",".tweak","3414"
"tools\redmod\tweaks\base\gameplay\static_data\database\ui\devices\devices_terminals.tweak",".tweak","1251"
"tools\redmod\tweaks\base\gameplay\static_data\database\ui\devices\devices_ui_definitions.tweak",".tweak","17837"
"tools\redmod\tweaks\base\gameplay\static_data\database\ui\devices\devices_ui_ratios.tweak",".tweak","365"
"tools\redmod\tweaks\base\gameplay\static_data\database\ui\devices\devices_ui_styles.tweak",".tweak","428"
"tools\redmod\tweaks\base\gameplay\static_data\database\ui\devices\schema.tweak",".tweak","1420"
"tools\redmod\tweaks\base\gameplay\static_data\database\ui\dpad\dpad_ui_data.tweak",".tweak","488"
"tools\redmod\tweaks\base\gameplay\static_data\database\ui\dpad\schema.tweak",".tweak","68"
"tools\redmod\tweaks\base\gameplay\static_data\database\ui\elements\schema.tweak",".tweak","349"
"tools\redmod\tweaks\base\gameplay\static_data\database\ui\elements\ui_elements.tweak",".tweak","1715"
"tools\redmod\tweaks\base\gameplay\static_data\database\ui\icons\abilities.tweak",".tweak","10733"
"tools\redmod\tweaks\base\gameplay\static_data\database\ui\icons\archetypes.tweak",".tweak","4436"
"tools\redmod\tweaks\base\gameplay\static_data\database\ui\icons\assets_fullscreen.tweak",".tweak","86391"
"tools\redmod\tweaks\base\gameplay\static_data\database\ui\icons\assets_preview.tweak",".tweak","66356"
"tools\redmod\tweaks\base\gameplay\static_data\database\ui\icons\attributes.tweak",".tweak","867"
"tools\redmod\tweaks\base\gameplay\static_data\database\ui\icons\avatars.tweak",".tweak","17205"
"tools\redmod\tweaks\base\gameplay\static_data\database\ui\icons\damage_type_icons.tweak",".tweak","835"
"tools\redmod\tweaks\base\gameplay\static_data\database\ui\icons\filters.tweak",".tweak","3645"
"tools\redmod\tweaks\base\gameplay\static_data\database\ui\icons\generated\items_icons.tweak",".tweak","1060853"
"tools\redmod\tweaks\base\gameplay\static_data\database\ui\icons\hud_weapons.tweak",".tweak","15473"
"tools\redmod\tweaks\base\gameplay\static_data\database\ui\icons\icons_censor_flags.tweak",".tweak","536"
"tools\redmod\tweaks\base\gameplay\static_data\database\ui\icons\icons_censored.tweak",".tweak","3482"
"tools\redmod\tweaks\base\gameplay\static_data\database\ui\icons\item_icons.tweak",".tweak","2715"
"tools\redmod\tweaks\base\gameplay\static_data\database\ui\icons\journal\codex_links.tweak",".tweak","1461"
"tools\redmod\tweaks\base\gameplay\static_data\database\ui\icons\journal\example.tweak",".tweak","563"
"tools\redmod\tweaks\base\gameplay\static_data\database\ui\icons\journal\messages.tweak",".tweak","3375"
"tools\redmod\tweaks\base\gameplay\static_data\database\ui\icons\journal_districts.tweak",".tweak","20294"
"tools\redmod\tweaks\base\gameplay\static_data\database\ui\icons\journal_images.tweak",".tweak","373"
"tools\redmod\tweaks\base\gameplay\static_data\database\ui\icons\looting_shadow_icons.tweak",".tweak","4864"
"tools\redmod\tweaks\base\gameplay\static_data\database\ui\icons\manufacturers.tweak",".tweak","2972"
"tools\redmod\tweaks\base\gameplay\static_data\database\ui\icons\misc.tweak",".tweak","1165"
"tools\redmod\tweaks\base\gameplay\static_data\database\ui\icons\new_perks\new_body.tweak",".tweak","1752"
"tools\redmod\tweaks\base\gameplay\static_data\database\ui\icons\new_perks\new_cool.tweak",".tweak","2086"
"tools\redmod\tweaks\base\gameplay\static_data\database\ui\icons\new_perks\new_intelligence.tweak",".tweak","1704"
"tools\redmod\tweaks\base\gameplay\static_data\database\ui\icons\new_perks\new_reflexes.tweak",".tweak","3250"
"tools\redmod\tweaks\base\gameplay\static_data\database\ui\icons\new_perks\new_tech.tweak",".tweak","892"
"tools\redmod\tweaks\base\gameplay\static_data\database\ui\icons\new_perks\relic.tweak",".tweak","1672"
"tools\redmod\tweaks\base\gameplay\static_data\database\ui\icons\perks\athletics.tweak",".tweak","3933"
"tools\redmod\tweaks\base\gameplay\static_data\database\ui\icons\perks\blades.tweak",".tweak","3880"
"tools\redmod\tweaks\base\gameplay\static_data\database\ui\icons\perks\brawling.tweak",".tweak","3530"
"tools\redmod\tweaks\base\gameplay\static_data\database\ui\icons\perks\coldblood.tweak",".tweak","3575"
"tools\redmod\tweaks\base\gameplay\static_data\database\ui\icons\perks\combat_hacking.tweak",".tweak","4010"
"tools\redmod\tweaks\base\gameplay\static_data\database\ui\icons\perks\crafting.tweak",".tweak","3180"
"tools\redmod\tweaks\base\gameplay\static_data\database\ui\icons\perks\engineering.tweak",".tweak","4012"
"tools\redmod\tweaks\base\gameplay\static_data\database\ui\icons\perks\hacking.tweak",".tweak","7445"
"tools\redmod\tweaks\base\gameplay\static_data\database\ui\icons\perks\handguns.tweak",".tweak","3431"
"tools\redmod\tweaks\base\gameplay\static_data\database\ui\icons\perks\rifles.tweak",".tweak","3317"
"tools\redmod\tweaks\base\gameplay\static_data\database\ui\icons\perks\shotguns.tweak",".tweak","3443"
"tools\redmod\tweaks\base\gameplay\static_data\database\ui\icons\perks\stealth.tweak",".tweak","4853"
"tools\redmod\tweaks\base\gameplay\static_data\database\ui\icons\perks\traits.tweak",".tweak","1075"
"tools\redmod\tweaks\base\gameplay\static_data\database\ui\icons\perks\weapon_groups.tweak",".tweak","1417"
"tools\redmod\tweaks\base\gameplay\static_data\database\ui\icons\quest_assets.tweak",".tweak","516"
"tools\redmod\tweaks\base\gameplay\static_data\database\ui\icons\quickhacks_icons.tweak",".tweak","6089"
"tools\redmod\tweaks\base\gameplay\static_data\database\ui\icons\radio_stations.tweak",".tweak","2352"
"tools\redmod\tweaks\base\gameplay\static_data\database\ui\icons\schema.tweak",".tweak","383"
"tools\redmod\tweaks\base\gameplay\static_data\database\ui\icons\shadow_icons.tweak",".tweak","3533"
"tools\redmod\tweaks\base\gameplay\static_data\database\ui\icons\skills.tweak",".tweak","2527"
"tools\redmod\tweaks\base\gameplay\static_data\database\ui\icons\status_effect_icons.tweak",".tweak","13218"
"tools\redmod\tweaks\base\gameplay\static_data\database\ui\icons\sts_assets.tweak",".tweak","7515"
"tools\redmod\tweaks\base\gameplay\static_data\database\ui\icons\tarot_cards.tweak",".tweak","8052"
"tools\redmod\tweaks\base\gameplay\static_data\database\ui\icons\vehicles.tweak",".tweak","19140"
"tools\redmod\tweaks\base\gameplay\static_data\database\ui\icons\vehicles_customization_preview.tweak",".tweak","30713"
"tools\redmod\tweaks\base\gameplay\static_data\database\ui\icons\vehicles_customization_unique_templates.tweak",".tweak","61699"
"tools\redmod\tweaks\base\gameplay\static_data\database\ui\icons\vulnerabilities.tweak",".tweak","1523"
"tools\redmod\tweaks\base\gameplay\static_data\database\ui\icons\wardrobe_icons.tweak",".tweak","408"
"tools\redmod\tweaks\base\gameplay\static_data\database\ui\icons\weapon_type_icons.tweak",".tweak","4070"
"tools\redmod\tweaks\base\gameplay\static_data\database\ui\icons_generation\generator_context.tweak",".tweak","218"
"tools\redmod\tweaks\base\gameplay\static_data\database\ui\icons_generation\generator_puppets.tweak",".tweak","319"
"tools\redmod\tweaks\base\gameplay\static_data\database\ui\icons_generation\schema.tweak",".tweak","115"
"tools\redmod\tweaks\base\gameplay\static_data\database\ui\internet\schema.tweak",".tweak","136"
"tools\redmod\tweaks\base\gameplay\static_data\database\ui\internet\web_records.tweak",".tweak","348"
"tools\redmod\tweaks\base\gameplay\static_data\database\ui\items\crafting_map.tweak",".tweak","122"
"tools\redmod\tweaks\base\gameplay\static_data\database\ui\loading_screen\initial_loading_screens.tweak",".tweak","2402"
"tools\redmod\tweaks\base\gameplay\static_data\database\ui\loading_screen\schema.tweak",".tweak","668"
"tools\redmod\tweaks\base\gameplay\static_data\database\ui\mappin_ui\mappin_icons.tweak",".tweak","7648"
"tools\redmod\tweaks\base\gameplay\static_data\database\ui\mappin_ui\mappin_ui.tweak",".tweak","3073"
"tools\redmod\tweaks\base\gameplay\static_data\database\ui\mappin_ui\mappin_ui_animations.tweak",".tweak","1114"
"tools\redmod\tweaks\base\gameplay\static_data\database\ui\mappin_ui\mappin_ui_clamping.tweak",".tweak","188"
"tools\redmod\tweaks\base\gameplay\static_data\database\ui\mappin_ui\mappin_ui_runtime_profiles.tweak",".tweak","88"
"tools\redmod\tweaks\base\gameplay\static_data\database\ui\mappin_ui\mappin_ui_runtime_profiles_map.tweak",".tweak","259"
"tools\redmod\tweaks\base\gameplay\static_data\database\ui\mappin_ui\mappin_ui_runtime_profiles_minimap.tweak",".tweak","816"
"tools\redmod\tweaks\base\gameplay\static_data\database\ui\mappin_ui\mappin_ui_runtime_profiles_world.tweak",".tweak","2512"
"tools\redmod\tweaks\base\gameplay\static_data\database\ui\mappin_ui\mappin_ui_spawn_profiles.tweak",".tweak","578"
"tools\redmod\tweaks\base\gameplay\static_data\database\ui\mappin_ui\schema.tweak",".tweak","3586"
"tools\redmod\tweaks\base\gameplay\static_data\database\ui\npc\nameplate.tweak",".tweak","910"
"tools\redmod\tweaks\base\gameplay\static_data\database\ui\npc\schema.tweak",".tweak","282"
"tools\redmod\tweaks\base\gameplay\static_data\database\ui\quest\hud_presets.tweak",".tweak","3499"
"tools\redmod\tweaks\base\gameplay\static_data\database\ui\quest\schema.tweak",".tweak","69"
"tools\redmod\tweaks\base\gameplay\static_data\database\ui\radio\radio_stations.tweak",".tweak","2036"
"tools\redmod\tweaks\base\gameplay\static_data\database\ui\radio\schema.tweak",".tweak","109"
"tools\redmod\tweaks\base\gameplay\static_data\database\ui\stat_maps\base_values.tweak",".tweak","2719"
"tools\redmod\tweaks\base\gameplay\static_data\database\ui\stat_maps\inventory_items.tweak",".tweak","10447"
"tools\redmod\tweaks\base\gameplay\static_data\database\ui\stat_maps\inventory_items_types.tweak",".tweak","3184"
"tools\redmod\tweaks\base\gameplay\static_data\database\ui\stat_maps\schema.tweak",".tweak","220"
"tools\redmod\tweaks\base\gameplay\static_data\database\ui\street_cred_fake_map.tweak",".tweak","1002"
"tools\redmod\tweaks\base\gameplay\static_data\database\ui\tutorials\tutorials.tweak",".tweak","184"
"tools\redmod\tweaks\base\gameplay\static_data\database\ui\weapons_tooltip\schema.tweak",".tweak","110"
"tools\redmod\tweaks\base\gameplay\static_data\database\ui\weapons_tooltip\weapons_tooltip_data.tweak",".tweak","409"
"tools\redmod\tweaks\base\gameplay\static_data\database\ui\world_map\schema.tweak",".tweak","2199"
"tools\redmod\tweaks\base\gameplay\static_data\database\ui\world_map\world_map.tweak",".tweak","18228"
"tools\redmod\tweaks\base\gameplay\static_data\database\vehicles\archetypes\ai_driving_model.tweak",".tweak","2594"
"tools\redmod\tweaks\base\gameplay\static_data\database\vehicles\archetypes\car_driving_model_presets.tweak",".tweak","46523"
"tools\redmod\tweaks\base\gameplay\static_data\database\vehicles\archetypes\car_engine_presets.tweak",".tweak","23689"
"tools\redmod\tweaks\base\gameplay\static_data\database\vehicles\av.tweak",".tweak","3817"
"tools\redmod\tweaks\base\gameplay\static_data\database\vehicles\avs\av_camera_drone.tweak",".tweak","194"
"tools\redmod\tweaks\base\gameplay\static_data\database\vehicles\avs\av_zetatech_octant.tweak",".tweak","231"
"tools\redmod\tweaks\base\gameplay\static_data\database\vehicles\base_vehicles.tweak",".tweak","35786"
"tools\redmod\tweaks\base\gameplay\static_data\database\vehicles\bikes\v_sportbike1_yaiba_kusanagi.tweak",".tweak","10598"
"tools\redmod\tweaks\base\gameplay\static_data\database\vehicles\bikes\v_sportbike2_arch.tweak",".tweak","9928"
"tools\redmod\tweaks\base\gameplay\static_data\database\vehicles\bikes\v_sportbike3_brennan_apollo.tweak",".tweak","8945"
"tools\redmod\tweaks\base\gameplay\static_data\database\vehicles\camera_setups\default.tweak",".tweak","91229"
"tools\redmod\tweaks\base\gameplay\static_data\database\vehicles\car.tweak",".tweak","51"
"tools\redmod\tweaks\base\gameplay\static_data\database\vehicles\cars\v_sport1_herrera_outlaw.tweak",".tweak","17620"
"tools\redmod\tweaks\base\gameplay\static_data\database\vehicles\cars\v_sport1_herrera_riptide.tweak",".tweak","26099"
"tools\redmod\tweaks\base\gameplay\static_data\database\vehicles\cars\v_sport1_quadra_sport_r7.tweak",".tweak","59571"
"tools\redmod\tweaks\base\gameplay\static_data\database\vehicles\cars\v_sport1_quadra_turbo.tweak",".tweak","27061"
"tools\redmod\tweaks\base\gameplay\static_data\database\vehicles\cars\v_sport1_rayfield_aerondight.tweak",".tweak","19262"
"tools\redmod\tweaks\base\gameplay\static_data\database\vehicles\cars\v_sport1_rayfield_caliburn.tweak",".tweak","29294"
"tools\redmod\tweaks\base\gameplay\static_data\database\vehicles\cars\v_sport1_yaiba_semimaru.tweak",".tweak","18023"
"tools\redmod\tweaks\base\gameplay\static_data\database\vehicles\cars\v_sport2_mizutani_shion.tweak",".tweak","28928"
"tools\redmod\tweaks\base\gameplay\static_data\database\vehicles\cars\v_sport2_mizutani_shion_nomad.tweak",".tweak","16014"
"tools\redmod\tweaks\base\gameplay\static_data\database\vehicles\cars\v_sport2_porsche_911turbo.tweak",".tweak","14087"
"tools\redmod\tweaks\base\gameplay\static_data\database\vehicles\cars\v_sport2_quadra_type66.tweak",".tweak","54465"
"tools\redmod\tweaks\base\gameplay\static_data\database\vehicles\cars\v_sport2_quadra_type66_nomad.tweak",".tweak","17458"
"tools\redmod\tweaks\base\gameplay\static_data\database\vehicles\cars\v_sport2_villefort_alvarado.tweak",".tweak","28839"
"tools\redmod\tweaks\base\gameplay\static_data\database\vehicles\cars\v_sport2_villefort_alvarado_hearse.tweak",".tweak","16785"
"tools\redmod\tweaks\base\gameplay\static_data\database\vehicles\cars\v_sport2_villefort_deleon.tweak",".tweak","26061"
"tools\redmod\tweaks\base\gameplay\static_data\database\vehicles\cars\v_standard2_archer_bandit.tweak",".tweak","13370"
"tools\redmod\tweaks\base\gameplay\static_data\database\vehicles\cars\v_standard2_archer_hella.tweak",".tweak","44187"
"tools\redmod\tweaks\base\gameplay\static_data\database\vehicles\cars\v_standard2_archer_quartz.tweak",".tweak","47922"
"tools\redmod\tweaks\base\gameplay\static_data\database\vehicles\cars\v_standard2_archer_quartz_nomad.tweak",".tweak","11767"
"tools\redmod\tweaks\base\gameplay\static_data\database\vehicles\cars\v_standard2_chevalier_thrax.tweak",".tweak","19582"
"tools\redmod\tweaks\base\gameplay\static_data\database\vehicles\cars\v_standard2_makigai_maimai.tweak",".tweak","32591"
"tools\redmod\tweaks\base\gameplay\static_data\database\vehicles\cars\v_standard2_mizutani_hozuki.tweak",".tweak","37312"
"tools\redmod\tweaks\base\gameplay\static_data\database\vehicles\cars\v_standard2_thorton_colby.tweak",".tweak","26614"
"tools\redmod\tweaks\base\gameplay\static_data\database\vehicles\cars\v_standard2_thorton_galena.tweak",".tweak","32649"
"tools\redmod\tweaks\base\gameplay\static_data\database\vehicles\cars\v_standard2_thorton_galena_nomad.tweak",".tweak","15004"
"tools\redmod\tweaks\base\gameplay\static_data\database\vehicles\cars\v_standard2_villefort_cortes.tweak",".tweak","34288"
"tools\redmod\tweaks\base\gameplay\static_data\database\vehicles\cars\v_standard2_villefort_cortes_delamain.tweak",".tweak","1614"
"tools\redmod\tweaks\base\gameplay\static_data\database\vehicles\cars\v_standard25_mahir_supron.tweak",".tweak","31795"
"tools\redmod\tweaks\base\gameplay\static_data\database\vehicles\cars\v_standard25_thorton_colby_nomad.tweak",".tweak","13671"
"tools\redmod\tweaks\base\gameplay\static_data\database\vehicles\cars\v_standard25_thorton_colby_pickup.tweak",".tweak","31407"
"tools\redmod\tweaks\base\gameplay\static_data\database\vehicles\cars\v_standard25_thorton_merrimac.tweak",".tweak","40917"
"tools\redmod\tweaks\base\gameplay\static_data\database\vehicles\cars\v_standard25_villefort_columbus.tweak",".tweak","19455"
"tools\redmod\tweaks\base\gameplay\static_data\database\vehicles\cars\v_standard3_chevalier_emperor.tweak",".tweak","29054"
"tools\redmod\tweaks\base\gameplay\static_data\database\vehicles\cars\v_standard3_mahir_supron_kurtz.tweak",".tweak","12413"
"tools\redmod\tweaks\base\gameplay\static_data\database\vehicles\cars\v_standard3_makigai_tanishi.tweak",".tweak","31963"
"tools\redmod\tweaks\base\gameplay\static_data\database\vehicles\cars\v_standard3_militech_hellhound.tweak",".tweak","10790"
"tools\redmod\tweaks\base\gameplay\static_data\database\vehicles\cars\v_standard3_thorton_mackinaw.tweak",".tweak","46939"
"tools\redmod\tweaks\base\gameplay\static_data\database\vehicles\cars\v_standard3_thorton_mackinaw_nomad.tweak",".tweak","15270"
"tools\redmod\tweaks\base\gameplay\static_data\database\vehicles\cars\v_utility4_chevalier_centurion.tweak",".tweak","21511"
"tools\redmod\tweaks\base\gameplay\static_data\database\vehicles\cars\v_utility4_kaukaz_bratsk.tweak",".tweak","11987"
"tools\redmod\tweaks\base\gameplay\static_data\database\vehicles\cars\v_utility4_kaukaz_zeya.tweak",".tweak","10976"
"tools\redmod\tweaks\base\gameplay\static_data\database\vehicles\cars\v_utility4_militech_behemoth.tweak",".tweak","9133"
"tools\redmod\tweaks\base\gameplay\static_data\database\vehicles\cars\v_utility4_thorton_mackinaw_bmf.tweak",".tweak","8544"
"tools\redmod\tweaks\base\gameplay\static_data\database\vehicles\demo_vehicles.tweak",".tweak","1894"
"tools\redmod\tweaks\base\gameplay\static_data\database\vehicles\drive_alerted_setup.tweak",".tweak","141"
"tools\redmod\tweaks\base\gameplay\static_data\database\vehicles\drive_helper_types.tweak",".tweak","781"
"tools\redmod\tweaks\base\gameplay\static_data\database\vehicles\drive_helpers.tweak",".tweak","2183"
"tools\redmod\tweaks\base\gameplay\static_data\database\vehicles\drivers_list.tweak",".tweak","1289"
"tools\redmod\tweaks\base\gameplay\static_data\database\vehicles\driving.tweak",".tweak","3863"
"tools\redmod\tweaks\base\gameplay\static_data\database\vehicles\fx\vehicles_fx.tweak",".tweak","1337"
"tools\redmod\tweaks\base\gameplay\static_data\database\vehicles\fx\vehicles_fx_collision.tweak",".tweak","7909"
"tools\redmod\tweaks\base\gameplay\static_data\database\vehicles\fx\vehicles_fx_schema.tweak",".tweak","1202"
"tools\redmod\tweaks\base\gameplay\static_data\database\vehicles\fx\vehicles_fx_wheels.tweak",".tweak","51265"
"tools\redmod\tweaks\base\gameplay\static_data\database\vehicles\is_hackable.tweak",".tweak","187"
"tools\redmod\tweaks\base\gameplay\static_data\database\vehicles\main_characters\primarycharacters_vehicle.tweak",".tweak","3184"
"tools\redmod\tweaks\base\gameplay\static_data\database\vehicles\main_characters\secondarycharacters_vehicle.tweak",".tweak","2022"
"tools\redmod\tweaks\base\gameplay\static_data\database\vehicles\main_characters\tertiarycharacters_vehicle.tweak",".tweak","692"
"tools\redmod\tweaks\base\gameplay\static_data\database\vehicles\motorcycle.tweak",".tweak","51"
"tools\redmod\tweaks\base\gameplay\static_data\database\vehicles\open_world\autodrive.tweak",".tweak","103"
"tools\redmod\tweaks\base\gameplay\static_data\database\vehicles\open_world\minor_activities\ma_bls_ina_se1_22.tweak",".tweak","306"
"tools\redmod\tweaks\base\gameplay\static_data\database\vehicles\open_world\minor_activities\ma_cct_dtn_03.tweak",".tweak","147"
"tools\redmod\tweaks\base\gameplay\static_data\database\vehicles\open_world\minor_activities\ma_hey_spr_12.tweak",".tweak","223"
"tools\redmod\tweaks\base\gameplay\static_data\database\vehicles\open_world\minor_activities\ma_pac_cvi_08.tweak",".tweak","738"
"tools\redmod\tweaks\base\gameplay\static_data\database\vehicles\open_world\minor_activities\ma_wat_lch_03.tweak",".tweak","122"
"tools\redmod\tweaks\base\gameplay\static_data\database\vehicles\open_world\openworld_av.tweak",".tweak","633"
"tools\redmod\tweaks\base\gameplay\static_data\database\vehicles\open_world\ow_vehicles_generic.tweak",".tweak","29811"
"tools\redmod\tweaks\base\gameplay\static_data\database\vehicles\open_world\police_system.tweak",".tweak","176"
"tools\redmod\tweaks\base\gameplay\static_data\database\vehicles\open_world\street_stories\ow_fixers_vehicles.tweak",".tweak","590"
"tools\redmod\tweaks\base\gameplay\static_data\database\vehicles\open_world\street_stories\sts_bls_ina_04.tweak",".tweak","348"
"tools\redmod\tweaks\base\gameplay\static_data\database\vehicles\open_world\street_stories\sts_bls_ina_07.tweak",".tweak","367"
"tools\redmod\tweaks\base\gameplay\static_data\database\vehicles\open_world\street_stories\sts_bls_ina_08.tweak",".tweak","344"
"tools\redmod\tweaks\base\gameplay\static_data\database\vehicles\open_world\street_stories\sts_cct_dtn_04.tweak",".tweak","503"
"tools\redmod\tweaks\base\gameplay\static_data\database\vehicles\open_world\street_stories\sts_hey_gle_06.tweak",".tweak","212"
"tools\redmod\tweaks\base\gameplay\static_data\database\vehicles\open_world\street_stories\sts_hey_spr_03.tweak",".tweak","120"
"tools\redmod\tweaks\base\gameplay\static_data\database\vehicles\open_world\street_stories\sts_pac_cvi_02.tweak",".tweak","197"
"tools\redmod\tweaks\base\gameplay\static_data\database\vehicles\open_world\street_stories\sts_std_arr_05.tweak",".tweak","197"
"tools\redmod\tweaks\base\gameplay\static_data\database\vehicles\open_world\street_stories\sts_std_arr_06.tweak",".tweak","520"
"tools\redmod\tweaks\base\gameplay\static_data\database\vehicles\open_world\street_stories\sts_std_arr_12.tweak",".tweak","1054"
"tools\redmod\tweaks\base\gameplay\static_data\database\vehicles\open_world\street_stories\sts_std_rcr_01.tweak",".tweak","117"
"tools\redmod\tweaks\base\gameplay\static_data\database\vehicles\open_world\street_stories\sts_std_rcr_03.tweak",".tweak","114"
"tools\redmod\tweaks\base\gameplay\static_data\database\vehicles\open_world\street_stories\sts_wat_kab_02.tweak",".tweak","216"
"tools\redmod\tweaks\base\gameplay\static_data\database\vehicles\open_world\street_stories\sts_wat_kab_04.tweak",".tweak","209"
"tools\redmod\tweaks\base\gameplay\static_data\database\vehicles\open_world\street_stories\sts_wat_kab_102.tweak",".tweak","251"
"tools\redmod\tweaks\base\gameplay\static_data\database\vehicles\open_world\street_stories\sts_wat_nid_02.tweak",".tweak","245"
"tools\redmod\tweaks\base\gameplay\static_data\database\vehicles\open_world\street_stories\sts_wbr_hil_06.tweak",".tweak","222"
"tools\redmod\tweaks\base\gameplay\static_data\database\vehicles\open_world\street_stories\sts_wbr_jpn_01.tweak",".tweak","115"
"tools\redmod\tweaks\base\gameplay\static_data\database\vehicles\player_vehicles.tweak",".tweak","58005"
"tools\redmod\tweaks\base\gameplay\static_data\database\vehicles\prevention_vehicles.tweak",".tweak","10011"
"tools\redmod\tweaks\base\gameplay\static_data\database\vehicles\quest\ma_bls_ina_se1_08.tweak",".tweak","271"
"tools\redmod\tweaks\base\gameplay\static_data\database\vehicles\quest\mq001.tweak",".tweak","715"
"tools\redmod\tweaks\base\gameplay\static_data\database\vehicles\quest\mq005.tweak",".tweak","648"
"tools\redmod\tweaks\base\gameplay\static_data\database\vehicles\quest\mq006.tweak",".tweak","455"
"tools\redmod\tweaks\base\gameplay\static_data\database\vehicles\quest\mq013.tweak",".tweak","270"
"tools\redmod\tweaks\base\gameplay\static_data\database\vehicles\quest\mq017.tweak",".tweak","357"
"tools\redmod\tweaks\base\gameplay\static_data\database\vehicles\quest\mq026.tweak",".tweak","358"
"tools\redmod\tweaks\base\gameplay\static_data\database\vehicles\quest\mq027.tweak",".tweak","295"
"tools\redmod\tweaks\base\gameplay\static_data\database\vehicles\quest\mq030.tweak",".tweak","400"
"tools\redmod\tweaks\base\gameplay\static_data\database\vehicles\quest\mq038.tweak",".tweak","162"
"tools\redmod\tweaks\base\gameplay\static_data\database\vehicles\quest\mq056.tweak",".tweak","190"
"tools\redmod\tweaks\base\gameplay\static_data\database\vehicles\quest\mq057.tweak",".tweak","212"
"tools\redmod\tweaks\base\gameplay\static_data\database\vehicles\quest\mq059.tweak",".tweak","230"
"tools\redmod\tweaks\base\gameplay\static_data\database\vehicles\quest\mq060.tweak",".tweak","3198"
"tools\redmod\tweaks\base\gameplay\static_data\database\vehicles\quest\mws_bad.tweak",".tweak","1330"
"tools\redmod\tweaks\base\gameplay\static_data\database\vehicles\quest\mws_cc.tweak",".tweak","617"
"tools\redmod\tweaks\base\gameplay\static_data\database\vehicles\quest\mws_hey.tweak",".tweak","42"
"tools\redmod\tweaks\base\gameplay\static_data\database\vehicles\quest\mws_pac.tweak",".tweak","407"
"tools\redmod\tweaks\base\gameplay\static_data\database\vehicles\quest\mws_san.tweak",".tweak","516"
"tools\redmod\tweaks\base\gameplay\static_data\database\vehicles\quest\mws_wat.tweak",".tweak","1561"
"tools\redmod\tweaks\base\gameplay\static_data\database\vehicles\quest\mws_wes.tweak",".tweak","42"
"tools\redmod\tweaks\base\gameplay\static_data\database\vehicles\quest\q000.tweak",".tweak","36618"
"tools\redmod\tweaks\base\gameplay\static_data\database\vehicles\quest\q001.tweak",".tweak","2079"
"tools\redmod\tweaks\base\gameplay\static_data\database\vehicles\quest\q003.tweak",".tweak","1025"
"tools\redmod\tweaks\base\gameplay\static_data\database\vehicles\quest\q005.tweak",".tweak","1136"
"tools\redmod\tweaks\base\gameplay\static_data\database\vehicles\quest\q101.tweak",".tweak","3245"
"tools\redmod\tweaks\base\gameplay\static_data\database\vehicles\quest\q103.tweak",".tweak","669"
"tools\redmod\tweaks\base\gameplay\static_data\database\vehicles\quest\q104.tweak",".tweak","4002"
"tools\redmod\tweaks\base\gameplay\static_data\database\vehicles\quest\q108.tweak",".tweak","1030"
"tools\redmod\tweaks\base\gameplay\static_data\database\vehicles\quest\q110.tweak",".tweak","2972"
"tools\redmod\tweaks\base\gameplay\static_data\database\vehicles\quest\q111.tweak",".tweak","120"
"tools\redmod\tweaks\base\gameplay\static_data\database\vehicles\quest\q112.tweak",".tweak","4291"
"tools\redmod\tweaks\base\gameplay\static_data\database\vehicles\quest\q113.tweak",".tweak","387"
"tools\redmod\tweaks\base\gameplay\static_data\database\vehicles\quest\q114.tweak",".tweak","10658"
"tools\redmod\tweaks\base\gameplay\static_data\database\vehicles\quest\q115.tweak",".tweak","904"
"tools\redmod\tweaks\base\gameplay\static_data\database\vehicles\quest\q116.tweak",".tweak","259"
"tools\redmod\tweaks\base\gameplay\static_data\database\vehicles\quest\q201.tweak",".tweak","210"
"tools\redmod\tweaks\base\gameplay\static_data\database\vehicles\quest\q202.tweak",".tweak","367"
"tools\redmod\tweaks\base\gameplay\static_data\database\vehicles\quest\q203.tweak",".tweak","360"
"tools\redmod\tweaks\base\gameplay\static_data\database\vehicles\quest\q204.tweak",".tweak","849"
"tools\redmod\tweaks\base\gameplay\static_data\database\vehicles\quest\sq003.tweak",".tweak","209"
"tools\redmod\tweaks\base\gameplay\static_data\database\vehicles\quest\sq004.tweak",".tweak","4106"
"tools\redmod\tweaks\base\gameplay\static_data\database\vehicles\quest\sq006.tweak",".tweak","859"
"tools\redmod\tweaks\base\gameplay\static_data\database\vehicles\quest\sq011.tweak",".tweak","746"
"tools\redmod\tweaks\base\gameplay\static_data\database\vehicles\quest\sq012.tweak",".tweak","459"
"tools\redmod\tweaks\base\gameplay\static_data\database\vehicles\quest\sq017.tweak",".tweak","458"
"tools\redmod\tweaks\base\gameplay\static_data\database\vehicles\quest\sq018.tweak",".tweak","252"
"tools\redmod\tweaks\base\gameplay\static_data\database\vehicles\quest\sq021.tweak",".tweak","1011"
"tools\redmod\tweaks\base\gameplay\static_data\database\vehicles\quest\sq022.tweak",".tweak","248"
"tools\redmod\tweaks\base\gameplay\static_data\database\vehicles\quest\sq023.tweak",".tweak","1137"
"tools\redmod\tweaks\base\gameplay\static_data\database\vehicles\quest\sq024.tweak",".tweak","1165"
"tools\redmod\tweaks\base\gameplay\static_data\database\vehicles\quest\sq025.tweak",".tweak","1902"
"tools\redmod\tweaks\base\gameplay\static_data\database\vehicles\quest\sq026.tweak",".tweak","263"
"tools\redmod\tweaks\base\gameplay\static_data\database\vehicles\quest\sq027.tweak",".tweak","3371"
"tools\redmod\tweaks\base\gameplay\static_data\database\vehicles\quest\sq028.tweak",".tweak","510"
"tools\redmod\tweaks\base\gameplay\static_data\database\vehicles\quest\sq030.tweak",".tweak","335"
"tools\redmod\tweaks\base\gameplay\static_data\database\vehicles\quest\sq031.tweak",".tweak","237"
"tools\redmod\tweaks\base\gameplay\static_data\database\vehicles\quest\ue_vehicles.tweak",".tweak","357"
"tools\redmod\tweaks\base\gameplay\static_data\database\vehicles\random_passengers.tweak",".tweak","12017"
"tools\redmod\tweaks\base\gameplay\static_data\database\vehicles\samples.tweak",".tweak","268"
"tools\redmod\tweaks\base\gameplay\static_data\database\vehicles\schema.tweak",".tweak","30347"
"tools\redmod\tweaks\base\gameplay\static_data\database\vehicles\special\v_kaukaz_z71_aras.tweak",".tweak","2118"
"tools\redmod\tweaks\base\gameplay\static_data\database\vehicles\special\v_mahir_mt28_coach.tweak",".tweak","2369"
"tools\redmod\tweaks\base\gameplay\static_data\database\vehicles\special\v_militech_basilisk.tweak",".tweak","6931"
"tools\redmod\tweaks\base\gameplay\static_data\database\vehicles\stat_presets.tweak",".tweak","2999"
"tools\redmod\tweaks\base\gameplay\static_data\database\vehicles\summon_setup.tweak",".tweak","1023"
"tools\redmod\tweaks\base\gameplay\static_data\database\vehicles\surfaces\base_surfaces.tweak",".tweak","592"
"tools\redmod\tweaks\base\gameplay\static_data\database\vehicles\surfaces\bikes\default_friction_maps.tweak",".tweak","1036"
"tools\redmod\tweaks\base\gameplay\static_data\database\vehicles\surfaces\bikes\default_friction_presets.tweak",".tweak","1056"
"tools\redmod\tweaks\base\gameplay\static_data\database\vehicles\surfaces\cars\ai_friction_maps.tweak",".tweak","419"
"tools\redmod\tweaks\base\gameplay\static_data\database\vehicles\surfaces\cars\default_friction_maps.tweak",".tweak","4072"
"tools\redmod\tweaks\base\gameplay\static_data\database\vehicles\surfaces\cars\default_friction_presets.tweak",".tweak","1843"
"tools\redmod\tweaks\base\gameplay\static_data\database\vehicles\surfaces\cars\nomad_friction_presets.tweak",".tweak","2075"
"tools\redmod\tweaks\base\gameplay\static_data\database\vehicles\surfaces\cars\sport_friction_presets.tweak",".tweak","1425"
"tools\redmod\tweaks\base\gameplay\static_data\database\vehicles\surfaces\cars\truck_friction_presets.tweak",".tweak","685"
"tools\redmod\tweaks\base\gameplay\static_data\database\vehicles\surfaces\schema.tweak",".tweak","824"
"tools\redmod\tweaks\base\gameplay\static_data\database\vehicles\test_vehicles.tweak",".tweak","642"
"tools\redmod\tweaks\base\gameplay\static_data\database\vehicles\traffic_suspension.tweak",".tweak","669"
"tools\redmod\tweaks\base\gameplay\static_data\database\vehicles\vehicle_collisions.tweak",".tweak","734"
"tools\redmod\tweaks\base\gameplay\static_data\database\vehicles\vehicle_customization_preview.tweak",".tweak","15283"
"tools\redmod\tweaks\base\gameplay\static_data\database\vehicles\vehicle_destruction.tweak",".tweak","325"
"tools\redmod\tweaks\base\gameplay\static_data\database\vehicles\vehicle_drivercombattypes.tweak",".tweak","693"
"tools\redmod\tweaks\base\gameplay\static_data\database\vehicles\vehicle_list.tweak",".tweak","5219"
"tools\redmod\tweaks\base\gameplay\static_data\database\vehicles\vehicle_manufacturers.tweak",".tweak","1291"
"tools\redmod\tweaks\base\gameplay\static_data\database\vehicles\vehicle_models.tweak",".tweak","1415"
"tools\redmod\tweaks\base\gameplay\static_data\database\vehicles\vehicle_racing.tweak",".tweak","192"
"tools\redmod\tweaks\base\gameplay\static_data\database\vehicles\vehicle_types.tweak",".tweak","180"
"tools\redmod\tweaks\base\gameplay\static_data\database\vehicles\vehicle_unlock_types.tweak",".tweak","232"
"tools\redmod\tweaks\base\gameplay\static_data\database\vehicles\vehicleoffers.tweak",".tweak","18570"
"tools\redmod\tweaks\base\gameplay\static_data\database\vehicles\weapons\panam.tweak",".tweak","454"
"tools\redmod\tweaks\base\gameplay\static_data\database\vehicles\weapons\panzer.tweak",".tweak","1680"
"tools\redmod\tweaks\base\gameplay\static_data\database\vehicles\weapons\vehicles.tweak",".tweak","2745"
"tools\redmod\tweaks\base\gameplay\static_data\database\vendors\armorsmith.tweak",".tweak","1568"
"tools\redmod\tweaks\base\gameplay\static_data\database\vendors\base_values.tweak",".tweak","12821"
"tools\redmod\tweaks\base\gameplay\static_data\database\vendors\clothingshops.tweak",".tweak","71176"
"tools\redmod\tweaks\base\gameplay\static_data\database\vendors\cyberwarestores.tweak",".tweak","1182"
"tools\redmod\tweaks\base\gameplay\static_data\database\vendors\dynamic_stocks.tweak",".tweak","312"
"tools\redmod\tweaks\base\gameplay\static_data\database\vendors\fluff_vendors.tweak",".tweak","14002"
"tools\redmod\tweaks\base\gameplay\static_data\database\vendors\foodshops.tweak",".tweak","190308"
"tools\redmod\tweaks\base\gameplay\static_data\database\vendors\gunshops.tweak",".tweak","322015"
"tools\redmod\tweaks\base\gameplay\static_data\database\vendors\junkshops.tweak",".tweak","13659"
"tools\redmod\tweaks\base\gameplay\static_data\database\vendors\medicstores.tweak",".tweak","13411"
"tools\redmod\tweaks\base\gameplay\static_data\database\vendors\ripperdocs.tweak",".tweak","118966"
"tools\redmod\tweaks\base\gameplay\static_data\database\vendors\samples.tweak",".tweak","220"
"tools\redmod\tweaks\base\gameplay\static_data\database\vendors\schema.tweak",".tweak","1554"
"tools\redmod\tweaks\base\gameplay\static_data\database\vendors\skilltrainers.tweak",".tweak","127704"
"tools\redmod\tweaks\base\gameplay\static_data\database\vendors\techstores.tweak",".tweak","10594"
"tools\redmod\tweaks\base\gameplay\static_data\database\vendors\vendingmachines.tweak",".tweak","17098"
"tools\redmod\tweaks\base\gameplay\static_data\database\vendors\vendor_types.tweak",".tweak","2134"
"tools\redmod\tweaks\base\gameplay\static_data\database\vision_mode\schema.tweak",".tweak","983"
"tools\redmod\tweaks\base\gameplay\static_data\database\vision_mode\vision_modules.tweak",".tweak","6679"
"tools\redmod\tweaks\base\gameplay\static_data\database\vision_mode\vision_modules_test.tweak",".tweak","2526"
"tools\redmod\tweaks\base\gameplay\static_data\database\weakspots\base_weakspot_stats.tweak",".tweak","594"
"tools\redmod\tweaks\base\gameplay\static_data\database\weakspots\base_weakspots.tweak",".tweak","25634"
"tools\redmod\tweaks\base\gameplay\static_data\database\weakspots\effectors\on_destroyed_effectors.tweak",".tweak","187"
"tools\redmod\tweaks\base\gameplay\static_data\database\weakspots\schema.tweak",".tweak","211"
"tools\redmod\tweaks\base\gameplay\static_data\database\weapons\evolutions\base_values.tweak",".tweak","400"
"tools\redmod\tweaks\base\gameplay\static_data\database\weapons\evolutions\schema.tweak",".tweak","61"
"tools\redmod\tweaks\base\gameplay\static_data\database\weapons\fx_packages\fx_actions.tweak",".tweak","1115"
"tools\redmod\tweaks\base\gameplay\static_data\database\weapons\fx_packages\fx_actions_type.tweak",".tweak","199"
"tools\redmod\tweaks\base\gameplay\static_data\database\weapons\fx_packages\fx_pack_ar_firearms.tweak",".tweak","4860"
"tools\redmod\tweaks\base\gameplay\static_data\database\weapons\fx_packages\fx_pack_base_values.tweak",".tweak","26375"
"tools\redmod\tweaks\base\gameplay\static_data\database\weapons\fx_packages\fx_pack_melee_weapons.tweak",".tweak","87531"
"tools\redmod\tweaks\base\gameplay\static_data\database\weapons\fx_packages\fx_pack_power_weapons.tweak",".tweak","52325"
"tools\redmod\tweaks\base\gameplay\static_data\database\weapons\fx_packages\fx_pack_retro_arcade.tweak",".tweak","5590"
"tools\redmod\tweaks\base\gameplay\static_data\database\weapons\fx_packages\fx_pack_smart_weapons.tweak",".tweak","27164"
"tools\redmod\tweaks\base\gameplay\static_data\database\weapons\fx_packages\fx_pack_tech_weapons.tweak",".tweak","47812"
"tools\redmod\tweaks\base\gameplay\static_data\database\weapons\fx_packages\fx_packages_settings.tweak",".tweak","740"
"tools\redmod\tweaks\base\gameplay\static_data\database\weapons\fx_packages\schema.tweak",".tweak","10182"
"tools\redmod\tweaks\base\gameplay\static_data\database\weapons\manufacturers\base_values.tweak",".tweak","164"
"tools\redmod\tweaks\base\gameplay\static_data\database\weapons\manufacturers\schema.tweak",".tweak","64"
"tools\redmod\tweaks\base\gameplay\static_data\database\weapons\trigger_modes\base_values.tweak",".tweak","331"
"tools\redmod\tweaks\base\gameplay\static_data\database\weapons\trigger_modes\schema.tweak",".tweak","57"
"tools\redmod\tweaks\base\gameplay\static_data\database\weather\schema.tweak",".tweak","76"
"tools\redmod\tweaks\base\gameplay\static_data\database\weather\weather_presets.tweak",".tweak","636"
"tools\redmod\tweaks\base\gameplay\static_data\database\workspots\actions.tweak",".tweak","275"
"tools\redmod\tweaks\base\gameplay\static_data\database\workspots\reactiontype.tweak",".tweak","569"
"tools\redmod\tweaks\base\gameplay\static_data\database\workspots\workspotaction.tweak",".tweak","90"
"tools\redmod\tweaks\base\gameplay\static_data\database\workspots\workspotcategories.tweak",".tweak","394"
"tools\redmod\tweaks\base\gameplay\static_data\database\workspots\workspotcategory.tweak",".tweak","88"
"tools\redmod\tweaks\base\gameplay\static_data\database\workspots\workspotreaction.tweak",".tweak","69"
"tools\redmod\tweaks\base\gameplay\static_data\debug.tweak",".tweak","107"
"tools\redmod\tweaks\base\gameplay\static_data\input\sensitivity.tweak",".tweak","399"
"tools\redmod\tweaks\base\gameplay\static_data\items.tweak",".tweak","84"
"tools\redmod\tweaks\base\gameplay\static_data\levelassignmentconfig.tweak",".tweak","86"
"tools\redmod\tweaks\base\gameplay\static_data\npc\cover_selection\cover_entry.tweak",".tweak","12238"
"tools\redmod\tweaks\base\gameplay\static_data\npc\cover_selection\cover_entry_jackie.tweak",".tweak","3520"
"tools\redmod\tweaks\base\gameplay\static_data\photomode.tweak",".tweak","293247"
"tools\redmod\tweaks\base\gameplay\static_data\player.tweak",".tweak","9767"
"tools\redmod\tweaks\base\gameplay\static_data\player_state_machine\aliasdefinitions.tweak",".tweak","349"
"tools\redmod\tweaks\base\gameplay\static_data\player_state_machine\braindancecontrols\statebase_braindancecontrols.tweak",".tweak","241"
"tools\redmod\tweaks\base\gameplay\static_data\player_state_machine\braindancecontrols\statemachine_braindancecontrols.tweak",".tweak","501"
"tools\redmod\tweaks\base\gameplay\static_data\player_state_machine\carriedobject\statebase_carriedobject.tweak",".tweak","162"
"tools\redmod\tweaks\base\gameplay\static_data\player_state_machine\carriedobject\statemachine_carriedobject.tweak",".tweak","2653"
"tools\redmod\tweaks\base\gameplay\static_data\player_state_machine\combat\statebase_combat.tweak",".tweak","108"
"tools\redmod\tweaks\base\gameplay\static_data\player_state_machine\combatgadget\statebase_combatgadget.tweak",".tweak","185"
"tools\redmod\tweaks\base\gameplay\static_data\player_state_machine\combatgadget\statemachine_combatgadget.tweak",".tweak","2167"
"tools\redmod\tweaks\base\gameplay\static_data\player_state_machine\comdevice\statemachine_comdevice.tweak",".tweak","505"
"tools\redmod\tweaks\base\gameplay\static_data\player_state_machine\consumable\statebase_consumable.tweak",".tweak","116"
"tools\redmod\tweaks\base\gameplay\static_data\player_state_machine\consumable\statemachine_consumable.tweak",".tweak","502"
"tools\redmod\tweaks\base\gameplay\static_data\player_state_machine\coveraction\statemachine_coveraction.tweak",".tweak","557"
"tools\redmod\tweaks\base\gameplay\static_data\player_state_machine\cpo\statemachine_lookatpreset.tweak",".tweak","5832"
"tools\redmod\tweaks\base\gameplay\static_data\player_state_machine\crosshair\statebase_crosshair.tweak",".tweak","299"
"tools\redmod\tweaks\base\gameplay\static_data\player_state_machine\crosshair\statemachine_crosshair.tweak",".tweak","4794"
"tools\redmod\tweaks\base\gameplay\static_data\player_state_machine\equipment\statebase_equipment.tweak",".tweak","113"
"tools\redmod\tweaks\base\gameplay\static_data\player_state_machine\equipment\statemachine_equipment.tweak",".tweak","1998"
"tools\redmod\tweaks\base\gameplay\static_data\player_state_machine\finisher\statebase_finisher.tweak",".tweak","209"
"tools\redmod\tweaks\base\gameplay\static_data\player_state_machine\finisher\statemachine_finisher.tweak",".tweak","1233"
"tools\redmod\tweaks\base\gameplay\static_data\player_state_machine\highlevel\statebase_highlevel.tweak",".tweak","203"
"tools\redmod\tweaks\base\gameplay\static_data\player_state_machine\highlevel\statemachine_highlevel.tweak",".tweak","5739"
"tools\redmod\tweaks\base\gameplay\static_data\player_state_machine\inputcontext\statemachine_inputcontext.tweak",".tweak","10566"
"tools\redmod\tweaks\base\gameplay\static_data\player_state_machine\lefthandcyberware\statebase_lefthandcyberware.tweak",".tweak","130"
"tools\redmod\tweaks\base\gameplay\static_data\player_state_machine\lefthandcyberware\statemachine_lefthandcyberware.tweak",".tweak","3505"
"tools\redmod\tweaks\base\gameplay\static_data\player_state_machine\locomotion\statebase_locomotion.tweak",".tweak","2309"
"tools\redmod\tweaks\base\gameplay\static_data\player_state_machine\locomotion\statemachine_locomotion.tweak",".tweak","26884"
"tools\redmod\tweaks\base\gameplay\static_data\player_state_machine\locomotionbraindance\statebase_locomotionbraindance.tweak",".tweak","905"
"tools\redmod\tweaks\base\gameplay\static_data\player_state_machine\locomotionbraindance\statemachine_locomotionbraindance.tweak",".tweak","1042"
"tools\redmod\tweaks\base\gameplay\static_data\player_state_machine\locomotionlowgravity\statebase_locomotionlowgravity.tweak",".tweak","1323"
"tools\redmod\tweaks\base\gameplay\static_data\player_state_machine\locomotionlowgravity\statemachine_locomotionlowgravity.tweak",".tweak","6116"
"tools\redmod\tweaks\base\gameplay\static_data\player_state_machine\locomotionswimming\statebase_locomotionswimming.tweak",".tweak","1015"
"tools\redmod\tweaks\base\gameplay\static_data\player_state_machine\locomotionswimming\statemachine_locomotionswimming.tweak",".tweak","7066"
"tools\redmod\tweaks\base\gameplay\static_data\player_state_machine\locomotiontakedown\statebase_locomotiontakedown.tweak",".tweak","668"
"tools\redmod\tweaks\base\gameplay\static_data\player_state_machine\locomotiontakedown\statemachine_locomotiontakedown.tweak",".tweak","7141"
"tools\redmod\tweaks\base\gameplay\static_data\player_state_machine\locomotiontier3\statebase_locomotiontier3.tweak",".tweak","1387"
"tools\redmod\tweaks\base\gameplay\static_data\player_state_machine\locomotiontier3\statemachine_locomotiontier3.tweak",".tweak","928"
"tools\redmod\tweaks\base\gameplay\static_data\player_state_machine\locomotiontier4\statebase_locomotiontier4.tweak",".tweak","1387"
"tools\redmod\tweaks\base\gameplay\static_data\player_state_machine\locomotiontier4\statemachine_locomotiontier4.tweak",".tweak","787"
"tools\redmod\tweaks\base\gameplay\static_data\player_state_machine\locomotiontier5\statebase_locomotiontier5.tweak",".tweak","1387"
"tools\redmod\tweaks\base\gameplay\static_data\player_state_machine\locomotiontier5\statemachine_locomotiontier5.tweak",".tweak","819"
"tools\redmod\tweaks\base\gameplay\static_data\player_state_machine\melee\statebase_melee.tweak",".tweak","161"
"tools\redmod\tweaks\base\gameplay\static_data\player_state_machine\melee\statemachine_melee.tweak",".tweak","14488"
"tools\redmod\tweaks\base\gameplay\static_data\player_state_machine\minedispenser\statebase_minedispenser.tweak",".tweak","122"
"tools\redmod\tweaks\base\gameplay\static_data\player_state_machine\minedispenser\statemachine_minedispenser.tweak",".tweak","884"
"tools\redmod\tweaks\base\gameplay\static_data\player_state_machine\non_production\statemachinelist_ondemand.tweak",".tweak","410"
"tools\redmod\tweaks\base\gameplay\static_data\player_state_machine\non_production\test\statemachine_testone.tweak",".tweak","1202"
"tools\redmod\tweaks\base\gameplay\static_data\player_state_machine\non_production\test\statemachine_testtwo.tweak",".tweak","501"
"tools\redmod\tweaks\base\gameplay\static_data\player_state_machine\non_production\weaponcontrol.tweak",".tweak","607"
"tools\redmod\tweaks\base\gameplay\static_data\player_state_machine\quickslots\statebase_quickslots.tweak",".tweak","111"
"tools\redmod\tweaks\base\gameplay\static_data\player_state_machine\quickslots\statemachine_quickslots.tweak",".tweak","2230"
"tools\redmod\tweaks\base\gameplay\static_data\player_state_machine\reaction\statebase_reaction.tweak",".tweak","112"
"tools\redmod\tweaks\base\gameplay\static_data\player_state_machine\reaction\statemachine_reaction.tweak",".tweak","468"
"tools\redmod\tweaks\base\gameplay\static_data\player_state_machine\scenesfastforward\statebase_scenesfastforward.tweak",".tweak","126"
"tools\redmod\tweaks\base\gameplay\static_data\player_state_machine\scenesfastforward\statemachine_scenesfastforward.tweak",".tweak","976"
"tools\redmod\tweaks\base\gameplay\static_data\player_state_machine\sniper_nest\statebase_snipernest.tweak",".tweak","211"
"tools\redmod\tweaks\base\gameplay\static_data\player_state_machine\sniper_nest\statemachine_snipernest.tweak",".tweak","605"
"tools\redmod\tweaks\base\gameplay\static_data\player_state_machine\stamina\statebase_stamina.tweak",".tweak","114"
"tools\redmod\tweaks\base\gameplay\static_data\player_state_machine\stamina\statemachine_stamina.tweak",".tweak","686"
"tools\redmod\tweaks\base\gameplay\static_data\player_state_machine\statebase\statebase.tweak",".tweak","501"
"tools\redmod\tweaks\base\gameplay\static_data\player_state_machine\statemachinedefinitions.tweak",".tweak","17006"
"tools\redmod\tweaks\base\gameplay\static_data\player_state_machine\statemachinelist.tweak",".tweak","3018"
"tools\redmod\tweaks\base\gameplay\static_data\player_state_machine\test\testfive.tweak",".tweak","641"
"tools\redmod\tweaks\base\gameplay\static_data\player_state_machine\test\testfour.tweak",".tweak","641"
"tools\redmod\tweaks\base\gameplay\static_data\player_state_machine\test\testthree.tweak",".tweak","648"
"tools\redmod\tweaks\base\gameplay\static_data\player_state_machine\timedilation\statemachine_timedilation.tweak",".tweak","1386"
"tools\redmod\tweaks\base\gameplay\static_data\player_state_machine\turret\statebase_turret.tweak",".tweak","207"
"tools\redmod\tweaks\base\gameplay\static_data\player_state_machine\turret\statemachine_turret.tweak",".tweak","610"
"tools\redmod\tweaks\base\gameplay\static_data\player_state_machine\upperbody\statebase_upperbody.tweak",".tweak","165"
"tools\redmod\tweaks\base\gameplay\static_data\player_state_machine\upperbody\statemachine_upperbody.tweak",".tweak","4034"
"tools\redmod\tweaks\base\gameplay\static_data\player_state_machine\vehicle\statebase_vehicle.tweak",".tweak","210"
"tools\redmod\tweaks\base\gameplay\static_data\player_state_machine\vehicle\statemachine_vehicle.tweak",".tweak","6655"
"tools\redmod\tweaks\base\gameplay\static_data\player_state_machine\weapon\statebase_weapon.tweak",".tweak","108"
"tools\redmod\tweaks\base\gameplay\static_data\player_state_machine\weapon\statemachine_weapon.tweak",".tweak","7566"
"tools\redmod\tweaks\base\gameplay\static_data\player_state_machine\zoom\statebase_zoom.tweak",".tweak","108"
"tools\redmod\tweaks\base\gameplay\static_data\player_state_machine\zoom\statemachine_zoom.tweak",".tweak","2655"
"tools\redmod\tweaks\base\gameplay\static_data\rpg_constants.tweak",".tweak","1690"
"tools\redmod\tweaks\base\gameplay\static_data\rumble.tweak",".tweak","3751"
"tools\redmod\tweaks\base\gameplay\static_data\scene.tweak",".tweak","117"
"tools\redmod\tweaks\base\gameplay\static_data\test.tweak",".tweak","306"
"tools\redmod\tweaks\base\gameplay\static_data\time.tweak",".tweak","3535"
"tools\redmod\tweaks\base\gameplay\static_data\vehicles\ai.tweak",".tweak","154"
"tools\redmod\tweaks\base\gameplay\static_data\vehicles\autopilot.tweak",".tweak","290"
"tools\redmod\tweaks\base\gameplay\static_data\vehicles\common.tweak",".tweak","2938"
"tools\redmod\tweaks\base\gameplay\static_data\vehicles\destruction.tweak",".tweak","123"
"tools\redmod\tweaks\base\gameplay\static_data\vehicles\honking.tweak",".tweak","221"
"tools\redmod\tweaks\base\gameplay\static_data\vehicles\lights.tweak",".tweak","147"
"tools\redmod\tweaks\base\gameplay\static_data\vehicles\traffic.tweak",".tweak","274"
"tools\redmod\tweaks\base\gameplay\static_data\weapons.tweak",".tweak","2025"
"tools\redmod\tweaks\ep1\gameplay\static_data\database\advertisements\brands\casino_adverts.tweak",".tweak","1782"
"tools\redmod\tweaks\ep1\gameplay\static_data\database\advertisements\brands\impulse.tweak",".tweak","709"
"tools\redmod\tweaks\ep1\gameplay\static_data\database\advertisements\brands\montana.tweak",".tweak","981"
"tools\redmod\tweaks\ep1\gameplay\static_data\database\advertisements\brands\palladia_center_billboard.tweak",".tweak","251"
"tools\redmod\tweaks\ep1\gameplay\static_data\database\advertisements\brands\q304_monitors.tweak",".tweak","788"
"tools\redmod\tweaks\ep1\gameplay\static_data\database\advertisements\brands\terra_anatomicon.tweak",".tweak","1463"
"tools\redmod\tweaks\ep1\gameplay\static_data\database\advertisements\brands\terra_digimmortal.tweak",".tweak","1492"
"tools\redmod\tweaks\ep1\gameplay\static_data\database\advertisements\brands\terra_esa_explorer.tweak",".tweak","1485"
"tools\redmod\tweaks\ep1\gameplay\static_data\database\advertisements\brands\terra_organitopia.tweak",".tweak","1456"
"tools\redmod\tweaks\ep1\gameplay\static_data\database\ai\actions\packages\factions\bosses\ayo_zarin.tweak",".tweak","3197"
"tools\redmod\tweaks\ep1\gameplay\static_data\database\ai\actions\packages\factions\bosses\boss_items.tweak",".tweak","150"
"tools\redmod\tweaks\ep1\gameplay\static_data\database\ai\actions\packages\factions\bosses\cerberus_boss.tweak",".tweak","20290"
"tools\redmod\tweaks\ep1\gameplay\static_data\database\ai\actions\packages\factions\bosses\jurij.tweak",".tweak","4778"
"tools\redmod\tweaks\ep1\gameplay\static_data\database\ai\actions\packages\factions\bosses\kurt_krauser_boss.tweak",".tweak","140549"
"tools\redmod\tweaks\ep1\gameplay\static_data\database\ai\actions\packages\factions\bosses\max_tac_boss.tweak",".tweak","11815"
"tools\redmod\tweaks\ep1\gameplay\static_data\database\ai\actions\packages\factions\bosses\militech_chimera_boss.tweak",".tweak","59"
"tools\redmod\tweaks\ep1\gameplay\static_data\database\ai\actions\packages\factions\bosses\ribakov_boss.tweak",".tweak","50497"
"tools\redmod\tweaks\ep1\gameplay\static_data\database\ai\actions\packages\factions\bosses\wagner_bodyguard.tweak",".tweak","28728"
"tools\redmod\tweaks\ep1\gameplay\static_data\database\ai\actions\packages\factions\custom\prevention_barghest.tweak",".tweak","3873"
"tools\redmod\tweaks\ep1\gameplay\static_data\database\ai\actions\packages\factions\gang\kurtz.tweak",".tweak","3908"
"tools\redmod\tweaks\ep1\gameplay\static_data\database\attachable_objects\attachableobjects.tweak",".tweak","1083"
"tools\redmod\tweaks\ep1\gameplay\static_data\database\attack\bullets.tweak",".tweak","1556"
"tools\redmod\tweaks\ep1\gameplay\static_data\database\attack\device_attacks.tweak",".tweak","3194"
"tools\redmod\tweaks\ep1\gameplay\static_data\database\attack\npc_attacks.tweak",".tweak","7802"
"tools\redmod\tweaks\ep1\gameplay\static_data\database\attitude\attitudes.tweak",".tweak","15626"
"tools\redmod\tweaks\ep1\gameplay\static_data\database\attitude\attitudes_ow.tweak",".tweak","6799"
"tools\redmod\tweaks\ep1\gameplay\static_data\database\bounties\bounties.tweak",".tweak","1198"
"tools\redmod\tweaks\ep1\gameplay\static_data\database\bounties\bounty_draw_tables.tweak",".tweak","47"
"tools\redmod\tweaks\ep1\gameplay\static_data\database\bounties\transgressions.tweak",".tweak","243"
"tools\redmod\tweaks\ep1\gameplay\static_data\database\characters\npcs\records\ethnicities\ethnic_names_ep1.tweak",".tweak","193764"
"tools\redmod\tweaks\ep1\gameplay\static_data\database\characters\npcs\records\gameplay\bosses_ep1.tweak",".tweak","18996"
"tools\redmod\tweaks\ep1\gameplay\static_data\database\characters\npcs\records\gameplay\ep1_placeholder_minibosses.tweak",".tweak","8936"
"tools\redmod\tweaks\ep1\gameplay\static_data\database\characters\npcs\records\gameplay\fx_debug_npc_weapons.tweak",".tweak","2242"
"tools\redmod\tweaks\ep1\gameplay\static_data\database\characters\npcs\records\gameplay\kurtz_militia.tweak",".tweak","29661"
"tools\redmod\tweaks\ep1\gameplay\static_data\database\characters\npcs\records\gameplay\prevenetion_system.tweak",".tweak","14151"
"tools\redmod\tweaks\ep1\gameplay\static_data\database\characters\npcs\records\gameplay\scavengers.tweak",".tweak","62923"
"tools\redmod\tweaks\ep1\gameplay\static_data\database\characters\npcs\records\gameplay\scrappers.tweak",".tweak","15767"
"tools\redmod\tweaks\ep1\gameplay\static_data\database\characters\npcs\records\gameplay\voodoo_boys.tweak",".tweak","12152"
"tools\redmod\tweaks\ep1\gameplay\static_data\database\characters\npcs\records\openworld\crowds\ep1_communities.tweak",".tweak","31979"
"tools\redmod\tweaks\ep1\gameplay\static_data\database\characters\npcs\records\openworld\dynamic_events\dynamic_events.tweak",".tweak","3700"
"tools\redmod\tweaks\ep1\gameplay\static_data\database\characters\npcs\records\openworld\encounters\boulevard_av.tweak",".tweak","9408"
"tools\redmod\tweaks\ep1\gameplay\static_data\database\characters\npcs\records\openworld\encounters\combat_tower.tweak",".tweak","2509"
"tools\redmod\tweaks\ep1\gameplay\static_data\database\characters\npcs\records\openworld\encounters\combat_zone_gate.tweak",".tweak","2566"
"tools\redmod\tweaks\ep1\gameplay\static_data\database\characters\npcs\records\openworld\encounters\container_zone.tweak",".tweak","9868"
"tools\redmod\tweaks\ep1\gameplay\static_data\database\characters\npcs\records\openworld\encounters\cyberjunkies.tweak",".tweak","16203"
"tools\redmod\tweaks\ep1\gameplay\static_data\database\characters\npcs\records\openworld\encounters\high_peak.tweak",".tweak","9605"
"tools\redmod\tweaks\ep1\gameplay\static_data\database\characters\npcs\records\openworld\encounters\hill_park.tweak",".tweak","12420"
"tools\redmod\tweaks\ep1\gameplay\static_data\database\characters\npcs\records\openworld\encounters\monument_av.tweak",".tweak","9408"
"tools\redmod\tweaks\ep1\gameplay\static_data\database\characters\npcs\records\openworld\encounters\prevention_system_dogtown_dispatch.tweak",".tweak","401"
"tools\redmod\tweaks\ep1\gameplay\static_data\database\characters\npcs\records\openworld\encounters\stadium.tweak",".tweak","9408"
"tools\redmod\tweaks\ep1\gameplay\static_data\database\characters\npcs\records\openworld\encounters\we_ep1_01.tweak",".tweak","19730"
"tools\redmod\tweaks\ep1\gameplay\static_data\database\characters\npcs\records\openworld\encounters\we_ep1_05.tweak",".tweak","6148"
"tools\redmod\tweaks\ep1\gameplay\static_data\database\characters\npcs\records\openworld\encounters\we_ep1_17.tweak",".tweak","1265"
"tools\redmod\tweaks\ep1\gameplay\static_data\database\characters\npcs\records\openworld\ep1_vendors.tweak",".tweak","8462"
"tools\redmod\tweaks\ep1\gameplay\static_data\database\characters\npcs\records\openworld\ep1_vendors_additional.tweak",".tweak","4960"
"tools\redmod\tweaks\ep1\gameplay\static_data\database\characters\npcs\records\openworld\minor_activities\ma_virtual_shootout.tweak",".tweak","2759"
"tools\redmod\tweaks\ep1\gameplay\static_data\database\characters\npcs\records\openworld\sandbox_activities\sa_ep1_airdrop.tweak",".tweak","388"
"tools\redmod\tweaks\ep1\gameplay\static_data\database\characters\npcs\records\openworld\sandbox_activities\sa_ep1_courier_introquest.tweak",".tweak","2727"
"tools\redmod\tweaks\ep1\gameplay\static_data\database\characters\npcs\records\openworld\sandbox_activities\sa_ep1_courier_loop_enemies.tweak",".tweak","25898"
"tools\redmod\tweaks\ep1\gameplay\static_data\database\characters\npcs\records\openworld\sandbox_activities\sa_ep1_courier_loop_expanded.tweak",".tweak","4490"
"tools\redmod\tweaks\ep1\gameplay\static_data\database\characters\npcs\records\openworld\sandbox_activities\sa_ep1_courier_loop_garage_worker.tweak",".tweak","559"
"tools\redmod\tweaks\ep1\gameplay\static_data\database\characters\npcs\records\openworld\sandbox_activities\sa_ep1_courier_outroquest.tweak",".tweak","4793"
"tools\redmod\tweaks\ep1\gameplay\static_data\database\characters\npcs\records\openworld\sandbox_activities\sa_ep1_courier_outroquest_vehicle.tweak",".tweak","622"
"tools\redmod\tweaks\ep1\gameplay\static_data\database\characters\npcs\records\openworld\sandbox_activities\sa_ep1_courier_random_vehicle.tweak",".tweak","21293"
"tools\redmod\tweaks\ep1\gameplay\static_data\database\characters\npcs\records\openworld\street_stories\npcs_sts_ep1_10.tweak",".tweak","6144"
"tools\redmod\tweaks\ep1\gameplay\static_data\database\characters\npcs\records\openworld\street_stories\sts_ep1_01.tweak",".tweak","13404"
"tools\redmod\tweaks\ep1\gameplay\static_data\database\characters\npcs\records\openworld\street_stories\sts_ep1_02.tweak",".tweak","2264"
"tools\redmod\tweaks\ep1\gameplay\static_data\database\characters\npcs\records\openworld\street_stories\sts_ep1_03.tweak",".tweak","9653"
"tools\redmod\tweaks\ep1\gameplay\static_data\database\characters\npcs\records\openworld\street_stories\sts_ep1_04.tweak",".tweak","5982"
"tools\redmod\tweaks\ep1\gameplay\static_data\database\characters\npcs\records\openworld\street_stories\sts_ep1_06.tweak",".tweak","38290"
"tools\redmod\tweaks\ep1\gameplay\static_data\database\characters\npcs\records\openworld\street_stories\sts_ep1_07.tweak",".tweak","15866"
"tools\redmod\tweaks\ep1\gameplay\static_data\database\characters\npcs\records\openworld\street_stories\sts_ep1_08.tweak",".tweak","25071"
"tools\redmod\tweaks\ep1\gameplay\static_data\database\characters\npcs\records\openworld\street_stories\sts_ep1_12.tweak",".tweak","9166"
"tools\redmod\tweaks\ep1\gameplay\static_data\database\characters\npcs\records\openworld\street_stories\sts_ep1_13.tweak",".tweak","17643"
"tools\redmod\tweaks\ep1\gameplay\static_data\database\characters\npcs\records\openworld\street_stories\template.tweak",".tweak","44"
"tools\redmod\tweaks\ep1\gameplay\static_data\database\characters\npcs\records\openworld\world_stories\mws_characters.tweak",".tweak","5005"
"tools\redmod\tweaks\ep1\gameplay\static_data\database\characters\npcs\records\openworld\world_stories\mws_vehicles.tweak",".tweak","1943"
"tools\redmod\tweaks\ep1\gameplay\static_data\database\characters\npcs\records\openworld\world_stories\wst_ep1_10.tweak",".tweak","297"
"tools\redmod\tweaks\ep1\gameplay\static_data\database\characters\npcs\records\openworld\world_stories\wst_ep1_12_13.tweak",".tweak","584"
"tools\redmod\tweaks\ep1\gameplay\static_data\database\characters\npcs\records\openworld\world_stories\wst_ep1_17.tweak",".tweak","467"
"tools\redmod\tweaks\ep1\gameplay\static_data\database\characters\npcs\records\openworld\world_stories\wst_ep1_ctz.tweak",".tweak","2355"
"tools\redmod\tweaks\ep1\gameplay\static_data\database\characters\npcs\records\quest\main_characters\primary_characters.tweak",".tweak","7964"
"tools\redmod\tweaks\ep1\gameplay\static_data\database\characters\npcs\records\quest\main_characters\secondary_characters.tweak",".tweak","3430"
"tools\redmod\tweaks\ep1\gameplay\static_data\database\characters\npcs\records\quest\main_characters\tertiary_characters.tweak",".tweak","9501"
"tools\redmod\tweaks\ep1\gameplay\static_data\database\characters\npcs\records\quest\main_quests\q301.tweak",".tweak","28227"
"tools\redmod\tweaks\ep1\gameplay\static_data\database\characters\npcs\records\quest\main_quests\q302.tweak",".tweak","24985"
"tools\redmod\tweaks\ep1\gameplay\static_data\database\characters\npcs\records\quest\main_quests\q303.tweak",".tweak","64613"
"tools\redmod\tweaks\ep1\gameplay\static_data\database\characters\npcs\records\quest\main_quests\q304.tweak",".tweak","29736"
"tools\redmod\tweaks\ep1\gameplay\static_data\database\characters\npcs\records\quest\main_quests\q305.tweak",".tweak","41016"
"tools\redmod\tweaks\ep1\gameplay\static_data\database\characters\npcs\records\quest\main_quests\q306.tweak",".tweak","31642"
"tools\redmod\tweaks\ep1\gameplay\static_data\database\characters\npcs\records\quest\main_quests\q307.tweak",".tweak","5307"
"tools\redmod\tweaks\ep1\gameplay\static_data\database\characters\npcs\records\quest\minor_quests\mq301.tweak",".tweak","9832"
"tools\redmod\tweaks\ep1\gameplay\static_data\database\characters\npcs\records\quest\minor_quests\mq303.tweak",".tweak","6052"
"tools\redmod\tweaks\ep1\gameplay\static_data\database\characters\npcs\records\quest\minor_quests\mq304.tweak",".tweak","19474"
"tools\redmod\tweaks\ep1\gameplay\static_data\database\characters\npcs\records\quest\minor_quests\mq305.tweak",".tweak","519"
"tools\redmod\tweaks\ep1\gameplay\static_data\database\characters\npcs\records\quest\minor_quests\mq306.tweak",".tweak","6382"
"tools\redmod\tweaks\ep1\gameplay\static_data\database\characters\npcs\records\squads\squads.tweak",".tweak","543"
"tools\redmod\tweaks\ep1\gameplay\static_data\database\content_assignment\vehicle_assignments.tweak",".tweak","1772"
"tools\redmod\tweaks\ep1\gameplay\static_data\database\devices\base_records.tweak",".tweak","426"
"tools\redmod\tweaks\ep1\gameplay\static_data\database\devices\device_ui_definitions.tweak",".tweak","681"
"tools\redmod\tweaks\ep1\gameplay\static_data\database\devices\fx\moving_platform_fx.tweak",".tweak","748"
"tools\redmod\tweaks\ep1\gameplay\static_data\database\dynamic_spawn_system\dynamicspawnsystemdata.tweak",".tweak","34870"
"tools\redmod\tweaks\ep1\gameplay\static_data\database\effectors\custom.tweak",".tweak","484"
"tools\redmod\tweaks\ep1\gameplay\static_data\database\environment\damage\particles_damage.tweak",".tweak","1872"
"tools\redmod\tweaks\ep1\gameplay\static_data\database\factions\factions.tweak",".tweak","853"
"tools\redmod\tweaks\ep1\gameplay\static_data\database\fast_travel_bink_data\screen_data_definitions.tweak",".tweak","1608"
"tools\redmod\tweaks\ep1\gameplay\static_data\database\fasttravel\districts.tweak",".tweak","820"
"tools\redmod\tweaks\ep1\gameplay\static_data\database\fasttravel\fasttravelpoints.tweak",".tweak","1210"
"tools\redmod\tweaks\ep1\gameplay\static_data\database\fasttravel\preventiondata.tweak",".tweak","52643"
"tools\redmod\tweaks\ep1\gameplay\static_data\database\interactions\ep1_interactions.tweak",".tweak","808"
"tools\redmod\tweaks\ep1\gameplay\static_data\database\items\clothing\ep1_quest_clothing.tweak",".tweak","10571"
"tools\redmod\tweaks\ep1\gameplay\static_data\database\items\clothing\face\mask.tweak",".tweak","3537"
"tools\redmod\tweaks\ep1\gameplay\static_data\database\items\clothing\face\tech.tweak",".tweak","4357"
"tools\redmod\tweaks\ep1\gameplay\static_data\database\items\clothing\feet\boots.tweak",".tweak","3223"
"tools\redmod\tweaks\ep1\gameplay\static_data\database\items\clothing\head\balaclava.tweak",".tweak","3208"
"tools\redmod\tweaks\ep1\gameplay\static_data\database\items\clothing\head\hat.tweak",".tweak","4799"
"tools\redmod\tweaks\ep1\gameplay\static_data\database\items\clothing\head\helmet.tweak",".tweak","16661"
"tools\redmod\tweaks\ep1\gameplay\static_data\database\items\clothing\inner_chest\jumpsuit_tight.tweak",".tweak","3149"
"tools\redmod\tweaks\ep1\gameplay\static_data\database\items\clothing\inner_chest\tshirt.tweak",".tweak","3732"
"tools\redmod\tweaks\ep1\gameplay\static_data\database\items\clothing\legs\pants.tweak",".tweak","11746"
"tools\redmod\tweaks\ep1\gameplay\static_data\database\items\clothing\outer_chest\coat.tweak",".tweak","6071"
"tools\redmod\tweaks\ep1\gameplay\static_data\database\items\clothing\outer_chest\dress.tweak",".tweak","6613"
"tools\redmod\tweaks\ep1\gameplay\static_data\database\items\clothing\outer_chest\formal_jacket.tweak",".tweak","3865"
"tools\redmod\tweaks\ep1\gameplay\static_data\database\items\clothing\outer_chest\jacket.tweak",".tweak","13148"
"tools\redmod\tweaks\ep1\gameplay\static_data\database\items\clothing\outer_chest\vest.tweak",".tweak","11644"
"tools\redmod\tweaks\ep1\gameplay\static_data\database\items\misc\ep1_animation_items.tweak",".tweak","900"
"tools\redmod\tweaks\ep1\gameplay\static_data\database\items\misc\ep1_animation_items_crowd.tweak",".tweak","271"
"tools\redmod\tweaks\ep1\gameplay\static_data\database\items\open_world\ep1_keycards.tweak",".tweak","2892"
"tools\redmod\tweaks\ep1\gameplay\static_data\database\items\open_world\ep1_ma_items.tweak",".tweak","1743"
"tools\redmod\tweaks\ep1\gameplay\static_data\database\items\open_world\ep1_mws_items.tweak",".tweak","319"
"tools\redmod\tweaks\ep1\gameplay\static_data\database\items\open_world\ep1_sa_items.tweak",".tweak","1471"
"tools\redmod\tweaks\ep1\gameplay\static_data\database\items\open_world\ep1_sts_items.tweak",".tweak","7138"
"tools\redmod\tweaks\ep1\gameplay\static_data\database\items\quest\ep1_keycards.tweak",".tweak","2427"
"tools\redmod\tweaks\ep1\gameplay\static_data\database\items\quest\ep1_quest_items.tweak",".tweak","11482"
"tools\redmod\tweaks\ep1\gameplay\static_data\database\items\weapons\melee\boss\cerberus_base_weapon.tweak",".tweak","622"
"tools\redmod\tweaks\ep1\gameplay\static_data\database\items\weapons\melee\presets\preset_knife.tweak",".tweak","1699"
"tools\redmod\tweaks\ep1\gameplay\static_data\database\items\weapons\ranged\attachments\scopes.tweak",".tweak","1165"
"tools\redmod\tweaks\ep1\gameplay\static_data\database\items\weapons\ranged\custom\q304_tank_turret.tweak",".tweak","3433"
"tools\redmod\tweaks\ep1\gameplay\static_data\database\items\weapons\ranged\grenadelauncher\authority\base_authority.tweak",".tweak","9448"
"tools\redmod\tweaks\ep1\gameplay\static_data\database\items\weapons\ranged\grenadelauncher\authority\preset_base_authority.tweak",".tweak","830"
"tools\redmod\tweaks\ep1\gameplay\static_data\database\items\weapons\ranged\handguns\grit\base_grit.tweak",".tweak","11380"
"tools\redmod\tweaks\ep1\gameplay\static_data\database\items\weapons\ranged\handguns\grit\preset_base_grit.tweak",".tweak","10900"
"tools\redmod\tweaks\ep1\gameplay\static_data\database\items\weapons\ranged\handguns\ticon\base_ticon.tweak",".tweak","12338"
"tools\redmod\tweaks\ep1\gameplay\static_data\database\items\weapons\ranged\handguns\ticon\preset_base_ticon.tweak",".tweak","7997"
"tools\redmod\tweaks\ep1\gameplay\static_data\database\items\weapons\ranged\revolvers\metel\base_metel.tweak",".tweak","9530"
"tools\redmod\tweaks\ep1\gameplay\static_data\database\items\weapons\ranged\revolvers\metel\preset_base_metel.tweak",".tweak","13305"
"tools\redmod\tweaks\ep1\gameplay\static_data\database\items\weapons\ranged\rifles\hercules\base_hercules.tweak",".tweak","15043"
"tools\redmod\tweaks\ep1\gameplay\static_data\database\items\weapons\ranged\rifles\hercules\preset_base_hercules.tweak",".tweak","4488"
"tools\redmod\tweaks\ep1\gameplay\static_data\database\items\weapons\ranged\rifles\osprey\base_osprey.tweak",".tweak","9818"
"tools\redmod\tweaks\ep1\gameplay\static_data\database\items\weapons\ranged\rifles\osprey\preset_base_osprey.tweak",".tweak","4630"
"tools\redmod\tweaks\ep1\gameplay\static_data\database\items\weapons\ranged\rifles\tech_sniper_rifle\base_tech_sniper_rifle.tweak",".tweak","11308"
"tools\redmod\tweaks\ep1\gameplay\static_data\database\items\weapons\ranged\rifles\tech_sniper_rifle\preset_base_tech_sniper_rifle.tweak",".tweak","11163"
"tools\redmod\tweaks\ep1\gameplay\static_data\database\items\weapons\ranged\submachineguns\borg4a\base_borg4a.tweak",".tweak","9835"
"tools\redmod\tweaks\ep1\gameplay\static_data\database\items\weapons\ranged\submachineguns\borg4a\preset_base_borg4a.tweak",".tweak","10732"
"tools\redmod\tweaks\ep1\gameplay\static_data\database\items\weapons\ranged\submachineguns\warden\base_warden.tweak",".tweak","12583"
"tools\redmod\tweaks\ep1\gameplay\static_data\database\items\weapons\ranged\submachineguns\warden\preset_base_warden.tweak",".tweak","22010"
"tools\redmod\tweaks\ep1\gameplay\static_data\database\lookat_presets\base_values.tweak",".tweak","680"
"tools\redmod\tweaks\ep1\gameplay\static_data\database\loot\ep1_airdrop_loot.tweak",".tweak","48795"
"tools\redmod\tweaks\ep1\gameplay\static_data\database\loot\ep1_cyberjunkies_loot.tweak",".tweak","6303"
"tools\redmod\tweaks\ep1\gameplay\static_data\database\loot\ep1_de_loot.tweak",".tweak","286"
"tools\redmod\tweaks\ep1\gameplay\static_data\database\loot\ep1_mws_loot.tweak",".tweak","869"
"tools\redmod\tweaks\ep1\gameplay\static_data\database\loot\ep1_ow_loot.tweak",".tweak","20788"
"tools\redmod\tweaks\ep1\gameplay\static_data\database\loot\ep1_quest_loot.tweak",".tweak","15966"
"tools\redmod\tweaks\ep1\gameplay\static_data\database\loot\ep1_sa_loot.tweak",".tweak","11443"
"tools\redmod\tweaks\ep1\gameplay\static_data\database\loot\ep1_sts_loot.tweak",".tweak","26470"
"tools\redmod\tweaks\ep1\gameplay\static_data\database\loot\ep1_we_loot.tweak",".tweak","17054"
"tools\redmod\tweaks\ep1\gameplay\static_data\database\loot\ep1_wst_loot.tweak",".tweak","10015"
"tools\redmod\tweaks\ep1\gameplay\static_data\database\loot\kurtz_militia_loot.tweak",".tweak","3444"
"tools\redmod\tweaks\ep1\gameplay\static_data\database\mappins\mappins_poi.tweak",".tweak","549"
"tools\redmod\tweaks\ep1\gameplay\static_data\database\minigame_v2\ep1_minigame_v2.tweak",".tweak","2112"
"tools\redmod\tweaks\ep1\gameplay\static_data\database\object_actions\ep1_minigame_actions.tweak",".tweak","849"
"tools\redmod\tweaks\ep1\gameplay\static_data\database\progression_builds\base_values.tweak",".tweak","1118"
"tools\redmod\tweaks\ep1\gameplay\static_data\database\props\quest\ep1_vendors.tweak",".tweak","236"
"tools\redmod\tweaks\ep1\gameplay\static_data\database\props\quest\miniworldstories.tweak",".tweak","384"
"tools\redmod\tweaks\ep1\gameplay\static_data\database\props\quest\mq301.tweak",".tweak","313"
"tools\redmod\tweaks\ep1\gameplay\static_data\database\props\quest\mq303.tweak",".tweak","273"
"tools\redmod\tweaks\ep1\gameplay\static_data\database\props\quest\mq304.tweak",".tweak","649"
"tools\redmod\tweaks\ep1\gameplay\static_data\database\props\quest\mq305.tweak",".tweak","520"
"tools\redmod\tweaks\ep1\gameplay\static_data\database\props\quest\q301.tweak",".tweak","5041"
"tools\redmod\tweaks\ep1\gameplay\static_data\database\props\quest\q302.tweak",".tweak","5004"
"tools\redmod\tweaks\ep1\gameplay\static_data\database\props\quest\q303.tweak",".tweak","8288"
"tools\redmod\tweaks\ep1\gameplay\static_data\database\props\quest\q304.tweak",".tweak","5527"
"tools\redmod\tweaks\ep1\gameplay\static_data\database\props\quest\q305.tweak",".tweak","6571"
"tools\redmod\tweaks\ep1\gameplay\static_data\database\props\quest\q306.tweak",".tweak","2445"
"tools\redmod\tweaks\ep1\gameplay\static_data\database\props\quest\q307.tweak",".tweak","991"
"tools\redmod\tweaks\ep1\gameplay\static_data\database\props\quest\sts_ep1_03.tweak",".tweak","243"
"tools\redmod\tweaks\ep1\gameplay\static_data\database\props\quest\sts_ep1_04.tweak",".tweak","217"
"tools\redmod\tweaks\ep1\gameplay\static_data\database\props\quest\sts_ep1_07.tweak",".tweak","176"
"tools\redmod\tweaks\ep1\gameplay\static_data\database\props\quest\sts_ep1_08.tweak",".tweak","613"
"tools\redmod\tweaks\ep1\gameplay\static_data\database\props\quest\sts_ep1_10.tweak",".tweak","173"
"tools\redmod\tweaks\ep1\gameplay\static_data\database\props\quest\sts_ep1_12.tweak",".tweak","191"
"tools\redmod\tweaks\ep1\gameplay\static_data\database\props\quest\sts_ep1_13.tweak",".tweak","1049"
"tools\redmod\tweaks\ep1\gameplay\static_data\database\quest_rewards\bounty_rewards.tweak",".tweak","2491"
"tools\redmod\tweaks\ep1\gameplay\static_data\database\quest_rewards\main_quests.tweak",".tweak","21506"
"tools\redmod\tweaks\ep1\gameplay\static_data\database\quest_rewards\minor_quests.tweak",".tweak","13972"
"tools\redmod\tweaks\ep1\gameplay\static_data\database\quest_rewards\sandbox_activities.tweak",".tweak","6264"
"tools\redmod\tweaks\ep1\gameplay\static_data\database\quest_rewards\street_stories.tweak",".tweak","12745"
"tools\redmod\tweaks\ep1\gameplay\static_data\database\quest_rewards\vehicle_metaquest.tweak",".tweak","2479"
"tools\redmod\tweaks\ep1\gameplay\static_data\database\readables\dynamic_events\ep1_de_readables.tweak",".tweak","327"
"tools\redmod\tweaks\ep1\gameplay\static_data\database\readables\generic\ep1_generic_readables.tweak",".tweak","9224"
"tools\redmod\tweaks\ep1\gameplay\static_data\database\readables\main_quests\q301.tweak",".tweak","4279"
"tools\redmod\tweaks\ep1\gameplay\static_data\database\readables\main_quests\q302.tweak",".tweak","3482"
"tools\redmod\tweaks\ep1\gameplay\static_data\database\readables\main_quests\q303.tweak",".tweak","3983"
"tools\redmod\tweaks\ep1\gameplay\static_data\database\readables\main_quests\q304.tweak",".tweak","2546"
"tools\redmod\tweaks\ep1\gameplay\static_data\database\readables\main_quests\q305.tweak",".tweak","3754"
"tools\redmod\tweaks\ep1\gameplay\static_data\database\readables\main_quests\q306.tweak",".tweak","7936"
"tools\redmod\tweaks\ep1\gameplay\static_data\database\readables\main_quests\q307.tweak",".tweak","923"
"tools\redmod\tweaks\ep1\gameplay\static_data\database\readables\minor_quests\mq301.tweak",".tweak","1225"
"tools\redmod\tweaks\ep1\gameplay\static_data\database\readables\minor_quests\mq303.tweak",".tweak","1525"
"tools\redmod\tweaks\ep1\gameplay\static_data\database\readables\minor_quests\mq304.tweak",".tweak","5008"
"tools\redmod\tweaks\ep1\gameplay\static_data\database\readables\minor_quests\mq305.tweak",".tweak","2544"
"tools\redmod\tweaks\ep1\gameplay\static_data\database\readables\minor_quests\mq306.tweak",".tweak","910"
"tools\redmod\tweaks\ep1\gameplay\static_data\database\readables\sandbox_activities\ep1_sa_readables.tweak",".tweak","14523"
"tools\redmod\tweaks\ep1\gameplay\static_data\database\readables\street_strories\ep1_sts_readables.tweak",".tweak","20148"
"tools\redmod\tweaks\ep1\gameplay\static_data\database\readables\world_encounters\ep1_we_readables.tweak",".tweak","4563"
"tools\redmod\tweaks\ep1\gameplay\static_data\database\readables\world_stories\ep1_wst_readables.tweak",".tweak","10313"
"tools\redmod\tweaks\ep1\gameplay\static_data\database\scanning\ep1_scanning_device_description.tweak",".tweak","1347"
"tools\redmod\tweaks\ep1\gameplay\static_data\database\scanning\ep1_scanning_npc_description.tweak",".tweak","8875"
"tools\redmod\tweaks\ep1\gameplay\static_data\database\scanning\ep1_scanning_npc_presets.tweak",".tweak","135"
"tools\redmod\tweaks\ep1\gameplay\static_data\database\scanning\main_quests\q301.tweak",".tweak","16232"
"tools\redmod\tweaks\ep1\gameplay\static_data\database\scanning\main_quests\q302.tweak",".tweak","14334"
"tools\redmod\tweaks\ep1\gameplay\static_data\database\scanning\main_quests\q303.tweak",".tweak","2760"
"tools\redmod\tweaks\ep1\gameplay\static_data\database\scanning\main_quests\q304.tweak",".tweak","2518"
"tools\redmod\tweaks\ep1\gameplay\static_data\database\scanning\main_quests\q305.tweak",".tweak","11034"
"tools\redmod\tweaks\ep1\gameplay\static_data\database\scanning\main_quests\q306.tweak",".tweak","7971"
"tools\redmod\tweaks\ep1\gameplay\static_data\database\scanning\main_quests\q307.tweak",".tweak","1237"
"tools\redmod\tweaks\ep1\gameplay\static_data\database\scanning\minor_quests\mq301.tweak",".tweak","1663"
"tools\redmod\tweaks\ep1\gameplay\static_data\database\scanning\minor_quests\mq303.tweak",".tweak","4716"
"tools\redmod\tweaks\ep1\gameplay\static_data\database\scanning\minor_quests\mq304.tweak",".tweak","945"
"tools\redmod\tweaks\ep1\gameplay\static_data\database\scanning\minor_quests\mq305.tweak",".tweak","9821"
"tools\redmod\tweaks\ep1\gameplay\static_data\database\scanning\minor_quests\mq306.tweak",".tweak","539"
"tools\redmod\tweaks\ep1\gameplay\static_data\database\scanning\sandbox_activities\sa_ep1_airdrops_clues.tweak",".tweak","6119"
"tools\redmod\tweaks\ep1\gameplay\static_data\database\scanning\sandbox_activities\sa_ep1_courier_loop.tweak",".tweak","288"
"tools\redmod\tweaks\ep1\gameplay\static_data\database\scanning\sandbox_activities\sa_ep1_courier_outro.tweak",".tweak","2725"
"tools\redmod\tweaks\ep1\gameplay\static_data\database\scanning\sandbox_activities\sa_ep1_cyberjunkie_clues.tweak",".tweak","5515"
"tools\redmod\tweaks\ep1\gameplay\static_data\database\scanning\sts\sts_ep1_01.tweak",".tweak","1625"
"tools\redmod\tweaks\ep1\gameplay\static_data\database\scanning\sts\sts_ep1_03.tweak",".tweak","8480"
"tools\redmod\tweaks\ep1\gameplay\static_data\database\scanning\sts\sts_ep1_04.tweak",".tweak","32"
"tools\redmod\tweaks\ep1\gameplay\static_data\database\scanning\sts\sts_ep1_06_clues.tweak",".tweak","358"
"tools\redmod\tweaks\ep1\gameplay\static_data\database\scanning\sts\sts_ep1_07.tweak",".tweak","842"
"tools\redmod\tweaks\ep1\gameplay\static_data\database\scanning\sts\sts_ep1_08.tweak",".tweak","1331"
"tools\redmod\tweaks\ep1\gameplay\static_data\database\scanning\sts\sts_ep1_10.tweak",".tweak","557"
"tools\redmod\tweaks\ep1\gameplay\static_data\database\scanning\world_encounters\world_encounters.tweak",".tweak","1659"
"tools\redmod\tweaks\ep1\gameplay\static_data\database\scanning\world_stories\world_stories.tweak",".tweak","3157"
"tools\redmod\tweaks\ep1\gameplay\static_data\database\screenmessages\backgroundtexutres.tweak",".tweak","352"
"tools\redmod\tweaks\ep1\gameplay\static_data\database\screenmessages\lcd_screens.tweak",".tweak","2555"
"tools\redmod\tweaks\ep1\gameplay\static_data\database\screenmessages\messages.tweak",".tweak","9964"
"tools\redmod\tweaks\ep1\gameplay\static_data\database\senses\customs_ep1.tweak",".tweak","4510"
"tools\redmod\tweaks\ep1\gameplay\static_data\database\status_effect\cerberus_status_effects.tweak",".tweak","6264"
"tools\redmod\tweaks\ep1\gameplay\static_data\database\status_effect\quest_custom.tweak",".tweak","3210"
"tools\redmod\tweaks\ep1\gameplay\static_data\database\street_signs\street_names\dog_town.tweak",".tweak","880"
"tools\redmod\tweaks\ep1\gameplay\static_data\database\ui\crosshairs\crosshairs.tweak",".tweak","304"
"tools\redmod\tweaks\ep1\gameplay\static_data\database\ui\devices\devices_computers.tweak",".tweak","559"
"tools\redmod\tweaks\ep1\gameplay\static_data\database\ui\devices\devices_computers_presets.tweak",".tweak","1133"
"tools\redmod\tweaks\ep1\gameplay\static_data\database\ui\devices\devices_terminals.tweak",".tweak","248"
"tools\redmod\tweaks\ep1\gameplay\static_data\database\ui\devices\devices_ui_definitions.tweak",".tweak","10103"
"tools\redmod\tweaks\ep1\gameplay\static_data\database\ui\icons\assets_ep1_fullscreen.tweak",".tweak","27111"
"tools\redmod\tweaks\ep1\gameplay\static_data\database\ui\icons\assets_ep1_preview.tweak",".tweak","19024"
"tools\redmod\tweaks\ep1\gameplay\static_data\database\ui\icons\avatars.tweak",".tweak","2191"
"tools\redmod\tweaks\ep1\gameplay\static_data\database\ui\icons\hud_ep1_weapons.tweak",".tweak","2638"
"tools\redmod\tweaks\ep1\gameplay\static_data\database\ui\icons\journal_districts_ep1.tweak",".tweak","708"
"tools\redmod\tweaks\ep1\gameplay\static_data\database\ui\icons\tarot_cards_ep1.tweak",".tweak","1454"
"tools\redmod\tweaks\ep1\gameplay\static_data\database\ui\loading_screen\initial_loading_screens.tweak",".tweak","4766"
"tools\redmod\tweaks\ep1\gameplay\static_data\database\ui\mappin_ui\mappin_ui_animations.tweak",".tweak","487"
"tools\redmod\tweaks\ep1\gameplay\static_data\database\ui\mappin_ui\mappin_ui_runtime_profiles_minimap.tweak",".tweak","122"
"tools\redmod\tweaks\ep1\gameplay\static_data\database\ui\mappin_ui\mappin_ui_runtime_profiles_world.tweak",".tweak","248"
"tools\redmod\tweaks\ep1\gameplay\static_data\database\ui\quest\ep1_hud_presets.tweak",".tweak","996"
"tools\redmod\tweaks\ep1\gameplay\static_data\database\vehicles\main_characters\primarycharacters_vehicle.tweak",".tweak","1079"
"tools\redmod\tweaks\ep1\gameplay\static_data\database\vehicles\main_characters\secondarycharacters_vehicle.tweak",".tweak","42"
"tools\redmod\tweaks\ep1\gameplay\static_data\database\vehicles\main_characters\tertiarycharacters_vehicle.tweak",".tweak","42"
"tools\redmod\tweaks\ep1\gameplay\static_data\database\vehicles\open_world\ow_vehicles_generic.tweak",".tweak","22418"
"tools\redmod\tweaks\ep1\gameplay\static_data\database\vehicles\open_world\sts_ep1_07_vehicles.tweak",".tweak","280"
"tools\redmod\tweaks\ep1\gameplay\static_data\database\vehicles\prevention_vehicles.tweak",".tweak","3507"
"tools\redmod\tweaks\ep1\gameplay\static_data\database\vehicles\quest\mq301.tweak",".tweak","2105"
"tools\redmod\tweaks\ep1\gameplay\static_data\database\vehicles\quest\mq303.tweak",".tweak","236"
"tools\redmod\tweaks\ep1\gameplay\static_data\database\vehicles\quest\mq304.tweak",".tweak","731"
"tools\redmod\tweaks\ep1\gameplay\static_data\database\vehicles\quest\q301.tweak",".tweak","3928"
"tools\redmod\tweaks\ep1\gameplay\static_data\database\vehicles\quest\q302.tweak",".tweak","1718"
"tools\redmod\tweaks\ep1\gameplay\static_data\database\vehicles\quest\q303.tweak",".tweak","550"
"tools\redmod\tweaks\ep1\gameplay\static_data\database\vehicles\quest\q304.tweak",".tweak","19160"
"tools\redmod\tweaks\ep1\gameplay\static_data\database\vehicles\quest\q305.tweak",".tweak","4650"
"tools\redmod\tweaks\ep1\gameplay\static_data\database\vehicles\quest\q306.tweak",".tweak","4717"
"tools\redmod\tweaks\ep1\gameplay\static_data\database\vehicles\quest\q307.tweak",".tweak","535"
"tools\redmod\tweaks\ep1\gameplay\static_data\database\vehicles\random_passengers.tweak",".tweak","5167"
"tools\redmod\tweaks\ep1\gameplay\static_data\database\vehicles\vehicleoffers.tweak",".tweak","9007"
"tools\redmod\tweaks\ep1\gameplay\static_data\database\vendors\fluff_vendors.tweak",".tweak","17621"
"tools\redmod\tweaks\ep1\gameplay\static_data\database\vendors\vendors.tweak",".tweak","123500"
"tools\redmod\tweaks\ep1\gameplay\static_data\database\vendors\vendors_hubs.tweak",".tweak","40389"
"tools\redmod\tweaks\ep1\gameplay\static_data\database\weapons\fx_pack_weapon_bor4a_hunted.tweak",".tweak","330"
"tools\redmod\tweaks\ep1\gameplay\static_data\database\weather\weather_presets.tweak",".tweak","488"
"zlib1.dll",".dll","135248"
