"Path","SizeBytes","Sha256"
"archive/pc/content/audio_1_general.archive","198000640","968ED7FD754E73F0D499318300B430C0A86742FCC17DE1D845B54DA6FAF954BE"
"archive/pc/content/audio_2_soundbanks.archive","8828301312","A5810F8CDE4EE67274B813182581DD1C787E53114F5ED88559D98C1995721E0D"
"archive/pc/content/basegame_1_engine.archive","1677524992","7FCD73203BCF4B5693F4F2C738D77F01A7D9156C85B8F2B083BAA8D571FB113F"
"archive/pc/content/basegame_2_mainmenu.archive","327680","B0F967F782761974E46BA80B348D835D9430A33B48B3552CA2549494C4662BC2"
"archive/pc/content/basegame_3_nightcity_gi.archive","11865198592","55C13ED722309FD51B70862F7487072E0D7A948666BB72EC48B3698780018A51"
"archive/pc/content/basegame_3_nightcity_terrain.archive","3036258304","C0E75CE8ACD9677CCB1D31278956D593A68CE4D5B58B57A580A4E42F5AFFD2AE"
"archive/pc/content/basegame_3_nightcity.archive","8988114944","4367DE82D250E580A6070BA2C5AF0288104C1B1F17B3E70540C789BF066A06DE"
"archive/pc/content/basegame_4_animation.archive","1072975872","3B365BE0917F6B670F4ED423E4265F651EB4F49AED1CEC00A1AD738E117E2B6B"
"archive/pc/content/basegame_4_appearance.archive","6687408128","9C20370467E71D49FFB0A6415FE0415B2349AC22FE5AFD38DAF2783F54F2443B"
"archive/pc/content/basegame_4_gamedata.archive","3510738944","A2C6EA7B8BB0DCEB671D04C702C41824C29E5E1EE518490A42850DAC12524DAB"
"archive/pc/content/basegame_5_video.archive","13895094272","6D39A22BF97C5200236D7D2A8B560EECE5516911DB770C97C071305407BF811B"
"archive/pc/content/ep1.addcont_keystone","16","417E197E4C7E175D1F864E18B07A2AB1D5C19F375D7A1CFE1D88DDA1B9773D80"
"archive/pc/content/lang_ar_text.archive","8572928","69EA6F3136006D821190A6E1BBDA497DE32F5200A64EDEE2B3DA1D08C0020923"
"archive/pc/content/lang_cs_text.archive","8060928","181DB900E9117E504A96343C31388F11BE8FD90AA884F76F62B16A8DC457C289"
"archive/pc/content/lang_de_text.archive","7921664","2AFAE1BC4165DE5F7E732BF57F28D1C09CA0A3626D1AD47D915600D9FFB6F16F"
"archive/pc/content/lang_en_text.archive","7598080","A6A4735FCFA59DC0493CE270FC2FAA59D8BFD171D56C99BC587F11D3F3EC83E3"
"archive/pc/content/lang_en_voice.archive","4980334592","023B066FE3063FF692D96D27EBF2653B378C693330A69025BDC41ACC115C924C"
"archive/pc/content/lang_es-es_text.archive","7753728","3E752DE1A4985934AD5E2A6C36AE7589EDA6E15F5A25C834FFC403FC199DC520"
"archive/pc/content/lang_es-mx_text.archive","7725056","9FFA7DDE1BE51A3485CABFD46C4FF63807A403CFC4B5B82F57559D790C9008FB"
"archive/pc/content/lang_fr_text.archive","7999488","50628CF01AFD6BD62F539F4F07B2837AADFBD48A99582C1A3EF8F8890B0D2BA4"
"archive/pc/content/lang_hu_text.archive","8044544","8232BA63E722FA89735E9FFE5426F4769E3C495ECD32A3B07B0C02E7E6BF4FE3"
"archive/pc/content/lang_it_text.archive","7626752","0C2DC1CE80282F6A9E49AB4AA5B6B30FB25532642604F167619DE74177C75CA4"
"archive/pc/content/lang_ja_text.archive","7966720","C3519FC79B7252A298E50D49CB3E9BE773EF5C24505255B817B2E0BB0681B933"
"archive/pc/content/lang_ko_text.archive","8036352","5BD29E898208652CB5A7D9B65A1158F7346CBE7CF332F7136E54747707C7C575"
"archive/pc/content/lang_pl_text.archive","7823360","D1FAF8DDB7F28AC54BA9EB4A60C667CACDAA2D025AEC58B2E00087C51DF1F525"
"archive/pc/content/lang_pt_text.archive","7720960","EE908E5DCC0A1075165D48A55A9BE0C2F77C8A0A0A9BAD6A40F1EFA114CAF7CF"
"archive/pc/content/lang_ru_text.archive","8470528","D6B65BDBF5778C3178BCF47C0518721810EBAA1AE9B09BD4F380992BFF72E486"
"archive/pc/content/lang_th_text.archive","8646656","4A8ADDDE1DF37AE9F52CF1C8D36D12A84F8EF2CCCEFDC76CA216C69031CAC729"
"archive/pc/content/lang_tr_text.archive","7774208","2512EC4333D7AB7CB962578F18A48CCEC241D581C43631B08193F71C30961BE8"
"archive/pc/content/lang_ua_text.archive","8683520","FB3559C0AB107C1B349FB3F5ED70EBB76261BD4334355B4DF2B028878E68C7D9"
"archive/pc/content/lang_zh-cn_text.archive","7831552","2D29383FEF16E9278E531C9F03EE50233F903BDAA653F7983BFDCB79BD3F12D5"
"archive/pc/content/lang_zh-tw_text.archive","7704576","BEF41EB6DD7DAECF6ED0DD8D5FC0FFE0C4A1AEB9E0C46C54E60B63EAD0453514"
"archive/pc/content/memoryresident_1_general.archive","14950400","71D3D4116EEE455B75309E0C36F5AF5AA2FEF17ECF509639C3E3A622FCF32295"
"archive/pc/ep1/audio_1_general.archive","8716288","A5D242E49AA94515ED9903474811FBB78423DCD27DB293966A918B574091EF51"
"archive/pc/ep1/ep1_1_nightcity_gi.archive","1491521536","4E7E7140245F0EC7CEBBBBCC974DBB1DF52CE43AA00E5BACA935D8E725B0A278"
"archive/pc/ep1/ep1_1_nightcity_terrain.archive","8175616","A8F9A71108FDF390B6DC73D30D3DA8A7AEAA2A943D7C4446261A7EC33C3C85DA"
"archive/pc/ep1/ep1_1_nightcity.archive","6102638592","85C11C5EE2912EBACA5CDBFBC5CD854955222307BF424CDA1BA249C6955E088A"
"archive/pc/ep1/ep1_2_gamedata.archive","15517347840","1EDF706261947FB0A80A130E6CE05E75706A1738C032C3E545D49774C7D27DDF"
"archive/pc/ep1/ep1.addcont_keystone","16","417E197E4C7E175D1F864E18B07A2AB1D5C19F375D7A1CFE1D88DDA1B9773D80"
"archive/pc/ep1/lang_ar_text.archive","2523136","ACCEBDFED0E2B46CBC55B873E7EC635694542196B31CF2B4999F6E5E3E2454A1"
"archive/pc/ep1/lang_cs_text.archive","2392064","CBED6FC10CBA72E7A002F8849EDE02A2470E1F2AEE67BF2EE27C93851C31CA84"
"archive/pc/ep1/lang_de_text.archive","2338816","CE45C8A2465A9CC950AEEC7B00314B6E1E717C324CDDA004DC78EBB35769407F"
"archive/pc/ep1/lang_en_text.archive","2252800","16288598FFA6FFD4B2B8BFEB4F62DCBA51053C64C9EA674A1578EE87EB228547"
"archive/pc/ep1/lang_en_voice.archive","1643462656","B4B170A5C1C2E977CA0943FECE5C99C8486EDDC34DBC1B2A79D0ED567EC5577E"
"archive/pc/ep1/lang_es-es_text.archive","2301952","DE0944DD2F416B48D8F924C49B17E5D96AB3C49FA215B833918D5FEA25FAF008"
"archive/pc/ep1/lang_es-mx_text.archive","2289664","6553FA031AA796393031AB6C6684883E896B57532380A91A9ECB1FC86D386325"
"archive/pc/ep1/lang_fr_text.archive","2383872","513124CDDFB9A1753FDE06672632B43413FD13ADD9947BB31040539C4820E173"
"archive/pc/ep1/lang_hu_text.archive","2363392","A1D3734A45E56FE4C76B9FCD3446623CA6BCB6CC249B21DA83D200F3798741B3"
"archive/pc/ep1/lang_it_text.archive","2248704","711BF9F1FD2F531785C2273F3131C7C45CCBDE52FD28C79763E091A2E05490C8"
"archive/pc/ep1/lang_ja_text.archive","2383872","481D3C2863947296A7CD596BEEA5C970E098C1E8D0319E99DECA6B8603BA42AC"
"archive/pc/ep1/lang_ko_text.archive","2318336","D796E6773C82795AFFF10AC7D163ECE478EC0B1F29B7C8696B789594492DD244"
"archive/pc/ep1/lang_pl_text.archive","2306048","9ACF490970DF1AA93709F62D671170294DAB252C4D1D7B8EA244840341DC4BDF"
"archive/pc/ep1/lang_pt_text.archive","2293760","7F2FCE0913DA35400C6C3911447D2A859B0A11DA7E2E2962293E8BB2A39709DD"
"archive/pc/ep1/lang_ru_text.archive","2494464","6E914B093F67BF90D4ACD2155984C1E0ACE68325CA5D0DEAFB4AC28D4DFF3A51"
"archive/pc/ep1/lang_th_text.archive","2588672","098C5ABD5064989C979529866C9BA98813F23E818832DEC00CA3CA154AB26AF2"
"archive/pc/ep1/lang_tr_text.archive","2281472","50BAF6AB9F14EE9D2558D962551A6E6CCD33F4067A8FADB773436A55FB97C351"
"archive/pc/ep1/lang_ua_text.archive","2551808","DE9A24C72008F6C85A59C6EBDEAE73E8F188DCBD8E7F867BEA19378EB21DB8EF"
"archive/pc/ep1/lang_zh-cn_text.archive","2297856","1F899516932F3BAEF760CA734412A0E6F8EF22D2733B42C7893A49F13CDA4197"
"archive/pc/ep1/lang_zh-tw_text.archive","2277376","18B63AA8D3642B7CDAE77BCACCEBFA826FD8EE8B329DD18713002B27F4B1B63F"
"bin/x64/amd_ags_x64.dll","176776","C1F0BD493B470FA369D681C370BBD46E019A7196DBE03D91272EA0BE214B3384"
"bin/x64/amd_fidelityfx_dx12.dll","6675664","12A5081257EC95B0B53AD51B4A87FB3C03F97FE0BBB59F9496968F8D50EF93A6"
"bin/x64/api-ms-win-downlevel-kernel32-l2-1-0.dll","17032","441FEF8B3A203766C2FFCDF1AA0984C6CD66E6D8F6EB142CF9C4E0B1090B2B54"
"bin/x64/bink2w64.dll","394960","4F60FB1ACD3CC03DA501FADC378B093F5EC99F5C99A7BB9D1013603FB8E74334"
"bin/x64/CChromaEditorLibrary64.dll","437136","C661BD9ED3B82A3ABD89BBA0D8E3E143C2F629D022F71875C20BBF575D17C3FF"
"bin/x64/CrashReporter/7za.exe","1162376","C102941C65379A6E7AEC5BFF2501731773B9293442AAAC616D0A2D61BCECDDFA"
"bin/x64/CrashReporter/ar/CrashReporter.resources.dll","14984","B91948920EF51602AEA0D84E9A8BFB7B0E5F9C806FEA45146D6AF015A2748150"
"bin/x64/CrashReporter/CrashReporter.exe","89736","F343888DD5109A2C738EA5CF80650365BBD330D9704D28661606E54A0BDE1D5B"
"bin/x64/CrashReporter/CrashReporter.exe.config","205","1CE5C6779DC81FF7974664A9F652DBB08CB5ABB7285170ECB80C20DA23C7C9D6"
"bin/x64/CrashReporter/cs/CrashReporter.resources.dll","14984","13A91B60AAB907292B93EBBCF0ED34F550AB049A51125957CF6F6C6614BE1223"
"bin/x64/CrashReporter/de/CrashReporter.resources.dll","14984","53041C17C1C17FB4A8F8DEF81ABB714B88FBA5ABAB1B84CD663034D30286E303"
"bin/x64/CrashReporter/es-es/CrashReporter.resources.dll","14984","9FC7F65D01036AD46054F3E8AACA27BED8DCC0CC48B2D8EB0141CBF19114A107"
"bin/x64/CrashReporter/es/CrashReporter.resources.dll","14984","C551CE85356A7C6CF0AB829650BCC05AFC6DEDAC6C4091E24BC94AE8E95DF707"
"bin/x64/CrashReporter/fr/CrashReporter.resources.dll","14984","8D5B8B9C12E7ED3B86AF4D4848C8894D5A7330EAC2AE71882A6F89E671FE4A2C"
"bin/x64/CrashReporter/hu/CrashReporter.resources.dll","14984","7765816BDC4FCB6EDB7E16A42366A21AA829212EB984836EE328FDBE235A5A79"
"bin/x64/CrashReporter/it/CrashReporter.resources.dll","14984","AFB0D2358240245E7258A1A8ED68C947A5937B5AFDE65179708D9687A353AFAC"
"bin/x64/CrashReporter/ja/CrashReporter.resources.dll","14984","C75FA24FC6472008EF2FFE4726B47B6002EA311616C3A35C9A86B884D93A7132"
"bin/x64/CrashReporter/ko/CrashReporter.resources.dll","14984","C629DC2C763FF9F36496A7B487757C93EE44DAC2900207F9EC44683A80164D3E"
"bin/x64/CrashReporter/pl/CrashReporter.resources.dll","14984","BC48C3B9EC758D5BF9741A188685A72663627C3A5FCEC419AD6C566563E6C96F"
"bin/x64/CrashReporter/pt/CrashReporter.resources.dll","14984","C5569BDAC07D789A8B99973C4520C0EE29A86B5BF93C79A9B640C6EBACAD98AB"
"bin/x64/CrashReporter/ru/CrashReporter.resources.dll","14984","D08A7AD5AF01E23105A099B573536252202D93A8F0C79F732C2C8E7BFEA36F32"
"bin/x64/CrashReporter/th/CrashReporter.resources.dll","15496","27F3A13092644E74AE84BAC19D5ED1E203D860AD564E7B156C91B8404B4D42FD"
"bin/x64/CrashReporter/ThirdPartyNotices.txt","1244","4AECEEB1237CDDCC0DB18595CFFE553F74C17690AB38B6B1DCBC770AA3C21889"
"bin/x64/CrashReporter/tr/CrashReporter.resources.dll","14984","C182B686C6FE8A91F48B1D126D6A35BF8207549DDE2BCCE0D6C7F0A0154B595B"
"bin/x64/CrashReporter/uk/CrashReporter.resources.dll","14984","6279D359A7D8EC4FB5D556539599A27EFF9C5E370B25E4721DFD20E533BABEC4"
"bin/x64/CrashReporter/zh-hans/CrashReporter.resources.dll","14984","7D87E9E499FC52A2AA5EBAE1B8265449C19F02D22F848B5008B5CAD7732447D3"
"bin/x64/CrashReporter/zh-hant/CrashReporter.resources.dll","14984","7028591C559B063D65FD49BE13FBF7657D9F5B29F15B36D6173B8FF2527125DE"
"bin/x64/cyberpunk2077_addresses.json","132079509","58DA9E852FA519F851EB42FD36FD27C292C5C8585B1EC66CF34D4A2544A5689F"
"bin/x64/Cyberpunk2077.exe","59945608","A7DE82945C03E041FC7339FCF9066224D98DB2F5D80FEA50F7947BB350A60991"
"bin/x64/D3D12/D3D12Core.dll","3351584","BCB57B06D4475F1716FC0788BE1CBE1255D12BA2B687CB9F332A93E649D3DBB9"
"bin/x64/D3D12/d3d12SDKLayers.dll","5080096","251823C48F08E3A48707E2782FE0E0F593A0506481385A3A09B0A6BAD7F15F27"
"bin/x64/d3d12on7/d3d11on12.dll","1560144","4A18EC60416F58EF2A4C5CE7A5F7F9B1D1577746DFBD50C3A348C8E40900263C"
"bin/x64/d3d12on7/d3d12.dll","1906768","5F98349AC0E3B6D06D214303BF5B1644C8E6A7E1B3D590C6C5650492D32661EF"
"bin/x64/d3d12on7/LICENSE.txt","9894","1C29E1D87DAC757A11CDF169107B95DB11C4503436A4EA8BDB33E874A934F8CF"
"bin/x64/dbgcore.dll","174536","4AA03E8A3A89835D2FE52375F2032002D5FC468A38A885BA306EB1F154E2251F"
"bin/x64/dbghelp.dll","1868736","9A02133854FF9F06C3B23A70F8C2A4814B2ED4EEF613244B485E3737259DDF9E"
"bin/x64/dxilconv7.dll","1452616","20099A4AA1207F557A14CC8BAB795A84C479A318929FC8C4CA1FC9DEAEF7FD3E"
"bin/x64/ffx_backend_dx12_x64.dll","12901512","BD2212B435CDD4B1BD66D36DDE8E8F94DE8CD728AF8155848D86005A66A0657D"
"bin/x64/ffx_frameinterpolation_x64.dll","173192","7F702B317FD411B6C529323937434041ED2D0544B1DD80A7D5BA00CEFDFE5803"
"bin/x64/ffx_fsr3_x64.dll","163464","042E083248869E106059E0D08A753DC29CE82122096CBD2A582127C83AB2A793"
"bin/x64/ffx_fsr3upscaler_x64.dll","195208","FAE7BE78FE234BA2DA3729FA7D9C65BDF513C31DEEDA5D95A28AC315FC1D7E0C"
"bin/x64/ffx_opticalflow_x64.dll","179848","DF5C692A58519D82A488B5A551093AC48F5EB17498F211BEA2E3FDE148635C2B"
"bin/x64/freetype.dll","832136","BEC244F9A51AA75D7C3EEA239270D3306BD37689D854842D461ECDB5BB218712"
"bin/x64/GameServicesSteam.dll","37000","B18C48AFF7658534B26F8929C2B9D620FE989BC43E209D0221009DF8AA899033"
"bin/x64/GfnRuntimeSdk.dll","3745848","0B6A487EA1EDD558D4CDCBCE362ABCF5F32ADA5C610F56F08E2E6F4F07016397"
"bin/x64/GFSDK_Aftermath_Lib.x64.dll","1244808","512BC55312CB3F8596E2AEA6458485ED84AAA55A8BC2A5A6E60D5E1DB695FB07"
"bin/x64/icudt.dll","13448","21ADDDA47EC025F43F75C31CA1D437D718D1E8723B517FA06045F5D6849F06E9"
"bin/x64/icuin.dll","2643080","376A23609952AE776337907ED1AE760D5B29FC1A0DFA026033C63C7C3F07F114"
"bin/x64/icuio.dll","71816","B0CD07595BA20FA65F3FDCD33DB7EE3B24CB1D9729E519F8334DA94CBF619237"
"bin/x64/icuuc.dll","1901192","AF9EDDD9A61712AB12992C7001B76F104C8EAEC0169342DE9EDD7B0E896CE47D"
"bin/x64/libcurl.dll","429704","B76D49C92D733703E1A6FAF56D904614453A71208C493EB4A0005D413A6C3D50"
"bin/x64/libeay32.dll","1710216","7353332374D99881C45456AFC8AD44825F42B4C324F45C8A61757246B648EE80"
"bin/x64/libxell.dll","346984","0B127D64483471795C02785E124746116B604C486A2C1CB3A10E0754792DE018"
"bin/x64/libxess_dx11.dll","147816","9E0BB17D627306D7DF07E16C0E08DEEF226332C6746631B7AD8095AC6F463D79"
"bin/x64/libxess_fg.dll","45557608","D82D9ADAB239AF4E49063D0C4D2E1134529F3963879998D7E0DF43A32514CA84"
"bin/x64/libxess.dll","77771112","23B3EBC802185F537423965C2EE9C8AD8ADB5D137B004CE027A4088E629B5FD3"
"bin/x64/nvngx_dlss.dll","44609064","AD3E9C07EE864E9702032459A59C6825166766C2CB75BD0318D5626595693BDB"
"bin/x64/nvngx_dlssd.dll","65630248","519C98E6D3B44D12671525F20E8FC46366A9FBF15AA5D4BC8446D6BA17699E22"
"bin/x64/nvngx_dlssg.dll","7607336","907B036E714A674AA53DBA1ECBB251802A684CB684D1AC2D11DA85742F2EA906"
"bin/x64/nvToolsExt64_1.dll","52872","D3CAF50E0A1A72CA27C5A89F4720436D74521AE218C20B3196040F4AD558E947"
"bin/x64/oo2ext_7_win64.dll","1234056","4F73BE5D986B2B11E04FC29EBE478CD38C03D4D3E51DA7DE5F7D705EA0968EFF"
"bin/x64/oodle_dictionary.bin","1809181","B150712D48FDF017FE033EDD07CADD28A58EB47667564E8CD847BA504202597B"
"bin/x64/PhysX3_x64.dll","2597512","2B376B3080EF842979F7C32178BB5443E0E1B2B84AA69BE29AB970B38D43C64C"
"bin/x64/PhysX3CharacterKinematic_x64.dll","576136","6C1F279A3A349D019470CB88756764F363626510E2BD3E83304C01F86EF90735"
"bin/x64/PhysX3Common_x64.dll","2041480","568DCB9D9EF98C413277609FF3BDCE680FCC514E0380A1ABDF35A2CEDC644431"
"bin/x64/PhysX3Cooking_x64.dll","662664","A050C8789D5DCDB91B9C5807C80BA38A1A937AC03EAE01C84A4562538F45A674"
"bin/x64/PxFoundation_x64.dll","557192","55572D6BE04A9B6F520C0820532357A38A26DA7817FF28BB637642FBE80387DA"
"bin/x64/PxPvdSDK_x64.dll","606344","B77232BB9BE5D2FDD6871129D01EFC7FB666F2A746734A09280C604BCFE949B4"
"bin/x64/REDEngineErrorReporter.exe","262280","F3CBA8150CA66FBDF1FB8C8621BA6DB1257D2B644C65A58A2ADE01C687BB686A"
"bin/x64/REDGalaxy64.dll","14232712","A3F774F5C037E51CF87AB839599F532AF6A06AC662B3FB280CFE596DA74486D2"
"bin/x64/redlexer_native.dll","99464","F1C68482A7471D7F432B7475883A34F3CFD9E899E6E695204EF30AAE47B2D2BB"
"bin/x64/sl.common.dll","650736","F76BCEE79B9383CB6B9889EEB40BB7CFE6545362F2FCAA7E465A7C30B1A3473B"
"bin/x64/sl.dlss_d.dll","250352","F44C566543270FDD5D27F00F08C61999C19C71DE6EFB3BF841F2DBC58AF3D967"
"bin/x64/sl.dlss_g.dll","461808","818DC3370F9BBD225E781BE1AF7097E8A98318EAA472204620A2848EF2139170"
"bin/x64/sl.dlss.dll","237040","6B7ADF54786072B7799C908DC1F2DC1310DEDE855463A5AD0111A66434EC7509"
"bin/x64/sl.interposer.dll","541176","E07ED41B17BC74AA7E62CC714E96A62B52BE69B3FFB44A00C8BAAA12393FE3FC"
"bin/x64/sl.nis.dll","966128","929628871975ECD9E2C56BE354B04284EB91855BDF42B0D32AD3DF60725016B8"
"bin/x64/sl.pcl.dll","175096","9D38B31EA265FA39EAF3E3A723496819A8971AFB2EB68E8821FF5A79D2916459"
"bin/x64/sl.reflex.dll","198128","C6938A5A9600033444926B218F7DFCCB99D4DEA7043DAEF79F426FC227483C2E"
"bin/x64/ssleay32.dll","370312","06D5C398C1231CE954E1BDCAC3156E786EB0A96CBD2DCC2825D598526FC2D95F"
"bin/x64/steam_api64.dll","295336","4DF999C0C8CB12589F0864D52BE5D4C775577AEB27FEE28B49B188F9BA083EEA"
"bin/x64/symsrv.dll","256456","DB4D9A1A57C38AD2BCF329C58B7F35D8A90E54FAF5464E8997BCFB917E21C704"
"bin/x64/Symsrv.ini","69","8CB7F8D2BA214E33754A8BE8CCA9AD98685EB2F512CD41750FBE53AFD9CB75AC"
"bin/x64/WinPixEventRuntime.dll","34896","0B71E83DBE737C51AB7345541A4914790962E9A9466B74C4C076FC4920A66A65"
"engine/config/base/animation.ini","582","19631FB52B913370F32252EEAC5ABF4F42B4A2FDAD87C6D7E4BECDDC335F3CB3"
"engine/config/base/general.ini","61","F7B7CEDBFCB838DE7903488C85470235006C6BCC940A09463F9A4E3823BD50EF"
"engine/config/base/multiplayer.ini","374","1E1211C0FD781F50BBF685D262A27DD547348FF9E8B4ECFB603647E033058A51"
"engine/config/base/rendering.ini","42","86B8D29C873322B30AA04A6D8FCC276A9BF4F78125DCC58277311930281A2143"
"engine/config/base/resources.ini","46","18922BE81061CD0FB66952088EF5C137213C4544AEA62F6DB04B222600C0942A"
"engine/config/base/scenesystem.ini","886","B97098C2541DDA15523239360E9F0E861B752D2EC7D5C9DC110D4B273BD5055C"
"engine/config/base/smartobjects.ini","98","8E7C884B2ADBFC64456C29C02D8CFD41A98CAD74793CD06E18DCAA2E1B3C6CAD"
"engine/config/galaxy/pc/REDGalaxyPeer_default.json","397","A8D73CCBCAC0E19178A94D424EA0FE95D2268F2B19798828988BE96C5D72A9D9"
"engine/config/giweights.json","131","A84714401155EA4AF4FDAFEE0C7A0FEBF3E88E54073DA79F685D18FB1B006993"
"engine/config/platform/pc/platformgameplay.ini","125","0AC56D1426C2672B06C801EB23E483C71EA62190D3ACB45E9A1401706C193FC2"
"engine/config/platform/pc/rendering.ini","44","32FD1F5CDEB64325BC0E38C1A55A161E6DD8B551001F6F793AC1056986F968DF"
"engine/shader_final.cache","161804693","339145371A3B5AAA08EB4EF82D558F445B632E28603EE0F3B4860270DFC3CCFA"
"engine/staticshader_final.cache","14966384","BFF160947ABA8DF144200247ADC39B44C26322360628D875F7C7218AD26C59FF"
"launcher-configuration.json","111","6EBD9412C3CC9B22E11EEDE0B12B25F0426003419B9E0F0DFE145D5D9E8CBCCD"
"libcrypto-1_1-x64.dll","3268176","869F1CEF88360F2DA7662AB689E805F0F63CCAFD9D3B62EC98CC73A48D2B064F"
"libssl-1_1-x64.dll","663120","AA884B4A6CC60DEBEFAAD24AE6BF211628A2D9CBDDFBAE3F65D3949A7A938D87"
"mods/.stub","0","E3B0C44298FC1C149AFBF4C8996FB92427AE41E4649B934CA495991B7852B855"
"pcre2-16.dll","424528","143DE9F4229CC5FAC90B323EF9A655C0FDC819BE7A47B63D08C5FCB4F5EA7808"
"pcre2-8.dll","454224","864C79EEB2E4BB85B3C3FC334D972C338401257549A55466B77940FB95D0F920"
"PocoData.dll","1870416","B914FA716AC083DB19F84281E9D1A0CE435D8807A1F9B3D335FEBA1D2AC73CE7"
"PocoDataSQLite.dll","411216","AAF856DCEA277B53A5A2205E1FD035777D093F33D761170E76BEFBE6A19E55F5"
"PocoFoundation.dll","1985104","019EBD418C64D468FE4A3EF52216C659267E7146FEC9E89B3713F135365D7411"
"PocoJSON.dll","386128","8B8F5F5D772A4D839F6F73E474877C4568C1CE733AE006BD8237D21AF5E1C474"
"PocoUtil.dll","595536","8994EFEEB384818947D9D9E215B5D483BECC60F6BA5256413BCB06BD0FDAE195"
"PocoXML.dll","785488","24117DB72D127900E4DAEF2597B8441C486BCAFFE2ACDDB209C346510C87EC1A"
"Qt5Core.dll","7584336","5F211F05695E1E0D26C0EAEAB2D4774EE43A131D108E7EC2E9A947AB001EC0DA"
"Qt5Network.dll","1360976","4112934BA735AE4EC10C3A8C68AAB3BB244E4F1AD9DAB49FDCBFB1D91C63CD93"
"r6/cache/final.redscripts","16035530","2119046F3F3466206D8A16A4803B0EF0F3C90926AB689F9ABBD5B8E42E28EE86"
"r6/cache/tweakdb_ep1.bin","48192743","89C7EE678C1366D4C289EDC78BEAA60CE3D64BF44B300FC3902ADC94F6AC14C5"
"r6/cache/tweakdb.bin","42028033","918F0ACFC3F3174B29B5C10B463DFB106B603118C85D24456204A1E2A2AC13F9"
"r6/config/bumpersSettings.json","74","47C287230DBE704E8BD1A61A74A7F945006060A6D694C18C74D040221D84D8A8"
"r6/config/inputContexts.xml","103646","CE780595B77A060119A063434EB4B7DAB2312E55252C772EF7FF17428BB90D70"
"r6/config/inputDeadzones.xml","1375","E7B232AD37B6CFE5FA13C3E879348AF0CF64988DB9F30EDDACBB1BB50B93FE38"
"r6/config/inputUserMappings.xml","74062","A57BD58879F3846F300EC9C30FC8111890B9D3AEB6B82842DC4070930E0FF48E"
"r6/config/settings/options.json","94643","B40C7B5C643D8C7E0E33E297EB699FBFB7EE13E08687F0635BC6E4F4294E65F4"
"r6/config/settings/platform/pc/options.json","107708","5F12D6BA6776D89BBDBF9A4619EAC64C1D042DA18F62743677E0DD6A0EF3D9B7"
"r6/config/settings/platform/steamdeck/options.json","107139","ACDE86FD624D87EB5C4421BF1683FC6B67A57333564835AF4471275189F8950B"
"r6/config/uiInputActions.xml","813","0C70F99546B06C4D5F6900174AC0C4C53EEAF42F88A42AF967F62D3174CCD532"
"r6/publishing/x64/null/additional-content/addonDescriptions.xml","525","B676D75558AD309DA4E4F831360F74DA7FFBA569C20BCD3A386A3764FD87A883"
"r6/publishing/x64/Steam/additional-content/addonDescriptions.xml","527","A38944965153B9BA59EF802C5755A492B1FE6404C653B903482987F16264FE30"
"REDlauncher-4.2.0.4.msi","687386624","C77D8676F3122EA12F01AA8C4DDF2ACD797F3065B6EA008E91706022E31E879B"
"REDprelauncher.exe","1595984","0D037296F00FEB3261260B48257F31FCF0307DA3B4F6399C7625233B7440BEC6"
"sqlite3.dll","1066576","5C0B4A8F9FF2D7D6E7845F55340A90CC56E417147CD10DF2F62A5924A39A0211"
"tools/redmod/bin/BCPack.dll","474760","AC2B086EB8F3DFB12A6E4A0CE8E7D55FDC9613BA40F1C1CD95E8F567C9560BDA"
"tools/redmod/bin/freetype.dll","832136","D7233E9638BB78C89222931216FFC3E6D8FC75196569A841EE60EA7CAB9AD0B7"
"tools/redmod/bin/libfbxsdk.dll","8058152","0DEB3D8EC93006173FC70B767CE1D64396E14D0375AFA3BC8AC378C77F07CF69"
"tools/redmod/bin/liblz4.dll","577616","87A41526A6C163D672E01994EF294C636AC4C5FA803482F804DC902400A21DB6"
"tools/redmod/bin/nvToolsExt64_1.dll","52872","7BAE8D66929850F4872A65A6F344FCC9AF7A4EFFB2BD301B3F11CC578722D9B4"
"tools/redmod/bin/omm-sdk.dll","466056","8BBC0F2B214A3A12EFB425D6BFF08C26E38A81DD2E6D0A478DA9645139DFA6B4"
"tools/redmod/bin/oo2ext_7_win64.dll","1234056","86156B1706C546947975EB142FB3555D5664A62FCF8C05F18A948C7DF1D05BDD"
"tools/redmod/bin/oodle_dictionary.bin","1809181","B150712D48FDF017FE033EDD07CADD28A58EB47667564E8CD847BA504202597B"
"tools/redmod/bin/PhysX3_x64.dll","2597512","016258A775919857933D600945E01EE863FCE872C72E4B13DAEDC450405AD2EE"
"tools/redmod/bin/PhysX3CharacterKinematic_x64.dll","576136","00377DC7330E4894E86DD7995B3AAA4D37DB96C7AA960DB9B26789FB1CFF4D83"
"tools/redmod/bin/PhysX3Common_x64.dll","2041480","D06EACC8FF6B357C9FA01DDA08186C8327FCF461496B55B16800860EF44BB36A"
"tools/redmod/bin/PhysX3Cooking_x64.dll","662664","393A64F44626FF77744329C838579A7004FE6E8A6897079AFE103D3B7CF606AE"
"tools/redmod/bin/PxFoundation_x64.dll","557192","7F794A71B62B5A5B9DBC43799CA3EE66A9762DBD9ADD22F125E2C80552819654"
"tools/redmod/bin/PxPvdSDK_x64.dll","606344","ADCA0FB48A8F27B60191D55CF2D0609B3C014A6F4D17B285479976D130C6CF33"
"tools/redmod/bin/redlexer_native.dll","99464","F4376C1D749DF770DD5479CDC20BF752F97A11B24EB41A47B92882B1877BEA64"
"tools/redmod/bin/redMod.exe","13644424","144DF5A984669528CD957B40BB2126FE83B73D66BD0E041CA614C80F74E76A7F"
"tools/redmod/bin/scc.exe","6951560","A002CF6503B9C3739FE99614FE51722330BE2B49919FD17C55157D3D296E516D"
"tools/redmod/metadata.json","6490756","642692B5034A4EEBA8434F58A18B68DCBAD80147EA63EB2695C632B2CCB83017"
"tools/redmod/scripts/core/ai/actionEvents.script","316","7E79C9CC8B11CEFFFB3D003D6BF9568DCB85AFDA6006F2078DCA27D7EFE25654"
"tools/redmod/scripts/core/ai/actions.script","4617","C23BC6CD171256E44984B57B7785BD3DEBABDB138E6173EAC5670DA2BB362C66"
"tools/redmod/scripts/core/ai/actions/aiActionHelper.script","66661","5094616E10E7B1F0D40442315A4DB8FDF3072BA798C749FFAE584A075D3EF1A0"
"tools/redmod/scripts/core/ai/actions/aiActionHelperTask.script","12189","EF5121E177B382B53067E189449986202F1C275A507B09B1353F0FCCC9423189"
"tools/redmod/scripts/core/ai/actions/aiActionParams.script","10274","932DFBF9FD0006BB23082CA498E39700458DEA3243CFB5A813E730DB12A78094"
"tools/redmod/scripts/core/ai/actions/tweakAIAction.script","60482","F68CC085DF7293AC667D9D2C43203499DD490A8C6E6581CE91B126316B28713C"
"tools/redmod/scripts/core/ai/actions/tweakAIActionCondition.script","2674","4F94F5D72E9E34622F452311F13BCFB54C0F6021912E5BF34FAC951E1C9016CA"
"tools/redmod/scripts/core/ai/actions/tweakAIActionTasks.script","41207","CE72C0F4649B22DCF347C32876405DF3816E6A912A47B26FBE676C572283E1D1"
"tools/redmod/scripts/core/ai/actions/tweakAIConditionChecks.script","135237","CCC8AF1BAC6C2B61E9838C24AE1576210DB56AE7E2B92BB0CE61DD4353387F2E"
"tools/redmod/scripts/core/ai/actions/tweakAISubActions.script","291441","510F9895A1200EE38B2164BE4295D5EF2A8630FC6947A3BF60BDDD02E876DD91"
"tools/redmod/scripts/core/ai/aiActiveCommandList.script","1110","ECE78FA61A216C2862E4802E438DE2EB3E26EFBD101D70E0C548416418D12070"
"tools/redmod/scripts/core/ai/aiApproachingAreaEvent.script","408","786DF4F70857E8A82BE45FA83CF2E91F052BB51B0EF4F6E557BC6E5CDCDF1A52"
"tools/redmod/scripts/core/ai/aiBehaviorDelegate.script","3202","8326E557170A6EFA46230ED41A413FFAADFC0F3070261FB0F0AA40CAEBEE344E"
"tools/redmod/scripts/core/ai/aiCodeInterface.script","849","FEF669835FB5A019CB15ADC6E6C0BDAC09BA7424C2DD3B43833EAD24CBEBD383"
"tools/redmod/scripts/core/ai/aiCommand.script","24333","E3B562EED6C80D37A7B43C4AEBC6BE12925DEEF136A959A115745E9E5BA5D8B1"
"tools/redmod/scripts/core/ai/aiScripting.script","11014","BE58ABBBB68295E8DEE5D250412F7DB9752C1B087513B83514B776855EA06C0B"
"tools/redmod/scripts/core/ai/aiScriptUtils.script","3324","109597B046F890B54DF6F574FA22B54187344BAC2A25ABDD588FAD128E1FE9A4"
"tools/redmod/scripts/core/ai/aiStackScriptTask.script","2353","679866840D950A5050E23982491D87E52BAA9DE81655AF9608E34E6663B5A2E5"
"tools/redmod/scripts/core/ai/aiTweakParams.script","2879","EF14FBE32E3308A02B49F064FC8B0A6ADD185A87A954C0A93D0573CEB693631D"
"tools/redmod/scripts/core/ai/arguments/mapping.script","567","D30CCAFE7F69C5BAA35793F4CC7DA8ADBC83CBD095652E1A4C9547D7995D1D16"
"tools/redmod/scripts/core/ai/attitudeAgent.script","973","6C93B325F891405BCCD326AC3016BEC417B0157783352BC7D7509DB1C77D243F"
"tools/redmod/scripts/core/ai/attitudeSystem.script","1465","E93CAE72AB87339AE867144C0F429333FAF0B85FFD58EF84177564C25839BE18"
"tools/redmod/scripts/core/ai/combatMode.script","86","829492B696AB9A307228C815579C740C333F63F180B1A366637C914D399649AD"
"tools/redmod/scripts/core/ai/combatSpace.script","229","7F69583D0A3788A478F855E34A2549A3248229E77E8705770AE23CF7E10E700B"
"tools/redmod/scripts/core/ai/covers/aiCoverHelper.script","28757","D83EC42AFC68124B08969C8D3C15347ABA253CFF028FDDDA721876B7985A9D02"
"tools/redmod/scripts/core/ai/debugContexts.script","195","E79A1C9A56CA4F28836AD702A77433E5D57D0A875F11607C89E9678BD3659DEE"
"tools/redmod/scripts/core/ai/expressions/aiBehaviorCallbackExpression.script","1733","66BB699AB2893C8A4C17161986CFC1F57CCE94B64F2E264C3257A24EABA679F4"
"tools/redmod/scripts/core/ai/friendlyFireSystem.script","1156","FC387BECF4454C6E32550086FEA0D6A7110FE86020453572DF9FBA3D5E83491A"
"tools/redmod/scripts/core/ai/lineOfSightFinderSystem.script","1117","EBA5E7B3219C7FB70DF714DBF4F3F43E9A15222C41C26728549EB4464686F2AB"
"tools/redmod/scripts/core/ai/squads/aiSquadHelper.script","25107","960AA10058160E1489E35EE93D523402B5ECB53ED55E5C0580D1CE7EAD7CC099"
"tools/redmod/scripts/core/ai/squads/tweakAITicketChecks.script","21173","E84D3DE61D017AAA70D6B8408024681791F6D93D5B4007C4A4BA12A0F7191B74"
"tools/redmod/scripts/core/ai/traffic/trafficData.script","249","24550347E0AC63AE23390F7B838D58EB4902081FFC83FBF087D6E9392E427380"
"tools/redmod/scripts/core/animation/animCommunication.script","5770","05CF07598D4E5E878D6429BE1B125B7BF1528EA81A457C92361E3BA38B7E159B"
"tools/redmod/scripts/core/animation/animFeature.script","30147","87F4234F1D122AE4B20FF4A51410DC7D10919437F73CFD847277849A6F25713A"
"tools/redmod/scripts/core/blackboard/blackboard.script","9028","07C5F9CED54EAF35A3DD19F59184A8BAAD553574759CEB2B5912278AC444125C"
"tools/redmod/scripts/core/blackboard/blackboardDefinitions.script","66183","0B2BB2CEE816F5A7596D711C1E2CCC723B4AE6CCE702198ADCD15E381AAE1602"
"tools/redmod/scripts/core/components/aiComponent.script","39871","6AC77CCF4CE55868E24DDED8A9C4F27B5DE3FDAE402D208B74CD773A8669E185"
"tools/redmod/scripts/core/components/animatedComponent.script","67","0A7EFB7E6ABFC44662C97153C69F5D6504441DFCCCFC070D62AC54CCDD757843"
"tools/redmod/scripts/core/components/animationControllerComponent.script","6809","DE34994A599176651139CB610F1FB56970D381741F707ECAA10B6C805386356E"
"tools/redmod/scripts/core/components/areaShapeComponent.script","70","6B23EFD7DC76E843AB5456A642CEF82683E360BD4EE167ACC02CCE626C089575"
"tools/redmod/scripts/core/components/binkComponent.script","1020","C7B6ABBB4E80328CA375C561B0FBA405D61375F7C233E29EA90802FAED2209B4"
"tools/redmod/scripts/core/components/cameraComponent.script","1087","72076D613FAF02A22369F609E2BE1BCE23B3C6B75C7F7FD41579C34D056A4E2E"
"tools/redmod/scripts/core/components/colliderComponent.script","184","50F815462A6288CBE57B7D69F43B9BF8B8608CD8D91FE1D9ED7EAB7F9CD9C0CC"
"tools/redmod/scripts/core/components/component.script","604","B4FD6948F394788DB7FC771548CAAC2C6BD6D2A71A12C4313C93DB4C0BA47131"
"tools/redmod/scripts/core/components/crowdMemberComponent.script","1523","BEEE341B40FF92C98095501BD8FA63B83C6AE3F33717390F8C2BC17DC9203DDA"
"tools/redmod/scripts/core/components/cwBreachComponents.script","10380","39E59E4EEFFA8F572CE6DE44F2E443BE490450D52C145B110602076071A3CE16"
"tools/redmod/scripts/core/components/dismembermentComponent.script","3952","2CB0FB7194CA4E8E8C83DCF77CC376389216F51CA9FEFB0091BE712F7BCB0B16"
"tools/redmod/scripts/core/components/entityStubComponent.script","327","00230DF1CD05AA8A8428E2E8C66ED47E52D2E117727D9A252F9224AFD7D19BA2"
"tools/redmod/scripts/core/components/ethnicityComponent.script","70","F22595BA59AE9245540F9509DEE8AA4203A4CC6E5A619777D1D38C840B449F64"
"tools/redmod/scripts/core/components/gameLightComponent.script","7117","149486FBD657F353BC2EACD252DC0E2136E2F88F877FEEE9587BB0EAD152690D"
"tools/redmod/scripts/core/components/gameMountableComponent.script","476","8B67D96FF33BE69D83BED1ED35E5053978B38D649EEB1364EA4DE62C3410C55F"
"tools/redmod/scripts/core/components/gameNavmeshDetector.script","191","5837D0D063FB4BC61BA90A2541C30C192E36F42591A9E62CC1578B92BB094817"
"tools/redmod/scripts/core/components/gamePuppetMountableComponent.script","924","4458E9C8500D2C32D013E1DD8704B5B9BCFE2422905FDEB0EB895B3FEBB7F44F"
"tools/redmod/scripts/core/components/gameVehicleMountableComponent.script","4388","213380DF91ECD70C7B753D09D7E0287B62461F53F1BD97DD2B67B8A881733B6B"
"tools/redmod/scripts/core/components/hitRepresentationComponent.script","8196","A91B4DADFE0B3A9BF6A70A1E5F6FFCBACB98E9C198C7C67D4748D5A995967197"
"tools/redmod/scripts/core/components/influenceComponent.script","636","82B494BC1C6731E5E088EE67E748B0AF375DE7E256410546B1DAC4A48BA6C818"
"tools/redmod/scripts/core/components/influenceObstacleComponent.script","189","194757EA4A692F80656EEB770C0D25DABC532AD68D1E95D77A981222047FE183"
"tools/redmod/scripts/core/components/interactionComponent.script","1216","2D8F886885C56562F16D41BF2E93C6E80B0FA9B9FE2A444DFF5D4E61DC27DB14"
"tools/redmod/scripts/core/components/inventoryComponent.script","17239","8035F85868CDA3C4958CBAF4230E69E5D68A06B536AFAD114DB8B75880440306"
"tools/redmod/scripts/core/components/lightComponent.script","888","FF702C80BAE81C69AAC8698975755FAE4A644B1D9593CA6DEE7433AA40A4BF07"
"tools/redmod/scripts/core/components/lootContainers.script","33433","28199955D9BA502FCD9D1D5CA86B62C8F4FE2A27E13B2F6F6865B5E155F1776B"
"tools/redmod/scripts/core/components/meshComponent.script","65","77C5E14D04723965183AB3063617F65C9EDBF13B25E3A68A582D1124E57D1D5A"
"tools/redmod/scripts/core/components/movePoliciesComponent.script","18100","78EEA82105FB9D4E09B49C49CB90770BA03F0888519365E5520CC148BCACCD9F"
"tools/redmod/scripts/core/components/objectSelectionComponent.script","514","9B6E5416A03A77DA9EFFC07E555957B420BD93A2C0163706D47736A06728E73B"
"tools/redmod/scripts/core/components/offMeshConnectionComponent.script","266","3537EFDB13C3EB649C2DEE0D34C87E54E32C014145ED3231B9C700566348485D"
"tools/redmod/scripts/core/components/physicalDestructionComponent.script","427","0303BA466AAAAE461F3131C0C65AAF8433B03A934CC57061C889190FE3FDC77A"
"tools/redmod/scripts/core/components/physicalMeshComponent.script","244","B13EB304C5FE7F56E30D813BD5492048ED1E285B17A8C956CCBECFD35D0C98F2"
"tools/redmod/scripts/core/components/placedComponent.script","677","9B1EBCF8F207DF567EC560EC9F5DF3AEA9A7C675789894ABF457E3D3690555E5"
"tools/redmod/scripts/core/components/playerStateMachineComponent.script","8420","B65786319F99423E15A922967F376EA66CAEE6D4A4E9B69727A0CB2CC9D5208A"
"tools/redmod/scripts/core/components/projectileComponent.script","7027","93B98DF3EEA845F2A9C8D79BB72DFA54FA55938D270BF4E751372BAD010BA9FF"
"tools/redmod/scripts/core/components/scanningComponent.script","51848","BEF30D035B7C5D068DE6C48DD16DC1BEB13C63A970224A3106B0223E106AE6E5"
"tools/redmod/scripts/core/components/scriptableComponent.script","2077","745E8F0E8F9F14139BB552964F335592678C40BBC8BCF5EB2DC56E6C253EB497"
"tools/redmod/scripts/core/components/scriptComponents/adamSmasherComponent.script","24608","D8BD5CDE62141F226602A7032BE396A98ED633D9093A53E7B6602B908BC37243"
"tools/redmod/scripts/core/components/scriptComponents/appearanceRandomizer.script","745","CC6F2613B3AEF1CD60F822DCE78F13E59DFAAF333B5594000F40160E020D7F2E"
"tools/redmod/scripts/core/components/scriptComponents/avComponent.script","52","787FD5A2AD9D5D709730EF87D1D0A6EDBD4D44FCA7DDA5DD2874AAF7167E5436"
"tools/redmod/scripts/core/components/scriptComponents/bossStealthComponent.script","1667","973EBE12AB2518FED81DDB48B1C3391437845C929B968109A858919C86D1CBB4"
"tools/redmod/scripts/core/components/scriptComponents/bumpComponent.script","973","75212FEDEBFF204A3D1E4577058B9633EF60F0EDA02CFC8979E8A1CDC152A6FE"
"tools/redmod/scripts/core/components/scriptComponents/carComponent.script","53","49FE609388BF938569623F7B7113412E0F0C922F96C9A31D68B277BDCE92B80C"
"tools/redmod/scripts/core/components/scriptComponents/cerberusComponent.script","7940","FCF563CBF2251C67893217C4B5BAF71DDC50F76F26C1477907228F084821A7F1"
"tools/redmod/scripts/core/components/scriptComponents/chimeraBossComponent.script","23347","FDDE6784ED9D2A760405DFC94CC274DC4B7F393C6510C23E94234398DF3D9664"
"tools/redmod/scripts/core/components/scriptComponents/combatHUDManager.script","6420","D1900C5975F112BB42DEF5BE645F87E47233B7F8B2DA248D5F985C4F6E42461E"
"tools/redmod/scripts/core/components/scriptComponents/delamainTaxiComponent.script","10884","7BE62371C637A6344B417B558EA08E9FF6A07B3977628B715CE674E59535DF74"
"tools/redmod/scripts/core/components/scriptComponents/detectorModuleComponent.script","798","AFF11342E1F515CDF861842F49F1933565F3DD180A08F7F9DBFCF4CF2B37C6D5"
"tools/redmod/scripts/core/components/scriptComponents/diodeControlComponent.script","7984","92ABD70D9D5DCAF9C5E1B66C678E97B202BB38F6FB000DC2AE95AA8580B1F6A2"
"tools/redmod/scripts/core/components/scriptComponents/droneComponent.script","9441","58EC9C5BC5C008C801035E43C2CEE3A0B8E42F97DDECEF6C0CD9D2C33F3AF831"
"tools/redmod/scripts/core/components/scriptComponents/durabilityComponent.script","113","77FE1975EDB7239BD817CB260A7C4E5B2611CA99DEF3214AD474CF2DD8080533"
"tools/redmod/scripts/core/components/scriptComponents/entityAttachementComponent.script","4477","E698AE9A58BBA6B3FF737F427294C6963B5015541F54A216560082CE3B0B0416"
"tools/redmod/scripts/core/components/scriptComponents/entityDeviceLink.script","16539","ACF3D0FF42D8D9CB750E41C0965C7F31DF4B9416CC7D6B95517EC3D3A7CAE925"
"tools/redmod/scripts/core/components/scriptComponents/fastTravelComponent.script","1886","E8A6A76FC5872AF854D4BCCD15D1021D2833D47DB73485493DB2124344787A3D"
"tools/redmod/scripts/core/components/scriptComponents/followSlotsComponent.script","2930","8E66B57E8298527F5C8EF8BFB469166C2EEF3BE1641508D8C7CA7C5FB73860A6"
"tools/redmod/scripts/core/components/scriptComponents/gameplayRoleComponent.script","50191","89CD83C03D77EE1FEC8DE1791A86C0D6EDBF54F5417B36FCD89AB2ABB187D33A"
"tools/redmod/scripts/core/components/scriptComponents/inspectableObjectComponent.script","4571","4311F8F5BA8B136C3CC908665241F270AB7BE3BBCC49BB61ADA4481C2BFE54A8"
"tools/redmod/scripts/core/components/scriptComponents/inspectionComponent.script","9596","8758872D374D1D4C2FEB36691F6267B2F247710E1A02280754037D91EFC67CD1"
"tools/redmod/scripts/core/components/scriptComponents/kurtzBossComponent.script","2147","CB37B3A0D219E71E8806A44CB993574F2AE42A1353FFCB7E91F1DEBB05FDE66F"
"tools/redmod/scripts/core/components/scriptComponents/kurtzComponent.script","789","2BB91B6513AC11170EB49E9B7B26A0E2225CFCDA2F49449582DB6076A8E886AB"
"tools/redmod/scripts/core/components/scriptComponents/minotaurMechComponent.script","5672","13CD2AFBCF22411D62DC06286A2B4649214D09C4DA750714519C2072C772D1DA"
"tools/redmod/scripts/core/components/scriptComponents/motorcycleComponent.script","4815","4B66E7B6497D1CB8102E57CB99C1AC8C9DB9C1B5D49B2E7CCF0E772531948379"
"tools/redmod/scripts/core/components/scriptComponents/ncartMetroComponent.script","268","FD3D1588F16A74A9C08C90C2D65B3DE944990EDB049B194C9F1A96C94FA2AF8A"
"tools/redmod/scripts/core/components/scriptComponents/objectMoverComponent.script","532","0375C58958ED3D5651D0E4FD766ECF6755FA62347FA0D2951778614646B7C21A"
"tools/redmod/scripts/core/components/scriptComponents/odaComponent.script","9560","F779287885C9282D3DE994D45285E25B3E553C9B7BEEAEA80EDF7F509995A8DD"
"tools/redmod/scripts/core/components/scriptComponents/reactionComponent.script","235622","8FB53505CC06B6A4D56A463C0C7527CAFF2D6EE71EF7549D2847E477EC582CF7"
"tools/redmod/scripts/core/components/scriptComponents/resourceLibraryComponent.script","591","7E2EA4A00A9A6E9CFEF575D05D6C9D4F40582F27DCD6FDC789F2D3A51D934FFC"
"tools/redmod/scripts/core/components/scriptComponents/resourceMapperComponent.script","17938","C53E3A29CEA9CBA57DFD6DD68B6CADD600AD9EBAD960F6EDFE41007D91CF0A6D"
"tools/redmod/scripts/core/components/scriptComponents/royceComponent.script","6284","6517D3A5EB3DA8E8B313934B7BAF1926EBD4336E64D535ECC4EB40803204CA5E"
"tools/redmod/scripts/core/components/scriptComponents/sasquatchComponent.script","3997","378C1C7A07025733500FA5C7CED83C04F51347BDAEBE7BBB4B7DD0D92D10E753"
"tools/redmod/scripts/core/components/scriptComponents/scannerControlComponent.script","6009","CBCADD26D79183809BA40E2BA7BCE1D7C54CAB181194751690FB1B66AFFE9F60"
"tools/redmod/scripts/core/components/scriptComponents/scavengeComponent.script","1181","D004F32978DDDCE8DE43F131F6D22D5EF8347602B58B74CA1F33F5D6D463DB3E"
"tools/redmod/scripts/core/components/scriptComponents/slotComponent.script","175","820FF67037DA2DB8D5B5E56C5E8F2D138F5F07BB8D7EE246F7B90560AD32A2BB"
"tools/redmod/scripts/core/components/scriptComponents/updateComponent.script","158","768E4D47C5F23FCC724A56E577F5BE1542EF7BA3BA698A948331B37CF07C6E79"
"tools/redmod/scripts/core/components/scriptComponents/vehicleComponent.script","223820","60E2AAF07E80C31EF98E1281E67B5A3BD998868273912CB1A90B3EA6369F631B"
"tools/redmod/scripts/core/components/scriptComponents/vehicleComponentPS.script","96492","6F8024450C2571C78DE968FB7459C35965CD80E04EBD91471CA5710A1420FAF7"
"tools/redmod/scripts/core/components/scriptComponents/vehicleVisualCustomizationComponent.script","13077","FA41D1FB460DBC145CB020C140270A883A2820822C93BCE9728EB659B42A2746"
"tools/redmod/scripts/core/components/scriptComponents/vendorComponent.script","1150","8EC5272CA044BDCA8AECF2D9AF93F046F4110386B0E09C8A2D0A4F0470FC4298"
"tools/redmod/scripts/core/components/scriptComponents/weaponPositionComponent.script","17888","33EFF853FFA11796A71D770AE28ED30D73AE14EAA5099A2B0635142A43B337E8"
"tools/redmod/scripts/core/components/scriptComponents/workspotMapperComponent.script","6202","D5905F179A3DA2CFAE1793F3726D995109E45F8B1CB51B8DA195A01FFAE5A9BD"
"tools/redmod/scripts/core/components/senseComponent.script","38882","65DCEFFC0872E0AFD5B9A3CD6AC905BFC4FAF359F505B57E2153EA735ED806AE"
"tools/redmod/scripts/core/components/skinableComponent.script","79","ECA727EB388311E18FC97FA675EABBA3001CF5EF907561754431A02B416973C0"
"tools/redmod/scripts/core/components/soundComponent.script","153","557BCEBAC4FCF4E30C2A49FC77E6BAD748ABB897AFA8724B2FE91149C5B5BCFA"
"tools/redmod/scripts/core/components/sourceShootComponent.script","1524","AF923C1B4B5C8C8CCB69D2200E121B9BCB2C1B297321F4036C1FC5FAD669B8FD"
"tools/redmod/scripts/core/components/squadComponent.script","5924","DDE49F8E80CC04C70156E36FC05674794EEB48E5A22531E4FDE6657ADE90D5C5"
"tools/redmod/scripts/core/components/statsComponent.script","69","26C1ACA23AD965F31AD7DCB90B7ECA9927F35963F4CA8286FDC8196CD935BC93"
"tools/redmod/scripts/core/components/stimBroadcasterComponent.script","27796","55AD60441DDB81E7D7042A75960F7946C653CF8E2A53BBD02B0E1636FA60786F"
"tools/redmod/scripts/core/components/targetShootComponent.script","16608","DCABFC9500DCC945036EECDCA45EFF07442536428C4C97B7BACCC8BA98D8ADE3"
"tools/redmod/scripts/core/components/targetTrackingComponent.script","73289","28A877CA4C62857D5017639D73BED1497F162BAB1024B5C601361EEEE3092D7A"
"tools/redmod/scripts/core/components/transformHistoryComponent.script","225","31F9EDDF989DF3A7A3D0B3954F396BD5A9B7F66B6B5588F3473CB089BE1FBFE0"
"tools/redmod/scripts/core/components/trapComponent.script","2170","80D5D9E46E95FC0286680E12FB7A10E1297BBDC2DEF0CE98617A609EA2957B2B"
"tools/redmod/scripts/core/components/triggerComponent.script","278","D0A3C5AB2B4E1727BAFFF8A6EBA09930B43B2924414CBCBA09C9D870C29F2723"
"tools/redmod/scripts/core/components/uiComponents.script","4157","3917CDDD9B224D03F1D39502C77EB6F9085F8738831A9EBE557F52F45A20CE68"
"tools/redmod/scripts/core/components/vehicleCinematicCameraComponent.script","35189","C1FA184FE47BB7E3C1EF8BBE488055AA269D3CAC9CCF6BA327C659333143EE6C"
"tools/redmod/scripts/core/components/vehicleController.script","2646","5B19D44DA9E34CF3B7CD5FEDD0DDFE6A5A8D021D06ECB0A5610433911AE4082B"
"tools/redmod/scripts/core/components/vehicleCustomizationComponent.Script","3320","0F9A754629B57FB4FEB378A8B87CD2E517D43B7B1D2D25ED6BAD0EC39A6446A3"
"tools/redmod/scripts/core/components/virtualCameraComponent.script","751","6F3492573DDAC6F6B719AF4F951B4BF296B99BBF188C75EF2CB1353870058107"
"tools/redmod/scripts/core/components/visionModeComponent.script","35354","57D8EA234D0C259D2C3D76F46C815210AC641903BBA3E938CC465BA305554B07"
"tools/redmod/scripts/core/components/visualComponent.script","353","3D2DACEA0DAF4AEB8E6DD671546989A10ABFF6C5042DD53A9E56B92E2196F8FD"
"tools/redmod/scripts/core/components/weakspotComponent.script","171","104B56D3DE67AC4FF62CCA87DD6913B3711902EDCF75E6DABD026AE9AA50AAC9"
"tools/redmod/scripts/core/data/cameraData.script","74","69C8156650CD1771D2AEEF6211237CC260A2E056B06C87DCBD94A392485589B3"
"tools/redmod/scripts/core/data/engineTime.script","1762","35933BDE3A303910B9BAE0E8D3FDC1094B488ECE88F67D6D10858134DAC805A2"
"tools/redmod/scripts/core/data/gameTime.script","1935","97E7EAE019963602663225E2B434301B3C6738CF48EBEE9D60474C0004935F47"
"tools/redmod/scripts/core/data/itemData.script","2709","0230A2F0CE27491EC284558EF5B95C0C902A0443441467ACBC53BA5B70D96B0D"
"tools/redmod/scripts/core/data/itemID.script","1285","DDFA4646219B3EB928A3FF2C179ACB2FFCA87E69DE5ACB4E3123E92D580E35C4"
"tools/redmod/scripts/core/data/mappinData.script","591","208BE10345F20083B2770ECC5D737B21AE2E5BD4B30EEC25364B1707B6476310"
"tools/redmod/scripts/core/data/prereqData.script","695","5FC72BC5DCF644C18A5F0D0C6B6EB41CEF8DCACD6FC62B9D878095ED0570CB92"
"tools/redmod/scripts/core/data/scanningData.script","168","44940E96C39B02FDB8C470B8460687D622489BBE244C73E31445467B0E8455F3"
"tools/redmod/scripts/core/data/slotData.script","657","40BC0ECDAF2542395A458DF88BA1268AAA80FB9B1DD999F1A78532DE143FBA8D"
"tools/redmod/scripts/core/data/stateMachineParameterTypes.script","1021","1F1F873A53178A111DF5CD946976FA9E8336E7AFBE5ECD76BBB71631FE7A4728"
"tools/redmod/scripts/core/data/statsData.script","2357","43C3A553A0378551473F8858EAA256B7E75F8ACF41BE84006756653E5799EC60"
"tools/redmod/scripts/core/data/string.script","4744","FEB780FE54F142BA1E07849FB0D314662D66BA47D71F1E0E0E995410C464B4EF"
"tools/redmod/scripts/core/data/tweakDB.script","113825","10D22F4497D3DCEAD0C8183C3100F23949E91EC2B0260FE0EFF20CC91343A32A"
"tools/redmod/scripts/core/data/tweakDBEnums.script","95914","D455E09B5645453D3F20914C172C1213D4A66BAA0AB5DCBE5AA8901C13A6E5BD"
"tools/redmod/scripts/core/data/tweakDBID.script","955","FE909A09FBB202CEDF70C5F7ED8FF0544B8EF666DC4A78DAE68AEF11EA4EF767"
"tools/redmod/scripts/core/data/tweakDBRecords.script","603547","6DB4398253BAA0C247682DA97B26888FC094EAE251DDD2E50E5DD8456890967A"
"tools/redmod/scripts/core/data/visionSystemData.script","449","D4C00C64318E799D1531DBDA6D0B25CA6C609E81295F196D2134542A44572592"
"tools/redmod/scripts/core/data/wrappedArray.script","89","6251FB33E7301AF6E1EA9FFD3C097FE1E285BA5725ACDFB01F958CC6864AEF09"
"tools/redmod/scripts/core/debug/infoBox.script","825","DCB322EC5749DBAA398776B39F86CA4ABA760C4C603BC6E022BA572A642AF519"
"tools/redmod/scripts/core/debug/maraudersMapDevicesSink.script","788","1D81FCBA81B42406B01A0665259F0F0DF49A59CB9651D812E98C62B72E971FFB"
"tools/redmod/scripts/core/debug/renderDebug.script","1031","701302089BF43AFFBC49870000138A8E2E8C55114E5DB788D142C9D8E571920D"
"tools/redmod/scripts/core/debug/SDOSink.script","1515","6D53C972CA507300B9A61891733B7BAECF8CBC5D48F5101E4DD56CDC5815F30E"
"tools/redmod/scripts/core/entity/entity.script","2497","DE310C17221347C2A1B6D7E8EF0A5BE548E83BFC0FBD9A4200A0B7CA5A9D69B6"
"tools/redmod/scripts/core/entity/entityGameInterface.script","1298","9C31FC6CE43C5E50A03BFFC680C5E7F2B54434B44ECE692E989E5B31C18D5680"
"tools/redmod/scripts/core/entity/entityID.script","2180","D7841BE18598CD06C029F5A95C910C85AF0B6D7C7EEC67CF6A4C64C0B50E36A2"
"tools/redmod/scripts/core/entity/gameEntity.script","123","D5179604D50D71EB44F65C465BFF527D34D5BCE85196473D512FAF6F4644B5DB"
"tools/redmod/scripts/core/entity/gameObject.script","101032","358E056EB126322EA86B5A0B6C19B0535D7E30D833A62A544928A08F7955F1FE"
"tools/redmod/scripts/core/entity/renderEvents.script","92","4B649B66DBF2B078873D7A3D024124403254AFF78DE5E0DD81014A5BA32D1629"
"tools/redmod/scripts/core/events/appearanceEvent.script","215","10B8E379ECF507653F3104C699BE8890DB5D15CF1E2C85CA3D52AF57357A5B54"
"tools/redmod/scripts/core/events/attachmentSlotsEvents.script","2555","1E61B6AEE9270692B4FF9E1387DD78E746E93E4094786DE13CBADBAB297DF0DE"
"tools/redmod/scripts/core/events/cameraEvent.script","408","D6B68F59D23D1C77FCF6529F1F15172A458124CB48C957B2CF6097E35864FBC7"
"tools/redmod/scripts/core/events/choiceEvent.script","747","DDB5D9A500127027D8825FF18F28125D28A9FA20125C7EFB8D9D7A7C9F6D4E2F"
"tools/redmod/scripts/core/events/effectEvent.script","783","B7CA0017D656E726569E6A688F4B90A35E29AE941B7B3E8D43994FFD22516B20"
"tools/redmod/scripts/core/events/entityEvents.script","127","7A388B59485B7BD859F76F00D54F9E1593CDB7F151FE9D156E5D40C722D69EDD"
"tools/redmod/scripts/core/events/event.script","52","FEF3083C69F329056DF11D0F2C1C58972EFA2AF5EF937FAB3F4301B409765F83"
"tools/redmod/scripts/core/events/hitEvents.script","3456","B0FC13D48F16E361DB1E2FA8601881DA103DD1152E45E21A5A32D21D1A74FBEC"
"tools/redmod/scripts/core/events/ikTargetEvents.script","1637","EA62B76468B8AC74B355B8F4B79E24F4F355EE1E1425AE10341CFDC8C8C6F279"
"tools/redmod/scripts/core/events/inventoryEvents.script","1135","1C5328690475EF7951C2D37386DD89FF6E752AEE5B3B3E0EDDBD081A74B4920E"
"tools/redmod/scripts/core/events/lookAtEvents.script","12265","E34CED4F9367E6BF05ADFDB62F115438DB3CCFA93B3F6A069BF7DB15E4B78E31"
"tools/redmod/scripts/core/events/playerEvents.script","406","9EFC64FDCAC4DBB138618E3F4EA8E496A7B8F6D40A750BFDD45F15A00ECE8633"
"tools/redmod/scripts/core/events/projectileEvent.script","4615","EE4330729930DE0E42377B87599428FC26F9F38727E9976C5EBE1283208DE7EE"
"tools/redmod/scripts/core/events/puppetEvents.script","3173","3613F26CA55F84C9F3F9950AB9F960C4FB96DAA6D74B90075232D1FB3E1D78C8"
"tools/redmod/scripts/core/events/reactionEvent.script","1244","2056303809048217DA17A1CCE0BE47F10A40907D961E53310DDFE0FB66A44840"
"tools/redmod/scripts/core/events/rewardEvent.script","95","4045ABDDE1ACBAFC8F5136AFF332E9BFC7A29925D25345289023D815CDF2AB6D"
"tools/redmod/scripts/core/events/scanningEvents.script","1337","806E546705114C9B4D05443FD44F1F23CCDDDCD69C1B6B8A8BFA356C92A9FDAC"
"tools/redmod/scripts/core/events/stateMachine.script","1718","F16724492F240F85CA81F43EB25103CB48E39BE21A47D988D2AE7798D7003EA7"
"tools/redmod/scripts/core/events/stimuliEvents.script","4427","5BF928139EBD665BEDB288835109134B7FD6850F5347D0A8AF2DA74624A1E2B3"
"tools/redmod/scripts/core/events/transformAnimatorEvents.script","734","EAB3117F866FFC7E6CABA8B3BA7969B0DF1592964E8FB4BEADD44A4A55A1788F"
"tools/redmod/scripts/core/events/triggerEvent.script","434","28940338909BE26AE78D1D7A4C6936A7D0D397D82927D94810CD4D9A7A4A7DE8"
"tools/redmod/scripts/core/events/vehicleEvents.script","4322","66ABBB290F0CFB2A490AB6BB32D8124C27F60D13AD44DC8B3324E953C7AB14D3"
"tools/redmod/scripts/core/events/visionSystemEvents.script","1034","CA648D730EAA54DD6431AA1A5FCB0E3BE6B5F8812DDB36AFDFABC967E8DF82D0"
"tools/redmod/scripts/core/events/weaponEvents.script","236","025EC8B090E001D94177F9253F485FE1230493136CB3EDA87F5117F4EB4426B3"
"tools/redmod/scripts/core/gameplay/captionParts.script","2376","F0E17F2790720406D890C2B7A110CAC639F3722A27114BCB333FB0ABCC6F22E5"
"tools/redmod/scripts/core/gameplay/choice.script","1445","6BAEE4FE3D89988C096565DA4006FD729C88CCF520687FEB13D78849FAD1CA72"
"tools/redmod/scripts/core/gameplay/conditions/gameplayCondition.script","10716","2A35AFE05910FAE758F015222D701CE63431EA59284C4D0B469F0626D5E04CB9"
"tools/redmod/scripts/core/gameplay/conditions/gameplayConditionContainer.script","3350","6C9EE0ABA59D8CD7F13FFBE7E84C45E4A00B5CB570150B0861CF7677D98D38E3"
"tools/redmod/scripts/core/gameplay/delaySystem.script","2627","F3D561B369BBDA6A23930960F6123C8C8C8835ADF9FF38CDDC8F055148603501"
"tools/redmod/scripts/core/gameplay/deviceActionProperty.script","7756","E7DAC678EB1A46091B090506EE25297C23383D854876A0E3FD1D4D75FF6BC6EE"
"tools/redmod/scripts/core/gameplay/durationModifiers.script","1196","A17ED3C4E32A54A785EDD94CBB3842EE9069E4E7AD3A807C7A53DEE268854C64"
"tools/redmod/scripts/core/gameplay/effector.script","11216","6B36CB5F2ADD13B49FE3E3811D01D272323088350B979DDCE527006C8DA9AB59"
"tools/redmod/scripts/core/gameplay/effectors/addItemsEffector.script","655","ADBF10009DAAA40EAA54F9FCB070F0A0E768913F9302DE78C59F25983E41EE9B"
"tools/redmod/scripts/core/gameplay/effectors/applyEffectorEffector.script","1195","D6E6AC2C8E0C3BE566BDFEBA4027FFDC2CC759F0D9A3A14969447015751BFB2A"
"tools/redmod/scripts/core/gameplay/effectors/applyEffectToDismemberedEffector.script","928","AFBAF49CD97BC4029B116EA9F0E2E168E4D1FD277E73E2C9DA85FFB0A33CB279"
"tools/redmod/scripts/core/gameplay/effectors/applyLightPresetEffector.script","1646","614E6517BD5818AD5B09E456275E9DDC06E285CEDE58745A9B5BC24441039AC7"
"tools/redmod/scripts/core/gameplay/effectors/applyQuickhackEffector.script","4025","44DEC6BB90700AE331D9773DE2419403E77E389EBFFB292F30DC74FFFE886F1F"
"tools/redmod/scripts/core/gameplay/effectors/applyRandomStatusEffectEffector.script","1678","6835E467AF1ACCDE7ADB400CAC03C83396A2DA1D5C4D08E97E953FDA439D895C"
"tools/redmod/scripts/core/gameplay/effectors/applyShaderEffector.script","3884","4C1A35CCAEEEA023A9245B1E9272F301C4BAD8C6D15E8FC346A71480F44E0A33"
"tools/redmod/scripts/core/gameplay/effectors/applyShaderOnEquipmentEffector.script","4810","5A5CB3ACD4B9E39824DF275C48AB6B08C70A5F8F6384FB5A8DCFC5EDBD2B0399"
"tools/redmod/scripts/core/gameplay/effectors/applyShaderOnObjectEffector.script","3059","E2490802BA642A838BC64D801472048E3924261E94EDB92D96270F4850EAFC7C"
"tools/redmod/scripts/core/gameplay/effectors/applyStatGroupEffector.script","3503","8FC0A02004CAC54189B1268EFBBA9A1D9C43AFFB4EAC00AAFCA6A56462186D2B"
"tools/redmod/scripts/core/gameplay/effectors/applyStatusEffectByChanceEffector.script","2204","B2A3710A6D9638450A64B894E95AB13A65F44DF8EF2223062A86574CE402AEF1"
"tools/redmod/scripts/core/gameplay/effectors/applyStatusEffectEffector.script","5871","04CD276951446223DAF0830B49BA673775FA541F6893EEDF2AFAA85304CEC1F3"
"tools/redmod/scripts/core/gameplay/effectors/attachCapsuleVisionBlockerEffector.script","3051","489183CCEA19A42270589A45E74DD128C7D108183FEA46B3FFD4376B411BBA72"
"tools/redmod/scripts/core/gameplay/effectors/broadcastStimEffector.script","693","02D0695E1217C0CD3BEF5A04DFD270067BA0192BB794508894B1280F4CC4FBFB"
"tools/redmod/scripts/core/gameplay/effectors/changeAppearanceEffector.script","1068","1626BA89AAF8476E7C815A32B4A79BF7AB24275B557B13BE3D2B7940F2DBA380"
"tools/redmod/scripts/core/gameplay/effectors/custom/applyAccumulatedDoTEffector.script","233","FD96570CE74515D92582264587D7A2D5FB3255095E310013A16E2F4573AE15A4"
"tools/redmod/scripts/core/gameplay/effectors/custom/chaosWeaponCustomEffector.script","2978","24301A3B71CB51816ADC682BC4B35E491EEDA3975591D69DF61DDE5E7F683E54"
"tools/redmod/scripts/core/gameplay/effectors/custom/clearQuickhackQueueEffector.script","1442","7C2B19AAC8506EB6BF59323AF8DD38A272944047D4074E36CA10CDB11BD52D0D"
"tools/redmod/scripts/core/gameplay/effectors/custom/convertDamageToDoTEffector.script","2327","2D7C0BECBD0C39C96BB18ECC388404C0CEF5147F20A7C64E03BD4442E5979DD1"
"tools/redmod/scripts/core/gameplay/effectors/custom/convertDamageToStatPoolEffector.script","2152","B0270BD6062DDC8AF1081BFC9ABC9F3D0BADE080F38D4FCAEA7D9A18569F28F4"
"tools/redmod/scripts/core/gameplay/effectors/custom/detectionMeterEffector.script","3603","6EA6A41BE6BF12280299036944F5E698D5E195F29263D151DF2D3889E58A765C"
"tools/redmod/scripts/core/gameplay/effectors/custom/disassembleOwnedJunkEffector.script","497","2B4B3659FC9AAB3337C20EC2C964C2DFCBF428349CCB11BB894EDF83B9B1B92E"
"tools/redmod/scripts/core/gameplay/effectors/custom/grenadeLvl4HackEffector.script","5864","D688BFC2B87DE172A37EBE91BB7DF77BB313362FB70B95322AF9A266B1E11A77"
"tools/redmod/scripts/core/gameplay/effectors/custom/hardToKillDamageModiicationEffector.script","1451","1F7138C058BB910161E8150A8DBA176C4242EE83BC0ED172C2A5A50A8632775B"
"tools/redmod/scripts/core/gameplay/effectors/custom/highlightEffector.script","3671","10617AEFCAE36B4C5C2BCC13C0A9A3647BB8AAC760D4157D1D517BD6C7E86EBD"
"tools/redmod/scripts/core/gameplay/effectors/custom/iceCounterHackEffector.script","1151","581D7E6C46D5B8269C06BC808E02B6783E84C3407E9EEEF13C3556D84933782C"
"tools/redmod/scripts/core/gameplay/effectors/custom/initiateCyberwareExplosionEffector.script","3420","D426F45B49E49B8004523950E98A1D8948F273E3E3CAF39114D9BA8273919764"
"tools/redmod/scripts/core/gameplay/effectors/custom/juggernautEffector.script","1161","7AF45BB2CC888AB2C6D02D7AF1C7EBA896464BC60E478E3A92359A7FDA1DC89A"
"tools/redmod/scripts/core/gameplay/effectors/custom/kiroshiHighlightEffector.script","6507","CCEF1CBF5E329C4FDABD4DCB30982EA1C88BE9C4E4C098703C9A9DB2179CA24F"
"tools/redmod/scripts/core/gameplay/effectors/custom/limfaticNanoChargeSystemEffector.script","1973","769077E7509EA94EC0A2BF172F76A75B114EB43BBAE4D09C4C4E678ABD598A5A"
"tools/redmod/scripts/core/gameplay/effectors/custom/modifyStatPoolValueQuickhackCostEffector.script","4320","F0395F1F214AA4D30535F9699A5E1E04F4A10F09EDEE2578570EB99E5F804B63"
"tools/redmod/scripts/core/gameplay/effectors/custom/nanoTechPlatesEffector.script","3640","0D7EF4505E02AAD38D8C12024F2E18ECB57C37B3FD2E22DBCC410819A9C4FAF3"
"tools/redmod/scripts/core/gameplay/effectors/custom/overshieldEffectorBase.script","1592","1B8ABC04D6396D9FBF655BE4E7B143D401D3E79FA326EB96DB9605470763FA10"
"tools/redmod/scripts/core/gameplay/effectors/custom/playVFXOnHitPositionEffector.script","1264","95A2678A225F9CBF613EAD8CF55C43A9BF5DFE8AC9EE54F7FE2084B940C37376"
"tools/redmod/scripts/core/gameplay/effectors/custom/powerUpCyberwareEffector.script","3083","C46EAE604F0AC16C3086B8968492346736E52EED01C9BF5449DB1A0926B34FE8"
"tools/redmod/scripts/core/gameplay/effectors/custom/reflexesMasterPerk1Effector.script","4954","81A1F02D4AB9BA94DF9DF761F0537BD4DCB86EF044E6B6FE48CCED5AD44AA49D"
"tools/redmod/scripts/core/gameplay/effectors/custom/sadismEffector.script","1524","0A8B909C9D63D3BB73F386D6E7980165500CCD9F83D05E673A5B060B15E4535D"
"tools/redmod/scripts/core/gameplay/effectors/custom/scaleOvershieldDecayOverTimeEffector.script","4389","8493EAD0B90551D813EE53A4FF7C7C2B849A925DCEA4711344D0D7342862AFE6"
"tools/redmod/scripts/core/gameplay/effectors/custom/setFactBasedOnClearAreaEffector.script","3676","ACDC573DD0FBBF70360BF929BDDE8560D756830DBBDAB042D8B9CBC65C76527D"
"tools/redmod/scripts/core/gameplay/effectors/custom/smartStorageEffector.script","2504","E22D16621E190AFD42701F33618990F5C8085F5CE344BDC5C8F79BD6E6329E57"
"tools/redmod/scripts/core/gameplay/effectors/custom/statBonusFromFactEffector.script","2147","C6C84CCFEC91C2E88B0246E733C06602C0969AF57856CDA7E8AB79EF45DA774D"
"tools/redmod/scripts/core/gameplay/effectors/custom/statPoolBasedStatusEffectEffector.script","7460","4BFE32064EFCCD05CA365563F17A78725A958F4E5F67567252D825AFC9E7334E"
"tools/redmod/scripts/core/gameplay/effectors/custom/stuckInEffector.script","2218","81031102E152F60EADCE82DC3A3726057BA1107CB8B3729E4B5802DE628C3954"
"tools/redmod/scripts/core/gameplay/effectors/custom/systemCollapseModifyRevealBarEffector.script","1574","4FF6ED1A65C9DD36D35213DC7B5BED1575DEFCB8C1A1F698AE1C33C47A4F9412"
"tools/redmod/scripts/core/gameplay/effectors/custom/timeBankEffector.script","7248","AB7D5F7F134751D543E440053D7AD9ABFA7581D56F9016BCDDBACCD65E9D4CAF"
"tools/redmod/scripts/core/gameplay/effectors/custom/togglePlayerFlashlightEffector.script","828","5A76472CB613CA7B2E43A742D808C5DE46EF848736EF8733AC29C92F9EDEC607"
"tools/redmod/scripts/core/gameplay/effectors/custom/unstoppableEffector.script","967","4F7647448E80614944FE3AC66AEC0B7A6907802F7363B7DCEED1A4BCA07CD251"
"tools/redmod/scripts/core/gameplay/effectors/custom/weirdTankyPlatingEffector.script","1600","8BC53CEFB952A48525FAAD78B5B4896A48029313C4CB89BDBA473BC8475273F9"
"tools/redmod/scripts/core/gameplay/effectors/damage/addHitFlagToAttackEffector.script","887","B6B4150B786F18CD7BA0C5885BF300074FBDC096E770054AC62347F688D1A967"
"tools/redmod/scripts/core/gameplay/effectors/damage/addStatusEffectToAttackEffector.script","1568","A6E85BC9E2CE1E61C780B46481D70EB2EF1649CEEF6BC9C92F9563F18026BF9C"
"tools/redmod/scripts/core/gameplay/effectors/damage/hitEventEffector.script","1323","673864766F252B01E4FD1E3F0A11E3BFBD0B81295B5CEAE610836C2CFB4E384B"
"tools/redmod/scripts/core/gameplay/effectors/damage/modifyAttackCritChanceEffector.script","842","062D860459753A8F86AE248289F908496A0EADF93CF3FA0A2A3707492B9C80F4"
"tools/redmod/scripts/core/gameplay/effectors/damage/modifyAttackEffector.script","61","B50D387D2715A98F486BC228EA038ABF82DB92C99B385384A1FE7C5BA15365D5"
"tools/redmod/scripts/core/gameplay/effectors/damage/modifyCritWithDistance.script","1850","24A9BD44870811961A49E78DA7D9953470F96A214B9E9349185E0BCE3BE32ACE"
"tools/redmod/scripts/core/gameplay/effectors/damage/modifyDamageEffector.script","3283","19AEE96930A611A1F8F24ED3A5E592696DAA435BB8AACC067599619110F8E4CE"
"tools/redmod/scripts/core/gameplay/effectors/damage/modifyDamagePerHackEffector.script","1662","F621AC57EBD702C8907A851968945FBF42FDDE6111E7099101E0FC6AD4683FFA"
"tools/redmod/scripts/core/gameplay/effectors/damage/modifyDamageWithCyberwareCountEffector.script","4895","BEF42D0324E9E08C637AE2B551F4EC91903FFA8575F4CCF132FCB58A98D69F00"
"tools/redmod/scripts/core/gameplay/effectors/damage/modifyDamageWithDistance.script","2003","610CD212C019D430E4D470C9D5B501B2EA7C5DF339AF385D9515212B6B99CC4C"
"tools/redmod/scripts/core/gameplay/effectors/damage/modifyDamageWithLeapedDistance.script","1539","11528D940B3C6AAD10E232DDF451F1BDC1870EAB90BDBA21DECE152F79D212F6"
"tools/redmod/scripts/core/gameplay/effectors/damage/modifyDamageWithStatPoolEffector.script","2527","242A18396A6F49EE352163D8BB4F7E5C4A92D759CEC161F1B654033DC1DC48C2"
"tools/redmod/scripts/core/gameplay/effectors/damage/modifyDamageWithVelocityEffector.script","1070","CC96125F6430020A9E8FD605FE98A837E971193806511B8041F87FBBACD229EC"
"tools/redmod/scripts/core/gameplay/effectors/damage/removeHitFlatFromAttackEffector.script","957","EAF79494B7DF21CBEE4F81BBBC24EBF039B8BDB8F3C11FF18EFA57DD72F0184B"
"tools/redmod/scripts/core/gameplay/effectors/damage/setAttackHitTypeEffector.script","622","6CC8FC3E9B10E5B6A93ADC5D8C2096D859122989883CFDB54C10D8C46F88C4E7"
"tools/redmod/scripts/core/gameplay/effectors/destroyWeakspotEffector.script","2934","C9A61F9DE6C4B5BBE4909DE60A727D5E87B8A564736A187128A90211BB32B141"
"tools/redmod/scripts/core/gameplay/effectors/disableTargetingEffector.script","682","64BA736B5978C79AF49A43DAECC931D0DE0FB4433BAFAB04BC441EE6CDAB3D21"
"tools/redmod/scripts/core/gameplay/effectors/dismemberEffector.script","996","90E4D6B108A8CC5B2D1D655AE7665BCEFF51996FF17C05723C92FFA9FCA91D9D"
"tools/redmod/scripts/core/gameplay/effectors/encumbranceEvaluationEffector.script","308","5EA313F8872947FF7D3BB00507F35C579AEC3BF2179035ADC31857C1CE64C94A"
"tools/redmod/scripts/core/gameplay/effectors/highlightObjectEffector.script","575","84BE447CEC69AF3E812086A637EBE0BC8D72CEBFB2ACEADEDEF52B7E86E668E7"
"tools/redmod/scripts/core/gameplay/effectors/modifyStaminaHandler.script","1224","1D257ADD2FE059B0A1E646A123035A7B9600E9717EB705D7731701476C8B7F76"
"tools/redmod/scripts/core/gameplay/effectors/modifyStatPoolCustomLimitEffector.script","1873","9C2DCA5DB0034A87CA42537BA9C93A96E2E4746CEECC1B8DC3655427ED538805"
"tools/redmod/scripts/core/gameplay/effectors/ModifyStatPoolModifierEffector.script","2941","B3121652A20C6DFAA374AF5524C5CF2039D6C26B641852EE995EE6C46AAEE0E0"
"tools/redmod/scripts/core/gameplay/effectors/ModifyStatPoolValueEffector.script","3690","93B88A1D5A60B00B0B7EC5EA7399C83C3454C2BBABA171A7A44A1F0C90875E31"
"tools/redmod/scripts/core/gameplay/effectors/modifyStatusEffectDurationEffector.script","5890","450D57AEDAD8A6DAA0D4D5B096A70F24B8CF29EFD60B567A7B529AC9FFA4DEDC"
"tools/redmod/scripts/core/gameplay/effectors/newperk/bloodlustHealingEffector.script","2506","1A22E2381AAA09A162DA5A21D9CFDDDFEA4FCAFCB163FA2271F51DC8F3149462"
"tools/redmod/scripts/core/gameplay/effectors/newperk/ceaselessLeadAmmoEffector.script","1379","7CADF9894DCF902676A8A8796B68AFDD2BC45999B4A7566C46075C89AB4A987A"
"tools/redmod/scripts/core/gameplay/effectors/newperk/powerBlockEffector.script","1046","654CE44B979DA32176C12833985D8D6326EC54EBBCB4B4F53AA4AFEF1CC7821B"
"tools/redmod/scripts/core/gameplay/effectors/newperk/ripAndTearEffector.script","1180","9AF5B114948D794B8F619EC4DB48EE1D1BF2F9E2931F6A92ACE9F0B53F2BEBDC"
"tools/redmod/scripts/core/gameplay/effectors/newperk/tryDeactivatePreventionByMask.script","284","C21ADC7378800C8B95E019D36592FB398C682AA3211C23FB3AB6DF692F808187"
"tools/redmod/scripts/core/gameplay/effectors/notifyPoliceEffector.script","268","A6C94B9AC187036C4E3C72FBDE3CDB6A010837321FCFD1EA06164FDBF43F75B8"
"tools/redmod/scripts/core/gameplay/effectors/overrideRangedAttackPackageEffector.script","1329","426D6A77FA440B9336F5AB175F3876168E88EE42DCF943AE3BDC7EE494A1514C"
"tools/redmod/scripts/core/gameplay/effectors/perk/monoWireQuickHackApplyEffector.script","5953","99415E2580A803810A178CE36F242651989E095C0A67FC9D112EFA841F826EA2"
"tools/redmod/scripts/core/gameplay/effectors/perk/rapidBloodflowEffector.script","4640","4DBE4B262858629E29D3C3FDACA7C4649896554C413EF4BF9D0318631750526E"
"tools/redmod/scripts/core/gameplay/effectors/playBreathingAnimation.script","1870","1A06AB5D537438AB7E1C1E683E27B6246B8662224CD74B907A53A837C361BA0B"
"tools/redmod/scripts/core/gameplay/effectors/playFXEffector.script","3516","4E9A457FC3A0FF2374D6A4F88E7F2C28EBB3F0E32583BE1BED7A5EAC73704BFB"
"tools/redmod/scripts/core/gameplay/effectors/propagateStatusEffectInAreaEffector.script","2520","6481020D7580B446F921760E1281AF5E877376C0E6639CD990661BA764109A33"
"tools/redmod/scripts/core/gameplay/effectors/quickhackEffectors.script","37973","4D8B2FC681531618E01A636F6291AD83560AA42936F8A75A1F39FED7789FA9D6"
"tools/redmod/scripts/core/gameplay/effectors/reloadWeaponEffector.script","527","9FA702756872D8861D34662D638D60373380CFCF28D3982A80E89A60C0D3B61C"
"tools/redmod/scripts/core/gameplay/effectors/removeAllModifiersEffector.script","1013","31CF87C5CDF243706ABDAB38FB1F5638C05B623CF1D265547BFBEA531950B583"
"tools/redmod/scripts/core/gameplay/effectors/removeAllStatusEffectsEffector.script","496","17E252562F2B19766B9C71AAC15CAE1F939F49BAB6E8F5DEFEB6C6F728635357"
"tools/redmod/scripts/core/gameplay/effectors/removeStatusEffectsEffector.script","3898","F306F2F07A8EC1E4DBB037D07721B9999125EDAB3320726AAC69C4FF98C5933C"
"tools/redmod/scripts/core/gameplay/effectors/restoreStatPoolEffector.script","952","EBA8BED391FDE69E6E66A8B25036166DC13A849E7A14F89DFC0CBDB429994DB5"
"tools/redmod/scripts/core/gameplay/effectors/rewardPlayerWithCrimeScoreEffector.script","361","75E69B9A09C0D003F94CC3829D26CCB69F286FD36F8DC999F7664BABED0275DF"
"tools/redmod/scripts/core/gameplay/effectors/setTargetHealthEffector.script","731","F2ECE194836189CA976DF2766FF18CCD749041C2C533D141066210F42DE935BB"
"tools/redmod/scripts/core/gameplay/effectors/setTimeDilationEffector.script","1615","DAEF499E12449EE5F8AE6BCDEB0E6FEB0E7F5527F09084BB219B16413979E6BE"
"tools/redmod/scripts/core/gameplay/effectors/showUIWarningEffector.script","1070","8483E4B2E3659C5CCFEC13F23E5AAAC50E9BC7CEF2F74861417B92F9DF858384"
"tools/redmod/scripts/core/gameplay/effectors/singulars/addDevelopmentPointEffector.script","1803","2D7C6DB03C878D950511899A32CCB54C7CF42C98FE7C1FF6B0C25F21EA432FD2"
"tools/redmod/scripts/core/gameplay/effectors/singulars/giveRewardEffector.script","1009","65E81458981E103CDF7B55B714C0C2FFF5560EFFBFF29143E49C991D8973DD9C"
"tools/redmod/scripts/core/gameplay/effectors/singulars/resetDevelopmentPointsEffector.script","340","FE6E602078660CF67B9EE2DAE371C10FB6EB3AA10A3BA3191EDCAA83647397C4"
"tools/redmod/scripts/core/gameplay/effectors/singulars/setFactEffector.script","1244","F7BC906E6A9E500AEDECB67CA30421E78D7724907A4A46F100C753A3196D387B"
"tools/redmod/scripts/core/gameplay/effectors/singulars/triggerHackingMinigameEffector.script","3507","77E52EAB159AF18F54B536E8465B2E72CF6E93C55449BDEE922416DAFDAFD5FB"
"tools/redmod/scripts/core/gameplay/effectors/singulars/unlockMinigameProgramEffector.script","1337","8AEC5ECCE88B689D7F12584A8CA16A8E37A118D37C701A83189114EFE5DDBC9A"
"tools/redmod/scripts/core/gameplay/effectors/stopAndPlayFXEffector.script","2171","CBF68D7B871170841CE381A15069FF6BFA3B072B0A4D3A44B29A8BFD87CD61D0"
"tools/redmod/scripts/core/gameplay/effectors/stopFXEffector.script","932","13A052D29E498F05F1A233D4DC8E458912C4DB53F7CDFF5C080735EDFA9A8977"
"tools/redmod/scripts/core/gameplay/effectors/toggleMaterialOverlayEffector.script","1428","4B55D105B9BD2B8B55C68207247E660390B3736C969A34616DB39972AD53D16F"
"tools/redmod/scripts/core/gameplay/effectors/triggerAttackByRandomChanceEffector.script","3453","1425C8B93DFE3D85D20C45DE0786530C12CC28C6C8D6352CE11F3837D41419F1"
"tools/redmod/scripts/core/gameplay/effectors/triggerAttackEffector.script","1656","AC0E58406961464139EEEC2A1EA3FE932C3BF3D988CACD5A59C689443B45AA9F"
"tools/redmod/scripts/core/gameplay/effectors/triggerAttackOnAttackEffect.script","3435","5A9DF6AC1FEEA36C62309B719737E4DAD90CC8E1E1A9958410E9287FED10FA80"
"tools/redmod/scripts/core/gameplay/effectors/triggerAttackOnNearbyEnemiesEffector.script","11077","F2CD5B5DE0271C2E5965A2A4E43447259CB64CE793BD5B3A06F956543488924E"
"tools/redmod/scripts/core/gameplay/effectors/triggerAttackOnOwnerEffector.script","2986","B650BBA45F1CD9466FB997BCBF506A4D7875C7365CCBC244F74D854548785BAE"
"tools/redmod/scripts/core/gameplay/effectors/triggerAttackOnTargetEffector.script","2997","D74713EAEF9657F382B67BA4C5E71F9AC73DAA136A17B75BEF82E0BD1703B696"
"tools/redmod/scripts/core/gameplay/effectors/triggerContinuousAttackEffector.script","2191","39ABEAC36543F26F67844155D20BDB72D09B1CCA469970669F18BF291B47A3D5"
"tools/redmod/scripts/core/gameplay/effectors/uncontrolledMovementEffector.script","1434","A5F2D58DB4E50D012D152AD2171246B988FA1A5C091E0FD78AB99BD44D1475CF"
"tools/redmod/scripts/core/gameplay/effectors/useConsumableEffector.script","1023","485A363F904F593AA75E6712385CA34A6F4FB4B524CC053085F2C2C30415CC76"
"tools/redmod/scripts/core/gameplay/gameplayEffects.script","13691","E2E0334F5A06977DBE4B3B5300B578DD686909854BF4FC365ED635784A3812E7"
"tools/redmod/scripts/core/gameplay/importedPrereqs.script","124","4BA757E14212D3C3C566F863CB82A442B6B2C9AF1AAFE09A7978B5BAF3220064"
"tools/redmod/scripts/core/gameplay/interactions.script","885","894BDC72CAA8E3B8B90257468A14BC47657D28160343C5762E96071DCC6A2C2D"
"tools/redmod/scripts/core/gameplay/movementParams.script","266","88E9E13E1984C14C860B293F8D89E78FDA64A3BB8D56017B134F873584177081"
"tools/redmod/scripts/core/gameplay/movingPlatform.script","1702","214C66C7DD96D2966B32B308AB45D0318AC9CDAB1909F4A016F7CF69317B8457"
"tools/redmod/scripts/core/gameplay/objectActionsPrereqController.script","997","C1E34DC6AC102F94676DD5EEFC2E322B0B2D1695300392622E40A7BDF28F30C5"
"tools/redmod/scripts/core/gameplay/pocketRadio.script","14886","4C5CD01FD9CD287F8FDC06BEA229C14F8D78F961BC5D0A7E9EC64E5470C6AD74"
"tools/redmod/scripts/core/gameplay/prereqs.script","45196","8479C2ADD46FB11814061AA39FAAAB87AFA62A06A467D514C347FE1E9FFA6F10"
"tools/redmod/scripts/core/gameplay/prereqs/alwaysTruePrereq.script","439","2A8A266CBB3EA08D37854981F3AD29FEE4F25D2AEA6FE238163A945AD23B9A88"
"tools/redmod/scripts/core/gameplay/prereqs/constantStatPoolPrereq.script","2610","212CFDEAA61296834249CD4B93F02DD732DFD5D84624194616672F8782BBF224"
"tools/redmod/scripts/core/gameplay/prereqs/consumableChargesPrereq.script","2729","9300A9DFA1AEF78344975071D50B2891AC0304D0D698CB86C243207400615D20"
"tools/redmod/scripts/core/gameplay/prereqs/damage/agentMovingHitPrereqCondition.script","963","3CC9EB6261E93FDE1EFE4FC6E6156B2BFDD33E50FD6BDFB74C339DF65DA4771D"
"tools/redmod/scripts/core/gameplay/prereqs/damage/ammoStateHitPrereqCondition.script","1806","280EDE3F21BB4BF148FEB47EBD0985485A3ACB8A6DC46A17BE0166B3DDA988BB"
"tools/redmod/scripts/core/gameplay/prereqs/damage/attackSubtypeHitPrereqCondition.script","960","222515F24B5442296766DAECFE9BAF97B483F57B6FA31D1C1B1012FB6D40D576"
"tools/redmod/scripts/core/gameplay/prereqs/damage/attackTagHitPrereqCondition.script","649","6A96DE75AAFE4E238CE797796E0D03A7BC47B9CBC278B4A4997D5E79B0060687"
"tools/redmod/scripts/core/gameplay/prereqs/damage/attackTypeHitPrereqCondition.script","921","4C47E779B0DBFE49B78D9359346628DC62DD1EBD0B5A2EDFBBAF45220306DA37"
"tools/redmod/scripts/core/gameplay/prereqs/damage/baseHitPrereqCondition.script","1307","12056658A1BB6BAC47602DDF973471C8D900F4305186CB25021EF83587515DF2"
"tools/redmod/scripts/core/gameplay/prereqs/damage/bodyPartHitPrereqCondition.script","2101","E5E5DC41FDAC12F19574B41BA12BC27A9F13DC0EEE6D4E982C96DF29355AE3E1"
"tools/redmod/scripts/core/gameplay/prereqs/damage/consecutiveHitsPrereqCondition.script","1806","D2CE59D83018A87EC58B8B31D87B7A07959322F5DD88F632E7AC64092C514A62"
"tools/redmod/scripts/core/gameplay/prereqs/damage/damageOverTimeTypeHitPrereqCondition.script","1181","CFB37014DDDF72AB5A25D4E7439CEA79F01370F0E5246D343107CBFB92FD71C1"
"tools/redmod/scripts/core/gameplay/prereqs/damage/damageTypeHitPrereqCondition.script","731","6BBF5DBBE8BD27E7723E02A0293C73F28102A5A5B74719C310CB6225789899FA"
"tools/redmod/scripts/core/gameplay/prereqs/damage/dismembermentTriggeredHitPrereqCondition.script","726","2895958225A5850DA6301A38F6B0F1095DA574C5655AB7F5A37A6C44A76B215B"
"tools/redmod/scripts/core/gameplay/prereqs/damage/dismembermentTriggeredPrereq.script","2444","9383E6DCD4E214D4CB767E2322DD9C33C2F436E7EF3C75A7D4EC37D3A28EE6E4"
"tools/redmod/scripts/core/gameplay/prereqs/damage/distanceCoveredHitPrereqCondition.script","1077","19430BEDFC76A08DDF3225B5D0D2DB0AF5A14A4965F3870A55CEC4B813C398C9"
"tools/redmod/scripts/core/gameplay/prereqs/damage/effectNameHitPrereqCondition.script","947","BFD4A4C342C1CEFF0A3B1B27052D833A2685A49F4641B282B80C95616AB4C0FC"
"tools/redmod/scripts/core/gameplay/prereqs/damage/genericHitPrereq.script","12233","814825B026FECD0F51E881B14B978EA4B489728EB8EEBA09FBECB5E72F9DF118"
"tools/redmod/scripts/core/gameplay/prereqs/damage/hitAttackSubtypePrereq.script","1106","ACCEDD5DBF676D9D541FD081462F26E85A8614933A0094209ED34438A66511A3"
"tools/redmod/scripts/core/gameplay/prereqs/damage/hitDamageTypePrereq.script","735","2A0CF67585A26E2D72C9857C3C0F2E25253A516DF55FADB6C5A1A72CC9092E0A"
"tools/redmod/scripts/core/gameplay/prereqs/damage/hitDistanceCoveredPrereq.script","1232","EC5DFB706647D7361BA7E93C662A56FC0D649B516C57E8ECDAE96406323E3849"
"tools/redmod/scripts/core/gameplay/prereqs/damage/hitDoTTypePrereq.script","1656","D3CF2B6846DE3DF635B267EB90B86E5F95FCE20B9FA0D9AFA3B83A1C3C3EFB51"
"tools/redmod/scripts/core/gameplay/prereqs/damage/hitFlagHitPrereqCondition.script","843","8BF53F28358C4ECD2A627D792162752BDE2A8D38224A488D124AA4D3A0F077A5"
"tools/redmod/scripts/core/gameplay/prereqs/damage/hitFlagPrereq.script","652","FD5330B7814EA2D00327F8E3CF416DCC65FEE4432F6CB64845DEA70FB16B4E98"
"tools/redmod/scripts/core/gameplay/prereqs/damage/hitIsBodyPartHeadPrereq.script","561","814CF8D49C24FBE76AC6FB9B7BAD00C2ABD83CF42FDFD3D52FAB10FDB502FE0F"
"tools/redmod/scripts/core/gameplay/prereqs/damage/hitIsBodyPartLimbPrereq.script","561","0A169574858C30E6D9406BD9240179575A5DB22F530CD512E9D2AE0AE4D898C6"
"tools/redmod/scripts/core/gameplay/prereqs/damage/hitIsBodyPartTorsoPrereq.script","564","547CB136030E8764D53DD3C4C18599F0AAB3E64E9E1AC30C1C8BAD76B9BE23E3"
"tools/redmod/scripts/core/gameplay/prereqs/damage/hitIsHumanPrereq.script","896","723F3F5B878B5FC4B32272C5BF16BA3CA00C7414B30A4A0CC410E9AFE9EED429"
"tools/redmod/scripts/core/gameplay/prereqs/damage/hitIsInstigatorPlayerPrereq.script","341","9CC4C3C7BD2AEE09B588F878BDC1875DEA3F000AA9E7C27007E1608A704B0BBB"
"tools/redmod/scripts/core/gameplay/prereqs/damage/hitIsMovingPrereq.script","1113","4C5D5DE0723E27BDCD5A4973EB0664695CD30996C7046457227B211D4DF07AEC"
"tools/redmod/scripts/core/gameplay/prereqs/damage/hitIsQuickhackPresentInQueuePrereqCondition.script","1779","FFA71D99BB174F019627C1A2C8509BDB03E74DA42CCE002B756170310DC85381"
"tools/redmod/scripts/core/gameplay/prereqs/damage/hitIsRarityPrereq.script","1131","3699EC10CF84C381EBB510DBBA0AB005379C61A7F0C5C17B2A6FE14E7217CD4A"
"tools/redmod/scripts/core/gameplay/prereqs/damage/hitIsRicochetPrereq.script","313","CB63E452780EEFC47A5A702EF02C8AFB91EDD3D9EE0BF23B86A0F883084C3CAE"
"tools/redmod/scripts/core/gameplay/prereqs/damage/hitIsSourceGrenadePrereq.script","332","0386F5CC7A197BC2A7462773601081FACA32D3E1456C45C1903291C82B7AB88A"
"tools/redmod/scripts/core/gameplay/prereqs/damage/hitIsTheSameTarget.script","1664","A1CC547E89FCD868AD558D8352AA753BC152EAB1B07DE5E4FDF1DC746F163B96"
"tools/redmod/scripts/core/gameplay/prereqs/damage/hitOrMissTriggeredPrereq.script","888","EAEF4C50AC5AC03E9462B45F48D4956C72147A34E39E76B73E2B25B2A3607CCF"
"tools/redmod/scripts/core/gameplay/prereqs/damage/hitReceivedPrereq.script","58","F96F4AD1F0AE38429E95AC4C2A0234EC9770D1EA0FB056366DB4F13152ACA319"
"tools/redmod/scripts/core/gameplay/prereqs/damage/hitStatPoolComparisonPrereq.script","2265","9DCFDB5FD2F89F8BC0C2FF8604EAE34D4882E1039FAA8F5DB262B7269B558BCB"
"tools/redmod/scripts/core/gameplay/prereqs/damage/hitStatPoolPrereq.script","1916","DBAB9B6A2B5710C18ECC59DFE0CD20566DE05CE5AFD8CA34D17F6E773F3710A4"
"tools/redmod/scripts/core/gameplay/prereqs/damage/hitStatusEffectPresentPrereq.script","1825","3B26570808D18B3D762A2736E24065281D101E0DB51B64129F95106A2D115541"
"tools/redmod/scripts/core/gameplay/prereqs/damage/hitTriggeredPrereq.script","59","78F928D46CE934E5197E1EA0860C1C6B4A7B9DBBCC64D1541FE81109B117F160"
"tools/redmod/scripts/core/gameplay/prereqs/damage/instigatorTypeHitPrereqCondition.script","816","F69E5CAF4DD23D157E499D05F188B9496ED65DC4333E6E239929554F3262117F"
"tools/redmod/scripts/core/gameplay/prereqs/damage/ReactionPresetHitPrereqCondition.script","1012","FCE3185920CB0F81DF53BF7AF2F80B5A86AC49DC0BB6609CC8621E7222E24348"
"tools/redmod/scripts/core/gameplay/prereqs/damage/sameTargetHitPrereqCondition.script","1443","5A3CC807DC6F544A7192D19A8949FEEFE5EFE432029F7170C9017FBBFBBEDB00"
"tools/redmod/scripts/core/gameplay/prereqs/damage/selfHitPrereqCondition.script","483","D8B97429D2AF598E11AE2B8B9918B8A8ED20A9A4254B7DB68A414809C0BE8398"
"tools/redmod/scripts/core/gameplay/prereqs/damage/sourceTypeHitPrereqCondition.script","815","ECBC9FD96F61E9AFE68A5674213A9628DD7735AD632BAC7A07E83B01C35DCF84"
"tools/redmod/scripts/core/gameplay/prereqs/damage/statHitPrereqCondition.script","1613","4FE6EAEF03A190103885E430E13DD91094A83107CB1D41A88099B7F387C80071"
"tools/redmod/scripts/core/gameplay/prereqs/damage/statPoolComparisonHitPrereqCondition.script","1968","1D9C78B21A649AB7C542A682EF971E938AF654DC34804E24E69180BA60D6F00C"
"tools/redmod/scripts/core/gameplay/prereqs/damage/statPoolHitPrereqCondition.script","1668","40D568400F09DC0ADC7B088FAE0BE12A9B31C3D01E27037E12277542568AFE5E"
"tools/redmod/scripts/core/gameplay/prereqs/damage/statusEffectPresentHitPrereqCondition.script","1864","82C9B968AFDD08904C830F96C5AEC7C19643682E004EC82DA3F6850A24504BBE"
"tools/redmod/scripts/core/gameplay/prereqs/damage/targetKilledHitPrereqCondition.script","2868","8401C1578C916666963CFF14E2F8A4568B1A08E87DC94D382B130F551E7F5D3F"
"tools/redmod/scripts/core/gameplay/prereqs/damage/targetKilledPrereq.script","587","FAAC8794C5826BE8490CA70672A501124CF5C944B731497562E3807031248FB5"
"tools/redmod/scripts/core/gameplay/prereqs/damage/targetNPCIsCrowdHitPrereqCondition.script","342","CEAECC17010FB9D9DED41C73CE72D6F5BDF090893511135A16A7A28F8851B12E"
"tools/redmod/scripts/core/gameplay/prereqs/damage/targetNPCRarityHitPrereqCondition.script","922","E7D09BEE37EEEA413DEAA8A064F6F76121590673A446A01CF4C18FF5E4D2C60B"
"tools/redmod/scripts/core/gameplay/prereqs/damage/targetNPCTypeHitPrereqCondition.script","851","13B5B2E5DE13824CA0B5F334D430399707F05C11A0950DB60AE703099A782B18"
"tools/redmod/scripts/core/gameplay/prereqs/damage/targetTypeHitPrereqCondition.script","843","597EE4B67BD2558FDCFC11E85A82EC186C02D96402A64FB717821010EBACDB4B"
"tools/redmod/scripts/core/gameplay/prereqs/damage/triggerModeHitPrereqCondition.script","573","19F4BD2CD1A933D1F748BFCF03AF9DE962A50A536B772B657EF7325FEF578AFF"
"tools/redmod/scripts/core/gameplay/prereqs/damage/weaponEvolutionHitPrereqCondition.script","1252","8A27EB8EF656E089596D70C4D1400D97A03A407D6896B54AF3AD8E2E3251F4BD"
"tools/redmod/scripts/core/gameplay/prereqs/damage/weaponItemTypeHitPrereqCondition.script","976","CB7A8C35F5DCDF2BFB3488DCD5768DEDF0758F606E0771917AA05F3D2B75E900"
"tools/redmod/scripts/core/gameplay/prereqs/damage/weaponTypeHitPrereqCondition.script","966","E44687DE2B3CF1570959A785929BD1D7F8DBF94E6EC1455593C4C35128E9C889"
"tools/redmod/scripts/core/gameplay/prereqs/damage/woundedTriggeredPrereq.script","2613","7A1F211CBA94CB8C8ED478F989157E5170204E411EF6058DBD5E00AD1521FBE7"
"tools/redmod/scripts/core/gameplay/prereqs/devices/connectedToBackdoor.script","846","6DB561623B56243E389003D9A05B219FDFAABD1B6FDA94C54A6C8BA59B0EA070"
"tools/redmod/scripts/core/gameplay/prereqs/devices/hasNetwork.script","886","414C7C2C22F791AA62070810DE1025A81B89FF28CADA567BEF4851EEE420D2E5"
"tools/redmod/scripts/core/gameplay/prereqs/devices/networkBreached.script","825","C8FE37CB654A9E730578F05F0755AB3FA0FA850D5E206CE855D8E2D98A975FF1"
"tools/redmod/scripts/core/gameplay/prereqs/districtPrereq.script","663","1AD0084F7DD64ED3140757CF4F3D0D47F1D4A4CC49B2536E973735C053313E0D"
"tools/redmod/scripts/core/gameplay/prereqs/factValuePrereq.script","2647","D506E9A7111EE55922F0F96AC998CDA65469943415DB2F8A819EEA7D81ABA3B4"
"tools/redmod/scripts/core/gameplay/prereqs/gameTimePrereq.script","2403","124BD717A3D73EB824F1F8EB1A8631CCAB92D44FDDAB99D3CE203737B8310B08"
"tools/redmod/scripts/core/gameplay/prereqs/itemCreationPrereq.script","1588","AC0589200DB82B016FB2C8620A83A11F8AA6AAF2934CB42C34BC8705A07BC055"
"tools/redmod/scripts/core/gameplay/prereqs/items/armsCWinSlotPrereq.script","4981","7EA08CCD9943CCC17A6E5E37E31E3FBE6BDB6D2E2A09925653B0C2F081527F78"
"tools/redmod/scripts/core/gameplay/prereqs/items/itemInSlotPrereq.script","7727","BA1A4E6B3AE8DF2F0B86FAD543F6F07FF009BBD71D62650E505E6DFF8EE4B446"
"tools/redmod/scripts/core/gameplay/prereqs/items/itemSlotsFilledPrereq.script","3261","05B691EFB5E0AB28577A75F282AAD29A02C531BF71B75BFC6AF4EE433777F944"
"tools/redmod/scripts/core/gameplay/prereqs/items/playerDoesntHaveQuickhackPrereq.script","1127","D83E49E63149C6FFAB04005B32085D1D8763CADDA447589E33F4377BAC947013"
"tools/redmod/scripts/core/gameplay/prereqs/items/PlayerDoesntHaveRecipePrereq.script","1386","47F198039E1E73732774306603C739E34B72B789DD20A134F9DA69195025DA73"
"tools/redmod/scripts/core/gameplay/prereqs/items/rarityOfEquippedConsumableItemPrereq.script","1257","4AC51E287359A13F937A088AF15C94C9EE1E5709A7D51107D2026CFFA14D8ED5"
"tools/redmod/scripts/core/gameplay/prereqs/items/rarityOfEquippedCyberdeckPrereq.script","950","48E118529B1901E49EF9402A2A86BC9507EA2EFD9DAD29915BCFB8AB26921A23"
"tools/redmod/scripts/core/gameplay/prereqs/items/startedUsingHealingItemOrCyberwarePrereq.script","2049","02C6673E561BBFD1FCF05966CFF148474E3DE00077B91AD7F20318A251A3660D"
"tools/redmod/scripts/core/gameplay/prereqs/items/usedHealingItemOrCyberwarePrereq.script","1969","37A2F058733669C984BE9BBAFBF6324BC10F19B9B8852DFEFF7817F6CA72ABD9"
"tools/redmod/scripts/core/gameplay/prereqs/onOffPrereq.script","469","854F9D8F857DA5F7A0987D65448F6CF99029EF6383F025ED5B1B8420555FFCD1"
"tools/redmod/scripts/core/gameplay/prereqs/perfectDischargePrereq.script","7375","2A91679A19AAFDCA6EC572093CDEB64FE43877762E7C15502981EF20F6AC7A4C"
"tools/redmod/scripts/core/gameplay/prereqs/playerDevelopment/investedPerksPrereq.script","1022","08624B8317F4642C4EFC3643A29D4C944AB7AF10D7990A6DF9849408BB48A1D7"
"tools/redmod/scripts/core/gameplay/prereqs/playerDevelopment/perkPrereq.script","4872","8EA4D62942C6190FFB6DFCCD5CEF97A50AAB58390DA2EBF11BC4AB7E992ACD2F"
"tools/redmod/scripts/core/gameplay/prereqs/psm/basePSMPrereq.script","3057","CF36A72C777978B8CB001C4AD869C10B611BAF3AF0A4385730932CB9E81AB686"
"tools/redmod/scripts/core/gameplay/prereqs/psm/bodyCarryingPSMPrereq.script","1734","7B660F58204A25D21706B9CA0ACB8F31FCE69E50CC7B812318B526F3993AE060"
"tools/redmod/scripts/core/gameplay/prereqs/psm/bodyDisposalPSMPrereq.script","1774","451A47D7732F344CC192E42059913F3881FF4CD9FBF0422A109096774186C7AB"
"tools/redmod/scripts/core/gameplay/prereqs/psm/combatPSMPrereq.script","1668","B20E7460C5202BA678A2924C044F0DA9A3B532F1FFC54B31234440D4D2C7A3F3"
"tools/redmod/scripts/core/gameplay/prereqs/psm/detailedLocomotionPSMPrereq.script","3572","7B64DCF18BB6159127A13C1BE061FE4F254545A50253F6A1A8AFC12490B84284"
"tools/redmod/scripts/core/gameplay/prereqs/psm/fallPSMPrereq.script","1652","730C4FF20DC8EF8B54AEBA8A4E7A20CA91D80F4AA2937E67D907BCEC433FB5DD"
"tools/redmod/scripts/core/gameplay/prereqs/psm/highLevelPSMPrereq.script","1701","281DA958EFF2D9C6AAAE3BD848BF469C2F71383409F0EB789F96C3FE43741160"
"tools/redmod/scripts/core/gameplay/prereqs/psm/isInFocusModePSMPrereq.script","1696","657A47E1D9B2CB149CB81DEE011D427DEA69D84169A34B3501F7962F4A91AD6B"
"tools/redmod/scripts/core/gameplay/prereqs/psm/isInWorkspotPSMPrereq.script","1735","257E62AEC9C4F5AB0F546A0485A0B21C3CF149CEE82BD590633A508D3B7C89EB"
"tools/redmod/scripts/core/gameplay/prereqs/psm/locomotionPSMPrereq.script","1704","A5986F301349EDD725138687061B3172122F68BB1D1FE2534D763B9168B3F79B"
"tools/redmod/scripts/core/gameplay/prereqs/psm/meleePSMPrereq.script","1643","DBB93660E256B02618146F591965799637E6E40500598FEC45C93302A22517FD"
"tools/redmod/scripts/core/gameplay/prereqs/psm/meleeWeaponPSMPrereq.script","1709","CE34438CA3CC11179ADE779E9729078486D94823443BD27591439577D02BE872"
"tools/redmod/scripts/core/gameplay/prereqs/psm/rangedWeaponPSMPrereq.script","1716","FBD1B81FF0321CC297FCAA444D0BFF5F0D5D4D393730DA8A76808321520DE5BF"
"tools/redmod/scripts/core/gameplay/prereqs/psm/swimmingPSMPrereq.script","1690","6129C15BAC6A56E48279A54A8201666F67F93EED58364C684C49B7B3C81781DE"
"tools/redmod/scripts/core/gameplay/prereqs/psm/takedownPSMPrereq.script","1690","9E7BD1E1D979DE4F03CDAB3A470729E95F57974CDA6B86AA4EE9517DA1F50266"
"tools/redmod/scripts/core/gameplay/prereqs/psm/timeDilationPSMPrereq.script","1720","C0D25B664B1E8C153F984A0446816D024577CA5F3BEC61C345C420F486F80C5F"
"tools/redmod/scripts/core/gameplay/prereqs/psm/upperBodyPSMPrereq.script","1693","3BDACB7D0EFDBA8F6E2ED6B9130BACE02590870B41384D359EA8070DCE220901"
"tools/redmod/scripts/core/gameplay/prereqs/psm/usingCoverPSMPrereq.script","2623","DA95939A5955D500BBAE662DE52E93F04FB72337A3D6B905AA0E3AE8528E6886"
"tools/redmod/scripts/core/gameplay/prereqs/psm/vehiclePSMPrereq.script","1762","96BC54758384F848BB27EE808711F90752367540668C3A66CD6CBE4192232E55"
"tools/redmod/scripts/core/gameplay/prereqs/psm/zonesPSMPrereq.script","1657","F7399A48A7E6E7A6544AFB293FA2BFD676D1C38B7A67DD4DEDC7AF5D03CCC586"
"tools/redmod/scripts/core/gameplay/prereqs/puppet/ActionTargetInDistancePrereq.script","2357","178919AF050DF6FC039A88715CA175942916617B1C79E03F22AD5FEC4A440C2F"
"tools/redmod/scripts/core/gameplay/prereqs/puppet/ActionTargetPrereq.script","1222","E99D2167DA2644409D5FF2A9AA1601A7E373FA6CA393728BB310AE49B2824ECD"
"tools/redmod/scripts/core/gameplay/prereqs/puppet/baseNPCSMPrereq.script","2184","F5E830459070C80DA812A7B2FF1A974A51BB0C78D605F63FD957A4FE3DC67E3B"
"tools/redmod/scripts/core/gameplay/prereqs/puppet/characterDataPrereq.script","972","EF8BA48AA973A597788004F143CE7C60988E6C41384C5CC4A90048F80E27F842"
"tools/redmod/scripts/core/gameplay/prereqs/puppet/ChargedItemsPrereq.script","5902","CB6FF075D3622282F233504CE41F56A1740A00D03821C3FEFBC859E78EE49AC1"
"tools/redmod/scripts/core/gameplay/prereqs/puppet/GameplayTagsPrereq.script","1036","ADB63661A65D51C90E3DF7B729709CB1FEB60AD2D00643FB1BC3F7D116181194"
"tools/redmod/scripts/core/gameplay/prereqs/puppet/highLevelNPCSMPrereq.script","3424","79810870C65484924CA2612BCD53BC2D77A8B650DA328E824F2987F27DBA63BB"
"tools/redmod/scripts/core/gameplay/prereqs/puppet/ignoreBarbedWirePrereq.script","1246","DE8A13442ECF1733AA7705E75BD03E5FF0AA5020C496A20AD6EC65535DD10E83"
"tools/redmod/scripts/core/gameplay/prereqs/puppet/isHumanPrereq.script","677","C14C64D4C9F9CFF3C5BC8FA8D103000BFB337044739E007150D9520D3ED49F12"
"tools/redmod/scripts/core/gameplay/prereqs/puppet/isPlayerControlsDevicePrereq.script","1573","7EC9CDBB12F766A6AC966364F89E90A02D5ABEFE6C0BBB2A3B7DE9219E07D6CC"
"tools/redmod/scripts/core/gameplay/prereqs/puppet/isPlayerMovingPrereq.script","3623","9EC64DD3A3205DE76BCFE1C9BB933178645ABCAF1FD470D9ACEC4756313166D5"
"tools/redmod/scripts/core/gameplay/prereqs/puppet/isPlayerOnGroundPrereq.script","2067","F8B290724CCDA8AC05061EFB9972029BCE53AD8919F5066238C0336E11AC4701"
"tools/redmod/scripts/core/gameplay/prereqs/puppet/isPlayerPrereq.script","862","EA72402716F38BFE805E3D8D7098820D31931608E24F864FE8F9DCEC4F462A94"
"tools/redmod/scripts/core/gameplay/prereqs/puppet/isPlayerReachablePrereq.script","3660","8344C591633BFB2ED96862971E64A91D24E18BD457CD02EB578293194FF33CCB"
"tools/redmod/scripts/core/gameplay/prereqs/puppet/isPuppetActivePrereq.script","2140","0B57A8155915E1E24A7523112944675B003AB38BC25C51B13C2299FBF7F2922F"
"tools/redmod/scripts/core/gameplay/prereqs/puppet/isPuppetBreached.script","1983","046A05EC06A1EB6C2D43015C4225A7ED460907041E30650C2A59B86233110723"
"tools/redmod/scripts/core/gameplay/prereqs/puppet/NPCAttitudeTowardsPlayerPrereq.script","2433","5511883B1DE8B8502407B4E1C8F128AA41A97C736C4C75E0286058F81D1609E0"
"tools/redmod/scripts/core/gameplay/prereqs/puppet/NPCHasVisualTag.script","1957","63081DB197540B6B0C10D9BEE9C935255575A70915FC3F72B8F95A523667AA85"
"tools/redmod/scripts/core/gameplay/prereqs/puppet/NPCHitReactionTypePrereq.script","4851","3F7C42BDF578B6D6064C5475D48AB1197481B165300AD3CC2110974BA97028D7"
"tools/redmod/scripts/core/gameplay/prereqs/puppet/NPCHitSourcePrereq.script","2361","B47AB3DC5B7C57E699ED269E23C1CC53DA93BE44A52BF3BCC277FD3F031E25FB"
"tools/redmod/scripts/core/gameplay/prereqs/puppet/NPCIsAggressive.script","860","D5A3EC3A78FE61DF817C91485E217948E2BD827FFF59F5208862D42EB77A2DA9"
"tools/redmod/scripts/core/gameplay/prereqs/puppet/NPCIsFollower.script","860","D70D3392DD00C911860C6A520D00E3D17127D459494C2EA4A8DB94BC0BE23AB5"
"tools/redmod/scripts/core/gameplay/prereqs/puppet/NPCLocomotionTypePrereq.script","1872","5844D3630C9FD7BF542EC86648667DD4D568B429052CF1D131C8F4A487ECB256"
"tools/redmod/scripts/core/gameplay/prereqs/puppet/NPCNoticedPlayerPrereq.script","3285","2E57AD028290DA7E103B6A4C0F3275C9584F81DB5445109985D993450020AE67"
"tools/redmod/scripts/core/gameplay/prereqs/puppet/NPCRarityPrereq.script","1290","8F6FE703AE17F3EBD839C9D9CA07179F30E6767AC6A06D5845AC1DE12028C70F"
"tools/redmod/scripts/core/gameplay/prereqs/puppet/NPCReactionPresetPrereq.script","1123","3967899488167112340B501B6011CE2B142DACA41D6689BE5BA66BE6094C555B"
"tools/redmod/scripts/core/gameplay/prereqs/puppet/NPCScenePrereqs.script","1962","18B6C5AB273F7581485CC969B0F3778BDD815111CAEB26E009C6D2956E34E3F5"
"tools/redmod/scripts/core/gameplay/prereqs/puppet/NPCTrackingPlayerPrereq.script","4283","2E529602097FC35F9FFB81A8970833613AB120125261A1E68B45D89DCD3DD6EB"
"tools/redmod/scripts/core/gameplay/prereqs/puppet/NPCTypePrereq.script","2466","1D3A53F76A630A3FD23D61E01297551574F7AD76A9F89DA87DDF22D074495B37"
"tools/redmod/scripts/core/gameplay/prereqs/puppet/PlayerElevationPrereq.script","3068","35B0D7B88B94A74B3F30ED9CC9B79ACBD603FBEF83EA2A9A5E40E2929DD2E065"
"tools/redmod/scripts/core/gameplay/prereqs/puppet/PlayerInCombatTime.script","3395","6DF8EB43D3431CCB71AE8F6FEDE5766E12444B441E4EFD3E24B22D6917D3BE94"
"tools/redmod/scripts/core/gameplay/prereqs/puppet/stanceNPCSMPrereq.script","3175","9D66DC9DEC34E734CED38F445C9DB35CBCBE361AB8B219ECC015CA3A64A1AFD3"
"tools/redmod/scripts/core/gameplay/prereqs/puppet/upperBodyNPCSMPrereq.script","1602","896866B07D20DA28A18E7B89A9AD20D4CA9B05A34976C841EC4961DAF63000A0"
"tools/redmod/scripts/core/gameplay/prereqs/puppet/VisualTagsPrereq.script","1036","C5D8DC0495A7A15E48A8CB975D0FC0FC735306DD94A7C40EB92E460C145DCD3C"
"tools/redmod/scripts/core/gameplay/prereqs/randomChancePrereq.script","374","00FB168D0AE73B4B491716B6AE4DDB002FB3C36F829FB010BEB05BEB3BB8FDF7"
"tools/redmod/scripts/core/gameplay/prereqs/scriptPrereqListeners.script","1147","24246CA58F39BE16CF9401B960FB561647F95D479BCF0415FBEF5B22230787E8"
"tools/redmod/scripts/core/gameplay/prereqs/setChancePrereq.script","548","DA28D737537A9BC69D9252B7B9A1CE0523D829AD341C87EB30B4E6C57C6D1CC6"
"tools/redmod/scripts/core/gameplay/prereqs/statPoolChangeOverTimePrereq.script","5044","6ACBAE630D90CF777CBBE42A57F3B959CBCED5D4EA7A693233C171045453A4AD"
"tools/redmod/scripts/core/gameplay/prereqs/statPoolPrereq.script","6692","638703516CAAA71B79956BD30F00EACD1B0676F74EC164DA1A0B0F7A1851DE2C"
"tools/redmod/scripts/core/gameplay/prereqs/statPoolSpentPrereq.script","2670","EAC1A63E8C3C477A37B6D483BD2C2BE17D4F207DD215696AC5A0B14CA96FDD8F"
"tools/redmod/scripts/core/gameplay/prereqs/statPrereq.script","5825","DE720E8CB9448EDE27D7BA25F2227A92DD92318D8D1D481E746393AF59BBF0A1"
"tools/redmod/scripts/core/gameplay/prereqs/statusEffectPrereq.script","5365","39F5C04EE1FC978DED0C837E864BB89DE0C54722E650D88297DFC702876D0293"
"tools/redmod/scripts/core/gameplay/prereqs/statusEffectRemovedPrereq.script","1551","F5F43224869412164A3A211363741743E97BAD842C05D3AF885A6E26A57EE42C"
"tools/redmod/scripts/core/gameplay/prereqs/temporalPrereq.script","3115","7BF4FDA27322D58FFB84DB1BBECB1DAD93C539A1B1CB56F5F30717F4F83DA516"
"tools/redmod/scripts/core/gameplay/prereqs/ui/DialogueChoiceHubPrereq.script","1149","737FAAE7C151ED7D9849FD772E5BC72FF80B4E9613E69543FF398850F81136FF"
"tools/redmod/scripts/core/gameplay/prereqs/weapon/ammoStatePrereq.script","3052","447C7D9836CAF3D6CE6491123FAD5425DE4A7015DA6B7F67659A46D4F60331A2"
"tools/redmod/scripts/core/gameplay/prereqs/weapon/reloadFromEmptyPrereq.script","3595","427357A600F69A919911FC9FB10B5E8E441F84CC759B12F5CBD938725EF245C5"
"tools/redmod/scripts/core/gameplay/prereqs/weapon/weaponFirstReloadStatePrereq.script","3196","F05E533C342D8A0B80403C8A5101F4CBF98A7956CF57FF22AFC13557B3A82AD0"
"tools/redmod/scripts/core/gameplay/prereqs/weapon/weaponShootPrereq.script","4973","C3BA4257BED8B8257469CEC397AF807F862F3C246345121F125DC3C4EF52C204"
"tools/redmod/scripts/core/gameplay/psmImports.script","37707","E23D2A6507222845C5A0D71EFFF85F8009AF7795D9A58DFBFBE7849A43489E48"
"tools/redmod/scripts/core/gameplay/puppet.script","4574","D39EC9F05CAD13EE9CDCA8BA17BAAF3998BECAA568CB1855045D8F16835E82C3"
"tools/redmod/scripts/core/gameplay/quickHackableHelper.script","20840","CAEF50E2816243F5E96369E39454ADAFEBA15F9A6D23745AE8CCF3A8F9ACE99A"
"tools/redmod/scripts/core/gameplay/quickHackableQueueHelper.script","22794","0FB8DD0031344B45CA0C3EC06CD42469B0ED7B1CCA42A54C79224545BCAA2533"
"tools/redmod/scripts/core/gameplay/reactionData.script","92","D2C2BF3E08845FBAA1799BF75BEAA4532EF9A8EED564C2F68975FFD24A9F518C"
"tools/redmod/scripts/core/gameplay/runtimeInfo.script","543","826710C8E49FA9385E51F287AFE5F7DD58A4BCD42341EB3D46359E8A80B1EBD1"
"tools/redmod/scripts/core/gameplay/scriptCaptionParts.script","275","E1F3F3273BFE97197F6337DC5D5BA5C21A035BC852E2FABA44743E04E5710AF2"
"tools/redmod/scripts/core/gameplay/signalTable.script","1021","34F53FA86325E6968115BB9350BDB7BB572EF9D22698F9F8B56BBF7382A1D2AE"
"tools/redmod/scripts/core/gameplay/targetingSearchFilter.script","2674","5088D902E23A848AE7DAB1A256EF6787869B33A6366F15A20F56891D898E6CD9"
"tools/redmod/scripts/core/gameplay/tiers.script","1547","CFD66021F1BA73A67447E98EC1A8E1DD3EF236B786D7D947AE46C9F240CB037C"
"tools/redmod/scripts/core/gameplay/vehicleCameraManager.script","1378","B4CB1DA5EF4A43BE4F5994F050A3AA234057050F9411FC04A990563096A802A2"
"tools/redmod/scripts/core/gameplay/vehiclePoliceStrategy.script","3767","5F65E7B671AA92D8FAA9F1827B03A8C5A0B24EF35BDEBB9F2424E972E5A282D0"
"tools/redmod/scripts/core/gameplay/vehicleRadio.script","377","834A5F7F502FFCC264AB5AB14D15E2A884916C9CE832BBE6F66E0629E3F7D303"
"tools/redmod/scripts/core/gameplay/vehicles.script","65363","7062FFC5E3B887E4E3735FB2F7AD8E23C9B1B89CE6B876209A56A7C14B88A445"
"tools/redmod/scripts/core/gameplay/velocityProvider.script","275","5E7A88567B5B52A344ED31C0B40D3CCD222CF293039C6E5A331A02D198DB455F"
"tools/redmod/scripts/core/gameplay/weakspot.script","22758","71DC835F1FDBD22D7E4AA739B24C7646D16FA6FCB2A045CB55EC2121668DE6A4"
"tools/redmod/scripts/core/input/customKeys.script","99","84D13997E3E94DF76D3272049D46F7F0AFF8C3DD37E309A873280380E4117032"
"tools/redmod/scripts/core/input/gamepadInputScheme.script","130","2AB3BE0F6EDC740E2CFC6CE31BAD83BE225222B67B1A2EF349FFD2004D40BF7D"
"tools/redmod/scripts/core/input/listenerActionInterface.script","1450","4335F5E43FF17ADD7E0AF8CB3677EDC791ECC16A3D59FC05F26525A5F201D633"
"tools/redmod/scripts/core/input/rawKeys.script","3564","059FBEB0EB221C2B01798FFC89CF956C21B5AF74DE14422235A26846DCD337F1"
"tools/redmod/scripts/core/math/angle.script","357","86D42CE27068BEF6658E281780DB069B6FA69ED25709EA45570760D29C864F84"
"tools/redmod/scripts/core/math/array.script","1159","04F58D156E5C0D4C1F7DA403DF4454BDCD629FA49DB42923CBB1937B5A333390"
"tools/redmod/scripts/core/math/box.script","567","ED5BA50DD5E4ADDFA4C7CE31DD9E4CD8716D93AFF92285448E9C8D3EA05EA223"
"tools/redmod/scripts/core/math/casting.script","3942","94769C4BC7201CAD2E57125959BF33E0BF6A0D996960E0A19E25C72353A719E0"
"tools/redmod/scripts/core/math/color.script","4967","0FFEE70B5105E4F04AA6B9D40685A301A1EE517DF7821BBFD6F676B7F9F49479"
"tools/redmod/scripts/core/math/frustum.script","35","2E22B10CD8EBFE0819D427143A4B914CE684C10A605F11A905032859AED9A259"
"tools/redmod/scripts/core/math/matrix.script","1755","37954BEB5D3B4B0610315F0C17AE18FE83C5CD14C581C5AADA0776904317B023"
"tools/redmod/scripts/core/math/operators.script","10957","B3A4DDADCF022C3A8CB979CE5C437C4AAB156FE27964BCBEDE3F0C6D7CC3DEC0"
"tools/redmod/scripts/core/math/quat.script","3320","FB2AAB0E832EF3C054C77B918B8D40DA7B80461817029D7880C0FDE3CA1F5883"
"tools/redmod/scripts/core/math/rand.script","402","5A667250B6423502EE87A27410D987831155DFA7C01952FABF8E65B7DF33D39F"
"tools/redmod/scripts/core/math/rect.script","139","66328198EBF91CB927B04BE94AF590E036DA21A845B7CD71280B17D9131CD637"
"tools/redmod/scripts/core/math/rot.script","1357","1BDF4E998CF00ECF1070727B2C4E4888B88F2F168C8F9A861427449F44E54187"
"tools/redmod/scripts/core/math/scalar.script","3115","A56818D6E93D5BDC148FB2CFCB46A051E6DBB9041028DA9135A46F4BF37FF8D2"
"tools/redmod/scripts/core/math/sphere.script","400","97E6B9CB3D4FE7A486D2E9753EEF251721D388F88AA579D419D2336AFCB80246"
"tools/redmod/scripts/core/math/vector.script","6952","0250F79DC4D3690D8691370B18DA1F204E4A975A0C1BBF08D007D094A739B34B"
"tools/redmod/scripts/core/math/worldPosition.script","1464","935BE39687974B960D1B5BD2F5CC77EABCC25E2C698038F03C9AE2B0D5ECBF00"
"tools/redmod/scripts/core/math/worldTransform.script","2150","D2D61B1D65E01988E502102D348A2AAF3A4092DCDB1A926C7D98103C4E016E4B"
"tools/redmod/scripts/core/math/xform.script","1939","6F5B21E6B9B5515B624F850338B2F388ED027C3D056C56C8E6301C275E6F628C"
"tools/redmod/scripts/core/misc.script","2622","557591F1790CCEBD652A66A11EB4E92A634B2B3CE4487E700D16A4F9BF3BC21C"
"tools/redmod/scripts/core/misc/scriptOptimizations.script","378","1706704FADA6CEC782936120DF6169FF0F3917A1BC8524635295E3D06B27BA8E"
"tools/redmod/scripts/core/physics/physicalBodyInterface.script","649","15B85007CAF01DC2D2CAAC6BC8D9B48374341B82C6953F35ED0673574F199EA7"
"tools/redmod/scripts/core/physics/physicalEvents.script","735","C8BC5E417F26B3CCE8709F0161B16A0657DCEC1931AF3DF7629B840965AE7A87"
"tools/redmod/scripts/core/physics/physics.script","940","B72670333F147AD707B2A215E34DD2B660D08BFE3E85465AD00760881A08EB83"
"tools/redmod/scripts/core/quest/bluelineBuilder.script","1401","5AD2256D27F76B415BDB8EBD40117C2B984DA6915C46F793037425FA8C7A4BE7"
"tools/redmod/scripts/core/resource/resourceMetricsReportGenerator.script","145","C72BCEEFAF1AC066E98633677F40800913E3565F5000A64782BC32C0D66B416F"
"tools/redmod/scripts/core/resource/resourceReferenceScriptToken.script","536","18DE1E9D2B92BDBEF3614514E7EA42186EC6A774CBE363850AB8FB0F90517D63"
"tools/redmod/scripts/core/systems/achievementSystem.script","389","D54D35C72C4D7A5B4A86A4F40A3D505C8D3A69D82B3F1EA47A1C0CABF41A4CD5"
"tools/redmod/scripts/core/systems/activityLogSystem.script","379","453A0A8FCA7803A85725817C729DA37C277643B79A358FF140CD31E4C9A244A8"
"tools/redmod/scripts/core/systems/aimAssist.script","811","2CFA13DD0BC450B83F92461232F0D8F79BE0CC2DD7ACB08682A7F7063DBB8F19"
"tools/redmod/scripts/core/systems/animationSystem.script","697","30C1544C484BE9FF96B941A7E014A827C68D4644803D8E22F7FE7873C39FB4DC"
"tools/redmod/scripts/core/systems/animationSystemForcedVisibilityManager.script","12364","E3422CE1BA38A15AA17F49D252A4F068D39DDFE209E710A30944785DF5341F1F"
"tools/redmod/scripts/core/systems/audioSystem.script","12377","3F20F3B3BF6C7756FBDC96CE1D48F6E2000BE96ACBDE9C97431FC69F3656E209"
"tools/redmod/scripts/core/systems/autoDriveSystem.script","22772","6810E4F776C9FDAC2E884CF1D193FDA8254163006A347F5326DE83E6E249B8BF"
"tools/redmod/scripts/core/systems/blackboardSystem.script","1495","46633309C505CB2D331D1062B047B2E9539195E1F4E73EDF377A936F4227B7EB"
"tools/redmod/scripts/core/systems/cameraSystem.script","1010","FC73D6AC1A6173E6156D843B9209BB1CDF20EE863FDFAC19F58159388523F65E"
"tools/redmod/scripts/core/systems/cityLightSystem.script","25000","B1CDEF1DE48EE49F27DF9E4348381052E7B8F252A1998C5C2CB14AFBE2CC2B16"
"tools/redmod/scripts/core/systems/communitySystem.script","1186","E888C555063AFBD9D054FBBC0C0526CD64B1422EE70C4E84FA8C52FD3F50E331"
"tools/redmod/scripts/core/systems/companionSystem.script","564","BA84EF71340BAF63530DCB9EE196840D23393E2203B421BC697444EB8ED98F45"
"tools/redmod/scripts/core/systems/containerManager.script","364","E9FA5929DE742521D8ACE487E7844B30096352AD468B80FC6DE9F84E5CE236E3"
"tools/redmod/scripts/core/systems/cooldownManager.script","2344","02DCB94B0F831D17F57A122E083DDC8622EA74C49E38B743B2C35F0BE21AE85A"
"tools/redmod/scripts/core/systems/coverManager.script","4137","976C3338079C590F2D5FA01926A2239F16CC085FB664F5D41184B63B3939F606"
"tools/redmod/scripts/core/systems/craftingSystem.script","118636","B45BD48FE2C298ACFED42ECFB949D2702A3C75D83348F99CC9466E5E4378A972"
"tools/redmod/scripts/core/systems/debugCheatSystem.script","1145","FD7D1791F0CB5C139F1296AAC42DCFE51F144BDAD8B98FCBA5CA39C6073ADF9C"
"tools/redmod/scripts/core/systems/debugPlayerBreadcrumbs.script","175","46425F76FBFE78E166E44C1AFA7E48C3B59D3AAFF20B3204721B87A4599B713D"
"tools/redmod/scripts/core/systems/debugVisualizerSystem.script","1922","7411CD16170D34EB7AA599A03C457C4F4943D06EE5D50C541C6A4FBE0BEEC37D"
"tools/redmod/scripts/core/systems/delamainTaxiSystem.script","4201","1101A5A7ED156533BFB0F6C6C5E4EFBF5E2A8F922B30EA2F1BC41138485058A2"
"tools/redmod/scripts/core/systems/destructibleSpotsSystem.script","944","1B829C33318046BBA25341A43D78F933B0FB36416AD7A73F98BDD9229F1DD0B9"
"tools/redmod/scripts/core/systems/DeviceConnectionsHighlightSystem.script","1839","EBC98C592FAE38586AF90D0C3607C59F627247209D76C6D7E54B0F3EC99889C2"
"tools/redmod/scripts/core/systems/dropPointSystem.script","13953","3A906F9BD72C1BECA13AD2B453C3ACCB8AFE68FAE136E858487EE3F02BD0AC7B"
"tools/redmod/scripts/core/systems/dynamicSpawnSystem.script","3765","61167143D86DBB368AABC7640426292FDECD53A032D37504E2F20F60D4E83EA1"
"tools/redmod/scripts/core/systems/fastTravelSystem.script","31358","9D6C2AE446B87254485A5C396C3A3E4664D59F2A09634620217A2A89A73F9985"
"tools/redmod/scripts/core/systems/focusCluesSystem.script","9882","71DA2F317548E8FD402D4F37A49DA6AAB8274580C02658304A79334D4541E4F2"
"tools/redmod/scripts/core/systems/focusModeTagging.script","13260","8271AA5D61047104D6AFC22550E894F72BD70BDC5F2AE4FB821FA8D1F6716704"
"tools/redmod/scripts/core/systems/fxSystem.script","2182","E7BB81FCA996CE13F4CBE50FBAFF7F3922A9DB9A897FFBA06C8EBD1CF4EEBBC4"
"tools/redmod/scripts/core/systems/gameCombatQueriesSystem.script","1331","EEB050A2B1885EBABACEB0136B0524D07A64C5BD9A9513FE9B37C3F87C51997D"
"tools/redmod/scripts/core/systems/gameInstance.script","10483","9F8AECC6B0577BD9F9FE5D0CAC374E5BFB21E045A5EE592C342935EFD2488D6D"
"tools/redmod/scripts/core/systems/gamepadLightController.script","12174","715FAD59D78BF9496EA3504D026AC119C08A369438F9613395F2C4D01E2336B8"
"tools/redmod/scripts/core/systems/gamePingSystem.script","271","1647A9FC1689C925D489B51606172BF0B9E7EA0E7EA063EF21C2E699EA257B1F"
"tools/redmod/scripts/core/systems/gamePlayerManagerSystem.script","237","1118F4CB20E3ECEF76659838EC9D3ED56DFC7A14777A6C72209D66DE4EA5A2E0"
"tools/redmod/scripts/core/systems/gameplayLogicPackageSystem.script","779","F89A78FE46A1F151F41941B5B63DF540F7EA5CD253B573E5184D31D4414D9D13"
"tools/redmod/scripts/core/systems/gameplayQuestSystem.script","7452","D1D87F2E6DF9422B3F41C38850CA6CCAAD7238E569B89A4BF3EB547E8BB5C88D"
"tools/redmod/scripts/core/systems/gameRulesSystem.script","470","B3BEBE26348982E3763B0E488C9416F8972BCBBBDC35A521B4AFB54AD467A510"
"tools/redmod/scripts/core/systems/gameServices.script","167","288DA461F030BB29751C575928446D76F8E607BDB6858522017E30A2AE7314B8"
"tools/redmod/scripts/core/systems/gameSessionDataSystem.script","9325","2D068FF44307C1162676F1413DFFC75B17E94DCB6A491A1E00BF1F605D71BAE5"
"tools/redmod/scripts/core/systems/gameSystem.script","749","B9E26DFED933903E96CD924F75713A4FD3D91140C8286B0C62B9887BF55E2AE9"
"tools/redmod/scripts/core/systems/gameTagSystem.script","240","A0AADE85CE4F3427D8520F6857CDCA907F864ADFDA3D0BBB6D189A3E66707C1B"
"tools/redmod/scripts/core/systems/geometryDescriptionSystem.script","287","F7142C19BBC070188B2E15EFFBCE7858AA0E805C2FF75B34B23164793D479408"
"tools/redmod/scripts/core/systems/globalTVSystem.script","375","D114C2B01C8458723131D6C124964B4468627EDD87F0B9A0250CB7FBE5966A9C"
"tools/redmod/scripts/core/systems/godModeSystem.script","1509","7BF557B2AA28F26D03DCA950DC912530B6738F3FBD56A350B0017CD9D3B5D6BD"
"tools/redmod/scripts/core/systems/gogRewardsSystem.script","1675","F26E6F677C218CE9836ACD20C52625459B5AE710B7AC747F4A9917C2982FA7DD"
"tools/redmod/scripts/core/systems/hud/hudManager.script","56505","6B29744A7C1A2EC072B4F5040ED7778A75406D953A2552CCB62E75494A3E4E66"
"tools/redmod/scripts/core/systems/hud/hudManagerMisc.script","9586","86F2F240272BD8A216DEB44311964764B20F952C372120E353882FC934B41D2E"
"tools/redmod/scripts/core/systems/hud/modules/baseModule.script","4409","C4088D8A7A694DF052FC33D188BB57F8B7CCB72B83F48DF0BD75839BB768DA69"
"tools/redmod/scripts/core/systems/hud/modules/braindanceModule.script","959","4CC9FC0ED2333B3D294502D6BCA84E65EEC78A5D0273992A255F0BC0E34616FF"
"tools/redmod/scripts/core/systems/hud/modules/highlightModule.script","3655","531221AFD16C88773EBDCFE1AA772024984EB45E9C8FE6DE697E68220DFB1A93"
"tools/redmod/scripts/core/systems/hud/modules/iconsModule.script","3621","B295981E19413914E7EF2BA46C510F318710813FC70CCDF37520A27442F7844C"
"tools/redmod/scripts/core/systems/hud/modules/quickhackModule.script","9027","BF00201CAD380032B1721D01BE0B6C08F5AFDD7BE9AFCD453AC94FD05D7E8A9F"
"tools/redmod/scripts/core/systems/hud/modules/scannerModule.script","1940","52DA7B9CF033CE3569D09745B5876AB157B66FAEFC479A33B1494D59CDD4F4D9"
"tools/redmod/scripts/core/systems/influenceMapSystem.script","594","BE99A8090E05382534DAD58BDC612F81139C9ED6EFB2A5C606A9067C2640DD62"
"tools/redmod/scripts/core/systems/inventorySystem.script","748","751C8F6230625951CF9161CBA3C9E417F32F655BC64B30B69BBE4FCFBBAC6CC7"
"tools/redmod/scripts/core/systems/journalManager.script","25070","8C7AEA809690DF22FDE541149D5691F9ED6051E41D4F2BB6DC6B7EE1660834D8"
"tools/redmod/scripts/core/systems/levelAssignmentSystem.script","501","0991E4F280980489FB3BC763D146E7F42D888B7A7F1582F7DF6F026F2B199C74"
"tools/redmod/scripts/core/systems/locationManager.script","243","4709DC85138972E2E6D29C850281012EE9842EFE7907F93C629AF4A370832212"
"tools/redmod/scripts/core/systems/lootManager.script","1110","E388BE51059BF7BBF78DDF50A9D835C87B9B8084644906FD44BEB2343671F46D"
"tools/redmod/scripts/core/systems/mappinSystem.script","3255","B22B4648ECB0695559BB32CDB962526FDE2492015654FD7C4609DE115DF72DE3"
"tools/redmod/scripts/core/systems/minimapSystem.script","1163","F9078D988DBB0A0D0984E547008529202342E0672F6F8C584E64FF8BB3AE7405"
"tools/redmod/scripts/core/systems/mountingFacility.script","2900","487A893008EEB3C653E33930A97EC5EA422ED20200E826A0049A91876AA3CC58"
"tools/redmod/scripts/core/systems/navigationSystem.script","4754","E4E4E5DFC4C9B010CEFFDE6A41568B7997C7315540F868CAA3979C6905911CAA"
"tools/redmod/scripts/core/systems/networkSystem.script","96371","8865F8E2CA2E828FE2A6E65AA975296774F9ECC22F9947521BC45CFD202E2151"
"tools/redmod/scripts/core/systems/objectPoolSystem.script","212","A66FB7DFFF9259FE48537F3385D17082FE176FC20A301F40AA62A6792C15E39A"
"tools/redmod/scripts/core/systems/phoneManager.script","268","C0658D4D497BED5A1CE985C54CC45C690C777AFD5DC81D06325FDF9A18FAEE21"
"tools/redmod/scripts/core/systems/photoModeSystem.script","621","FAC04DCF54A497A73EE9A10A9A03E01E5119F5896656FEA739AF775186F3C888"
"tools/redmod/scripts/core/systems/playerSystem.script","3639","CFBCC5C594975113FC5498C525ADDF48A7ACD4A5F4DC4D2936CC231FB65106B2"
"tools/redmod/scripts/core/systems/policeRadioSystem.script","13623","73C7F741C04151F28F1AE12A7A93FD6B0032B3AD0FA6F5AB13E16D6463D48C7C"
"tools/redmod/scripts/core/systems/prereqManager.script","348","7F57A09F6FAE90F52B9F7A3686740B72C8DBDA0F315F60DE8A32081E3F9CAC03"
"tools/redmod/scripts/core/systems/prevention/districtManager.script","6180","D32BA27760E58D5C858900FE00155640C82EEF85B363CAABADF3481DE8552CF6"
"tools/redmod/scripts/core/systems/prevention/policeAgentsRegistry.script","19900","49DEFE6920A5B2E392197A463388C45758065E048EC74A2394A0A031AE8E67DB"
"tools/redmod/scripts/core/systems/prevention/preventionAgents.script","1446","5AA44C279744E60619811F4D399CB8440BF46029B8D7E29F58EB531806F6402E"
"tools/redmod/scripts/core/systems/prevention/preventionArea.script","65","2DB9169120728829CD68585EF875638A078E5FC0D26E3D752E73155AF401451C"
"tools/redmod/scripts/core/systems/preventionSpawnSystem.script","8898","A234751F2954027CE63613CA9F2F3A46FD4BD3D481B800896E03428706FD381C"
"tools/redmod/scripts/core/systems/preventionSystem.script","186625","1A84D40FCE4E3BBEBFE771A41B8D1FCD5A0FD99E97C6C30896D1F13502AEB8BF"
"tools/redmod/scripts/core/systems/preventionSystemAIHelperClasses.script","36716","B9D5F05DEA5C276BD9444A7D35325224D722C5D17D8BFE87457FE6ABC3906F46"
"tools/redmod/scripts/core/systems/preventionSystemHackerLoop.script","21755","32323B9C14D2B5A61F431A41E3819E9A2D604BC69883CB85594B2C3CD1E1B819"
"tools/redmod/scripts/core/systems/projectileSystem.script","225","405EDC068AE3D31054B76F59B0C35F81C06117784A3E8C31551BDEDD76F96222"
"tools/redmod/scripts/core/systems/psychoSquadAVSystem.script","11172","09D8C4133D61AC0AC3D538FFBA3636D1EF332DA7F92127F93CC0CDCA7609EC15"
"tools/redmod/scripts/core/systems/puppetBlacboardUpdater.script","204","1A65472F4F0153608C1804C071363BA0412F53593B4EF2489B48786DE6BE1EE1"
"tools/redmod/scripts/core/systems/questsContentSystem.script","586","C7355D37C22769766CFD62D0F5669BE4A353648B6FB08A1969D060ED1D7FD036"
"tools/redmod/scripts/core/systems/questSystem.script","2785","3BC973AC64A7A69C18B2E05A46B28D3A21861E7C8D5D41CA7FE6B543D8F306AC"
"tools/redmod/scripts/core/systems/racingSystem.script","265","0405E3752304DA064502CAE4EEEE8C9D21385E2D8F4BC6C819568BEFC05B8DCE"
"tools/redmod/scripts/core/systems/razerChromaEffectsSystem.script","535","4D4A3CB0B5BF3B10917D6D40E93FE42CC5ACFFBF29E3673CD61EDFDCB5171D01"
"tools/redmod/scripts/core/systems/reactionSystem.script","4546","1945C5169867F091EB768DC1C3D496A1FA80FE0D89807E79D0ABF789807DC9A3"
"tools/redmod/scripts/core/systems/renderingSystem.script","167","8B8EE0D07FE476A4AC102EFA85E4C667CC8C3859EFF78A5AD61C7AFD18D9C71C"
"tools/redmod/scripts/core/systems/replicatedGameSystem.script","77","698AB626FAC67B2C4BED828359231FFB2F95D7A3780FEB8213E7E6BF7A849F46"
"tools/redmod/scripts/core/systems/restrictMovementAreaManager.script","3261","41CADC8ABFFFE7337B3BF147F0155CC72E209753E57830B93562FDFBE85FE67C"
"tools/redmod/scripts/core/systems/safeAreaManager.script","215","E1258BE27509DB6F96FFEED85AEF128AA879CDD42CC8B2F8A3E2AA6F21F57885"
"tools/redmod/scripts/core/systems/saveLocksManager.script","1639","680DE201440264A32D3AEA40E552C375017FFB8B3E9ABA5641C20FBAA3CB82E1"
"tools/redmod/scripts/core/systems/scanningController.script","1004","9C102C2ED1A58164B3FDE20B68251D2D17DF133FD22395D7477CB5731DB679BF"
"tools/redmod/scripts/core/systems/scenePreview.script","56","156B81CC4AE40DD08376686F5ED556944CC16944BFDDD561BA623819A5D515A3"
"tools/redmod/scripts/core/systems/sceneSystem.script","8877","A381DA1F2D3BC24124C587CFFD8FB024A3489F44767A7BC708E88738CBDF623B"
"tools/redmod/scripts/core/systems/scriptableSystem.script","1366","23B01F19069205ED21017E82FF591EB95AD38E756FD0377FA85A39385AE94606"
"tools/redmod/scripts/core/systems/scriptsDebugOverlaySystem.script","226","7A880E970A666A0112E2431C67031AC505349FAEC0D6499C83FECD14949E5D25"
"tools/redmod/scripts/core/systems/senseManager.script","432","87153FAB6778999E6E9E39734CA858B541D6E1B3E1A29D7ABFF8F36EDB52C477"
"tools/redmod/scripts/core/systems/simuliSystem.script","712","B18AF9ED4765AAFE27AFA03D315538F134A11AA466248C2E17901020BAEA8857"
"tools/redmod/scripts/core/systems/spatialQueriesSystem.script","8929","B0CBFB245320158D592775EDB12B4F0CD14033D6C82C4E1ECF1F9D7FBA893E20"
"tools/redmod/scripts/core/systems/statPoolsSystem.script","5900","69BF8EE7BD559913B87E1867AC070FABD57C7F260BFEEEA021DE0197DDA1A5DB"
"tools/redmod/scripts/core/systems/statsDataSystem.script","1186","CF42CB56A45D11B32D88E84A7D8C94A9813C0EC44E6129DB24B423DCED180706"
"tools/redmod/scripts/core/systems/statsSystem.script","5483","36D45EE93738515DA133951B125E80D4A89B8EC5B2035B513BA78E5298AE1BBA"
"tools/redmod/scripts/core/systems/statusEffectSystem.script","31049","7304DC548C861D5BC0E6305D8D57DBAB6444D2216023F819BD05E858E22FC5A7"
"tools/redmod/scripts/core/systems/subtitleHandlerSystem.script","490","678725991BE00CC9389667D704178516BFD96CC9E1AB35CC5EF950927125601D"
"tools/redmod/scripts/core/systems/takeOverControlSystem.script","36578","372A19B54CFF0F645AA711A6D2610806D7FDA1603C662883BDB522F33AADE7E9"
"tools/redmod/scripts/core/systems/targetingSystem.script","7868","AABEB8624C4DF3CAD7B72952A82D0B957CEDE42E88DBDF9FF8A46BAB421B465A"
"tools/redmod/scripts/core/systems/telemetry.script","13910","61C22EAC10053C7B2E097C8357B669D78F7ACFCCA031607CB488A417A461B407"
"tools/redmod/scripts/core/systems/teleportationFacility.script","391","D5D5BBB28C3E0CA855B859DB30174A215DDCDCA4520D3F485B4D117ABC98DE27"
"tools/redmod/scripts/core/systems/timeSystem.script","3429","4575FEBCD2ABCA5187F10DB05E1377BCE2B0F2E7269E3259F91E45E794FD621E"
"tools/redmod/scripts/core/systems/trafficSystem.script","458","A9713D89F7F6F4E2DD1038CB2CAD396CC610B9ACD5E9970C9FBE304A78A62A0D"
"tools/redmod/scripts/core/systems/transactionSystem.script","34500","EC5D8BDC73C48E5D17B15F4447530230B1277B731F5C77138B6A1D62173E87C3"
"tools/redmod/scripts/core/systems/tutorialManager.script","230","D7E7C6FE8A6F963654ECA882D8EDE7F9699DB52445F398914418D46064EA5391"
"tools/redmod/scripts/core/systems/uiObjectsLoaderSystem.script","84","7FEB8F1DA2BCC530813942B05F8CE138737484BD9F09AED8BC883F5E2710016D"
"tools/redmod/scripts/core/systems/uiSystem.script","6022","1B64C8A7A5866D9A7C67EBA9911173D6773C2C22A4DE7D5053DD669C188EE51F"
"tools/redmod/scripts/core/systems/varDBSystem.script","4277","8997E8B0C172B139C6996C13793BB26A90582C209E2910111B4B3EE713F3681D"
"tools/redmod/scripts/core/systems/vehicleSystem.script","6872","9F4CA9D8B2994FAE83259BF11DE8C79EE9B1BD0ABB2D29613CC2741DA59476BB"
"tools/redmod/scripts/core/systems/vision/visionBlockersRegistrar.script","1579","6487E14E0DB5AD52689D538EBEF83FE8509A2413FC317B73547B853811688BB9"
"tools/redmod/scripts/core/systems/vision/visionBlockerTypes.script","1123","6C466FBB2A75AD9598EFCD949DC60C0EA71327DFDD9073A44889A8B71BA860F6"
"tools/redmod/scripts/core/systems/visionModeSystem.script","1516","62483607116DB894EB3230E4BC8AF736592EB1244EF3D4EF81D111634208AEA8"
"tools/redmod/scripts/core/systems/wardrobeSystem.script","3533","311FF4DA7711CD01961039298BB0B6365CDCB303DD48756ED7CFBB1C8787E7BA"
"tools/redmod/scripts/core/systems/watchdogSystem.script","453","17D5CCF85668DA1169F71DDC69CCED2F38C591A5AEF6F58F1C3DBF8F565C9B3B"
"tools/redmod/scripts/core/systems/weatherSystem.script","886","3303720B3F30DAB9AFB4C006DF53A20720641A9A2BDF6974EDF6226608F6B607"
"tools/redmod/scripts/core/systems/workspotSystem.script","12529","84FDC04A98753C850DAE06893C2B0CFC35364BEBF1CCDF616BF9E86EE21FD49D"
"tools/redmod/scripts/core/ui/3eDemoHelpers.script","53","7A1B9B2B097D3E20620E1E613AEBC0B55394C324B65BDC70952E86E9FFED7698"
"tools/redmod/scripts/core/ui/abstractDataSource.script","255","7ADC3043D8C253FA8A4238AEA49EB14B3D4FC46F5A5AB05C934EED2DD6AA1A50"
"tools/redmod/scripts/core/ui/animationController.script","2416","6D98E57E7E72267E7A10B3384CD1205B2A38D06D7472D9C5D4692AE0E2A18FF9"
"tools/redmod/scripts/core/ui/animationDefinition.script","256","2B9CDD438FBE32E1C90A558239F0C2371DEAAD473D41137F89F8B20DE15F8A34"
"tools/redmod/scripts/core/ui/animationEvents.script","383","1902CE1F8F4CC51A3376CDBBB49EB5620E2816699BAB03693364D31123825EB8"
"tools/redmod/scripts/core/ui/animationInterpolators.script","5593","F44C1CF44AD94E84A3B0DAF00FA69A290630890143F48531C0AE70DD03574638"
"tools/redmod/scripts/core/ui/animationPlaybackOptions.script","13835","335BA813188EF528FA8EF4B4972E2FFC125D3A460AAD221A12614B2BCE6A7D03"
"tools/redmod/scripts/core/ui/animationProxy.script","1259","A4B40441C588B84721F9F7841A34ABFC234B134F1EDB02F00B2DFC830C0B9263"
"tools/redmod/scripts/core/ui/animationTypes.script","660","0B6AC884B2505F4164576EB8F7F56C4B69548B045D0906930D7696D2C40326B5"
"tools/redmod/scripts/core/ui/autoplayVideoController.script","249","10C2D530EE60EC05D89CD24A03186EC50ADA5396709CCAF4229F2DBDB4E2BA44"
"tools/redmod/scripts/core/ui/baseControllers/buttonController.script","865","198B7B0A1523945880DC4B1345DA42FD3AF659AEC5C1943F037D61F6A45268AE"
"tools/redmod/scripts/core/ui/baseControllers/discreteNavigationController.script","617","05DA4C328F3E0B4586F3E78F613C7EE120787533BDD85B0F87370E4C7955E4BC"
"tools/redmod/scripts/core/ui/baseControllers/entityPreviewGameController.script","10102","E439D489EACDA916AF674CBE4614F187DAD2D2DA6E7A3AF00CE1141D2DFBEDC5"
"tools/redmod/scripts/core/ui/baseControllers/filterToggleController.script","5238","AB6AA59BD4C8258EC504832F871E9A6D01A95CAD0C7B08CE6E0250092D1BCE0B"
"tools/redmod/scripts/core/ui/baseControllers/genericNotificationGameController.script","2158","900A75FD5895033EA800C88C65414746E1FD51370EF68AAB1275DB39352AEDFD"
"tools/redmod/scripts/core/ui/baseControllers/hudGameController.script","4419","6DEB49E8356CC78010510CD325D417FB6DF92BB826811A0B269E6ADE919E4326"
"tools/redmod/scripts/core/ui/baseControllers/menuController.script","76","21583C876B5F910F107541E35A1DF456D9BB04C5BA8BA8F26F8009A0B52A2B28"
"tools/redmod/scripts/core/ui/baseControllers/radioGroupController.script","905","A2677D06C22F13450FA79EADBD43F67361E464ED1C88FA206B3EEC342F43DF9E"
"tools/redmod/scripts/core/ui/baseControllers/scrollController.script","466","1907CF77DDD6DD3A8283AC15F08F6996E8F79FE3606D80C396901CBF22D0E5FB"
"tools/redmod/scripts/core/ui/baseControllers/selectorController.script","3237","442A46691FDF59CBB992D0C8BEDB695A0914B6DB90F81DCB3DCA8F8D043E3859"
"tools/redmod/scripts/core/ui/baseControllers/sliderController.script","4201","B45F0344DE42B770FD98BF68C7A5EAE4D01883666B29CDE7B065BECAB031BD50"
"tools/redmod/scripts/core/ui/baseControllers/spawnLibraryItemController.script","211","F84469B67518F46C899C185225ED3CF9E96499925D1AAF9326DBB468608F28F4"
"tools/redmod/scripts/core/ui/baseControllers/stepperController.script","1051","3130FCE987BD4CA48C1F7E0E73B8524D90860A2E935D69E3B18CD78970633B39"
"tools/redmod/scripts/core/ui/baseControllers/toggleController.script","493","080868595B47A64541985F2898BB81997D08895675855DA946A81FFD3D95E2D0"
"tools/redmod/scripts/core/ui/baseControllers/virtualCompoundController.script","2295","2991414CC67D133A72B30B6158C4646581850833A54528AB1D91A056C0225F99"
"tools/redmod/scripts/core/ui/baseControllers/virtualCompoundItemController.script","357","2EC51DE56DF1BE33D8BD18FDDF69F1E40AAE47ADAB5259790842A3E6615E9F0A"
"tools/redmod/scripts/core/ui/baseControllers/widgetController.script","23900","D88F008A94AB300E6A55AA51F5549369C83C8E5C1155FBB65E599FE6F59D91F5"
"tools/redmod/scripts/core/ui/baseWidgets/abstractWidgets.script","9106","6AC9515319E1E4013E02FAC6D83D2A0F8827E41BE4C45BA51B468E3D29B0317B"
"tools/redmod/scripts/core/ui/baseWidgets/borderWidget.script","127","73C567E6508BDEBE9BB59751E6D223DE27DA8E6FAE5C93313839E054DFE796B9"
"tools/redmod/scripts/core/ui/baseWidgets/cacheWidget.script","76","FA73C309CAD105D407A09577EE63C35E50F57AC26AFD73A67010D3F0BBBE18B5"
"tools/redmod/scripts/core/ui/baseWidgets/canvasWidget.script","62","13FEF43A39EDDEC850D2BBA116A51EE1EDF3D298CE07C836D31CF0020A03DE3B"
"tools/redmod/scripts/core/ui/baseWidgets/flexWidget.script","60","6DE696F303D9CD92544C745695002C0FC9E49923AE7823D1AEDBEA32385DDE9C"
"tools/redmod/scripts/core/ui/baseWidgets/imageWidget.script","1238","95E7D9CA7757FD4342B9C9A92F7C74CA1ADCEF01A033B3240DF2C7ACCE9D2C7A"
"tools/redmod/scripts/core/ui/baseWidgets/inputDisplayController.script","1218","6045D6242CC11CA3BD5EAC8986AE862028E310201513E5FE205EFEDAD1F6F470"
"tools/redmod/scripts/core/ui/baseWidgets/linePattern.script","122","0AF1B1C8B09D1AA50D9CECDFDC6406553C56EFF1C60916B18DD99FE605884051"
"tools/redmod/scripts/core/ui/baseWidgets/maskWidget.script","253","B9A6921556CF7272534E7F155709FEC8742C07997C87AFF8E2AB903596199E1E"
"tools/redmod/scripts/core/ui/baseWidgets/panelWidget.script","204","19A9C3CC561C9F3359207E126DE257257A63707A62178D567FB32C4FB09F692D"
"tools/redmod/scripts/core/ui/baseWidgets/richTextBoxWidget.script","57","2A802BDF5776E05A31A4032376A95A5E4F1D05124B48FD7F4681568FD6042C94"
"tools/redmod/scripts/core/ui/baseWidgets/scrollAreaWidget.script","666","ABE576AA1482B8D780DD3A1FCA0BB56BE8B544A2E617358981B2F14BA0BD1A79"
"tools/redmod/scripts/core/ui/baseWidgets/shapeWidget.script","326","BF3FAF31DFF8674AC9D9EB9F184744CDBD222E01DF01896330957AD2F24004F1"
"tools/redmod/scripts/core/ui/baseWidgets/textInputWidget.script","96","A8BE441F9B0DBDD6313BE44E99F10232593FDE0B03BD41937ED8EA5D74385F03"
"tools/redmod/scripts/core/ui/baseWidgets/textWidget.script","3886","A911DB06CF398EDD7BECA1CCAD4E87BF796F86FFABE9D3544AA7DF45C19A3035"
"tools/redmod/scripts/core/ui/baseWidgets/uniformGridWidget.script","329","CECA0186BE3C930BA251352D99C127291223869B1CEF15247CDEB8A0B2D18B60"
"tools/redmod/scripts/core/ui/baseWidgets/videoWidget.script","1383","48891436F0FF29DB04698C8C7FE74424EE295A51DC0EDDB074B32159B538BC56"
"tools/redmod/scripts/core/ui/baseWidgets/virtualCompoundWidget.script","86","0EE5AF3769D1E043168ED12DF7BF04637F0D3AC0EE188C749C714A0E76152655"
"tools/redmod/scripts/core/ui/baseWidgets/widgetLayout.script","1263","2386234BA1C665F2D399FC44F12040CE21A82B0358BFC713A2801D03F38A8BCE"
"tools/redmod/scripts/core/ui/benchmarkSummary.script","2214","D46F2CB7907AD7E720B4DAF51DC7FED27868592A022A6D3CD4FED8E9F00844D9"
"tools/redmod/scripts/core/ui/braindanceClueDescriptor.script","392","705D2DA7FC7E7EB2FACBD27F077A057A865FE544B411094FE2478B56487441A1"
"tools/redmod/scripts/core/ui/buttonAnimatedController.script","4052","A091EE447E39A9457EEFA626C889D39742804AE02AE8AD581BEDFAD346B795FA"
"tools/redmod/scripts/core/ui/buttonDpadSupportedController.script","1240","FBC3D5AD4FC9241E3FAB83B3233E4092C65B7C3C77902F4132A43BAB2C9091B6"
"tools/redmod/scripts/core/ui/callbackConnectorData.script","239","B23CDBB69B208AD49F55B02DA9E095974D4D7762749ED3322FC9F1918151D797"
"tools/redmod/scripts/core/ui/comboBoxControllers/comboBoxController.script","572","6AA20C2684EE9D6B8D47F8EDBD2D905E2288E798944043E6FD4DBD43C0E92864"
"tools/redmod/scripts/core/ui/comboBoxControllers/comboBoxObjectController.script","142","DC14924EC65978C8346D5E79C0E66B5B05DA003CBAF379D54C82726C45D7100F"
"tools/redmod/scripts/core/ui/events.script","2094","49E823CCB9CACFD2918A431FFA1E9B703A9E7DE58A20BDC199E7C4874F96F9AF"
"tools/redmod/scripts/core/ui/fullscreenDpadSupported.script","2547","C8F03E2F9682E693DDD390DF05B337807D580A2FD1E81DA882D8FD98C8B979CE"
"tools/redmod/scripts/core/ui/gameNotificationsUtilities.script","531","8914EB351AAADB337A889A04C3BB47D3547211517B211C9EED7B569310AECE77"
"tools/redmod/scripts/core/ui/hoverResize.script","1853","6B8297D597712EC0ABC5B04E001A0CBDEE6009FECD1B0ECF28D45BCB5A8BCCAD"
"tools/redmod/scripts/core/ui/iconAtlasUtils.script","335","9AFB59B0AD2DC060239B33B9986456AF83538BB4C20CC8EFE97AD253853A2C2D"
"tools/redmod/scripts/core/ui/iconsNameResolver.script","615","7A6C7763FD0E9E4CF1DDCFD97A5A6E73F924FDB728843FB8F4C7ABD3A9576377"
"tools/redmod/scripts/core/ui/inkDataStructures.script","2587","38499690800DE79FB60632ACAC8EA9DC43087614423EAF26A3B424EFE837C211"
"tools/redmod/scripts/core/ui/itemDataSource.script","1052","A642AF09FEF7EEA08207BF7ED42449F3DA74664B85E5CE6E2F39A488CBFF9864"
"tools/redmod/scripts/core/ui/layerEvents.script","1645","7F0F8755CDC7CC870219C86B337285297DB94A67C4D2CA9CCAE10EA10F5836F5"
"tools/redmod/scripts/core/ui/listControllers/animatedListItem.script","5455","5C4B5D5EB00E62CDAC3C5F27862A6E5C1D31A446AE8C9187B29A3DEC5A30A3BA"
"tools/redmod/scripts/core/ui/listControllers/listController.script","2051","596F5EA48EE6032F3D0E11A4069BD9F61DA18484B7C59E795A72B63C02FA343B"
"tools/redmod/scripts/core/ui/listControllers/listItemController.script","752","9364FF1F37CC93C949A9FB5325A98A029E3C38DFC5718F611917A7D8D62FA405"
"tools/redmod/scripts/core/ui/listControllers/listItemsGroupController.script","3413","094B2161D93A4B3B265507D3C00054EA8D65B4C7B495EDFAD5DF8D8E509A9FBA"
"tools/redmod/scripts/core/ui/listControllers/phoneWaveformGameController.script","4003","8FE454EB5820E155E2B5096D5DDE5B68B1D893156DD87B94ACB047D56BD4FE31"
"tools/redmod/scripts/core/ui/measurementUtils.script","2768","1B312B21011F6CF388B2A1FEBFF5BA4BBB22B26F6858339369119BCABAEDCC0F"
"tools/redmod/scripts/core/ui/menuDefinitions.script","2795","F116732B8554BA49FA58105DF57A0C576DD0997240FED693E1722579440B18E5"
"tools/redmod/scripts/core/ui/screenProjection.script","1945","6A0D32F37F28C39849D1D46A6CC100A37F09B5CA98E8CC23281F86BBFADCCDC9"
"tools/redmod/scripts/core/ui/scriptableDataSource.script","2708","BA0F74260415276AB1D8FEFAFB4C8ADB8E49D77E6DE32BC607F87299CFB5063D"
"tools/redmod/scripts/core/ui/settingsSelectorController.script","30190","AC559C73FCD7683CF5C52EA4DCA6DD972578B7135E56C6F29067897C9049CEA3"
"tools/redmod/scripts/core/ui/systemNotificationUtilites.script","301","2A981ACF5D0964CB0906C08444FBCA8FC3C44D503D1339727A820F59EC6F6D22"
"tools/redmod/scripts/core/ui/systemRequestsHandler.script","6147","6AF68A6625320B2CCC2B61D60E0B77C031A8CFAB7921E5A3E83F1E7F3F373B9F"
"tools/redmod/scripts/core/ui/textAnimationControllers.script","3246","85760A93E0F3A5D40C27960516ED73FDD253097FF3C0EA0EF8617143414C0B4A"
"tools/redmod/scripts/core/ui/textParams.script","7427","BF170AE80D03B39C112554467C88CABC34086630640EB780214AB3ED801DD320"
"tools/redmod/scripts/core/ui/textScrollingAnimController.script","5059","79E5FB7F83DF2198CC97BE8A808BCA9BE74DCA462DCD00E8D60B9F84E370CB7E"
"tools/redmod/scripts/core/ui/uiAudioHandler.script","333","8E93B2A494D5C2DA968AAF44AA6F64303947D5F99E9C8AE9C72C321834DE45E8"
"tools/redmod/scripts/core/ui/uiEffects.script","206","1830FFF1B774B9547B9837625BC19B290C06FD5FB3C0283C01DF69A94062CB45"
"tools/redmod/scripts/core/ui/uiRumbleEnums.script","220","9CD146AB4A3CF8EDC39337304F957044990892E000AFB321273529A3E0559ED0"
"tools/redmod/scripts/core/ui/uiStructs.script","1369","5B51066E7899727E092B666910ADE384C8145211455E32C6107758166A0F693A"
"tools/redmod/scripts/core/ui/uiTextUtils.script","1150","A03BEAAEF7DFC8397D0BACF790FDA8A0493E956C972F781023123D7C5F6C1FD5"
"tools/redmod/scripts/core/ui/userInterfaceNatives.script","257","2D26ED6D468AF3761CFFB7134CFCEB74BDB4E92D1ED21769E239F23AF9AECA32"
"tools/redmod/scripts/core/ui/userSettingsData.script","16689","DD196D8BB5A521AA2DE7E88D67C39A32B8447E61A13A6DB48D573E901FEAC947"
"tools/redmod/scripts/core/ui/variantDataSource.script","1216","6E932C01BE745405CB03825E812EE3DE735C9FF047EE09BA5EB1C579266D3AA7"
"tools/redmod/scripts/core/ui/vectorGraphicWidget.script","125","C4690070D101A1181D544F3B2AC8ACEEFE8DAECA4718258C6959A7364B85F445"
"tools/redmod/scripts/core/ui/views/AnimateAnchorOnHoverView.script","1987","0B73F675AE5B4128ED70547F40CD952E9080FA4582B127F58F2FB6CE37897901"
"tools/redmod/scripts/core/ui/views/baseButtonView.script","1355","471F13D1697A51DD966FAC9B16199E6FA5408E2322398BDFA2922AC8F7512731"
"tools/redmod/scripts/core/ui/views/baseToggleView.script","1139","E39DF190A567387ABE9B1D6B2169CCC820D82EE7B5D8FD0DADAFFF430D626D22"
"tools/redmod/scripts/core/ui/views/buttonCursorStateView.script","719","8FF4E90E66D46E44A635F562C3471B15EC9745FB054B89646D0972EA635D4F49"
"tools/redmod/scripts/core/ui/views/buttonPlaySoundView.script","889","2F21F9DF7F9BC805A958823780894F94EA626174018321341DD097E974783240"
"tools/redmod/scripts/core/ui/views/genericAnimationPlayer.script","1972","3AA6954D73EB16085B8EBFA594CCB439DE955F4CA2B99DF88D8893E61D01016B"
"tools/redmod/scripts/core/ui/views/inputProgressView.script","937","9BA7D751CBFAE7D03674FB82F520B73A99EA28FC005A0E5C1F43138E8C52C110"
"tools/redmod/scripts/core/ui/views/playLibraryAnimationButtonView.script","1086","7E41AB8990F539C35899D149204A52428FCB997FB9E22E30C9B6871BD4D05C4B"
"tools/redmod/scripts/core/ui/views/transparencyAnimationToggleView.script","2105","3D70BFD78F248D4365ABD8BF9A3959A1FF78C2955E43AF3544C8739B9374DB19"
"tools/redmod/scripts/core/ui/views/transparnecyAnimationButtonView.script","2170","3F0CAAEAF1A9C7FC698078B35F6F893F0C2EAFA35E1919E0159E8774E2DEA7EA"
"tools/redmod/scripts/core/ui/widgetLibraryReference.script","458","85A82351257460147AEA2EDDD7C7CBA13D39D3B79FFC457B19A6438B7AB77E6E"
"tools/redmod/scripts/core/ui/widgetPath.script","2529","D87DA5550C4F6788667C09C74800DD87A642CF9BCBE430D31B38AE2406CA59D9"
"tools/redmod/scripts/core/ui/widgetReference.script","21351","C77A356CFABC999AADE736DEBFE9B295DD8CD066B19A53AC6CE4D459EE50FAD9"
"tools/redmod/scripts/core/ui/widgetsSet.script","719","13282183A7B689CA5CBE70D7770E847B00A7E7299BB2AB5B252510B307220F5C"
"tools/redmod/scripts/core/ui/widgetUserData.script","795","DF0854DDC5AF02F95DF28C635D5DBBEA6146A8F54513E46137AA9369C86AC4ED"
"tools/redmod/scripts/core/ui/widgetUtils.script","491","89151C2F78C4D33E7F05647DF6B634ED8086E42114AB72DB6ADFB369E6B75A16"
"tools/redmod/scripts/core/ui/worldAttachedEvt.script","56","03246531B86B76AABFF6937D354AB0482CAC7CAB47C3AA4A394B92C626CAA66E"
"tools/redmod/scripts/core/world/geomDescription.script","2768","17BE1D7A4A6228462699ABBDBA8DA657FCC348EADBFCDCF7B31B95C8CD4C1ADB"
"tools/redmod/scripts/core/world/globalNodeID.script","579","C0BAB307CA00AA70C04B152CB95AAC70D30CF03A7CC1BF3902F5305B18092D56"
"tools/redmod/scripts/cyberpunk/activityCardsManager/activityCardsHelper.script","2312","045105E2FF185A907FFAF54A5B40764BB3D683075112FDB84D26EB84D0FC77BC"
"tools/redmod/scripts/cyberpunk/ai/aiNavigationSystem.script","15370","E74F16F444A82F4E21F708E5EF15DE127CA46091B58B7A6C2DE49CF84D10D023"
"tools/redmod/scripts/cyberpunk/ai/aiTweakActionSystem.script","2024","8BED1123CC2853E1FDF2B4B1B03ABF5D83003C7BCA6C23968C95BB848AD16A13"
"tools/redmod/scripts/cyberpunk/ai/commands/aiAimWithWeaponCommand.script","6962","7256BD3F23E5112BB5F5638E9C7B7C6B6AD1A6EDC324E1A743BB2BEDD471C71C"
"tools/redmod/scripts/cyberpunk/ai/commands/aiBackgroundCombatCommand.script","14151","751941924F9D549987ED40638338D9A7D84DC5324DAFE43458A15450A9BA7C6A"
"tools/redmod/scripts/cyberpunk/ai/commands/aiCerberusRangedKillCommand.script","1153","F7416B99BFEC99983E38FDDE70E2E73D23151D5254E1E3398460038BC73E979C"
"tools/redmod/scripts/cyberpunk/ai/commands/aiCommandHandlerBase.script","1995","3793B03ABB9E12FE708C14B324275C5744713516390D202BE23A4096EEBF774E"
"tools/redmod/scripts/cyberpunk/ai/commands/aiDriveCommandHandler.script","28006","C13E4D2CCC961184E089AE3BB03D37832C06A73388EF4A1600F48C1270F7B818"
"tools/redmod/scripts/cyberpunk/ai/commands/aiEquipItemCommand.script","1023","615CECECC49AEEE37CC5C5F01A81D33B509D81E3F0D61811E281588C16734199"
"tools/redmod/scripts/cyberpunk/ai/commands/aiEquipWeaponCommand.script","760","A7CC033587564C5F1A6CBE48BAED80BBD73A5F139F5CFFA123BE4A4E867EAF35"
"tools/redmod/scripts/cyberpunk/ai/commands/aiFindTeleportPositionForTakedown.script","12077","91174796292709121F04280C4064CE5DBECACA639C6C6661CE7C36D6564E28DF"
"tools/redmod/scripts/cyberpunk/ai/commands/aiFindTeleportSpotBehindTargetCommand.script","2033","6B1C273E1A65B64ED6B9E8BC70BF4052FCA309BD086DC87AF3071844ED6707D0"
"tools/redmod/scripts/cyberpunk/ai/commands/aiFindTeleportSpotKurtTakedown.script","14174","3EEAAFFDA76FB1B8D4322C6712CBC3ABC61DDC842FE545E76FC5473B2BCED052"
"tools/redmod/scripts/cyberpunk/ai/commands/aiForceShootCommand.script","6941","E17F91AD8090C88C58BC13E1D02F70EAAE65F0A5BFE7834F7BC70B38FDC1D2A6"
"tools/redmod/scripts/cyberpunk/ai/commands/aiIdleCommand.script","1953","FBA15D93E48763B1350147F269B5A20D18AB0B73A8957A56C86342D52303FAF0"
"tools/redmod/scripts/cyberpunk/ai/commands/aiInjectCombatTargetCommand.script","4941","DB06BAB62467AD2B990E1E4D3F4999072E12011C44D08CB4572488F1AD125A63"
"tools/redmod/scripts/cyberpunk/ai/commands/aiInjectCombatThreatCommand.script","6652","ACE74A17A303EEC8C66F19912B0EEBD605843A753A453CB16FE74F01ED0E21FC"
"tools/redmod/scripts/cyberpunk/ai/commands/aiInjectLookatTargetCommand.script","2881","65D0677AA212CCEE41FCD9F589BF82FBBCC64D697072109950CCB61291DBFF4C"
"tools/redmod/scripts/cyberpunk/ai/commands/aiJoinTargetsSquadCommand.script","2091","F835990CC7ECBAE8AB9794BEE91E7248C9B61E9296027ACE855A3E33A7E65D97"
"tools/redmod/scripts/cyberpunk/ai/commands/aiLineTrace.script","4237","07AD1BDF3094FF2C67C57EA7E312936B627F4D4C79D4F4D3239E1C3E1B3819B7"
"tools/redmod/scripts/cyberpunk/ai/commands/aiMeleeAttackCommand.script","5932","C45879E9DC6E2330BAAD999974BB35884AA6CA67CCD46D78F40CD0B0CAE54CB2"
"tools/redmod/scripts/cyberpunk/ai/commands/aiMoveToCommandHandler.script","31490","290104F2A2D8DFE43773E61A994F9CEB69E61DEB1B65993700E09CFA2E83E0E5"
"tools/redmod/scripts/cyberpunk/ai/commands/aiMoveToCoverCommand.script","7609","20F79D4B27F6743983396E3944C6AE74A6D811BA10BAF192D7F8082E7371204B"
"tools/redmod/scripts/cyberpunk/ai/commands/aiRootMotionCommand.script","658","1FAD32AE503D05E3318E9840D9CFCF90E28052B9EBC62BF74C103A5D5C2AD845"
"tools/redmod/scripts/cyberpunk/ai/commands/aiScanTargetTask.script","2088","4DEE29B2FC477A2BBE2E9693F8DED1B28C0971BCB303EB41F20B3E6E089FF2DA"
"tools/redmod/scripts/cyberpunk/ai/commands/aiSetCombatPresetCommand.script","3098","381260556A42BD26497A67CB3B6651C6AE19589B464951B9D20FBA141ECAECFB"
"tools/redmod/scripts/cyberpunk/ai/commands/aiShootCommand.script","6918","E51811DB91AE8838ADBC842E8603B2E3103ED0F3F889BDA8FA4E9C710E249794"
"tools/redmod/scripts/cyberpunk/ai/commands/aiTeleportCommand.script","1272","85CA4F0F3F0B4C5088B82A16F1E9975B3D798DE595BA7F3FBB2F12DE097FFC02"
"tools/redmod/scripts/cyberpunk/ai/commands/aiThrowGrenadeCommand.script","7062","A269B89098826222DDD02740CC65AA574CBFF5B414E31BE87D3AC312C675E220"
"tools/redmod/scripts/cyberpunk/ai/commands/aiUseCoverCommand.script","8131","DEC9F2BF93D06B5D5948C32348AAE9EE96C3A68C29688FC6BD5024AF6F9FDF57"
"tools/redmod/scripts/cyberpunk/ai/commands/aiUseWorkspotCommandDelegate.script","733","87CD8BC11194A6D3F463D64D7DAD8E3C94FE9F9414FE46173EFEBFC25E155272"
"tools/redmod/scripts/cyberpunk/ai/commands/aiUseWorkspotCommandHandler.script","1166","53C8D426F7C907F02B7CF65F551835CCDFD5CFEC70CA14D64143C42FBB15CC5F"
"tools/redmod/scripts/cyberpunk/ai/commands/aiVehicleBehaviorDelegate.script","7284","7166A6BBF8C25CDE822A9B5CE9171E0E3C042710677D10BB02362FEA5ACFD7F5"
"tools/redmod/scripts/cyberpunk/ai/commands/PatrolCommandPrologue.script","732","BCB4A20097CAECE3F55ADD4DD3FB8E3AF8DA0B9CC531B831F8150BF5F7B7E5CB"
"tools/redmod/scripts/cyberpunk/ai/Conditions/aiAnimationsLoadedCondition.script","1816","16FC7040808A54D31BA589C523D35B93173E918940A1B7D8AC77979B840D9A26"
"tools/redmod/scripts/cyberpunk/ai/Conditions/aiAutonomousConditions.script","24683","B78EA8CBACFB06EE61517174357083880B6C7786691F0E15B8C02FCF0719DE04"
"tools/redmod/scripts/cyberpunk/ai/Conditions/aiCheckBehaviorArguments.script","2341","A6BC8F234471A3809FF3410D8FEEAEA376547906CF10ED524210D49F7A3FEC3D"
"tools/redmod/scripts/cyberpunk/ai/Conditions/aiCheckFreeWorkspot.script","1165","A5B38719392DEC5CD49EA87C5F206F777A5F446814EA389F8ED9E3CEC7E76D8D"
"tools/redmod/scripts/cyberpunk/ai/Conditions/aiCheckLastHitCondition.script","2460","623E44523706D93E6700F96E1FBF8476E34231418D82132294A468AE5E6C2D13"
"tools/redmod/scripts/cyberpunk/ai/Conditions/aiCheckNPCState.script","9243","59135024A3C1AC6B695B49E6228CB87E76D30A91166C77FD8BAAE6D28738D092"
"tools/redmod/scripts/cyberpunk/ai/Conditions/aiCheckQuestFact.script","690","BC8DFDB015B44E01E92A8927389B59F32FE555905AB674B180DF682A22E733FF"
"tools/redmod/scripts/cyberpunk/ai/Conditions/aiCheckThreat.script","1711","CC65A9DA3512AF7CDFCFA7D57384E604F2439566E51E5041284EFF16A0F201A4"
"tools/redmod/scripts/cyberpunk/ai/Conditions/aiCompareBehaviorArguments.script","2434","4EC488182B439F8932C17BE3A0CF7AB930E4BF5033C440A0FE3749B14F54EC2D"
"tools/redmod/scripts/cyberpunk/ai/Conditions/aiDebugConditions.script","2319","467B113328BE5F128782D2B30AC05E494F0B5469FCAACCC20D4AEC692F8BAC86"
"tools/redmod/scripts/cyberpunk/ai/Conditions/aiEventConditions.script","5697","3DDEFF37402B6D264F45D711F86210F5E694F07BFF3BF15E9EDB66BAFBA92D79"
"tools/redmod/scripts/cyberpunk/ai/Conditions/aiItemHandlingConditions.script","6625","27950A01316BCDC9B422B4F05D425CFA925ACD15847040E9EBA573228D3A1454"
"tools/redmod/scripts/cyberpunk/ai/Conditions/aiSimpleCombatConditions.script","5742","10AE28A0D75B04CC1E5C3B76274EFEDB4270698A6074D4BAF14A5C03C53853C4"
"tools/redmod/scripts/cyberpunk/ai/Conditions/aiSimpleConditions.script","19790","1E9BA8D57F52BF00B982491C0004B667AD30E6EF7D2E16D0AB5967C3670F96D4"
"tools/redmod/scripts/cyberpunk/ai/Conditions/aiSlotAnimationInProgress.script","489","E5DE98CAE3B419BA25BE8511B85BAF819E3CF7ECEAA066B66DC3027FD8569DC6"
"tools/redmod/scripts/cyberpunk/ai/Conditions/aiStackSignalConditions.script","3051","E87C1FEF91CE0422E92FA65EF6798998F6C5A0D2D842636A89A7180FAD280F98"
"tools/redmod/scripts/cyberpunk/ai/Conditions/aiStatusEffectCondition.script","7213","5D222038F97FC651A86472F3151BF480112AB66C13B04A8A787C718C48447177"
"tools/redmod/scripts/cyberpunk/ai/Conditions/aiStimReactionCondition.script","22058","D9668EF374D7CE396B8D3A8C59B81712099CBD7F0F516466DA4A1F3E6E29F8E2"
"tools/redmod/scripts/cyberpunk/ai/Conditions/aiTimeConditions.script","3484","F0A7F1D6359CCCB7D2821BF3AAD7C6B7CB9D22564E19802D1D5392B69EAEF94C"
"tools/redmod/scripts/cyberpunk/ai/Conditions/ReactionConditions/aiAggressiveReactionPresetCondition.script","529","1B1CBB50EC2D3ADE1F94D21D6D4351938DE17EFDD2B47AAE82DD2A18BC3E9A69"
"tools/redmod/scripts/cyberpunk/ai/Conditions/ReactionConditions/aiDeathCondition.script","2508","079DCA8C3CACBDFEFE705A2DFD5F3455FD220D60DBE00A7D605B4349CB1CD8A8"
"tools/redmod/scripts/cyberpunk/ai/delegates/aiScriptActionDelegate.script","776","3D60FEBB2014058B01FB4900903A93E62D939DFBE0484B8ADA60BD33CC4D54B1"
"tools/redmod/scripts/cyberpunk/ai/roles/aiRole.script","18838","43E186EAABE82D765BAD5225289FD036B727A0398D39C88205EC671169CDB209"
"tools/redmod/scripts/cyberpunk/ai/Tasks/aiAlertedTasks.script","3359","35E87D1B1AF5488443A50CDFA4F11D123D2A6F5E7335658F01490EE8EB399481"
"tools/redmod/scripts/cyberpunk/ai/Tasks/aiApplyAnimWrappersOnWeaponTask.script","1000","9ED9381C224B83D8EE7ADC77489469224DE74DFAF17D206B8CA00A2005388333"
"tools/redmod/scripts/cyberpunk/ai/Tasks/aiAssignRestrictMovementAreaTask.script","2322","7EC7C881185B502FE1BFE2FD16DFD12A8ECF81492BBB79AAEA31826F2497DE9D"
"tools/redmod/scripts/cyberpunk/ai/Tasks/aiChangeNPCState.script","7363","CCFB353CD29A5298B9FD9056A98702BBDB2A2D14B50E404747850C37200310B1"
"tools/redmod/scripts/cyberpunk/ai/Tasks/aiCoreTasks.script","19607","D75C5511A3586CABB3FB7678318F04ABBD337139742EF06FB5D36762FDA8C282"
"tools/redmod/scripts/cyberpunk/ai/Tasks/aiCustomAimingTasks.script","5253","64C5B8B58FCCB90E243AD637316B73318414568FB5F75B2203A089FB569F804E"
"tools/redmod/scripts/cyberpunk/ai/Tasks/aiEventSender.script","3731","77374116FDA49505944E6D5F8E5A40E357AC039989DF14D4FAA6F473E43DBA28"
"tools/redmod/scripts/cyberpunk/ai/Tasks/aiFollowVehicleTasks.script","3576","1BE0FE72D5814CEE00234EDDB9D7DBE3852E06179F1507D63EA44EF6C8F2CB27"
"tools/redmod/scripts/cyberpunk/ai/Tasks/aiLeaveCoverImmediately.script","1263","DBD25540FCAA6EB74B46A22A6049535C030596F677EAF3F6A2D052484B8C4093"
"tools/redmod/scripts/cyberpunk/ai/Tasks/aiLookats.script","26174","CDDC37722769901C18C3760DCC92A23C151724401C41C3B6518038FA23C89970"
"tools/redmod/scripts/cyberpunk/ai/Tasks/aiLowFPSSelectCoverMode.script","611","9325C8E4986CB90F412E66557C99476DE7C1D95844A5911D64D6886DC942F1CB"
"tools/redmod/scripts/cyberpunk/ai/Tasks/aiNPCInitTask.script","3111","E8C00AF61CFA4DDB00C4FC78B86B51E9CD3B890B31850E94510CA126AA5715E4"
"tools/redmod/scripts/cyberpunk/ai/Tasks/aiRagdollTasks.script","981","FDFCD48841E094F37F022AF90404ECFD49FAD222A567243248845F7D7CE34990"
"tools/redmod/scripts/cyberpunk/ai/Tasks/aiRandomTasks.script","3610","6AE37EFAE08417E0EF334349262B2365864A77B408B067B7985C4B62FD14495C"
"tools/redmod/scripts/cyberpunk/ai/Tasks/aiReturnToRestrictMovementArea.script","4111","5DC30E8452ECA80785147E87E83B313945F55DE0E742BFA50A68E8B13E961335"
"tools/redmod/scripts/cyberpunk/ai/Tasks/aiSendCommandTasks.script","427","1916A707F408397F98205233CDFAA279FC02C1F5D977E40DD11EBCE4A8F9FF42"
"tools/redmod/scripts/cyberpunk/ai/Tasks/aiSetAvoidLOSTimeStamp.script","1268","6B385AFD14E6B7D778B7AE9F9413A0B80D1BBA491FC8A6D31A0BD600EB163B64"
"tools/redmod/scripts/cyberpunk/ai/Tasks/aiSetBehaviorArguments.script","3271","57F1A60CCC12A8CE0CF3BEAB245865ECCA6FA43CF5673365BDDA9168457B4EBF"
"tools/redmod/scripts/cyberpunk/ai/Tasks/aiSetSearchInfluenceTask.script","398","D13E9F99E560B623D382E3BE4212F55347093EDF418911B3218DB3D597954E98"
"tools/redmod/scripts/cyberpunk/ai/Tasks/aiSquadTasks.script","2134","1FA936025A72375AE55DAF044DB7D76CECD82A776C945728A77EF51A4721FFFA"
"tools/redmod/scripts/cyberpunk/ai/Tasks/aiStatusEffectTask.script","28183","EC0BAB0402783DCBEFFCC059609CAAE0D205F61720B3D479BF9CB25358A56C04"
"tools/redmod/scripts/cyberpunk/ai/Tasks/aiStimReactionTask.script","43340","D04CEBEB46EAF4A55F6144D899F3BDF40D5BA054514E807E982DDF1C509B78BD"
"tools/redmod/scripts/cyberpunk/ai/Tasks/aiTargetDataTasks.script","1709","47BEE0598793710E183EBF14A03335B255C1C797120E11A48BDA92A37ABD7DDA"
"tools/redmod/scripts/cyberpunk/ai/Tasks/aiTeleportFailsafeHelperTask.script","493","44021DED437F42D1C1793D67B84D2F0CE7829213849CCD31509C57EAE8C89EAA"
"tools/redmod/scripts/cyberpunk/ai/Tasks/aiVehicle.script","42746","561B9DB43875A266C2CE4353E6896B729202A337FB8791A1090E213DD722968D"
"tools/redmod/scripts/cyberpunk/ai/Tasks/aiWaitIfEnteringOrLeavingCover.script","718","CC9AD0295577B4B26716B6122C53024A30D8BED01D3C491D99BC2E8760E3555A"
"tools/redmod/scripts/cyberpunk/ai/Tasks/aiWorkSpotTask.script","1270","87F723C46091127807E93722EC22F94598D562DD8C7D4470D00D09E20FC9114B"
"tools/redmod/scripts/cyberpunk/ai/Tasks/FollowerTasks.script","13772","A333D264FFA8068EF15FDF0A7B6E4D14767969ABCC49E7E08F9B5A68EE1F6735"
"tools/redmod/scripts/cyberpunk/ai/Tasks/PatrolControllerTask.script","16146","9793F728C28E717E77F8D26F7BF1635A76CF4F0FE69CC37CD272B8E72B1C4C0B"
"tools/redmod/scripts/cyberpunk/ai/Tasks/ReactionTasks/aiDeathReactionTask.script","25686","DB981C41D9D35ED35063836A69ED8E971385B612C4A32222F3C3FB398EB2DE09"
"tools/redmod/scripts/cyberpunk/ai/Tasks/ReactionTasks/aiHitReactionTasks.script","28832","EE98F9A538C2F654EA4AB3F4881B808C705CD752B2DD26D0CA4931B632C7AB43"
"tools/redmod/scripts/cyberpunk/ai/Tasks/SmasherTasks.script","10802","B483B813A4F29B6E78989298D86A5F4D8AFD18914D64976E0CE20F8DC1D1FC3C"
"tools/redmod/scripts/cyberpunk/ai/Tasks/SpiderbotTasks.script","22143","51DBAF45DDDDF157C147F9DB7A8B40A54AF3FDA9FE6B88977038ACEFB8421848"
"tools/redmod/scripts/cyberpunk/containers/shardCaseContainer.script","2347","B073E764CA2985730DA872857C0860E7B48B06084C754B0D0B83DA9D9BC9FFD8"
"tools/redmod/scripts/cyberpunk/damage/attackData.script","12751","4E84B1271B9672D38AA226FA6288485DD78042D8E3E6606CC5670934CDB41EB1"
"tools/redmod/scripts/cyberpunk/damage/damageInputReceiver.script","712","7DD82BF20C65F3055E2C848C9E601EE971A113107EAA7A908A25881CD07E55F3"
"tools/redmod/scripts/cyberpunk/damage/damageManager.script","16564","9C980430D46FBF619FF0DF25CF26A5C25D3D48DFA349D01ED2ED0821BA65AD1B"
"tools/redmod/scripts/cyberpunk/damage/damageSystem.script","139123","EDD609F48A1F8D87135E734E274BA88D6FC079F36AFB8649A1AF52BFF68C9338"
"tools/redmod/scripts/cyberpunk/damage/damageSystemHelper.script","2875","1F1AF59AAD125F86A73D3E6531532F3DB438C2295B4760CCF30F21EBDFC00E21"
"tools/redmod/scripts/cyberpunk/damage/damageType.script","487","ECB834C08F8B671F52B817CCC273E466F630EAF613E8FE184475289894E8EA31"
"tools/redmod/scripts/cyberpunk/damage/dataTypes.script","3847","FAF490B4A9C17AA10266DA31946DA142EFFE2EB9B6ED5D2F165644BB5193F31C"
"tools/redmod/scripts/cyberpunk/damage/hitHistory.script","2533","79851EECD1472EC48AF48E800628F43C12B5E9779EEA4A2A8C414460CA818B14"
"tools/redmod/scripts/cyberpunk/damage/preAttack.script","3989","30C6D8C2F0B188FD35514EDC05C7871241545BB71D31A8508B3C340E285593B1"
"tools/redmod/scripts/cyberpunk/damage/statPoolsManager.script","18032","5910314F33D75D306AB4CC846F417947B2DC5008553A9791FC9997D21731A1A1"
"tools/redmod/scripts/cyberpunk/debug/debugInteractionObject.script","2286","27FD12704A03B87C29CD3BC46B68083F69AA7FE1A77FDF5229574F467B46768C"
"tools/redmod/scripts/cyberpunk/debug/debugPuppetVisualizer.script","5932","681301278A09DB4A6E3AE60088D3D34B646C49F2C32DE7C57A1556970A80DA76"
"tools/redmod/scripts/cyberpunk/debug/debugTextDrawer.script","506","B1E0532BB52A4B5DA9E126B72A0403B5789AF851A735CC577C16CB7426ACAE41"
"tools/redmod/scripts/cyberpunk/debug/fakeFeature.script","10922","32437588E3D994345BB0DF2AFD81C3FE070066EB52C2243934DD51845F5ED083"
"tools/redmod/scripts/cyberpunk/debug/itemRebalancer.script","1196","3FA6B9FF098F526A8C3F1E4AD01EA111FD5257443C057B34E02059B2B0FBAAEA"
"tools/redmod/scripts/cyberpunk/debug/strike/durationModifiers/debugDuration.script","85","1058E13BD968DFA3D28BB832C7E64393323CF83BB5905C8F438A83AEAB82E998"
"tools/redmod/scripts/cyberpunk/debug/strike/durationModifiers/debugDurationVDB.script","1144","405AD5FED55ADEEF24B71DD5EB1F9002B1928B88C4275EC39AEA13AEEF463866"
"tools/redmod/scripts/cyberpunk/debug/virtualShopkeeper.script","658","A9FB416519CBED582A4BA77753445F9E3D0851315E40E7D2CB6D5B89DEDF4DEE"
"tools/redmod/scripts/cyberpunk/devices/activated/activatedDeviceController.script","17364","1C3FA49A526796F64157A0C30B9C497843D9E83F1340DCB893D2A029B1AA1A4E"
"tools/redmod/scripts/cyberpunk/devices/activated/activatedDeviceCover.script","1009","33C284FCB43EAD2EB8CB6238E2708AEE4360FFDC5748F3E7AC41208A447A1F86"
"tools/redmod/scripts/cyberpunk/devices/activated/activatedDeviceIndustrialArm.script","3463","6FFB4855ED82B502EE93FE2C0AB10B058E87FC8BB00071D9948461122FA419D0"
"tools/redmod/scripts/cyberpunk/devices/activated/activatedDeviceNPC.script","2667","C94C6BFC71097AF194A13A507AD97533A690A5B362869DA840F3DBFC7488C382"
"tools/redmod/scripts/cyberpunk/devices/activated/activatedDeviceNPCController.script","1549","339F9AB5365A17616CF21D8BA3397987D927C583A9769A9C36DDC47FCF508D5C"
"tools/redmod/scripts/cyberpunk/devices/activated/activatedDeviceTransformAnim.script","5000","2C1443BAD15194DFF4725B34BE8178BA13036FBBEFAEEF05A6C9AF75EEA9C59D"
"tools/redmod/scripts/cyberpunk/devices/activated/activatedDeviceTrap.script","4981","5348C6070BFBA962DA590D2BE0D4FF1B010CA57EF4FB69CCF8AD2CB08AA69D6B"
"tools/redmod/scripts/cyberpunk/devices/activated/activatedDeviceTrapDestruction.script","7770","767CF2C2A131CC0D1664FBD68C092CF84C0EFA01808D5DD6F97DC61E438D5EC6"
"tools/redmod/scripts/cyberpunk/devices/aoeSystem/aoeArea.script","11719","2D0D0B565078219112E5DCAC7CBC31154F3D643FC57B0B17198D419C36CC0853"
"tools/redmod/scripts/cyberpunk/devices/aoeSystem/aoeAreaController.script","7406","7CD21D83CE571669590CA754056D25B97C56B5198A303DF72AC9D2C8E8A31D2E"
"tools/redmod/scripts/cyberpunk/devices/aoeSystem/aoeEffector.script","1886","487CEA7F3FECCE2849FC93F04258D7D4274205B0A1789EA23C5B1CE43AA0F1A6"
"tools/redmod/scripts/cyberpunk/devices/aoeSystem/aoeEffectorController.script","2103","F8B0EBC108FCABF3913FC656A125E333509AB6DEADFBB15F0A45F8B5C0302889"
"tools/redmod/scripts/cyberpunk/devices/apartmentScreen/apartmentScreen.script","2317","FE74A79BDE17C0B750C610F8159FDA09F79AC6284A6DE73B1084AFF1B97B90F0"
"tools/redmod/scripts/cyberpunk/devices/apartmentScreen/apartmentScreenController.script","8575","2E16834A450DCA330CDB912D1F87F07CC46E1406010ACB88D25BFFB933F8E3CA"
"tools/redmod/scripts/cyberpunk/devices/arcadeMachines/arcadeMachine.script","11076","C6D28C57B0CEE577BFE465C1BD0F3FC8C3ED66F590D1F2095CA7F6E481779E86"
"tools/redmod/scripts/cyberpunk/devices/arcadeMachines/arcadeMachineController.script","6730","DFF91A39C125BD052B0EC57FF987A3FF86209370D5817B98F7BCB47428E65966"
"tools/redmod/scripts/cyberpunk/devices/arcadeMachines/pachinkoMachine.script","2010","AB317411D0ACE1C2D6ABC7B946CB2FC69A7A626139979D9FC4731793B6EFE6F8"
"tools/redmod/scripts/cyberpunk/devices/arcadeMachines/pachinkoMachineController.script","1275","0688A338B6ED8C2F4B167BF74EF42E3767D556DCE5325C74171B1336DE4DECF7"
"tools/redmod/scripts/cyberpunk/devices/barbedWire/barbedWire.script","3075","DBCE79C53B0B55317DB135B9EB8246666D4BDFE5AD4BA8FE1BB71087A8C37A1A"
"tools/redmod/scripts/cyberpunk/devices/barbedWire/barbedWireController.script","279","78F78A075C3735E418D57B5B7423A6956B15C752917EABAF89583C08536C7FF3"
"tools/redmod/scripts/cyberpunk/devices/basicDistractionDevice/basicDistractionDevice.script","7424","E82FB74DDAB0E60D88230FB41277756DE2378692F8875E8D9716620262EF4065"
"tools/redmod/scripts/cyberpunk/devices/basicDistractionDevice/basicDistractionDeviceController.script","7333","4F6E88994925A11441642953B4343256BF8DDB329C31B0F2A7A1697BFF41C220"
"tools/redmod/scripts/cyberpunk/devices/basicDistractionDevice/netrunnerControlPanel.script","1181","73BB8B94F42B35A0A5949BB52DDB89CE12F2A06B2D13933A6028A0E13DD7F5D0"
"tools/redmod/scripts/cyberpunk/devices/basicDistractionDevice/netrunnerControlPanelController.script","1973","084CF1567A930B5288B46EDCF664169DD7FCABD2BB65EEBFF6E2C950B6F2DD30"
"tools/redmod/scripts/cyberpunk/devices/billboard/billboard.script","5106","6609B42888D8BDA33F5BECBCC954354F8AE7CA584BB3789E01849D67DB067BAF"
"tools/redmod/scripts/cyberpunk/devices/billboard/billboardController.script","3558","94F7DDC5D2CD87A593278EB3264D6A4FCBFA9BCEF8D232333FAB87B7DF3F75D2"
"tools/redmod/scripts/cyberpunk/devices/blindingLights/blindingLight.script","5672","AE6BE03C90A914C41F7FC449900D879B4D2F2F32F05179FFE3E8F7523D3815F3"
"tools/redmod/scripts/cyberpunk/devices/blindingLights/blindingLightController.script","3072","1B71AFEC279AFAB7A3C994D847D34580D3CE53D3BCED51D3AB82094EDCA40024"
"tools/redmod/scripts/cyberpunk/devices/blindingLights/reflector.script","960","A27677593C01F88507CADCEB863FBFD37492587DF61304217EA475162EF8820F"
"tools/redmod/scripts/cyberpunk/devices/blindingLights/reflectorController.script","2711","B42519B724633C80B9BADFA83CC0619F965ECC1B0D7058E9B01280F3FD0A0370"
"tools/redmod/scripts/cyberpunk/devices/cameras/simpleCCTVCamera.script","2911","795A24ECA3EEC7CC73C9B457C77D4CA5D93FFE15866DA24FF1DACF4C8F0BD777"
"tools/redmod/scripts/cyberpunk/devices/cameras/surveillanceCamera.script","13789","933C4419694A8FA5821CBC53368463E10924CFC26A9A2F96BFA1ADF9270451BB"
"tools/redmod/scripts/cyberpunk/devices/cameras/surveillanceCameraActions.script","15928","8D6036072D21CD5AFC357DA7896E89E7B6135984D18497BF5B5F256EEE2B0885"
"tools/redmod/scripts/cyberpunk/devices/cameras/surveillanceCameraController.script","22776","FDDF932B083CF9EF6F83F518FA3EB5B1073549525038B56BBBE44305C079C2ED"
"tools/redmod/scripts/cyberpunk/devices/candle/candle.script","782","DB6247BDB0CB0912C7BE8FD0B4A1B709CAE03358C157E98C23E186D38DC008C2"
"tools/redmod/scripts/cyberpunk/devices/candle/candleController.script","1115","330F75AD0F3357A846CD7D4C4A2A383CE8A08BABC6A00E5C1D3977C914B420A1"
"tools/redmod/scripts/cyberpunk/devices/candle/candleDevice.script","1729","C9758BE811275FE4EE76830320083367A49766EB441987777C27A8B8550C22EB"
"tools/redmod/scripts/cyberpunk/devices/cleaningMachine/cleaningMachine.script","849","8C7D60DFE4636DD58F2A0608B5AB8832324FF3951BCD1F51188158029CB768C7"
"tools/redmod/scripts/cyberpunk/devices/cleaningMachine/cleaningMachineController.script","767","9A1EE3C83A8B0F8D72A26ABE74DFCF9CA850C8B8FCCA724DE94C1B677E45EEE5"
"tools/redmod/scripts/cyberpunk/devices/components/areaEffectVisualizationComponent.script","14692","99342598F877448C23842CF102732AC00E4D54C7F7D9B27F6FF12E71A22F1CBE"
"tools/redmod/scripts/cyberpunk/devices/components/deviceConnectionHighlightComponent.script","793","31A7C623D2A354BF54633DFDB4ACD2706B00B4AB2769B715253DC8BEDA4C74BA"
"tools/redmod/scripts/cyberpunk/devices/components/inputController.script","1088","9EEF61800B8063133F344942AF0854789B3629C0652D2B2198C20A967CA1747A"
"tools/redmod/scripts/cyberpunk/devices/components/trafficLightListenerComponent.script","266","CE307884F6E6BBC8E405C1D14C9A2636933DECE80024EB32AF33723269EF8438"
"tools/redmod/scripts/cyberpunk/devices/confessionBooth/confessionBooth.script","4786","43361F288AA0BDBA32DA2A58C82E54610CEAB2CAC1831562BF82A21588184E74"
"tools/redmod/scripts/cyberpunk/devices/confessionBooth/confessionBoothController.script","5235","19A038C3322D28467DEF26E2A14EF455C89C935DB336EF6BD60E6070D3FD8081"
"tools/redmod/scripts/cyberpunk/devices/conveyor/conveyorController.script","3135","DB6F55608D694DA5DFF00F6E5F37C9C59CD619FA3EA28BBB4E98033CA9CF648C"
"tools/redmod/scripts/cyberpunk/devices/core/actionParametersHolder.script","3609","971A04C1679193E751FD39CEFD5AA3A2D4E0D3D5149DB726EB9ECC5A06C8D691"
"tools/redmod/scripts/cyberpunk/devices/core/baseDeviceActions.script","148034","2BAE28F6DEE976DE59A7CB990981322C041E43036EF0F33A659C912748A9DD82"
"tools/redmod/scripts/cyberpunk/devices/core/deviceBase.script","160424","975DED45DB4914CEA658C6A407FBE337ED91573418A3D7FB873C90C7127C15BA"
"tools/redmod/scripts/cyberpunk/devices/core/deviceComponentBase.script","25694","CF04E5CCF2661FBF912DA5CF145CEABECB6F05B34C0F4FDD49E26A24ECE4DC9C"
"tools/redmod/scripts/cyberpunk/devices/core/deviceOperations/deviceOperations.script","42522","59A411248D25983666F3FD8E6690DFEAFA0B11CDBD660417365A935009CB0E58"
"tools/redmod/scripts/cyberpunk/devices/core/deviceOperations/deviceOperationsContainer.script","8252","4D19D7FC0502D57844CEBBEEEA04C07AE56C60136E7C4823383E4E336462FA40"
"tools/redmod/scripts/cyberpunk/devices/core/deviceOperations/deviceOperationsTriggers.script","18528","8C068D6D299C1EC494090FC053F5BD00DDC07A8D9CE29BE9686DDC3BA6CBA7F8"
"tools/redmod/scripts/cyberpunk/devices/core/deviceOperationsComponent.script","57805","EBFE6C02122F7EFE007D44EB0FEE6FE0B206DA47B7F6937355AACD2C57CE69F7"
"tools/redmod/scripts/cyberpunk/devices/core/deviceSystem.script","2613","9F2F1E617084FB40BCE8ADCE5818041E4AA6DB010DF2B8DC5EEB6DC3E5B1D8DB"
"tools/redmod/scripts/cyberpunk/devices/core/gameplayEffects/effectors.script","25372","9B67AEA06290F1BB0D9D1952FDF4C9A28F8672DC473B708887FE22246750499A"
"tools/redmod/scripts/cyberpunk/devices/core/gameplayEffects/filters.script","15672","057CB56B3F8024C7507422318EB60E8ADDDEAB7C92A15E31E591586885F6EB6F"
"tools/redmod/scripts/cyberpunk/devices/core/interactionInterpreters.script","1571","500182AEC9B50B323975817304CF85C3B1BFBC9A099157DCC0316BDDD7D9223A"
"tools/redmod/scripts/cyberpunk/devices/core/interactiveDevice.script","20585","B9DAF75307BE38AEF49368AA08486EC806B0B4707ABF8F17DB18D4450AE98DCA"
"tools/redmod/scripts/cyberpunk/devices/core/interactiveMaster.script","4271","7477B904845982BBF06FD923B0F8720A4A7598DB9760F760628C7BBEE71E7F4D"
"tools/redmod/scripts/cyberpunk/devices/core/masterController.script","17561","69E4031010A8C1F503E1A17D1978D6B321AA3745629B258EA4C550100D323900"
"tools/redmod/scripts/cyberpunk/devices/core/peripherals/deviceMappinsContainer.script","5301","270F5DC85AE67D3775C0212F0D1C525BF3B2CC26A10381A4378B59B3EED3D24F"
"tools/redmod/scripts/cyberpunk/devices/core/peripherals/deviceTimetable.script","4498","A832F1A2900C19FA30B06403DF46E2C0E7F331B4481BEA7B0E382C7C7CABA05B"
"tools/redmod/scripts/cyberpunk/devices/core/peripherals/deviceUIEvents.script","859","3C6982A2C2CB77E6D8CC8BE17A5C996D8517BE6FC30E34CAE38BE5164F4AB6F5"
"tools/redmod/scripts/cyberpunk/devices/core/peripherals/gameplayObjectiveData.script","2423","13AD6AFE983DD2B9531F4AE82805E6AEFC81292E4E7ED797958AC4F739E9EC44"
"tools/redmod/scripts/cyberpunk/devices/core/peripherals/masterDeviceComponent.script","336","CC3FFB4EEABAC64C7DE934E2B617B483F241A5BEB8FBBEE011DB9FABBE8EE8A3"
"tools/redmod/scripts/cyberpunk/devices/core/peripherals/notifier.script","1117","59B8450FE5AF2604E88867136DA1766F5F242C2982F410927A9FB030A506264A"
"tools/redmod/scripts/cyberpunk/devices/core/scriptableDeviceBasePS.script","218297","A7C7D463E0351E66078005CA140F4FEC7BA7F7A702F8F807DFD8511FD7F89D4E"
"tools/redmod/scripts/cyberpunk/devices/core/sensorDevice.script","97063","4853FAFAF8A04D11AC8F75E11C7C8DB723FC514A92A1F650DE96E9D06A5166BD"
"tools/redmod/scripts/cyberpunk/devices/core/sensorDeviceController.script","27189","E1335610CE44F6C1ACCF9972E271813B4AE7AEECB203453797B51072A6589820"
"tools/redmod/scripts/cyberpunk/devices/destructible/baseDestructibleDevice.script","2944","B72AC3E93B52D6FC311DB23C0BD23C5B5FDBF6875892B225941102257A5C0CF2"
"tools/redmod/scripts/cyberpunk/devices/destructible/baseDestructibleDeviceController.script","1727","8337CD824C4CFB69045F42F7A48F19C678A52C9C99AA4401CB2A0EAFD964B09F"
"tools/redmod/scripts/cyberpunk/devices/destructible/destructibleMasterDevice.script","1003","E0DD5EE6F65C53BA0CE0BB0787E5335934BB8F92F25FAA30636D83620D569692"
"tools/redmod/scripts/cyberpunk/devices/destructible/destructibleMasterDeviceController.script","1532","1372DD1C0C5BC3D7DC6FB13E42FE464CE4AB575383D33B3DC17338B71AA27570"
"tools/redmod/scripts/cyberpunk/devices/destructible/destructibleMasterLight.script","5164","ED56C10E6624CEF81E86822AE7DEF58C931EC00D75846BA7AAD05BE5CB9DAC98"
"tools/redmod/scripts/cyberpunk/devices/destructible/destructibleMasterLightController.script","2269","BB8DB90BB0B77BF324A1029CEC7A94C99FED319978B509B9248B99541B23211E"
"tools/redmod/scripts/cyberpunk/devices/destructible/destructibleRoadSign.script","2176","4F95E211B64A1160D261AE21E05E2F1052622FE050831A3F10556702A2FD520F"
"tools/redmod/scripts/cyberpunk/devices/deviceHelpers.script","10316","275A894EE9F2014454D3D398937A4B034172A8BA2899458FF36ABD413CBA1124"
"tools/redmod/scripts/cyberpunk/devices/disassemblable/disassemblableComponent.script","2128","8C48983B76E461D886CDD1993144C4A715AC5B3B1FC58BFEC3C37B43E87E634C"
"tools/redmod/scripts/cyberpunk/devices/disassemblable/disassemblableEntitySimple.script","2039","382194E5E4BF4AF8579311B8B91FFA87D5BAC9BFF08863ACB99A6F143255EE3F"
"tools/redmod/scripts/cyberpunk/devices/disassemblable/maintenancePanel.script","4011","FB7C490BC863519EDFC5493D419FDB920C7E29B93D154C12FB979690D832E246"
"tools/redmod/scripts/cyberpunk/devices/disassemblable/maintenancePanelController.script","2647","4FAFABA2D7CF02C8A203CA707579FD3CC91209EC0C7FA67039086644E6AF0EB4"
"tools/redmod/scripts/cyberpunk/devices/disposal/disposalDevice.script","24307","ABB05686E67B6D8D66FCE94AC2A37E4459E67305BE135493EE453F1E76F82EBE"
"tools/redmod/scripts/cyberpunk/devices/disposal/disposalDeviceController.script","19700","A2FA389C5098FA5EC8BF875228E1B2BCFCF72DE05F95EB0EB9AED70751CF6992"
"tools/redmod/scripts/cyberpunk/devices/door/bunkerDoor.script","6233","3159B045479796224AABDC2B7662A9A7DD6FF2BC866571B87099AB2995290F4C"
"tools/redmod/scripts/cyberpunk/devices/door/bunkerDoorController.script","5306","F3B52A0A91876B4322506207546723EED694FB40C9A1563CD6FC03FBB87E579B"
"tools/redmod/scripts/cyberpunk/devices/door/door.script","50923","71570E39FD4AEA5257EC88FE362B84867E37754B1469716CFEC2F458F2536741"
"tools/redmod/scripts/cyberpunk/devices/door/doorActions.script","17960","1714410F29D856BB8A05C7B67EC7B47A9226BF880FAFC2147C3A0B581B0B6C94"
"tools/redmod/scripts/cyberpunk/devices/door/doorController.script","51763","566DEF46BEAC2F3C6A199127DB0F33728C9AFA3605CEBAD7250BE604A637659D"
"tools/redmod/scripts/cyberpunk/devices/door/doorHelper.script","1896","CBCE616D7D259DBB58D837A0B6E22C4ED355E28A8C5655C31C0AB38D52E84DBF"
"tools/redmod/scripts/cyberpunk/devices/door/fakeDoor.script","1505","2663008BF3E7AFC50BDB8BE25F51B5FDA953A17F5BFDB0EE3E687A8466EF2151"
"tools/redmod/scripts/cyberpunk/devices/door/judysDoor.script","51400","7FA5530C84DB9D99A3880F2523FDD96700AE708DE9680063BFFE3FE51F8DED2F"
"tools/redmod/scripts/cyberpunk/devices/dropPoint/dropPoint.script","7149","EDF11896F190391F28B777B06EE89D8A03A40DA6AFF310D8A0E5CA9DAD333955"
"tools/redmod/scripts/cyberpunk/devices/dropPoint/dropPointController.script","9626","903E0DDA00553CBA6943FE7F8B5C0F8360820778263E94B9EA646EFAB948404E"
"tools/redmod/scripts/cyberpunk/devices/dropPoint/dropPointModule.script","46","3149D95AFD2B1FDB2881C0D012BD2DBB025A8887C9FE426F23EECDF0055109A5"
"tools/redmod/scripts/cyberpunk/devices/elevator/elevatorFloorTerminal.script","2912","AB3C02D2158E28C945A556E93BBFBD77FDB078F080BEC712AA8A9D36850359A7"
"tools/redmod/scripts/cyberpunk/devices/elevator/elevatorFloorTerminalController.script","17751","0718F0C0024DA9DAFF5116EE039EA6DBADEA67337FD147C3BED732D13ACF9198"
"tools/redmod/scripts/cyberpunk/devices/elevator/lift.script","33963","184061AD9ED101BF1A5F27C7F7C416905CD09B20FBBF548B8E65B5CD701A371E"
"tools/redmod/scripts/cyberpunk/devices/elevator/liftController.script","45242","0CA2A0C9A81CC2BE00B2875E716BAF55105B98914B521F6BFF68339E715BDBBD"
"tools/redmod/scripts/cyberpunk/devices/elevator/numericDisplay/numericDisplay.script","1232","4330F0D7BAFDA2FB48B60917C449D76EDF0ED1AB88C008AE2088D14E0B1738DE"
"tools/redmod/scripts/cyberpunk/devices/elevator/numericDisplay/numericDisplayActions.script","709","57F024435DF769B718C9825D71192DAB53D41DE496BBFF237BD6E0E86AD1598F"
"tools/redmod/scripts/cyberpunk/devices/elevator/numericDisplay/numericDisplayController.script","3635","74D794C5CE18EA079AAD5557D5C9BDCC8214F7404CEDEA85ECF7F0A8AB871EAB"
"tools/redmod/scripts/cyberpunk/devices/exitLight/exitLight.script","1187","CE9952B337F0BC3C114CAC0C1ACEFB0D8F7D9B4200CFB91A45EDB57FB5FBF174"
"tools/redmod/scripts/cyberpunk/devices/exitLight/exitLightController.script","546","ECC066259503CFFFA35356CD0D1840690758F687DD357F79583669DC569E8CCB"
"tools/redmod/scripts/cyberpunk/devices/explosive/c4/c4.script","2629","3142BE05AA0C424E68C6379C95EC5C2D586C43DB268CD348EBF9CFB462C6B566"
"tools/redmod/scripts/cyberpunk/devices/explosive/c4/c4Controller.script","6973","F8A9CA81A5C6717EF5011E4D454A997B291EE3756DACB4FF0EFAFB34A3EFDDCA"
"tools/redmod/scripts/cyberpunk/devices/explosive/ExplosiveDevice.script","25382","749A941DF6D473F3E5AFA1C81BA89FD2DA7C3770FD82B78B0081085188E114E1"
"tools/redmod/scripts/cyberpunk/devices/explosive/ExplosivedevicePS.script","17916","69D9975B506F5E6605CBB8DC259C5B0467889AC57490B9000105851BCB8578C5"
"tools/redmod/scripts/cyberpunk/devices/explosive/LaserMine/ExplosiveTriggerDevice.script","9604","6447CB0661EAF093228EDE38A3348F892BD09E26D396FCAB588560D6536170F8"
"tools/redmod/scripts/cyberpunk/devices/explosive/LaserMine/explosiveTriggerDevicePS.script","10599","A8DC2F746F7EDD0655BB1E287B5F95DC35DCC578E7DAB1097EDDDA7533172C97"
"tools/redmod/scripts/cyberpunk/devices/FactInvoker/factInvoker.script","1057","7199645342194D4C3645AFC1927168C3257AA5245F974C9B1017A2E075B93592"
"tools/redmod/scripts/cyberpunk/devices/FactInvoker/factInvokerController.script","3123","7BFD846C1758001226B86F729270FC9C23F9DDC7385348389CE3CA92E9263B7E"
"tools/redmod/scripts/cyberpunk/devices/fastTravel/dataTermController.script","6576","24A08C15BEA9E40AD36C130582F6B2945AC53E077A55573A86086376C695693E"
"tools/redmod/scripts/cyberpunk/devices/fastTravel/dataTermDevice.script","17091","03F59A3DD8A8DFCE920E3C2A7DAACE977D2E65E739BBCF9B310DCF6DDD9E5DAC"
"tools/redmod/scripts/cyberpunk/devices/fastTravel/ncartStationMarker.script","2574","EB319C599F4BDAC58B557CD49E54689ACE9A683EEE3823A2B4085F4EDF7AD490"
"tools/redmod/scripts/cyberpunk/devices/forklift/forklift.script","4059","E251B96584B618F4D8DB103FA15DBA852F37B97C069B41CC20E4D2F984443E26"
"tools/redmod/scripts/cyberpunk/devices/forklift/forkliftController.script","3368","5ED397C25E3C7A5518A88784458164EC3D4B45C255E8305CC26762FB480E984D"
"tools/redmod/scripts/cyberpunk/devices/frame/frame.script","9334","4CD5D628ECFE6130A8BF71A066F6496BA4FBA8C9CC7FA422A5EBF918645BFE7B"
"tools/redmod/scripts/cyberpunk/devices/frame/frameController.script","3209","4B46AD59907B8F2405E908DC4B404E51863DC32DF33E407BC11A11762038A190"
"tools/redmod/scripts/cyberpunk/devices/genericDevice/genericDevice.script","10203","2BE87F32DF4B4AE7E6F58FA9A6C719482943BD0264A0DEE06389081247F6096D"
"tools/redmod/scripts/cyberpunk/devices/genericDevice/genericDeviceController.script","35300","92E47FF41DB6A9B23AF6321EC5A259371E20BC55115E7433EE7067FEDF91DCC0"
"tools/redmod/scripts/cyberpunk/devices/genericDevice/simpleOnTurnOnPlayEffectDevice.script","1311","A7150608E3CCB5A9703F60545662342351221BF1DE03ADCDDC5CD5F3C864C738"
"tools/redmod/scripts/cyberpunk/devices/genericDevice/simpleOnTurnOnPlayEffectDeviceController.script","517","A8FF9575928BBA33556136883F26F95D712C7D49AEE9B35DD4EAC98611B64D54"
"tools/redmod/scripts/cyberpunk/devices/holodevice/holoDevice.script","1722","F5AC64AB1EC1EEF882C7BDDE10AE959B24EDEECA64F3B9418FE349C053F476E2"
"tools/redmod/scripts/cyberpunk/devices/holodevice/holoDeviceController.script","2073","8C32D70DBAB23168F316BB566D399F3CB3F9533F7F0E41BA7C8A8A0C3C9D8E0F"
"tools/redmod/scripts/cyberpunk/devices/holoSigns/interactiveSign.script","1149","A3305665A94A9A094ADF7F43EA3F8C388FC7A2AAC1DDABDD2308F73C0D4C9372"
"tools/redmod/scripts/cyberpunk/devices/holoSigns/interactiveSignController.script","299","EEEEA641BF4AECA688731352ED0FE736883FA957B76924116DB00D1298CBCB69"
"tools/redmod/scripts/cyberpunk/devices/homeAppliances/fridge/fridge.script","1746","72CB0A73E2C9B37922674CE62192DFBE7F7530BC8D6AC245D28812C74ED0C9F9"
"tools/redmod/scripts/cyberpunk/devices/homeAppliances/fridge/fridgeController.script","2308","C7A50867E202055F0960B6932994E220E454B9F831984854377A9589DFA188A1"
"tools/redmod/scripts/cyberpunk/devices/homeAppliances/mediaDevices/holoFeeder/holoFeeder.script","1824","B385D5C5D3D882C1E85C896A1F29DAACA5368697EE2EB11FC4992BF63E97683D"
"tools/redmod/scripts/cyberpunk/devices/homeAppliances/mediaDevices/holoFeeder/holoFeederController.script","1517","797FACD7B4F17473900041CAE98EE6805B7C3CC684E3111C5ADD0ED1F4ACA201"
"tools/redmod/scripts/cyberpunk/devices/homeAppliances/mediaDevices/holoTable/holoTable.script","3576","EA176557A0359D0487430F668272DC147D1BA5F004845F830254BDB49E039907"
"tools/redmod/scripts/cyberpunk/devices/homeAppliances/mediaDevices/holoTable/holoTableController.script","2305","8090F6DE1E5F7F5976885E2D7D93779413805DA672BDF76F89E6ECA68B8FAC41"
"tools/redmod/scripts/cyberpunk/devices/homeAppliances/mediaDevices/jukebox/jukebox.script","4174","50A17FE9FC27B0CE6975C00AC58AE9A636CF80EFAB82D1C69E44D67704B8DB20"
"tools/redmod/scripts/cyberpunk/devices/homeAppliances/mediaDevices/jukebox/jukeboxController.script","6384","378D029F37A2F0F87174DD7608912AFC2398A2BF08C6201AECE70109C9681743"
"tools/redmod/scripts/cyberpunk/devices/homeAppliances/mediaDevices/mediaDeviceActions.script","8349","1C3AEE49B675B84DA844718E57292961F4F684DD71999CC473F60F97445B1872"
"tools/redmod/scripts/cyberpunk/devices/homeAppliances/mediaDevices/mediaDeviceController.script","10146","140946368F21A8DE1E0FF3E11E96803DF6DFEEF2DC7232CB5C5E8BBACA5DD54D"
"tools/redmod/scripts/cyberpunk/devices/homeAppliances/mediaDevices/radio/radio.script","10753","962BA1447B1F17C75A87A7D55ECC05C0900035EFCC225203860FF10CDA74976F"
"tools/redmod/scripts/cyberpunk/devices/homeAppliances/mediaDevices/radio/radioController.script","8393","1601FEDBB4745B14CE62C72A62B3F13E0BEBC1017B292CDFF491411B57FA78D6"
"tools/redmod/scripts/cyberpunk/devices/homeAppliances/mediaDevices/radio/radioStationData.script","7912","97D30BF5CA57207143ADB772AD6627D47757783B6B2CF39781F91BBFAA8E6F18"
"tools/redmod/scripts/cyberpunk/devices/homeAppliances/mediaDevices/tvs/displayGlass.script","3361","41E4D14ADB893BF56DAA26169944777C72A6AAAE2BC4468524E3B659AE7C04D4"
"tools/redmod/scripts/cyberpunk/devices/homeAppliances/mediaDevices/tvs/displayGlassController.script","5672","E6A0A5CF7D209D361CAE901936C40460E0F0B3EB9CCA58761C6E44CF44F9BA88"
"tools/redmod/scripts/cyberpunk/devices/homeAppliances/mediaDevices/tvs/movableWallScreen.script","2081","EF8A5659C307F91AE8306DAB9611D43F60CC38ADEA7354918F79296646EA7EC2"
"tools/redmod/scripts/cyberpunk/devices/homeAppliances/mediaDevices/tvs/movableWallScreenController.script","787","458CDD0FF1F056C60E29A5C4FC6A58E118C0167C5E9DF1C5A374EEE70FFE70F8"
"tools/redmod/scripts/cyberpunk/devices/homeAppliances/mediaDevices/tvs/sceneScreen.script","1810","366686723DB85AB8E4049E7C65B2845C960C9C2D9FFA7B9EC5FD5483C72FB857"
"tools/redmod/scripts/cyberpunk/devices/homeAppliances/mediaDevices/tvs/tv.script","10008","8C7AE8B93163558085FE3B726EADD05384865E90B270F553857D4886D5A7A75E"
"tools/redmod/scripts/cyberpunk/devices/homeAppliances/mediaDevices/tvs/tvController.script","15485","0D57FD4A2F9F3E17403DF293FED240518A7F878CF3184331DFBEB522FD88654E"
"tools/redmod/scripts/cyberpunk/devices/homeAppliances/mediaDevices/tvs/wallScreen.script","1843","9EB097AECA7392E329C9F898DD82877D57C434560E7E7D24963A6A16C7E7733E"
"tools/redmod/scripts/cyberpunk/devices/homeAppliances/mediaDevices/tvs/wallScreenController.script","2227","D6BD7ECFB3FDC78080EC94BEE23892F1F2630A957D0F5E7B876BBEB7A731C29F"
"tools/redmod/scripts/cyberpunk/devices/homeAppliances/toilet/toilet.script","1257","09806253D29BD85B7D7C35EDFE3F9FE3BD1E4623A1297672BCF9DE52501CA592"
"tools/redmod/scripts/cyberpunk/devices/homeAppliances/toilet/toiletController.script","1619","0C4A65CE8AB38709E2555A01AF4EF6AA443EC0E64EB3D4FC2B2622A19CC2AC03"
"tools/redmod/scripts/cyberpunk/devices/homeAppliances/window/window.script","2500","810AE34AE0E1623BAB7E8B0A72ED2F16A8118D4A6A92F053EF40D220234FF46B"
"tools/redmod/scripts/cyberpunk/devices/homeAppliances/window/windowController.script","1647","60FB89A305464A6E888A485A985A46AA52B89986077162D4C6BB6D903EABF3EF"
"tools/redmod/scripts/cyberpunk/devices/homeAppliances/windowBlinders/windowBlinders.script","7683","0F9B34756E6A653E557F593D122A9EFD9D0209B341DE74FD5CB8BA4C21108DB2"
"tools/redmod/scripts/cyberpunk/devices/homeAppliances/windowBlinders/windowBlindersController.script","11410","56B4E871A9739216F36E48BB70E9F8796D1B6FCE12469CDB27BFE382CA050B1E"
"tools/redmod/scripts/cyberpunk/devices/intercom/intercom.script","5108","D73BFDDF77935705B3BA2A050E8F6BE6CD7472B19A09AC42D7F782FCE9547249"
"tools/redmod/scripts/cyberpunk/devices/intercom/intercomController.script","7144","FD258B22EB8C5FBB3A4772D6A5CA32C3554D55F404566161EB3F5826D7A52D50"
"tools/redmod/scripts/cyberpunk/devices/interpreters/viabilityInterpreters.script","3937","9438FDAFCF482165EFE8FE74B1994A9CE12C0BF255F6FE65BCBE3A02A8E13AB0"
"tools/redmod/scripts/cyberpunk/devices/jumpPod.script","1555","67D159126B0D108555D6A70509C44B410C3BAC46E865B5D7F6022126EE9BC614"
"tools/redmod/scripts/cyberpunk/devices/ladders/ladder.script","915","D2E18E9F70E2A4D9FFF105F28731AE371B1818F105DAA45BCBE87E96D67AA1BC"
"tools/redmod/scripts/cyberpunk/devices/ladders/ladderController.script","1271","9C07AFB4C7958D1DBE3AEF847A5C8D6CD92E2957880E7D126F9D03D992EE46FD"
"tools/redmod/scripts/cyberpunk/devices/ladders/slidingLadder.script","4187","65EB5280BE49A7E8658717CDDFCA38E1F4B71F37CC835862A1B59FAF479EB9E0"
"tools/redmod/scripts/cyberpunk/devices/ladders/slidingLadderController.script","2124","12E35F670D83764CA7F5058920C7A7B724DB5BCACD5B05A073C3CA117337A22A"
"tools/redmod/scripts/cyberpunk/devices/lcdScreens/lcdScreen.script","5607","CF592F78F6779168E892CFA99434AD56DE7A0C15C518406FAB7CD8819315371E"
"tools/redmod/scripts/cyberpunk/devices/lcdScreens/lcdScreenController.script","5121","6A4C0F152B7227DF31D9C10884B2270487994F955D8D653749E7882263E7E010"
"tools/redmod/scripts/cyberpunk/devices/lootContainer/lootContainerAccessPoint.script","926","837EC3A865E5426069E2DA2802001F2078CA94DCA53E66E32DF71AFF0634EEAE"
"tools/redmod/scripts/cyberpunk/devices/lootContainer/lootContainerAccessPointController.script","1480","C8B747E9621E7AD3481A42599D2C9CC1C60BE687036CB692989EAF9793656D30"
"tools/redmod/scripts/cyberpunk/devices/masters/accessPoint.script","5835","7938956F63D5846A26F25BC69D141FE2EFFFA83E54B1554C4EFB724142737725"
"tools/redmod/scripts/cyberpunk/devices/masters/accessPointController.script","44248","14279A8E6BF817AE954695614A40C415D96B8830ACA63CB39A7340B1169215FA"
"tools/redmod/scripts/cyberpunk/devices/masters/actionsSequencer.script","639","D4BE670469763EA979904C7531F585F52077ADD75A56C2899C45ED9629B9DD7D"
"tools/redmod/scripts/cyberpunk/devices/masters/actionsSequencerController.script","12767","A6B7ACF94CF334C42294E6813AF69681F518EABC54F1B8BE428D49418C39BEB6"
"tools/redmod/scripts/cyberpunk/devices/masters/activator.script","6034","DF41313542126198457788DC5CC8D563AF8D1E044BB584CDD403A9639BD2A1E4"
"tools/redmod/scripts/cyberpunk/devices/masters/activatorController.script","10073","F503B994D8535C255E49A6D08BE19ED717DFA47B72078CC14BFD9C9B5CD4A272"
"tools/redmod/scripts/cyberpunk/devices/masters/computer.script","14671","88887A13FAA5589F9A144AF9EF1F92B4580751FB7B54BFF5E3F8F552C45D9AD4"
"tools/redmod/scripts/cyberpunk/devices/masters/computerController.script","46288","7FA04FC1301CA477929BDEFD67CF5A3C848E0ED086E9252BF89B3BB4A4A7869D"
"tools/redmod/scripts/cyberpunk/devices/masters/electricBox.script","3341","D5E4C6F66D59ED693A909E5645CDC571394354607EF19E4BA09BFF38231B311B"
"tools/redmod/scripts/cyberpunk/devices/masters/electricBoxController.script","3520","29DA461440FAB27643F960B3AD5CE3062FE23D1D26906A7E212F8F61EFCD26D4"
"tools/redmod/scripts/cyberpunk/devices/masters/fuse.script","1065","3E82FB8BB62B43A8D3688D7B7823481134E2912D4389F0BE4FDB89955ACB63C7"
"tools/redmod/scripts/cyberpunk/devices/masters/fuseBox.script","6934","D9EA3FC567876828F4D135EBE3C793AC91CEFA2DFC330AF2015E0AE862EDD62F"
"tools/redmod/scripts/cyberpunk/devices/masters/fuseBoxController.script","11070","03B809792A8BD509FD59662CA6635EA3E2924626D9CBAC341268156D3BC075CC"
"tools/redmod/scripts/cyberpunk/devices/masters/fuseController.script","17604","D82AE4F3A8077454A726CB9F6AF16AF4FC19111D9DCF4EE26A034C03D08109D7"
"tools/redmod/scripts/cyberpunk/devices/masters/networkArea.script","1378","F40FCEC9E44ECDBC7870B59C74E1ADFF0706F7C53DD3FECC6CA7FFBC025D92B9"
"tools/redmod/scripts/cyberpunk/devices/masters/networkAreaController.script","3198","B63FAB0046A9B35427B86D2B022AD995E980B6FCB1C66E2EB0AFA6E07C6DC713"
"tools/redmod/scripts/cyberpunk/devices/masters/securityAlarm/securityAlarm.script","5573","8C61B8E4717D35620BD4233CC515BC7EC4463C52972A365EC791A35C97E641E2"
"tools/redmod/scripts/cyberpunk/devices/masters/securityAlarm/securityAlarmController.script","9216","87B8116ED2CE3A756FF5FBB6E0047C0082DDD9DFFB9AFA1D81665EE0DE142C15"
"tools/redmod/scripts/cyberpunk/devices/masters/smartHouse/SmartHouse.script","2416","12921D7D894DB3DA6938062447C351AF725CEB1496B271A29AD3BEE14303956B"
"tools/redmod/scripts/cyberpunk/devices/masters/smartHouse/SmartHouseController.script","8416","2A8F62F85CB81D105535F8D7E866DA99C1C465C9E118DC0D6203AE425A79A444"
"tools/redmod/scripts/cyberpunk/devices/masters/smartHouse/SmartHousePresets.script","5942","DC66DDDE59F9F8C39B2E5FB974D78EA41632BCBF3DA99970D8DC0518E39DCCA5"
"tools/redmod/scripts/cyberpunk/devices/masters/smartWindows/smartWindow.script","943","2A6BDC6882920D4E2985A1C32F166E2B6B94EE7889997A0398CADDABCF0E2199"
"tools/redmod/scripts/cyberpunk/devices/masters/smartWindows/smartWindowController.script","1343","D04AB3E886C9B80C881AC9D2C3816587C0196180C7699A7406F96F8D88256F7E"
"tools/redmod/scripts/cyberpunk/devices/masters/soundSystem/soundSystem.script","734","D05B27F496E568762AA1C16475AFD4CDE3461E7E8B18D56A955709AE5837121C"
"tools/redmod/scripts/cyberpunk/devices/masters/soundSystem/soundSystemController.script","8118","F39FD80EF6675882EA8726A86A366BB33FF73F78C2E69B9B8EFEE2B4B2CA721F"
"tools/redmod/scripts/cyberpunk/devices/masters/switch.script","2512","7E2D0687D84CDEA0A8C9896F40D756044E5C1EC835457B02E89445EB6E12B521"
"tools/redmod/scripts/cyberpunk/devices/masters/switchController.script","5181","879EE3D31B178B637523D5E9B9FA07D230FCE2CED1B5064B49817B9D40B45D7B"
"tools/redmod/scripts/cyberpunk/devices/masters/systems/deviceSystemBase.script","628","0E431ABF478A9C4139905BB047C05F1FE4A6619D3C7FD334BFB7F95007270EA6"
"tools/redmod/scripts/cyberpunk/devices/masters/systems/deviceSystemBaseController.script","2074","208E06B73B5D021D1956D99C304BAE07067FB4F70A1D07BDED6B539F40BD3B2B"
"tools/redmod/scripts/cyberpunk/devices/masters/systems/securitySystem/agentRegistry.script","17073","C1346BAFE5DDB11E8936A9AE6D79AC67DB9F4CB727BE785DD06483C6E5E05463"
"tools/redmod/scripts/cyberpunk/devices/masters/systems/securitySystem/securityAgent.script","8704","B1B11FDBA49368EAC8553D369696DE91B8435671B05D55F462CA89E56526F4AC"
"tools/redmod/scripts/cyberpunk/devices/masters/systems/securitySystem/securityArea.script","5162","A593ED802D878ADC8D667E0FA2A90D3648549A7B35EA8F51B305C32AF5F074A2"
"tools/redmod/scripts/cyberpunk/devices/masters/systems/securitySystem/securityAreaController.script","35810","95A37BE9369F7F9A14F2D68E7EA3387DF546921B83CE72E0AE3E4FF260698B1D"
"tools/redmod/scripts/cyberpunk/devices/masters/systems/securitySystem/securitySystem.script","2031","F7FA2B78DC1CA457582D5710D6BB51E2FD14FFC59ABF9758F9163A91CC89682D"
"tools/redmod/scripts/cyberpunk/devices/masters/systems/securitySystem/securitySystemController.script","98611","787F92CEA2A8F94A589C1468A3A378786CE165491596CD59AA5AB4F1692C146F"
"tools/redmod/scripts/cyberpunk/devices/masters/systems/securitySystem/securitySystemMisc.script","43564","9647B41088CE382E7F9BC60DC4515FF7B5EDA4FA5396C780D5641FA2B6B25055"
"tools/redmod/scripts/cyberpunk/devices/masters/terminal.script","8028","3BA0003181D8F15C6519F81E304A3309F20FCC0192BE1EB08BA00451FAE6C83F"
"tools/redmod/scripts/cyberpunk/devices/masters/terminalController.script","27619","D51E1AB6C5005DC4990441F08572742136E737B472E354E76256D962F456939D"
"tools/redmod/scripts/cyberpunk/devices/movable/movableDevice.script","7267","AA285A2358734C04A6C307F946355467703B637C8F2A9DFEF176280B0B701397"
"tools/redmod/scripts/cyberpunk/devices/movable/movableDeviceController.script","3879","1A28B3F30436B436A25BB1432F6708BCAC1BD2328202EB8D5F272230AC3108E6"
"tools/redmod/scripts/cyberpunk/devices/openPath/weakFence.script","5009","B6FB9D37D229CA454BD32E37676AD69DDC111B34674DEC6A1CE88E8972458CAD"
"tools/redmod/scripts/cyberpunk/devices/openPath/weakFenceController.script","2691","7F4AF0EAFF779AE9C77E63761217C1CD06F806266BE691B312765F77E7F754BB"
"tools/redmod/scripts/cyberpunk/devices/phone.script","147","AA5E2D115F7BEA19134069D8B14E92F71588CDD024866AE5A35287F8EC54F0EB"
"tools/redmod/scripts/cyberpunk/devices/platform/platformActions.script","1236","1FEB350FE7DE5A13C3E3843D086DA0D1102A7BF391338C14AD8656760576EDFC"
"tools/redmod/scripts/cyberpunk/devices/platform/platformController.script","8834","FDA6F4A1DAF6159C6186D9E0AECF3CB2B17CF32AF6F63AD65A484BA5E0F24E71"
"tools/redmod/scripts/cyberpunk/devices/platform/platformDevice.script","5380","2E1231AF66E882659AC375127FC78DDA386D22AFB9FAC8AF645E94B52F2FDC4A"
"tools/redmod/scripts/cyberpunk/devices/platform/staticPlatform.script","2335","2B8826E795B7611100CACCDD51434CC6A4B1AC549F274994D23E5A68C9776531"
"tools/redmod/scripts/cyberpunk/devices/platform/staticPlatformController.script","488","FABDDDEFCEAF72178440CF5479FEE9C2267B8CFD4D0FF847A0E9DE10BCA141BF"
"tools/redmod/scripts/cyberpunk/devices/portal/portal.script","7066","C68B1127A66E7A950FA407AB6A87A82462FD9F5B23FE99355F2511E0525288FE"
"tools/redmod/scripts/cyberpunk/devices/portal/portalController.script","230","0037ECAEAE63D6B97CD9618B25071B753E7769FF82247F724A38B83E3C024566"
"tools/redmod/scripts/cyberpunk/devices/recreation/casinoTable.script","8681","584454166DD28A37AB0249C41C91895ACE17B2411E2612B588FB2576E1A8E0A7"
"tools/redmod/scripts/cyberpunk/devices/roadBlock/baseAnimatedDevice.script","3786","E650A8A6E19949D5D011AC1E49A5D73C0FEA71B093DF054C89976830E761AB5A"
"tools/redmod/scripts/cyberpunk/devices/roadBlock/baseAnimatedDeviceController.script","5577","2464303E84CE6E67DDBB9FBE852853FCEA6BC34BAE9969ADA6253D8585097FB7"
"tools/redmod/scripts/cyberpunk/devices/roadBlock/mainframe.script","1098","08647A01F1EA715B3928400CD00E023A814B62EBC73FC4C3959616C8B5D083B0"
"tools/redmod/scripts/cyberpunk/devices/roadBlock/mainframeController.script","1036","D9A17788CC30DCA12040D288DEEFA002A644D674BEAF9D6A1126AB57A183F63A"
"tools/redmod/scripts/cyberpunk/devices/roadBlock/retractableAd.script","5862","21902340CC802C9B4C58FFA3AD3B29D62F456A3BA822E4B00F8E2F24F4B08248"
"tools/redmod/scripts/cyberpunk/devices/roadBlock/retractableAdController.script","2723","A7EF44FDFEB3B50DE84C55C6A2B5FE41B6E589666DBFA1124DD3CA514163AEC1"
"tools/redmod/scripts/cyberpunk/devices/roadBlock/roadBlock.script","7668","1E0A20E9F41B19BC98F65B6B71B6F2441C047AC9B7A5E66D133CCDDF8C4EC43D"
"tools/redmod/scripts/cyberpunk/devices/roadBlock/roadBlockController.script","7221","AB67216AC0136C8145BB9D854F298EFE8DE8DE18DB3F5DCA38F262CC867FDD4D"
"tools/redmod/scripts/cyberpunk/devices/roadBlock/roadBlockTrap.script","2646","9DBBA19BE472E0E7443E734DB54E79732921EF78F8F2CB4037EA5153C1A1EB31"
"tools/redmod/scripts/cyberpunk/devices/roadBlock/roadBlockTrapController.script","1372","CED053CF8F87BEBC92F95CF702A1C9AD5F3B5A813420CD4DFB588C2945FE8E03"
"tools/redmod/scripts/cyberpunk/devices/roadBlock/unstablePlatform.script","880","0C74A7BDAC78F4AF0CCEA22401EEFD8FE4435305AE02AF86F947E19FCFEB4BC1"
"tools/redmod/scripts/cyberpunk/devices/roboticArms/roboticArms.script","2445","7F10E7C02A14FF5B47AA6D106882E4B8CA7EC425988D94EF2B0FC5F876967B4F"
"tools/redmod/scripts/cyberpunk/devices/roboticArms/roboticArmsController.script","963","915000716029338A59B0594DAA17396098C6FA5F7064ECF70392B4633F444922"
"tools/redmod/scripts/cyberpunk/devices/roboticArms/roboticArmStateType.script","74","5E9FFC3CFB5E2A20458D7C7D94C453DACADFA1932C454A07F11E2442792C9F05"
"tools/redmod/scripts/cyberpunk/devices/security/coder.script","572","F25943E53FAD5FCE792E17B6A2A53CE710661CFDC51CBD5B24F11109DBC25D20"
"tools/redmod/scripts/cyberpunk/devices/security/coderController.script","2032","2B8F6B6340F91C2FE93EB7A7EF16AFD3E2815066D6F7942B06AD825413CC6286"
"tools/redmod/scripts/cyberpunk/devices/security/doorProximityDetector.script","5358","684A94C4D15B8D63BE30B143EDA1731A00D06BAEE44F2F979FE0BDC0168F101B"
"tools/redmod/scripts/cyberpunk/devices/security/doorProximityDetectorController.script","1335","AC6468807D93F346F39603940185FD0241B5EAC81C2760C1A6B7FD96099DB34E"
"tools/redmod/scripts/cyberpunk/devices/security/laserDetector.script","2108","980E8A68C070AEEC024E9487169A7F85F05E2964682781CEBAEF652DC81120E8"
"tools/redmod/scripts/cyberpunk/devices/security/laserDetectorController.script","634","722CC627B5298F6E1CB60C35ABC96ED2B215366165C16AA2A88A171337343BFA"
"tools/redmod/scripts/cyberpunk/devices/security/proximityDetector.script","5283","56EC7F50546235978BB25CB639FC217B03CBF3EED54BD224AB8F065BDD685F5C"
"tools/redmod/scripts/cyberpunk/devices/security/proximityDetectorController.script","1285","FF1C9299326B32E41FB8DF7945A3BBAD130149ECDCF6AD06C07EB431B9FFE298"
"tools/redmod/scripts/cyberpunk/devices/security/securityGate.script","2789","E527B6621BE731446FFFFB33AD947088341D0389B1D4FFC079CCFC2D31DEC1AC"
"tools/redmod/scripts/cyberpunk/devices/security/securityGateController.script","17446","64CE133BFF90903D2BF49C4ADCA1498E57DB53A9723AD3A0286D1E3514BD41B9"
"tools/redmod/scripts/cyberpunk/devices/security/securityGateLock.script","2408","F85F8F42C126B667B9B597A89A8B9AD1BC736EC74C47006E4B07C02E7457962B"
"tools/redmod/scripts/cyberpunk/devices/security/securityGateLockController.script","5097","8E810F50F1A3D1080E77200B014B6C33A08B4C33A4925E05A449888189987991"
"tools/redmod/scripts/cyberpunk/devices/security/securityLocker.script","3894","E0F969A6D2997963CB82A612123BDEE99667336E1B02767F9C24FD0D8BDFF049"
"tools/redmod/scripts/cyberpunk/devices/security/securityLockerController.script","4718","DB6041D1F4560638E6947654CA5393F3EBBE04A7F9B08E25A02E9AF2511EB8C5"
"tools/redmod/scripts/cyberpunk/devices/securityTurret/glitchedTurret_pop/glitchedTurret.script","1508","A7C0CA5D656A255C9427E98A2E6A27F3318F3BACBC26536DFE09C3494FF79FCD"
"tools/redmod/scripts/cyberpunk/devices/securityTurret/glitchedTurret_pop/glitchedTurretController.script","1846","80A25E99C6672A2B65618DF8FD8BC5F15020E1AA9E38B4CE145028BEE454FD89"
"tools/redmod/scripts/cyberpunk/devices/securityTurret/securityTurret.script","30954","26016EF629EC8869000AF57F968CB78E5F73F0B3C3B0F4AC8C1343C3CA03BEC4"
"tools/redmod/scripts/cyberpunk/devices/securityTurret/securityTurretController.script","22657","AF6E8F77A5B8E2DCA7A106DFB75D1B9E3FC11D87E18CFFBF729109D7DC79FA28"
"tools/redmod/scripts/cyberpunk/devices/skillChecks/skillCheck.script","3687","53C197F1C03F8E79B0746E547BB7AE67DA9F1DEE136CBB9FC5CCA9C786C503B0"
"tools/redmod/scripts/cyberpunk/devices/skillChecks/skillCheckContainer.script","6283","FFF7B6BDD5E3A8804962E957B72F515530A56EA7FDD8F9E042F6E4F5E4D79F19"
"tools/redmod/scripts/cyberpunk/devices/smokeMachine/smokeMachine.script","4896","3A124C7D4B7719F603FDE2D2AE4C5ABBE348B0A6E2FF001DC20595C4F1BC7FDF"
"tools/redmod/scripts/cyberpunk/devices/smokeMachine/smokeMachineController.script","1764","1203F3D6F9F4F334E7DE8559432A2F6BC24A6BD9D3FC8B30E900B9895DDDB57D"
"tools/redmod/scripts/cyberpunk/devices/sniperNest/sniperNest.script","19883","B4ECCB1AA38AB3356BEFB1B50A53FCF0BA39DE88867548AFA8D3DF447C2796F6"
"tools/redmod/scripts/cyberpunk/devices/sniperNest/sniperNestController.script","6093","BCE265D263BB463FE9AA8C6B52549D5DA67D656678B277A66C2760E5E9F2AB7F"
"tools/redmod/scripts/cyberpunk/devices/speakers/speaker.script","5437","4D27272B1B9BADF4963DF940B72F101BC7BD4C240693714C3CB2A76F9854BA0C"
"tools/redmod/scripts/cyberpunk/devices/speakers/speakerController.script","4571","96F6141CA55FD5E5060E0140DCA45756A05A78E4B831729DD07788BE56D2B6C1"
"tools/redmod/scripts/cyberpunk/devices/stash/invisibleSceneStash.script","4166","3C336F0E794E479AF68B1F01DDDB0E1BE492A266BD3E86D4D8A22E837C467109"
"tools/redmod/scripts/cyberpunk/devices/stash/invisibleSceneStashController.script","822","EC1F145F8ED362A98FFC96B195A9124A35759DF839D2EEE02E48B6764119C4B7"
"tools/redmod/scripts/cyberpunk/devices/stash/stash.script","45809","490077108DE7D92C3E2C0C1847FA33B2C21D6C350496CB79FC20C11026F20BEC"
"tools/redmod/scripts/cyberpunk/devices/traffic/crossingLight.script","2231","F572FABEB306FE270F401A406DA27C0154C407A86FBF87D863D07A7E142BBD6E"
"tools/redmod/scripts/cyberpunk/devices/traffic/crossingLightController.script","1159","19F927C2E72C598F3D15404FCD78E6CA26CD7D19C49C11CEA9EF8213155EA3D3"
"tools/redmod/scripts/cyberpunk/devices/traffic/intersectionManagerController.script","3718","B8AB683AF992608B78A90BC9F2CD18E0A00767F2C20251E53C6DC926755E2649"
"tools/redmod/scripts/cyberpunk/devices/traffic/ncartTimetable.script","5783","4848825C0951135A9CBFDAD4C313EEC49F232992DB6B2381996CECB12B1CFA56"
"tools/redmod/scripts/cyberpunk/devices/traffic/ncartTimetableController.script","5313","3CEE3FECF73CDC0079CAC30E3A7A9313CAB6A7F4D35EFDFECE7282CAA45162C6"
"tools/redmod/scripts/cyberpunk/devices/traffic/trafficLight.script","5823","D2F478365E07284F18F30C746695E7F667103EB799C1528F3D72FF057C041192"
"tools/redmod/scripts/cyberpunk/devices/traffic/trafficLightController.script","2348","558605DCCEA3D2FB6F9A53B779EB5527026275C3EE318CE94656D15BDD71D85A"
"tools/redmod/scripts/cyberpunk/devices/traffic/zebra.script","1108","7B81BFAC0510C1A1E90C7259F771835036C044914EA35E83C5A0288851D9E57D"
"tools/redmod/scripts/cyberpunk/devices/traffic/zebraController.script","687","5D1499C52B46B0113F4CEA35BE7B6747B06490800EC35283AE9A7EB0A961EE3F"
"tools/redmod/scripts/cyberpunk/devices/UI/accessPoint/accessPointGameController.script","27172","E075BAC7B77F1B9C33B770731BCD42877AD74BAC6897A5E106823A661A11CCD4"
"tools/redmod/scripts/cyberpunk/devices/UI/accessPoint/accessPointGameVisualController.script","11765","5FA72CD95F70DAA25A826995CB11F2ECB9647CECAA6FB8642D3DF16D3C552E25"
"tools/redmod/scripts/cyberpunk/devices/UI/accessPoint/inkButtonTintController.script","930","E631FBC8D8F5F88867AEDC067221F419EF2B7305CF4C878C87F4E533E25EB8E5"
"tools/redmod/scripts/cyberpunk/devices/UI/accessPoint/networkMinigameBufferController.script","3807","C7D29409564E5AAB80769A7D1198C37A9B4245E02ACA372630DA51CA6CF25D16"
"tools/redmod/scripts/cyberpunk/devices/UI/accessPoint/networkMinigameElementController.script","3632","AB77882825FCD490F8C3766E38D724A03040F501CE3ADEAD099821A43A8D9753"
"tools/redmod/scripts/cyberpunk/devices/UI/accessPoint/networkMinigameEndScreenController.script","1876","5DC2DC31E3B4D9B2E07D9D28E8C3055B5C947BEF945025D4362A9478B4319710"
"tools/redmod/scripts/cyberpunk/devices/UI/accessPoint/networkMinigameGridController.script","10110","1AB4274D6113ADE01AFCF4B028E37AFFA82350D0D1AF114A38FED4D1639BF156"
"tools/redmod/scripts/cyberpunk/devices/UI/accessPoint/networkMinigameProgramController.script","7671","25D0CB6CFC614E87A54F8938FE10249D684CE148F06568D83694AE49B675A954"
"tools/redmod/scripts/cyberpunk/devices/UI/actionButtons/callActionLogicController.script","2368","7AA6FC46662CE6D53963A6710B81619B44F7578FDA3F8B9628A21B223F42B4BB"
"tools/redmod/scripts/cyberpunk/devices/UI/actionButtons/nextPreviousActionLogicController.script","1829","5862E7F4C2932C338462A24789FD488C0E6BAB2C1A2DA0678DD45765CB5E1CDB"
"tools/redmod/scripts/cyberpunk/devices/UI/actionButtons/payActionLogicController.script","2767","2CDC82B6AFFB1F50E995CFA14EFA090BD5A93C90EE76DA5F73F694CEBFDA26CB"
"tools/redmod/scripts/cyberpunk/devices/UI/actionButtons/playPauseActionLogicController.script","1308","B295FC5C4232B4969598B3ED9E59B39C8CCDE94430C98497992E8796512E7AE6"
"tools/redmod/scripts/cyberpunk/devices/UI/actionButtons/vendorItemActionLogicController.script","2329","6806A99F47EAF1550493C19A8476DB47ACB1D87D5610014F7CE171B1AAE5B3B7"
"tools/redmod/scripts/cyberpunk/devices/UI/actionButtons/weaponVendorActionLogicController.script","3633","A0C82EDD189C1C67873BF7567C3B9D3FF8213BA6DB99B22EDC218391FF05D5B6"
"tools/redmod/scripts/cyberpunk/devices/UI/apartmentScreen/apartmentScreenGameController.script","1950","61CF94ADEBF163151BD21B3558BE42682DB380952C1749D8D4CBC367E0485469"
"tools/redmod/scripts/cyberpunk/devices/UI/arcadeMachine/arcadeMachineGameController.script","3186","AC1564550C63F3145570D18FF9A560051270C43BCF1746F9C0796648FFBE34A2"
"tools/redmod/scripts/cyberpunk/devices/UI/backDoor/backDoorGameController.script","5154","E1E21C68CC79C5BBDCBF8B419EE88EEE269C2C744CDB5B2F523988AB6158D963"
"tools/redmod/scripts/cyberpunk/devices/UI/backdoorDataStream.script","2104","DA7ECB957337230FAAB61A267F5A11A56CC7C380EAF374CC5BD261756AA3E578"
"tools/redmod/scripts/cyberpunk/devices/UI/computer/computerBannerController.script","2402","720C3F5A884116135D6D0C33CC7AD0DFCB5850A349B877A9EAF85FB72DE5C429"
"tools/redmod/scripts/cyberpunk/devices/UI/computer/computerBunkerControllers.script","38177","14FBCD2C62650FD92D8C4E8B73FA5367A8EC93CAD6CCCC04347BC0258B132CC1"
"tools/redmod/scripts/cyberpunk/devices/UI/computer/computerDocumentController.script","5001","FFC04186F75831B05B361AEA6A6DC621A650051891269548CB1CBC66954AE688"
"tools/redmod/scripts/cyberpunk/devices/UI/computer/computerDocumentThumbnailController.script","2789","D5DD868A807689D0A9FCFDDED235C96F6468EB21B2C29A6EA1DC193A3C641F82"
"tools/redmod/scripts/cyberpunk/devices/UI/computer/computerFullBannerController.script","1158","41B66BA01A92DCE639359A80A7062B6B66DC4ADB3EC39B1E90C933756DFAFDCF"
"tools/redmod/scripts/cyberpunk/devices/UI/computer/computerGameController.script","29831","453ABA25FD8127DFF831D0E9AE6462C985BA70AAE32D90C17D563D57EEFCBED9"
"tools/redmod/scripts/cyberpunk/devices/UI/computer/computerInnerBunkerControllers.script","28663","C22C29EA57D910F610BF1767EFB5729BC5FFE5361B55A502FCC197F580EFBD86"
"tools/redmod/scripts/cyberpunk/devices/UI/computer/computerMainLayoutController.script","36915","C9CDDD9C00B2180EBA948D8FF9195BCB9827AD3107E0087447B0AB8094930165"
"tools/redmod/scripts/cyberpunk/devices/UI/computer/computerMainMenuController.script","3984","F87121A7C7FD611EB6A170BDB53C23E41487BBA60DC1FFFF08ED59566090B594"
"tools/redmod/scripts/cyberpunk/devices/UI/computer/computerMenuButtonController.script","1677","2716DA456E7A929CAC350951934C0E148CBC2E24DCEB0DE0E861CF43D5C3BEF9"
"tools/redmod/scripts/cyberpunk/devices/UI/computer/computerMenuController.script","17061","C8D5B4A090351BCFDAB8998C6839C70B6F4B026C37F9235D2B596F15F0F52806"
"tools/redmod/scripts/cyberpunk/devices/UI/computer/computerYaibaShowroom.script","15555","7E46590556A4031A368A17ACF4E5A3C78DA912CECA7D5D2B6E3BB4E0D3F8EA78"
"tools/redmod/scripts/cyberpunk/devices/UI/computer/newsFeedMenuController.script","5969","B9207C62EE72225C3D311FD3633A70A382AC96CBB13D0113D681904691F2258E"
"tools/redmod/scripts/cyberpunk/devices/UI/confessional/confessionalGameController.script","6346","A1C57B9337987AF778DCF6637F3039947100BF67B2B46CDA5626435D9F81C130"
"tools/redmod/scripts/cyberpunk/devices/UI/core/deviceActionControllerBase.script","3274","1BB69B747025DE2D213CF7FC0E4F8A4230550C4C32EE63557964AE73F63E5D33"
"tools/redmod/scripts/cyberpunk/devices/UI/core/deviceButtonLogicControllerBase.script","5245","E7EC28BE39AEB0F5E2E8F5A372A8D4AC537E99A173055E7241A1B0028D9647F8"
"tools/redmod/scripts/cyberpunk/devices/UI/core/deviceDeviceControllerBase.script","8921","7E685430E69DA500DA54DAAF295C57719F0B19D6151822B4A6A384D02F76BFF0"
"tools/redmod/scripts/cyberpunk/devices/UI/core/deviceGameControllerBase.script","30173","263B16A934B1F47E5948EE1F5DC623E5B12152D4BF136F1C84DC690B189E5DC8"
"tools/redmod/scripts/cyberpunk/devices/UI/core/deviceLogicControllerBase.script","647","B24EC3CCD22DAA8CFF613DA9CEA0B24DF718BFA7F18D8F7D58D65DADE7C048AD"
"tools/redmod/scripts/cyberpunk/devices/UI/core/deviceThumbnailControllerBase.script","2168","93C9EED406A739B2D018D539ECB37F17869ED4CA22FC7CAB705D8CF1E5B7762F"
"tools/redmod/scripts/cyberpunk/devices/UI/core/masterDeviceGameControllerBase.script","9812","F63F52A02EB20D557A4DFACD7B719ED73539FD66ED86A1F58B9B2B08C3993CCA"
"tools/redmod/scripts/cyberpunk/devices/UI/dataTerm/dataTermGameController.script","7252","E4DCBB1B7A3C3B9BFF42AC9A232EC8A40AA58E850E399119C750A1E591C147F6"
"tools/redmod/scripts/cyberpunk/devices/UI/door/doorGameController.script","877","8365B4743DA06532765416C32C31416891EC68494B1633F02EB119924079906D"
"tools/redmod/scripts/cyberpunk/devices/UI/door/doorTerminalMasterGameController.script","2718","C866A6890D0472CACAC80A588196EAC6D64686B4DE936BA8D5C0775BA4AC2296"
"tools/redmod/scripts/cyberpunk/devices/UI/drop_point_terminal/dropPointTerminalGameController.script","2905","F6EBF6285070E42AC79A1B80195FD25BD053D2771ADDE9D7B3FEE0EDDEE11750"
"tools/redmod/scripts/cyberpunk/devices/UI/electricBox/electricBoxGameController.script","919","1BA07E5CD31CE819417D9E849CD6F506F6ADC5F882317EB085DF708BA4E9A377"
"tools/redmod/scripts/cyberpunk/devices/UI/elevator/elevatorArrowsLogicController.script","3682","55182367611F57D0862C3373469CA1870F2D7E4D9F1D56FAD21CDE3A1755829D"
"tools/redmod/scripts/cyberpunk/devices/UI/elevator/elevatorGameController.script","8057","84FE74E948E55CF1A39B5B5C689E9766940006AF7BE9AF6223FE3D81B6B284B8"
"tools/redmod/scripts/cyberpunk/devices/UI/elevator/numericDisplayUIController.script","4410","AF96FEB084E4F80B25F00CB8FF8E38B4202CAB564334AF88E0ED7F9F4F841623"
"tools/redmod/scripts/cyberpunk/devices/UI/interactiveSigns/inkInteractiveSignGameController.script","1863","2463492E4F343C231FB4242EAE8EE40126643E935F829FC9F146D4789659FD95"
"tools/redmod/scripts/cyberpunk/devices/UI/intercom/intercomGameController.script","4654","7116E71474BD36C28F4BB5C8DBC11D07E875A8163DF6E2494C0E2E8D6BC63F32"
"tools/redmod/scripts/cyberpunk/devices/UI/internet/browserController.script","19946","43A06945A5EE99786888D7E8185B64F9A18CC60DDB02FEBFD9F687DEFCF99593"
"tools/redmod/scripts/cyberpunk/devices/UI/internet/vehicleBrandFilterLogicController.script","2828","9BD907F2D614D6C2AA9520B8E2E92055B769AD09C861D67115300BE9388C88AF"
"tools/redmod/scripts/cyberpunk/devices/UI/internet/vehicleDetailsLogicController.script","7111","C115C95D156BCF2A5952A4C7D8E486276ABFF2DF5A315F387C60DAB050032B46"
"tools/redmod/scripts/cyberpunk/devices/UI/internet/vehicleOfferLogicController.script","4484","FE3A4A9157ADAEE8C2DB8FE82029B35CC90CF9076E4BF8B368D1F29CBF900435"
"tools/redmod/scripts/cyberpunk/devices/UI/internet/vehicleShopGameController.script","19070","45A192229CFABB3DE383D0F43CCD1F48AF26A606F5D3A317F1D2FFAD07F1635F"
"tools/redmod/scripts/cyberpunk/devices/UI/internet/YaibaShowroom.script","561","9AFE67779867B9F48308123E027E9E9044333455CF2EE3B1D1B69F15B933822B"
"tools/redmod/scripts/cyberpunk/devices/UI/jukebox/jukeboxBigScreenGameController.script","2071","767D14F719587DADFFE39023FBE05C8635997BAA8FE437A4A2C39F4E16DE023F"
"tools/redmod/scripts/cyberpunk/devices/UI/jukebox/jukeboxGameController.script","4344","E00EAA80B10426CA646EADE59B86E3796C8F73B0B4149EE12CF0405025B68690"
"tools/redmod/scripts/cyberpunk/devices/UI/layout/keypadSimpleController.script","13136","458E4C57841A447E5A74F9C08CA69CE113D625176598C2AFAAA83834DC624C88"
"tools/redmod/scripts/cyberpunk/devices/UI/layout/visibilitySimpleController.script","1330","3C3B1CD58940289C1EEFF06D054A35E5954DDEEC2D3286BEAA85009F172CE838"
"tools/redmod/scripts/cyberpunk/devices/UI/lcdScreen/lcdScreenGameController.script","9636","6DB15103D20F056C7693E015E78404073A5DF256530365ABEB9E3031DE508F84"
"tools/redmod/scripts/cyberpunk/devices/UI/lcdScreen/lcdScreenLogicController.script","5787","85888713CA1087D2A92452BEAC518A383E599013A04A7031E170A28F406CEEF0"
"tools/redmod/scripts/cyberpunk/devices/UI/lcdScreen/lcdScreenSignGameController.script","5504","C2EB144122DE4B7344BECEB4E36748CE7B844BE2DB60B55755A709A0028BB882"
"tools/redmod/scripts/cyberpunk/devices/UI/ncartTimeTable/ncartTimetableGameController.script","8359","30123792CB0EBEB6ED1FCCB9566ECE8E9416AC66790EAFAB7E10DF45734682E3"
"tools/redmod/scripts/cyberpunk/devices/UI/network/controlledDeviceLogicController.script","1464","5341025FB0C2522C87F8B03C5CA2F8EF49D06D7B666920425CE319AE154CD95E"
"tools/redmod/scripts/cyberpunk/devices/UI/network/controlledDevicesGameController.script","10127","6B67D9550737905E20DEC0FB765A8823A52436FB1D93B0FFC5B16A4296F53A5D"
"tools/redmod/scripts/cyberpunk/devices/UI/radio/radioGameController.script","3365","ACE790AA6D6C854206FAAD0A3C577EECEE2F350AAB22A6751164C2783D1A83E5"
"tools/redmod/scripts/cyberpunk/devices/UI/smartHouse/smartHouseDeviceLogicController.script","1212","9E9A38EBC1A594910145115FEA2BFD04BF1EA83638A56B31F8B8997BA92624F9"
"tools/redmod/scripts/cyberpunk/devices/UI/smartWindow/smartWindowGameController.script","1676","E28E27205613EF0EE754CDFEC519AAC5A79C4EA36DD1906332E287666622BA15"
"tools/redmod/scripts/cyberpunk/devices/UI/smartWindow/smartWindowMainLayoutController.script","2415","3B463AF46D02A3ADF72E24E2D60369D2788B342EED4A57253B46CE6C2C784F01"
"tools/redmod/scripts/cyberpunk/devices/UI/systems/systemDeviceWidgetController.script","1124","B36061D79583FEAEA044F75B648EA92D989CA7B1C09AE5065D92CFCE50A39E7D"
"tools/redmod/scripts/cyberpunk/devices/UI/terminal/elevatorTerminalLogicController.script","2735","554A4DAC5DC9495DF5A50EBD913F1F87157A2BDEB828967175A9EDC9C36E77E0"
"tools/redmod/scripts/cyberpunk/devices/UI/terminal/terminalGameController.script","9529","D8474FD7B06FA1DA1B7DD09DC38EC277F332E5FEEB4F97AA1FE27EB539A8FCD8"
"tools/redmod/scripts/cyberpunk/devices/UI/terminal/terminalMainLayoutController.script","2003","0F95186C250633AD9B026BF951120466D168F1EEDB92C1B1A2EF17FF62286240"
"tools/redmod/scripts/cyberpunk/devices/UI/tv/displayGlassGameController.script","774","7AA6A1D28198A6772456D55BFA88A7DD073EF51DD0C2C08471106D0BF5AB7569"
"tools/redmod/scripts/cyberpunk/devices/UI/tv/sceneScreenGameController.script","1133","ECBAC624F44DD848A2649C467F80D123CB4774F1A91C613D6B75B31776378DA5"
"tools/redmod/scripts/cyberpunk/devices/UI/tv/tvDeviceLogicController.script","9727","738F893D083ADB96FC55D49461E59BB80AF88E670241D85BF9DCA292D6A951CD"
"tools/redmod/scripts/cyberpunk/devices/UI/tv/tvGameController.script","16953","7BDB921A5B7A46E712D7585890AF74A0913564372E48636A253A1A70E02B8983"
"tools/redmod/scripts/cyberpunk/devices/UI/vendingMachine/iceMachineGameController.script","1266","C7D84EE2844D7D1F2F7FA8063CBEEBCCBDDA449C8D54F57FA4F04C7275E80A65"
"tools/redmod/scripts/cyberpunk/devices/UI/vendingMachine/imageActionButtonLogicController.script","715","71D3D08D413592FF9ADFE22BBFDB394F7A1EA35B0FD5B8225ABB7A9B4486B408"
"tools/redmod/scripts/cyberpunk/devices/UI/vendingMachine/interactiveAdGameController.script","3384","7CB2BB79A7EECCEF6E4197F7DFF74160FD2A79593D48C13DDE9236E94FB29BE4"
"tools/redmod/scripts/cyberpunk/devices/UI/vendingMachine/SimpleBinkGameController.script","1288","CB9B63588C87A38C63B65DD6E55B284174C3C4BA4474265220372954D6DB2C83"
"tools/redmod/scripts/cyberpunk/devices/UI/vendingMachine/vendingMachineGameController.script","5970","32783BC6C76B9A5EDAEF34F9C051CDF7E8F4A0664E064A037490AD3C9F3AC81A"
"tools/redmod/scripts/cyberpunk/devices/UI/vendingMachine/weaponMachineInkGameController.script","2431","0535F7F13CDBE643E3A212BB01783129DB7F2ADE12F9BF5DCCE95D8FACCF3E16"
"tools/redmod/scripts/cyberpunk/devices/utilities/chestPress/chestPress.script","1849","E892CD1CF25EE675CF4228D71DCC337EF8A1DEDFE5BE8A54D88E06C4FB088832"
"tools/redmod/scripts/cyberpunk/devices/utilities/chestPress/chestPressController.script","6313","4771EFBE9D1A553133F6D2973C3FFAC84210E6BD70F8522D615978DEB483CB3B"
"tools/redmod/scripts/cyberpunk/devices/utilities/electricLight/alarmLight.script","3538","211638E5C9D2643564F98469514384591CD9C502654EE1C2D19F63ED632AFD9B"
"tools/redmod/scripts/cyberpunk/devices/utilities/electricLight/alarmLightController.script","1708","B721244B9ABD53F001A5E8F233CFB41C8958E07F105F69FE445EBC5FB22B0EF0"
"tools/redmod/scripts/cyberpunk/devices/utilities/electricLight/electricLight.script","5822","563DCF9DD6FD77E34394443756C99E6A5E884675BB30FFE44B413C87073C86B9"
"tools/redmod/scripts/cyberpunk/devices/utilities/electricLight/electricLightController.script","3647","E1312E157C35CF38AC191BEC068A4257AAA0E3D5AC829F75440C57BA6400EC0E"
"tools/redmod/scripts/cyberpunk/devices/utilities/electricLight/gameplayLight.script","2198","0B9346005835168F8DE8AAA5BA778B1532994CE775B28BB11EB2F2E00C10669B"
"tools/redmod/scripts/cyberpunk/devices/utilities/electricLight/gameplayLightController.script","1513","19769567D840E94DD1A7CB185FFDDEE0CB20107999686EDA80FE3C78F6FF3073"
"tools/redmod/scripts/cyberpunk/devices/utilities/fan/fan.script","5532","FF83DBB4E268672E43C823651C8B71EDCDFBDA4B4CB2891BA13357BAEA078AC3"
"tools/redmod/scripts/cyberpunk/devices/utilities/fan/fanController.script","2369","A169B11A9B44A29113DF7D49DA64BB68347E72DC3A1CE053F12F8832F44414A7"
"tools/redmod/scripts/cyberpunk/devices/utilities/netrunner/netrunnerChair.script","867","5FC3DB4B6205FCCFB03C2F74D1836D78047AC11DE340D5694281F253497E1DAB"
"tools/redmod/scripts/cyberpunk/devices/utilities/netrunner/netrunnerChairController.script","1865","CF0C61BB96F8DE011537A13A6A38014487CDE24E32E0FF0E2EA981107220D475"
"tools/redmod/scripts/cyberpunk/devices/utilities/perkTraining/perkTraining.script","6598","ED743A2A3E2B15AB945BC30757DE8AC2EA165E0A84086CFC458271E8041A89E7"
"tools/redmod/scripts/cyberpunk/devices/utilities/perkTraining/perkTrainingController.script","3571","F52E4DB4620647E5B5F92ABACD75DEE1C267231A066B6F580E25C488DD1F7789"
"tools/redmod/scripts/cyberpunk/devices/utilities/perkTraining/relicPerkSystem.script","4726","10C07FAB28420BF2E27BEFE39AC19473585FE63293F76F494FA161B6AE1552BF"
"tools/redmod/scripts/cyberpunk/devices/utilities/weaponTraining/weaponTraining.script","2974","621E7D31A061C49AF897BBFB6AE73C99C2328DB0FB67C416D51E09A986B59127"
"tools/redmod/scripts/cyberpunk/devices/utilities/weaponTraining/weaponTrainingController.script","164","528F67BD76017D01700BE849A83BE7D371574F15725ABC42A4806F1025DD61AB"
"tools/redmod/scripts/cyberpunk/devices/various/odaCementBag.script","1524","F4EE8AF8F4A469802E1884E86D61454FEBD834C883756EDF9A49C0D92145499D"
"tools/redmod/scripts/cyberpunk/devices/various/odaCementBagController.script","768","7C9262192EB2088BE75B8645E0E4262B9EF0BF6BEF4BB231BF657E14CD5EE414"
"tools/redmod/scripts/cyberpunk/devices/various/serverNode.script","12532","83A9EA2A278F2DA263D2654E38A3BBB16ACFB5C43381D80A7DC2598470981A4F"
"tools/redmod/scripts/cyberpunk/devices/various/serverNodeActions.script","1376","6440ACAF1931C3EDE126F6651C112C9BF5B5A3017D4A6FF945A0A651EBC0BFD7"
"tools/redmod/scripts/cyberpunk/devices/various/serverNodeController.script","6823","6A5CB6CFFF9A3399AC01E44DF9130E452D2862B4EA86560758130CB0008D573B"
"tools/redmod/scripts/cyberpunk/devices/various/serverNodeHealthChangeListener.script","567","A175971D1527CCB516D99354BEDF2FF24A586CD8DC401147C3EBCDEB78D2D424"
"tools/redmod/scripts/cyberpunk/devices/various/stillage.script","1403","41ED4D8A92E4DC0453B227AD84E144C0EE293FEA036DFCCD96003A7087255EB4"
"tools/redmod/scripts/cyberpunk/devices/various/stillageController.script","2385","BC7E39472228D1C796E88E3272FB02DF9F89505B95C269C9AE8163021ABA5670"
"tools/redmod/scripts/cyberpunk/devices/vehicles/vehicleActions.script","7640","0568623F987704A20958280DFF6B2CB394704B4EB5AE3F5C6FC789EBFEFFD130"
"tools/redmod/scripts/cyberpunk/devices/vendingMachines/animatedSign.script","968","D38BFC291199C0F6400E08978534FFF9AC9F3A4CAD5C61653DD9F91FD812220C"
"tools/redmod/scripts/cyberpunk/devices/vendingMachines/iceMachine.script","2161","14CE43C79C2ED60A6DB0EA254A8C5008FC1D2B41AF377FB8A44288588F563183"
"tools/redmod/scripts/cyberpunk/devices/vendingMachines/iceMachineController.script","3561","0535C4FD951512C19E8DDA3B7764B7B2EFAB286137027C68C9B29BB19524B5BB"
"tools/redmod/scripts/cyberpunk/devices/vendingMachines/interactiveAd.script","4649","39A6383E7553028B059454FDD6AAF1DC609C92D3EC7F548754D2D51577849A2C"
"tools/redmod/scripts/cyberpunk/devices/vendingMachines/interactiveAdController.script","4903","E757E813A8E6FDCBF987DA0684D3309A7CF9C8402324F11BACB9EABB4E2A3B76"
"tools/redmod/scripts/cyberpunk/devices/vendingMachines/vendingMachine.script","14080","E0A9309DD26E15D2D7A088C1814A50331B7545C9F5272422B41484F9159ECA63"
"tools/redmod/scripts/cyberpunk/devices/vendingMachines/vendingMachineController.script","7070","B20435C870845F386D293BAAAE198DDDB0F2E4A48440E55D23B145E065AAB473"
"tools/redmod/scripts/cyberpunk/devices/vendingMachines/vendingTerminal.script","4798","B1474CF321DF4D7355D058B23FD5BC552A168C1CF680E1F1B2B1B41F29D37BFC"
"tools/redmod/scripts/cyberpunk/devices/vendingMachines/vendingTerminalController.script","7728","B7FD14687A8E21C95DAEC585542D42E9ED85E95DF6A7FF7C99331963DD165285"
"tools/redmod/scripts/cyberpunk/devices/vendingMachines/weaponVendingMachine.script","2419","B5FCD06495B95E515F0EF9149EB617AAB6A2B5F65C94C11828B6B88CAA70BF99"
"tools/redmod/scripts/cyberpunk/devices/vendingMachines/weaponVendingMachineController.script","3000","EBEE4690A7E48204637D2BCB90BB27F284C2532ED6BE22858D164CA8A192AB59"
"tools/redmod/scripts/cyberpunk/devices/ventilation_system/ventilationArea.script","8085","C631237CCECAF4E6F3512A060D18C2B32B39661C75C4DE9F0D56E6FA7EAC4927"
"tools/redmod/scripts/cyberpunk/devices/ventilation_system/ventilationAreaController.script","3450","5A725424EC43DD4967665D858F52D97007F6FC36396D76D0359727F62348FCC0"
"tools/redmod/scripts/cyberpunk/devices/ventilation_system/ventilationEffector.script","1766","8EFE63A9F26254DDA06A786EA7CFC6B102FE467677892E36BFB083D7E7434A91"
"tools/redmod/scripts/cyberpunk/devices/ventilation_system/ventilationEffectorController.script","2155","39527042C044BBADD8BA1E8FCACD6352C24E4608ECBF2308648629A0943E9EA7"
"tools/redmod/scripts/cyberpunk/devices/virtual/virtualController.script","634","9C8D3F883162ECC14D0D1990C5D9795850ED3A4EE2D0502A67CDB60F08F80C86"
"tools/redmod/scripts/cyberpunk/devices/virtual/virutalSurveillanceSystem.script","5615","8A320FD61425052ABCDC8DA35819927997354663648A97FCD870ACC3652C0905"
"tools/redmod/scripts/cyberpunk/devices/wardrobe/wardrobe.script","2471","8B971609026B6502F5CC4C90EC885BD5CFEEDD37D99C82F8B23B10107382328A"
"tools/redmod/scripts/cyberpunk/devices/wardrobe/wardrobeController.script","4920","AB0EF793DD9AC5BE256CD4F455F2D812B7D8CCEEEDF3531AD963E4261E93C832"
"tools/redmod/scripts/cyberpunk/devices/wireRepairable.script","2006","0EB92CB73B363988C97977D84197B9BD71AB03C73A65272855E5D12AA9015A00"
"tools/redmod/scripts/cyberpunk/global/enums.script","7587","7F162E94961FB6CE0A5F2FD575E4A58938B4E1BCA64A4672583710C3C3755152"
"tools/redmod/scripts/cyberpunk/global/functions.script","953","02215493F2913604642C3525A2F3718A94EA50CA07458606BD6F4F06000E6B73"
"tools/redmod/scripts/cyberpunk/global/localization/localization_items_helper.script","1620","21F48433563681F8EBF5D98DC4EE23D09DCD67FB9E37C5F592D2EE11BB354C39"
"tools/redmod/scripts/cyberpunk/global/localization/localization_units_helperscript.script","290","E00C8ADC57A184C4E3179C646197A4DEDED8ADADFEDDF254C57F5C26199A955E"
"tools/redmod/scripts/cyberpunk/global/localization/uiLocalizationKeys.script","374","3540FF70385EC1A633C2A7BEB259FB5EFFF8C46ACC7D8D65A3ABEF47B0C656A5"
"tools/redmod/scripts/cyberpunk/global/struct.script","2072","BEDA4E79FEF44A33B582419BC94D0D4440DC5B3DED5CD2C16AD3A2A2AFEBA3F1"
"tools/redmod/scripts/cyberpunk/global/vardDB.script","1352","BB848AAD6FA263D28B72B5E7A1F90CE07D26221A2E549AFF7B81E587DC78752A"
"tools/redmod/scripts/cyberpunk/helpers/chatterHelper.script","2206","7DFD215C00804B46319ABCDC0F39BAC203852118105D90F0CB93D1297A99B88E"
"tools/redmod/scripts/cyberpunk/interactions/scriptedConditions.script","17796","FCD68ABAA3FEB9EDFFDB601FD1287220006AA72BF5F594950FF2258F101EBCBD"
"tools/redmod/scripts/cyberpunk/items/actions/baseItemAction.script","902","6BA5419E093B6C682AB6CD4F23D489C2C8152354AD89EA6499F9186A6915112F"
"tools/redmod/scripts/cyberpunk/items/actions/berserkAction.script","1369","BC6FFC4EC96712681A364D6C1541B65B9EA3EC92DADE96A4B2ED342710B6A4E2"
"tools/redmod/scripts/cyberpunk/items/actions/consumeAction.script","9979","FD0E0332F5004B7FC9CD5C79FFE7960C28F03F5FD3E163B2B77EB47CAF47F0BD"
"tools/redmod/scripts/cyberpunk/items/actions/crackAction.script","577","19DDC3D8C604A7296E1083D9F79F744B409CEB82545440E27BE95320851349E8"
"tools/redmod/scripts/cyberpunk/items/actions/disassembleAction.script","834","2DC9D1A6943C82CCACF0FD3160FDDB71EAE4031FA38B7D87D16FC84D33D006FC"
"tools/redmod/scripts/cyberpunk/items/actions/dropAction.script","1562","A46F5401E954E530255B08D8A176E1BD7523DF62BEDF4CBC7AB680F5E636445D"
"tools/redmod/scripts/cyberpunk/items/actions/equipAction.script","744","7B6421D621F2738B2BEABCB392A58E66AC4F773FAB886E01909BB43B152FF915"
"tools/redmod/scripts/cyberpunk/items/actions/genericUseAction.script","1692","3D2086B9972BBDD93EB8799841C8342AC0BE5B3B15240991913C9690D048FF08"
"tools/redmod/scripts/cyberpunk/items/actions/itemActionsHelper.script","11387","1383A2218F06A723501B6F9EB806EFED042F736E05FE9EC10A057A15B97A4FC4"
"tools/redmod/scripts/cyberpunk/items/actions/learnAction.script","49","CDB8124D1ABDD4D9A7CAFFD82DC7E068933BD9FA4C5159083F0D5CD6FC4470EB"
"tools/redmod/scripts/cyberpunk/items/actions/readAction.script","1478","7E30AB87C4F217B909326806C4E4119B55F5F080A60BCF3F620A14E42CD01AD5"
"tools/redmod/scripts/cyberpunk/items/actions/useCorruptedSandevistanAction.script","1758","53AC78A7A713D8042D0BAD760760A377A514EEA32010367AC7E485F800E4412F"
"tools/redmod/scripts/cyberpunk/items/actions/useHealCharge.script","1994","0A87F585C8B2FDA801C45B4280DBF691F724CD1560E98FDCBEAA89458B506700"
"tools/redmod/scripts/cyberpunk/items/actions/useSandevistanAction.script","1396","157D0A2585D2D5D4537B57FF943A48D04BEC98297011C1296BE1F056CE568C09"
"tools/redmod/scripts/cyberpunk/items/antiRadar.script","2243","22483BB8444D7504F1942E96892C637713C31E8A5C46B81462A8459F39682006"
"tools/redmod/scripts/cyberpunk/items/attack.script","9307","E990FAFE8A12BCBBD8FDDD96F3B99FB9BC6B148DC86561D208C37FAF2398942F"
"tools/redmod/scripts/cyberpunk/items/combat_gadgets/combatGadgetHelper.script","1664","8D625925425CDB7BD5153922475AB8B4F8E7FB054A4C3F0C534DF1E2DC843D88"
"tools/redmod/scripts/cyberpunk/items/combat_gadgets/fragGrenade.script","87041","75419F0A9E2EFAE70F0E1678F2489D3B375EEAEB2E6D64908ADC3CBD621AE6ED"
"tools/redmod/scripts/cyberpunk/items/combat_gadgets/grenadeSpawner.script","88","7B14538BFE3BBBAA281ECB6C9A2B45EA2A0F1518E9DD3F36BD11072DBAE78097"
"tools/redmod/scripts/cyberpunk/items/combat_gadgets/kurtThrowableKnife.script","13939","6F57E806E2499A74160FAF768A0C5BB74DB3D23D66CBFE50DBFD2FDF25F08226"
"tools/redmod/scripts/cyberpunk/items/combat_gadgets/mines/claymoreMine.script","5300","7B216103D61F22F7D947CD6CB456F16F930F4FB577F98AC7C10F1F522D7AC3C9"
"tools/redmod/scripts/cyberpunk/items/combat_gadgets/nanowireGrenade.script","2790","2FF5E9C0D741DBC0285786C1E45B428C0F5C7DDE3B20FF530D2B69E6BE3A102B"
"tools/redmod/scripts/cyberpunk/items/combat_gadgets/piercingGrenade.script","2704","7A93E75A96640D9125E5F080534FD0B78FCE736CD1607A41880C33EAC7CB3463"
"tools/redmod/scripts/cyberpunk/items/cyberware/mineDispenser.script","50","F4C7C36C3F32901B7182381670EE05554FB3A28627C72DB82EAB1CE014F78A2C"
"tools/redmod/scripts/cyberpunk/items/cyberware/muteArm.script","1792","76184EEA2D5A256216212295C6B5F6212AD68B0F3D7C596BF763AA9D12CBA2B0"
"tools/redmod/scripts/cyberpunk/items/drill_machine/drillMachine.script","3770","3568E8D21011C87EB4DEA679430A8B8F51E0A93239EBD493B20269FFBBB435D0"
"tools/redmod/scripts/cyberpunk/items/drill_machine/drillMachineComponents.script","2679","647EBFBE3F42CDD972BCED7C053CA62C237CBC9F32F8B45CE5DA1E2BD26E95E0"
"tools/redmod/scripts/cyberpunk/items/drill_machine/drillMachineEvents.script","661","4A74FA5E1F9F4BE0CCB4B0C1DD6BAC752744ECD866E0AA6B69B44A0E03A533D1"
"tools/redmod/scripts/cyberpunk/items/healthConsumable.script","2414","5738CD44E19C65771E044DD5671C98FF067556B8EB8265C60B38947E19EA79DE"
"tools/redmod/scripts/cyberpunk/items/inspectableItem.script","3388","61AC0EB9CA3724F4AD466001884049CBB768DD61D7D5854E150A0DF4E749E816"
"tools/redmod/scripts/cyberpunk/items/item.script","5408","0A6AC699935CA0C441B216A1170188D790143A8C8AAE87079A3FECB4AAD4F922"
"tools/redmod/scripts/cyberpunk/items/melee/katana.script","7440","99183C0FCA18DE525A54FC89E71AE244021A02D762C6B51C8FFE187C4EDE4A79"
"tools/redmod/scripts/cyberpunk/items/throwableWeapon.script","2974","D85BAAD10866805775883D5EDE040EA7F90C602C19913797515B0574359909E5"
"tools/redmod/scripts/cyberpunk/items/virtualItem.script","3087","54AB8B950653A52E6D938DF1BD3D2F922DD82415F15791D7F850E4771C8B2C02"
"tools/redmod/scripts/cyberpunk/items/weapon.script","84167","25080926A204A9B9229B87D22F31EF35A887A339420AC3F4CE28A3F1CD11EFA5"
"tools/redmod/scripts/cyberpunk/managers/bountyManager.script","9437","D201F63E4F34199F531B2972DCD83DEF9E16DBA10F2E4B328B1BE976EE6218DB"
"tools/redmod/scripts/cyberpunk/managers/cooldownStorage.script","10960","D49D74914435884259E09A136A494038384D0B1AB6F136EDF97F8FC94AFAFB66"
"tools/redmod/scripts/cyberpunk/managers/gameFeatureManager.script","199","1C7A033EFFC788E4FEEC88D023DD39CEFDABA7A1E4172736869C7661C94A333A"
"tools/redmod/scripts/cyberpunk/managers/npcManager.script","6774","7238124F0D63C8D6CF2430DEC3D7A9CA5321CC1256D0B8CD2C3E504F6ABDF61B"
"tools/redmod/scripts/cyberpunk/managers/npcManagerTypes.script","259","5F9A875173F0194C0F1D92009CA239074FD2BA3277D8CA8D517BF220E5367786"
"tools/redmod/scripts/cyberpunk/managers/quickSlotsManager.script","46312","E0C40CBA6F5770706CC6B2C5454AC88C327DB28A3021B57ADE6DB02B9C7270C3"
"tools/redmod/scripts/cyberpunk/managers/rpgManager.script","189318","16BD2F5A91B9E41AAFB2099BCEF4A5FB66D7DBA8D0E2ACB62E43234C37C0761B"
"tools/redmod/scripts/cyberpunk/managers/statsManager.script","847","01D55BE0A83D5F524145AABA80E80D91AF7148CC05EBD8CCD34A3F0DFD8B5612"
"tools/redmod/scripts/cyberpunk/managers/targetsManager.script","5929","4FDD3C6D78119DE903744AA3CDEF093249CBB3CBD6F4F5370A34E3A91427533D"
"tools/redmod/scripts/cyberpunk/muppet/muppet.script","6085","D8C945587543FB1FF6335E24CA6C797C48032DC9160115F7AF5C575649D6AF11"
"tools/redmod/scripts/cyberpunk/network/squadNode.script","8160","5544CEFE8A60F4074C3F49DF6DE0DA27A8DF75ABF5AD3F68922E8A0643F46CD4"
"tools/redmod/scripts/cyberpunk/network/systems/doorSystem.script","723","4C5EE23B89E189D0135015F5AAEBAAD41DD1803C82137DD07451D9CC495A120B"
"tools/redmod/scripts/cyberpunk/network/systems/doorSystemController.script","646","C0CF0ADE092D7D3C13B33363F5FA68D2934AE6D178A29CC78106293442149A63"
"tools/redmod/scripts/cyberpunk/network/systems/personnelSystem.script","813","EE808CC734D216353A6BF706D6DD918166E52CE077A860E338E1D1EF0A23D04C"
"tools/redmod/scripts/cyberpunk/network/systems/personnelSystemController.script","679","AE583EF28C48E61C82CCC90BAEB15C2D9518379AC1B711A6FD0A284F774C2B7F"
"tools/redmod/scripts/cyberpunk/network/systems/surveillanceSystem.script","771","C595AC0A54E5A4DDC99F3B11943500DA145C55CFB1874F176F41863E9D1709F7"
"tools/redmod/scripts/cyberpunk/network/systems/surveillanceSystemController.script","2166","884DEEE747374E20B5C7924BDBD80D5E6310B32EE60704BBEF7EE30AA5CD84E0"
"tools/redmod/scripts/cyberpunk/network/systems/systemBaseController.script","289","8D9F0D12E9D6A350D177E40FDA4154FD95239E45C6257D73308D5B03234E1AA9"
"tools/redmod/scripts/cyberpunk/NPC/components/aiPhaseStateHandler.script","358","3D1BE755DAA1AE2F7BCE25BBD22DDA3824E206DACB557817999FBCAE601833C6"
"tools/redmod/scripts/cyberpunk/NPC/components/baseAIComponents.script","1537","6A2890B0F1889E0ED444E55775B9F06BA0CC961D8127FA104DD4DD3F3CCD1DD4"
"tools/redmod/scripts/cyberpunk/NPC/components/centaurShieldController.script","6528","3BCFCEE9C94782F4B36FCB67EE76C149B2AE1A2AFA0EAC20A789DC90456D30C6"
"tools/redmod/scripts/cyberpunk/NPC/components/eventHandlerComponent.script","2756","35D100001227D53B2E3D3E02F4BC38850CF6D4790A381F29D9CF7BAE8DD384A7"
"tools/redmod/scripts/cyberpunk/NPC/components/hitReactionComponent.script","167516","42519DDEE91610B546A605F774AAB46DBACCA8F8FF167F9F8F32F6D68C4FC914"
"tools/redmod/scripts/cyberpunk/NPC/components/hitReactionMechComponent.script","4942","D268BB38E6251A50660C30AAB4C586ECE9B4C9F559E42DFABE1DB638D19C389C"
"tools/redmod/scripts/cyberpunk/NPC/components/mechanicalImpactComponent.script","3235","7E74C2E6742B7C2ABF77B5BE741F7A45B2CC6A3D7A533278D889ACEEB17BE59D"
"tools/redmod/scripts/cyberpunk/NPC/components/npcStateComponent.script","41864","7A2937EA9BA50AA22B45F64531C5545C8080B348D0B28950B4F7CA05C1DAFD19"
"tools/redmod/scripts/cyberpunk/NPC/components/simpleColliderComponent.script","214","C6DBA0B22893760C42CDF287BB06A9F183D93DD25CB92DEC5CCFA1E068529EDB"
"tools/redmod/scripts/cyberpunk/NPC/components/squadComponentImpl.script","21521","07FB144FC4FFB467BD39341B1060CFB4CF1CCA46CD4D12DB8CAF8B22B992BBD5"
"tools/redmod/scripts/cyberpunk/NPC/components/statusEffectComponent.script","1668","E5278F12740331AACE0EB77F04974F8A3D1F2D7DE8677F1A59B2D5FFE43A7133"
"tools/redmod/scripts/cyberpunk/NPC/NPCPuppet.script","198170","3B6A43896CFBFE6CD53C3BE1AC508A1F19301D1C3EA9B5851AC2CF92254F6175"
"tools/redmod/scripts/cyberpunk/photomode/photoModePlayerEntity.script","19539","51D86BE003FBE27839E49726C54D1299E6D396FCBB06DED1FF3737B026CB6583"
"tools/redmod/scripts/cyberpunk/player/disarmComponent.script","5021","7AFB64600E271CB066E79693E1C34C92D57275BAF181AD177ECF1340D27E3433"
"tools/redmod/scripts/cyberpunk/player/player.script","312584","6925D3A797777655EE8F769B0D42EEAC049503204124A196CF0183F87AEFE7C7"
"tools/redmod/scripts/cyberpunk/player/playerCombatController.script","13123","2BAF1E6A702EBC1315BB04CC3B337A7ECBFE5B779CBFFA489BBA18884A5E4B06"
"tools/redmod/scripts/cyberpunk/player/playerCovers.script","3453","FA1C2A2879490AD8113F8594B48BDBC882D171A603043841053F9B375DEB5776"
"tools/redmod/scripts/cyberpunk/player/playerEvents.script","7169","7E9DDB39C42A1396B7BE327786FB364C91FB1F21626F9B495C01DB14949B5692"
"tools/redmod/scripts/cyberpunk/player/playerListeners.script","30778","9B3C5B944A68E210A83C6E3DBCFE80DDD79329D81CB84990819BC601E7562B10"
"tools/redmod/scripts/cyberpunk/player/playerVisionModeController.script","33288","6DEABE490AAAE42F541351A1FFE8A08C9CF31A7CE59FCE34C3300D095983EDFF"
"tools/redmod/scripts/cyberpunk/player/playerWeaponHandler.script","7889","7451710C6AB3CC8ACF1DD6A6859D6F6DDFF707FD21FD8661389978380DD13134"
"tools/redmod/scripts/cyberpunk/player/psm/braindanceControlsTransitions.script","46675","1239F1CB86FAB19CAF9BDF3F818077DBCDDF86165C8201FE696AD96C45064032"
"tools/redmod/scripts/cyberpunk/player/psm/carriedObject.script","61714","1414538C0E30BF88243D364DE4D94521C68A40694BC9BAF6FB8CC0728D30AA05"
"tools/redmod/scripts/cyberpunk/player/psm/combatGadgetTransitions.script","35730","7452E1D88C9D6E7008095A41A5D82CF9C98F1E62F797C272C96CA49D3F627010"
"tools/redmod/scripts/cyberpunk/player/psm/comdeviceTransition.script","1090","BA35DBEC7B3143E06B95AF0A63C63FD9BBFA56030BB9D1225C6FAF99FBC27CEA"
"tools/redmod/scripts/cyberpunk/player/psm/consumableTransitions.script","12315","A23E67704FF023EFAB9DCC8B6F8D08B53D81AF884B090D37DEEE00EB4B83F676"
"tools/redmod/scripts/cyberpunk/player/psm/coverActionTransitions.script","8555","507A4C57F4EA9DD55E8B102BB8B2070004E7F2C49EFC686287E6D30AA8D173FA"
"tools/redmod/scripts/cyberpunk/player/psm/cpoTppLookAtPresetTransitions.script","13066","E290CF69C6E2E906F19CF0D1BEFD7BBE58983F7836B21AE8F4619A1AAF2AA182"
"tools/redmod/scripts/cyberpunk/player/psm/crosshairTransitions.script","3933","97580E91793B7EA94DD76E8BE05560C5B0F6287D1BCB0E4645F05394E0883915"
"tools/redmod/scripts/cyberpunk/player/psm/cyberwareUtility.script","773","00DE69B337BFBDFCF73A39E3BED247B6AE0CD0B8B8F933258B7A40CF50C9F9E6"
"tools/redmod/scripts/cyberpunk/player/psm/defaultTransition.script","112793","B86EE65DC15C8CCBAF0890C5813BF1BAB30AFE094BA36B82D6959F934F0F42D8"
"tools/redmod/scripts/cyberpunk/player/psm/equipItem.script","550","976246DE7609FE652229A402BAFD06402A2579276810AB8CC6614656B8030A9A"
"tools/redmod/scripts/cyberpunk/player/psm/equipment.script","60783","94CC8F21A4042D335BE5A6DF31042A32D1B6C40B6B0CA60CC14B9ECFF5FEC214"
"tools/redmod/scripts/cyberpunk/player/psm/finisher.script","15166","AB53717086E36489A9CFEAA14BB52DC3D98A6BFF59F121A59F07D0EAFED8369E"
"tools/redmod/scripts/cyberpunk/player/psm/highLevelTransitions.script","50040","F2496DED015D0267E74AA7570A8B3AB625ED747093D6E2C7D6F2BF2E6723EFFD"
"tools/redmod/scripts/cyberpunk/player/psm/inputContextTransitions.script","110376","5FFA5272A2B9BBEE4CB4E71F3720CD8E0FC166B3AA66EE03D83CD8B8C56F970E"
"tools/redmod/scripts/cyberpunk/player/psm/inputOutputData/carriedObjectData.script","75","E0B91FD7E0B7E8D1E26FF76E821675A98A67CE2B4700CA5DD01CF0839F8D820B"
"tools/redmod/scripts/cyberpunk/player/psm/inputOutputData/equipment.script","90","1067A0A49C0A87FC759DF646FF6A6BBB002241D7510A639D9B589F8753106E34"
"tools/redmod/scripts/cyberpunk/player/psm/inputOutputData/locomotionScene.script","98","D9C025C79990589AD7EDACB53379231EBBC87F65E3779BB6B663E8EDBF4A15BB"
"tools/redmod/scripts/cyberpunk/player/psm/inputOutputData/locomotionTakedown.script","148","4EC2BE70A4B444A1C9BEF74648D6BC9A65B06FA4FD0D609CA124FFBFCBB21CDB"
"tools/redmod/scripts/cyberpunk/player/psm/inputOutputData/testFive.script","90","161D54368B752CD0B039C3C2057A37D91FAD99B189687F9316B9E8F1479C3A0F"
"tools/redmod/scripts/cyberpunk/player/psm/inputOutputData/testFour.script","181","F32BC5CBC363F5B8C992D5AB9AEEEDF3F25EFD4FD595778F0C7BC421FCA2046E"
"tools/redmod/scripts/cyberpunk/player/psm/inputOutputData/testThree.script","92","7FF3623A6B3CC52AA55E389D9CE06BF7655838E1086FBDC96DFD2732A124A2D5"
"tools/redmod/scripts/cyberpunk/player/psm/inputOutputData/turret.script","227","9C654C648CC50A81226F4DED7B068BEFD7330027784F2D5F0CF507693C631C68"
"tools/redmod/scripts/cyberpunk/player/psm/inputOutputData/vehicleTransition.script","166","FC1FAB93933C9FC51B97C3F7A367F966569E210A35428C90571489813E8EBDD5"
"tools/redmod/scripts/cyberpunk/player/psm/leftHandCyberwareTransitions.script","55355","41AECC78B355164911ECBC104A4CEBB90421EE2CAC76E9DA8C1CB1DDE92B98A4"
"tools/redmod/scripts/cyberpunk/player/psm/locomotionBraindance.script","5304","FFB9E108E9EBF539553B02D39FC4E95D2BD196EB711675B2858C9F36CA28F1FD"
"tools/redmod/scripts/cyberpunk/player/psm/locomotionSwimming.script","41550","D057A1EEA6779FDFFEC2E9AFD0EE102436F7C55822783A81FDAB6FE9C2CB192E"
"tools/redmod/scripts/cyberpunk/player/psm/locomotionTakedown.script","68128","1D69B3B4AF19A2D9BFDFE88A3CBBD2D8E5F5E51A312C902DB2BE733AD01C4B19"
"tools/redmod/scripts/cyberpunk/player/psm/locomotionTransitions.script","303972","20D6AD11A8F326B6839ED69FE31B56108D0328F39036A6385DB296E32B6AAB7C"
"tools/redmod/scripts/cyberpunk/player/psm/locomotionTransitionsLowGravity.script","25402","C027720D6E2C1A9AF348ACB2C92138DC7073CB228AB17CCE17A3387C3B68EF06"
"tools/redmod/scripts/cyberpunk/player/psm/locomotionTransitionsScene.script","1318","04C8163CF0A6F8BE92D90CB5BCB5CD843D9B74EBC2E111E9064C1FC879439AD6"
"tools/redmod/scripts/cyberpunk/player/psm/meleeTransitions.script","219017","868950F6AECF868F64A153C2EEBEC02F9B514A8479A62742CD2B6BEE0D37D699"
"tools/redmod/scripts/cyberpunk/player/psm/mineDispenserTransitions.script","5764","2B4A2E6A49EED764EC0606A08F845068F0CDD430C89DA325653D61A945A83F37"
"tools/redmod/scripts/cyberpunk/player/psm/on_demand/defaultTransition.script","586","62B13188AEE985907DCADB66F2F40349D215D7A0CB7B476BB9A7D26B64474CCF"
"tools/redmod/scripts/cyberpunk/player/psm/quickSlotsTransitions.script","42922","F1A487D03890AC1F74B233435F34F9CD3C6494EE841174211A5FBE2A2811806F"
"tools/redmod/scripts/cyberpunk/player/psm/reactionTrasitions.script","2869","18CD19E46A24F2D04D2AA027AD5D9B469A9882162007EE7DD313A1D010C5EE3E"
"tools/redmod/scripts/cyberpunk/player/psm/scenesFastForward.script","21469","C4F353B60188B1FA82DCC811A1D62CA433CF7A54732DAE1A25060B1AAEFC212D"
"tools/redmod/scripts/cyberpunk/player/psm/staminaTransitions.script","10464","6886E4859620A35A2448E54AE90DA91E5C56B438CC6AF64449B379E7AF88A2A4"
"tools/redmod/scripts/cyberpunk/player/psm/testTransitions.script","1695","795E9AA298E6B055D403494623B4E1ADD70F0E2215CD349E08A8746982046BFA"
"tools/redmod/scripts/cyberpunk/player/psm/timeDilationTransitions.script","30981","86783E02B780448DDD026DEDABB93E9FE171DEF784CD9638F57179505BEC6DF6"
"tools/redmod/scripts/cyberpunk/player/psm/turret.script","3651","AFB5CC2D7FE8B42735198C6126F5811CA48620BFDBDC12D599DD5FE6E2A3FF26"
"tools/redmod/scripts/cyberpunk/player/psm/upperBodyTransitions.script","111511","19616526354EBA7896C6E38F2846EBF8E0CAE09FC0E1E6DB823A1D845672881A"
"tools/redmod/scripts/cyberpunk/player/psm/vehicleTransition.script","179853","A147F3F9BB11AA12EE221B8759B734F862F30FDF52ABBC39BE690DC0B8C9DC40"
"tools/redmod/scripts/cyberpunk/player/psm/weaponTransitions.script","148368","99BDDE24CB79D71A933703D26B35B204CD273C8F43B6C6A7DA2034D57E239011"
"tools/redmod/scripts/cyberpunk/player/psm/zoomTransitions.script","36983","DC9087A123DA3EA35BFEE73E61684BDCAC96069168612B69C6F9FCF251F106CC"
"tools/redmod/scripts/cyberpunk/projectiles/baseBullet.script","3952","8A86B9945199A2E2F9B19321F6169CE4E9058E5032AD9ABB58505C5C4A221A91"
"tools/redmod/scripts/cyberpunk/projectiles/baseProjectile.script","12878","01DA8A7EDF8952EA069B626223BAAA06CB341CC24657F39B3BD7AD4550727C8D"
"tools/redmod/scripts/cyberpunk/projectiles/explodingBullet.script","5025","59D377F4AF7A2DF4595051D50856D2847632A39AA294368253935DF18AB0491F"
"tools/redmod/scripts/cyberpunk/projectiles/herculesProjectile.script","807","F76AC3577FF922E16D78F9D7087226E507AE384F84370AF0DB646037ED29F683"
"tools/redmod/scripts/cyberpunk/projectiles/meleeProjectile.script","10794","922CAB0E3C42BD483D654190651FBA3E84A89EDC8DC8D1FA3124524076EB757A"
"tools/redmod/scripts/cyberpunk/projectiles/mineBarrageProjectile.script","6346","EC981E752088F6DF85E6017C61406AED0093F809932D28E4995EE0575BA6C4D2"
"tools/redmod/scripts/cyberpunk/projectiles/minibossPlasmaProjectile.script","5203","450467435990DE1AF398A2813B8D41610A255507FCF721178F91308578895211"
"tools/redmod/scripts/cyberpunk/projectiles/monoDisc.script","21394","D927BB7223E5F9D6B1FCD62B9E87C72E661564E8204978867765960213EF0A41"
"tools/redmod/scripts/cyberpunk/projectiles/projectile_launcher/remoteHack.script","3113","A4683076E4A6FD0F955E0FB6F2799E54A2DC6DFBA2BCD136AB5E7A1A8966DEE9"
"tools/redmod/scripts/cyberpunk/projectiles/projectileHelper.script","16605","703A805851D3B8359331F7A4CE0B290C8D392E7893A394A68434212C5EF4E566"
"tools/redmod/scripts/cyberpunk/projectiles/projectileLauncherRound.script","28388","0EFD3785BF2966ACC05E66F134472B4C26C3609B66B2CFFA674BFCE5977B6346"
"tools/redmod/scripts/cyberpunk/projectiles/rainMissileProjectile.script","18577","C0EB62B344DDD5FFDCF500E640BB6C7DDF9C04A4BEEB4B13004A5852AE65D254"
"tools/redmod/scripts/cyberpunk/projectiles/spiderbotHeavyProjectile.script","2414","74566D2AC941BC14D3B6E1C6AC74D16185EE1FBB5E6D068230849B6545AF5AD9"
"tools/redmod/scripts/cyberpunk/prototypes/netrunnerPrototype.script","572","B4310ABAF7C9ABB3C20A28891D97696F3DD5674CCCFD4DDAB9BA9401E3EE5710"
"tools/redmod/scripts/cyberpunk/puppet/puppetActions.script","7988","71FD043596D14A6CD396FB83DA65D8D996BDBDA83D030FFBCE5E335411321013"
"tools/redmod/scripts/cyberpunk/puppet/scriptedPuppet.script","201565","C544B9E8CA358513CE178D54CDDEE79491B9E3A85AF234934C9A32F48349B20A"
"tools/redmod/scripts/cyberpunk/puppet/scriptedPuppetPS.script","45936","EEA88DED7FB4B1C30C94EFDAF2D833BAE2DF5299DABC86E0B7656BAC16056FB5"
"tools/redmod/scripts/cyberpunk/quest/questAICommandNodeCategories.script","3935","E852394661F69F18E774D1A4CBA59B347F9EB9D0D445CDB26DE33E3D424F2D3D"
"tools/redmod/scripts/cyberpunk/quest/questCondition.script","8932","A5D3071A3781F56A87A6A92B722D45C039B2F31B0C66DE54E105E5E0D424D015"
"tools/redmod/scripts/cyberpunk/randomization/randomizationSupervisor.script","1496","3ED2917CE07FF43F3DF38EADE339DB1AF96CDCA39FB27DC20848905673176BE3"
"tools/redmod/scripts/cyberpunk/scene/voicesetComponent.script","139","AC3262CE3D8EC431370D82B5349D923B4677A32E4860BEEFC9D3DC5280E8663F"
"tools/redmod/scripts/cyberpunk/strike/executors/executorAimSnap.script","500","4AD27CFA53BEA0AC4A4618B60FA64F0C4994C9FBB0CA260F57F1AB2EC7074330"
"tools/redmod/scripts/cyberpunk/strike/executors/executorApplyEffector.script","633","3A75D44CC96FF6E52CE1D2AC155BE61389948A4E20FE81843C1C414960009E26"
"tools/redmod/scripts/cyberpunk/strike/executors/executorBulletImpact.script","1406","B2CACB75EC6520E6FFF4D259D1BCA52A3F7208B51ADF8623C347851380A1B6D4"
"tools/redmod/scripts/cyberpunk/strike/executors/executorGivePlayerReward.script","1309","EB575E9EB945DB8E4914E27851DDF928B6EE5F2251BDC8BC608F3BA09C520D7F"
"tools/redmod/scripts/cyberpunk/strike/executors/executorHeal.script","716","C7FFF9A7FE8B37D9666F73B03637D18528073CB601DC91114351A7AF1BE57E55"
"tools/redmod/scripts/cyberpunk/strike/executors/executorKill.script","405","027F733B5FBEFCC618D4CB7B1753DDE4EA7D973914A298839D336F2DBC5CAE8B"
"tools/redmod/scripts/cyberpunk/strike/executors/executorLookAt.script","993","6969DE1ADC09A57EDFFE8AEFC375361FE48B201E9BA27EC9339CA8B064E4861E"
"tools/redmod/scripts/cyberpunk/strike/executors/executorMeleeHit.script","12872","6F89B41F236E3B935837DFB7CE2D3B2AA4891DE0A77F2B3E3E88C1B8E5812BAF"
"tools/redmod/scripts/cyberpunk/strike/executors/executorMeleePreAttack.script","583","672F761D8AEBF781CFC7B5853C8EF795E18CECF1672FB4A1F0459825DAB2ACF2"
"tools/redmod/scripts/cyberpunk/strike/executors/executorModifyStat.script","1261","1AED1F3AE441B1A2826790A679D8B8305A0FB746F8FFF7EF741CB27D889D3E1B"
"tools/redmod/scripts/cyberpunk/strike/executors/executorQuickMeleeHit.script","510","50A22DEE066201EFF3B80942BEB9401E0A1600C3373E145CAFC7D75A0BC80E9C"
"tools/redmod/scripts/cyberpunk/strike/executors/executorStatusEffect.script","1085","329F7C9B0F08E4EFAFFFBE6535FDF88ABE3D504C08F667151C2DCEB13D83812E"
"tools/redmod/scripts/cyberpunk/strike/executors/executorStimOnHit.script","2976","7F674AA88398A9AF08E253D5B7E617222F4804FE4EFF3D281BA434F52BB4C3C5"
"tools/redmod/scripts/cyberpunk/strike/executors/executorTimeDilateOnHit.script","502","78E9785884EBA7C2AE5BADFF2A9DE0292E7F1E8AB744F882E3E01A3DBA5E94D2"
"tools/redmod/scripts/cyberpunk/strike/executors/meleeGameEffects.script","1160","BEFC976177EF8A1716B885466A14954809E9D33F3A86337BC4D59ECF10A76FB0"
"tools/redmod/scripts/cyberpunk/strike/executors/ricochet.script","506","B5199BE0E6E0B4C7E243DBD080516E70CE3758D7AD8BA80BED79DDA5FCC6A3E9"
"tools/redmod/scripts/cyberpunk/strike/filters/filterNPC.script","1198","AFC744BD667137332023B47593BDFB651AEE881EABF90B310F662E3A56622B28"
"tools/redmod/scripts/cyberpunk/strike/filters/filterNPCDodgeOpportunity.script","2989","375D01CA55733C017860D7BEE5CFDAD196DBC16623681C46964AD8CEF10A80A5"
"tools/redmod/scripts/cyberpunk/strike/filters/filterStimTargets.script","1099","3C6F2DD227438C05990E4360A292086211CFC6F9CDEF0DCF852D33420B6719EB"
"tools/redmod/scripts/cyberpunk/strike/filters/filterTargetsByDistanceFromRoot.script","1242","86F97BE48F69FDCEAC6536530DC8FBB118CD509C8CBD5419C9ED454157EF6EB0"
"tools/redmod/scripts/cyberpunk/strike/filters/filterTargetsByRotation.script","2907","BDB7772BB92506A0F1ABB8C07D04A224741821C6C699D85C04E671BF4CD67512"
"tools/redmod/scripts/cyberpunk/strike/filters/investigationReactionFilter.script","860","0CA463B47345A7180170B5ABF61B68530A38DDC08DCB0D97CEA22296993765B5"
"tools/redmod/scripts/cyberpunk/systems/autocraftSystem.script","2937","980CB06AB11579BB421D47236D8AD72462770A32FFE448D17B00B5F1B285CA76"
"tools/redmod/scripts/cyberpunk/systems/dataTrackingSystem.script","30659","FBDE15E92A8E1D8735590BF73B37004BBF03EC0E35E08A24A1A804662B106B5D"
"tools/redmod/scripts/cyberpunk/systems/dataTrackingSystemRequests.script","2879","2C2CD6E7667AC2EBE4C47377A1397DCAECC41D723AF580D0257C34175C429A70"
"tools/redmod/scripts/cyberpunk/systems/environmentDamageSystem.script","1248","32B0C28BFA0B85B61CDF6EA358CA40B8A4120DDCC0F9C5895F597BB223F0B516"
"tools/redmod/scripts/cyberpunk/systems/equipmentSystem.script","225611","4A3B36649F8FA23538DF97F14DCD52AD383C7C9410AA8002925AE8C694790156"
"tools/redmod/scripts/cyberpunk/systems/firstEquipSystem.script","1217","721B92C64AD5808FB6E06165204453BA892CEFBB17DB74BCC0BEE4DA9763D317"
"tools/redmod/scripts/cyberpunk/systems/inputContextSystem.script","869","C4C26C1F0FB2C17A6C3F8BB3E6430962E2A9B91FC38834CFEB621442B8744DFE"
"tools/redmod/scripts/cyberpunk/systems/itemModificationSystem.script","15054","83E522294AD834A73C770BD2E8947A1F2828A520090EF7628EF45CE079079EFB"
"tools/redmod/scripts/cyberpunk/systems/itemModificationSystemRequests.script","1041","A706DF6442298819517531C3307F94E798D3C1ED27E39D24BE606A58763225A6"
"tools/redmod/scripts/cyberpunk/systems/marketSystem/marketSystem.script","17801","3DEEFB9E78BD8D907ECA2607C5F10A055A18CB38EAF8E6CFD12DF8D2EDD8959A"
"tools/redmod/scripts/cyberpunk/systems/marketSystem/ripperdocTokenManager.script","1969","79BB4B8ACCEA04858D780715BCC50701936267F7DA41ECDBA7988436D9BFAE91"
"tools/redmod/scripts/cyberpunk/systems/marketSystem/vendor.script","43645","31B54DEF9596A1539612C07B2978071F72651F5C71C5F8BD92DA79287D824876"
"tools/redmod/scripts/cyberpunk/systems/phoneSystem.script","22120","2CB1DD523E50CF89DB6A7E48F58C41CF6CDB0DB473B6538F0AC84B1D73726B3D"
"tools/redmod/scripts/cyberpunk/systems/playerDevelopmentSystem.script","154192","F93B39C70CDDA59BDE4C09527A7345388705CDC79A01023E1B410F984581CD34"
"tools/redmod/scripts/cyberpunk/systems/playerDevelopmentSystemRequests.script","7547","4E334DB289649D31E7ED74ECF79803C6F051B735F3A2BDD10D20DEE9EEA189B6"
"tools/redmod/scripts/cyberpunk/systems/playerHandicapSystem.script","2011","0630E2C193BF31BB4A1C7D9427ACDADF0D555B8EF4D4FD38D8ADCD7D1632F30D"
"tools/redmod/scripts/cyberpunk/systems/playerHandicapSystemRequests.script","285","A0555172F69B5254E70907DB94AD583AD169B3FE1641A546056FE26CCC36E739"
"tools/redmod/scripts/cyberpunk/systems/subCharacterSystem.script","13738","A0A24E23971D3997A66DEC5A8383B7613ACE814B4B0D613CB39A3C9EB668F11F"
"tools/redmod/scripts/cyberpunk/takedown/takedownHelper.script","1275","12BF3B46C12862FFD2848A6804B773136377B85CBCB4451C7D750A943A0B4853"
"tools/redmod/scripts/cyberpunk/timeDilation/timeDilationHelper.script","9351","511FD6775E939C22D9890E163B3C016951CA07D25277C75717858CF1E5827713"
"tools/redmod/scripts/cyberpunk/triggers/gravityChangeTrigger.script","1391","D39293CACD38A5B6849C9FD6FD7F3E2B944C03BD66F673415385A08A8AF827F2"
"tools/redmod/scripts/cyberpunk/UI/activityLog/activityLogControllers.script","7322","5743C185A766C49F9AF8690D9CE4256B165CB8C99B31BE190790F3019511F7BE"
"tools/redmod/scripts/cyberpunk/UI/blackboard/uiBlackboardData.script","1415","E523464ADE986A2464BC10C86319EE9BB07A4A099708250BCF8A362740D62C7F"
"tools/redmod/scripts/cyberpunk/UI/common/animationHelper.script","1998","EB31648C76A1167E0ACB18E7F7BF9C9BE783A689F2BDD46F22897E5A4487AF5C"
"tools/redmod/scripts/cyberpunk/UI/common/ButtonHints.script","4112","5FA6979CCC8D2B8555F30E5D41FBD4B50B3E3C2CEC6F3DFE256D35120674087E"
"tools/redmod/scripts/cyberpunk/UI/common/ComparisionUtils.script","20021","09150A38AA3C5C005D1A86059D45C10615F24E03D49344356B2630C5531936E0"
"tools/redmod/scripts/cyberpunk/UI/common/customAnimationsGameController.script","4799","B495527BAB9020AF40297E9AA86A39208BA3F7ABECD03A4D857165C9F0B7063E"
"tools/redmod/scripts/cyberpunk/UI/common/customAnimationsHudGameController.script","3403","9A575C09172B5841FDF59FC5C9F6AA630949D9FC84A310E776FFCC92BCECCD37"
"tools/redmod/scripts/cyberpunk/UI/common/factTextGameController.script","1383","B9A35F20769E53F8D2A9AF20B89C45BD757A475ECD1D2BAEB6B2C60D0200B2D3"
"tools/redmod/scripts/cyberpunk/UI/common/genericButton.script","1996","109DB763A32B1473EE15156FE5C2548D5682CD88DFE8C0392BEEECB4528F79A7"
"tools/redmod/scripts/cyberpunk/UI/common/genericMessageNotification.script","11056","451F98CE856B198B5E1A87DAEA27BACB9773DE6CA07DE6EB370EF3165A1ADB4C"
"tools/redmod/scripts/cyberpunk/UI/common/holdIndicator.script","2814","526A18362C1AE3A9795D8828B5DBB2C141AF204E02F7A5D53527C1A76A6E3F5E"
"tools/redmod/scripts/cyberpunk/UI/common/inkImageUtils.script","4683","D742EDB28374D45E30663B98497CD48EF8ACDD201BDFD5975572E3FD4354ED0E"
"tools/redmod/scripts/cyberpunk/UI/common/inventoryUtils.script","2351","FA00A2F052EB617FACC7A8540B4F5FE83025BAA7EA6EA91A06D83492B56B31B0"
"tools/redmod/scripts/cyberpunk/UI/common/itemDisplayUtils.script","4439","4C1E106699F7B0BC39F0BBB9810FC68B4D51F28A9849DD3F4C0ADE91F6132DB0"
"tools/redmod/scripts/cyberpunk/UI/common/journalListController.script","1672","38D715ECEB5E97B4FF32ACBD46A545A50BE0EFB1E543CA8D9BE9F0337D833966"
"tools/redmod/scripts/cyberpunk/UI/common/localizationMap.script","1219","8B059EE4982E433F36B5381EA02B21E2D90AA15D6FE2E76A216D17014A420580"
"tools/redmod/scripts/cyberpunk/UI/common/progressBarAnimationController.script","1554","9958A216693FCD5AFF5C70EA2E45A35E9620332C9EA03B21B0E0463A93633B6D"
"tools/redmod/scripts/cyberpunk/UI/common/progressBarSimple.script","8572","CCBDCC959BA7FA6EB07CA519671D3E990CD1869C6F10AE8B4AEF184E757F70E2"
"tools/redmod/scripts/cyberpunk/UI/common/slotMachineController.script","4582","2BB12AE777D74B7E76113C1096546C028E77EAC846540B99C61D8DEE9802D4C3"
"tools/redmod/scripts/cyberpunk/UI/common/soundController.script","591","FAA24B97AA88CEF34C31D21B8678F8CFDCEDB885874F8E0CFC407F8B47937057"
"tools/redmod/scripts/cyberpunk/UI/common/stateUtils.script","748","255DE7836A0A4B8AD708959A745CAA0013B299A2A5536B40768E0D604BB130B7"
"tools/redmod/scripts/cyberpunk/UI/common/statsProgress.script","2024","FA2C265A524D1F545B48C305C4A8C16630048E1EF05107C8B1874BD4855C3547"
"tools/redmod/scripts/cyberpunk/UI/common/tooltipAnimationController.script","4073","AAF78BCD41942FF891080D010AD671693A9B545F6EDA2F8D267218CCFE257A78"
"tools/redmod/scripts/cyberpunk/UI/common/tutorialMain.script","1701","7EBF076FB0AEAE74EEE89D6FCB05D03A5C17F8E3CBC5C8D39BDA70A6789D417B"
"tools/redmod/scripts/cyberpunk/UI/common/tweakDBIDSelector.script","5094","D96D34C40D5270CE27257DBC6BC4ABEE102657F67B181732327C2C25CFC3852E"
"tools/redmod/scripts/cyberpunk/UI/common/uiInventoryScriptableSystem.script","29641","D7B5EDD74B84C3058309C51AB8B0C057D157E2F6CF41A35B293ACCBF54215237"
"tools/redmod/scripts/cyberpunk/UI/common/uiLocalizationHelper.script","1810","233DEB5B5813A6DB5C9E28EF8ED73BDBB717531345E8BB40DA0D0E65A5FE75A8"
"tools/redmod/scripts/cyberpunk/UI/common/uiScriptableSystem.script","12495","1EB0D708EE8BF1213955403D9EAA27C42F941D6C572829EFF4B3040BD84BDA72"
"tools/redmod/scripts/cyberpunk/UI/common/virtualNestedListController.script","5282","854A8D8A20815D185FEFA40BFF532074BDBA7FBA2F880E95994132EDEA737CFE"
"tools/redmod/scripts/cyberpunk/UI/common/weaponsUtils.script","439","88E137471BB39CF8322B5B98A17A69E02AE558C70B7022728DBD020329FF87E5"
"tools/redmod/scripts/cyberpunk/UI/common/widgetStateMapper.script","1614","713739DEC22C1681776BA82682C6EC474146B98FD06F9D8DECA37EA45119548A"
"tools/redmod/scripts/cyberpunk/UI/cursors/bunkerCursorGameController.script","156","9B022C32F0F8E79686A25CAC12E7C2C25EE0FA9E6A407F72346102A869988137"
"tools/redmod/scripts/cyberpunk/UI/cursors/cursorGameController.script","13348","4506EDE055F07A26E9F1F9EC362399DDD921EB19428C8C2DD0852846D6081F85"
"tools/redmod/scripts/cyberpunk/UI/cyberware/cyberwareSlot.script","1983","6669DC81BE9F0C6143837CD2B8C479D09FE4D566A2B1294EF1400BFA186F2808"
"tools/redmod/scripts/cyberpunk/UI/cyberware/overclockHudListener.script","1111","1BCB94D013A14983EC7E6DB13FB04D7D3746A5041FCCA356617D6D44F9197996"
"tools/redmod/scripts/cyberpunk/UI/damageDigits/damageDigitsControllers.script","76235","EB5A8F56C6C8F8A507B23822A000ADBEE80D43BB9260E6A96AFC0EABAE545C3D"
"tools/redmod/scripts/cyberpunk/UI/data/blackboardPuppetInfo.script","2508","D33629FD3EF4EB1BB657682D366C0ED28FD592D7C1A939E7AD0CEC29472AADAE"
"tools/redmod/scripts/cyberpunk/UI/data/iconReference.script","163","E5BC8B4A8098575793F26BD0F2E6556C73E9C76C4012A81EF54E92F55E651280"
"tools/redmod/scripts/cyberpunk/UI/data/inputDisplayData.script","319","313CFEF844392B42BDAA55C2EF186858E25F9540CBEB1C2CE98DAB390BFD735D"
"tools/redmod/scripts/cyberpunk/UI/data/pinInfo.script","234","8804DC8D24031AC22C2BEBF2773EEBA25598EE9C20616B561F28124A267CE7DB"
"tools/redmod/scripts/cyberpunk/UI/data/quicksort.script","4259","741E67663EBEBACFD6C1EAB806A92C042796C895F90148471040432DF1A2874B"
"tools/redmod/scripts/cyberpunk/UI/data/vendor.script","19109","3DABDE87C874774B350791709005F56DA5610F6331986A7F4B5411A64B834776"
"tools/redmod/scripts/cyberpunk/UI/data/weaponRoster.script","321","B7B7984D788B6E1876CD7186EAD97C3937718B411F36502B1B5B37A0D1B292EA"
"tools/redmod/scripts/cyberpunk/UI/events/advertGlitchEvent.script","186","D4525BF2F3794AC0380B67F8D57BB097256D11E4BA9349C8A51711C73A4F450F"
"tools/redmod/scripts/cyberpunk/UI/events/HolocallStartEvent.script","165","643C10C2873E01DD977B185427DD40C653CED14E45035105DA899063CF851DCD"
"tools/redmod/scripts/cyberpunk/UI/frame/frame.script","1008","5327CF981B72700325D0BBD1363882E3EF530B6CC68D6F72CEB0412A289AE5D0"
"tools/redmod/scripts/cyberpunk/UI/frame/frameSwitcher.script","21016","EB5E7D4A5F0C32DA3BED60643B84F3D0FE5DF5BFDE44C1C54BA01BE7ED32C53E"
"tools/redmod/scripts/cyberpunk/UI/fullscreen/backpack/backpack_main.script","76677","241C5C6AC30D609278D379156031FE792D3215991B4229B76DE1E3A800FA26FB"
"tools/redmod/scripts/cyberpunk/UI/fullscreen/backpack/BackpackEquipSlotChooserPopup.script","6064","7FCCB5048B080DE6BA4090F5AA3A4C6C5BB14C02AD7987014D857B58E2331BD6"
"tools/redmod/scripts/cyberpunk/UI/fullscreen/backpack/backpackFilterItemController.script","15195","D11AD66E40884610CB35471F2344CB31065E895EA6507A3C1B1EC74CF4C39A6F"
"tools/redmod/scripts/cyberpunk/UI/fullscreen/backpack/craftingMaterialItemController.script","5131","3868A51AFA98B4AE558D43463874776FD459610BD08E67BEDDA019629B72F8B0"
"tools/redmod/scripts/cyberpunk/UI/fullscreen/backpack/dropdownButtonController.script","1260","8F6CDB1FCF684401B1ED2F9E71AF0F6C7ACB29B78D3DD367A125D6007C94BEF2"
"tools/redmod/scripts/cyberpunk/UI/fullscreen/backpack/dropdownItemController.script","131","293012900021CE18E5144D68305F8907B3871D078408D4F9685AD8C1A63D6291"
"tools/redmod/scripts/cyberpunk/UI/fullscreen/benchmark/benchmarkResultsGameController.script","23211","F29176C2510C97617803C0DE4DFBFAD052BFB7FD1A4CF760E298E8CFC0C4B375"
"tools/redmod/scripts/cyberpunk/UI/fullscreen/benchmark/benchmarkScenario.script","966","94CB42024D294F7CA1DB7F1B082F83CC4760508A072C8A987588EE3361C0BF18"
"tools/redmod/scripts/cyberpunk/UI/fullscreen/briefing/briefingScreen.script","8596","A7D34F6ADC2F4C3934944FD70C45A5308569B2C7C301D2C3D8ACCF7550F59C19"
"tools/redmod/scripts/cyberpunk/UI/fullscreen/button_help_bar/button_help_bar.script","150","1A95326F3DEB5A982947EA8B0A57850835BC2B7592F34C5542E01767AD133A42"
"tools/redmod/scripts/cyberpunk/UI/fullscreen/codex/codex.script","12612","578757E9ADF6B3DBC173F2F9B11017585B3CB9F442963861396394CA3569E84B"
"tools/redmod/scripts/cyberpunk/UI/fullscreen/codex/codexBaseController.script","72","885987D83A09EC32B659D60CD8B58F67CFFB6693950EAFF2937EC77A7D3655B2"
"tools/redmod/scripts/cyberpunk/UI/fullscreen/codex/codexEntryView.script","3533","9A7DC1AC072F0A40F2472FA244D866FFDFC97E2CF9646B1DE68FB88ED291E7D9"
"tools/redmod/scripts/cyberpunk/UI/fullscreen/codex/codexItems.script","3291","BFB29C079FD9C77EAB5A4181A6478CAF0B1F6BE84DA531BF5225996A8B0B89C4"
"tools/redmod/scripts/cyberpunk/UI/fullscreen/codex/codexUtils.script","22330","6E5614184967A89D0B6BEF5AB6F8250175C3DAD2D0AD308173AE3155EED50625"
"tools/redmod/scripts/cyberpunk/UI/fullscreen/codex/codexVirtualControllers.script","9316","F15B517A2B4120A052A1EB21C09F6856211D4F400097F0BBC73C8771465A9436"
"tools/redmod/scripts/cyberpunk/UI/fullscreen/codex/gallery/favoriteController.script","1214","731D7F79A585C7F4150909D99B8E5E4B49ED0D9B31D85787407216B6E7BD402B"
"tools/redmod/scripts/cyberpunk/UI/fullscreen/codex/gallery/gallery.script","34682","672343EEF38B5DE5C92C49F28DFA8C882357914BA14A1500E341F5E2EA57EB5C"
"tools/redmod/scripts/cyberpunk/UI/fullscreen/codex/gallery/galleryfilterController.script","2251","EB9FFB2FF6BAF645DBC8B34BDF0E752BFD499F000985B75FC447FE851ACFED3F"
"tools/redmod/scripts/cyberpunk/UI/fullscreen/codex/gallery/galleryfullpreview.script","4359","3084766958EF5F2EC574EA113B392EDBF3A75F7D55E2AEEF8DA73CF6AB30A24F"
"tools/redmod/scripts/cyberpunk/UI/fullscreen/codex/gallery/pagination.script","5142","643D9A78F6D4BDC5014BE6CDED0E342A636C8EDED7A25C0B8B0D9C38B67A8C7F"
"tools/redmod/scripts/cyberpunk/UI/fullscreen/codex/shardListItems.script","4276","972E8484699D172963206082EEE7594282D4FEEAC1D16E02201A38E45311057D"
"tools/redmod/scripts/cyberpunk/UI/fullscreen/codex/shards.script","14065","1C95BE2E730174E29E4A4FDBF260C65B76402077DA7ECF4FABA11E9D96395F9B"
"tools/redmod/scripts/cyberpunk/UI/fullscreen/common/DropdownElementController.script","1865","533D1E577535C53ACB2DB844DFC8B9044FA40EFBA891B56F2748E0DB9E8C06EE"
"tools/redmod/scripts/cyberpunk/UI/fullscreen/common/DropdownItemData.script","5829","947C84C79EA87567D05292A6C426897CDFFE4B80935C453A92BD7A4592655885"
"tools/redmod/scripts/cyberpunk/UI/fullscreen/common/DropdownListController.script","5215","5D0F8889AB37CEF9B1146850D884CFB71BC2C6B00C4D7A9F11A8A128DA215FB0"
"tools/redmod/scripts/cyberpunk/UI/fullscreen/common/ItemPreviewGameController.script","28542","DEFB70D78AAA1579F834B5EEBF2A9F04A04F2143FECDE9459E8DDB68B71E86F2"
"tools/redmod/scripts/cyberpunk/UI/fullscreen/cooldowns/cooldownIndicator.script","6368","04B03F5FFD05CCACAA46943D0BA80A19322706D42BB945CC612AB9B0DDE7EB24"
"tools/redmod/scripts/cyberpunk/UI/fullscreen/cooldowns/singleCooldownManager.script","7680","FCCAADF5BA8A1CFE86C86C33CBF46AB27463CA94BB6B3138DC7AFBC316FF88AE"
"tools/redmod/scripts/cyberpunk/UI/fullscreen/crafting/craftingItemTemplateClassifier.script","7837","5DC750F6D1FD5BF4394180F633882C6918058B88A32B929119E504A6DA8E637C"
"tools/redmod/scripts/cyberpunk/UI/fullscreen/crafting/craftingLogicController.script","16179","71FB28658F4A5EA99413A83515654847AEC963452CD7FF5804A25FCC4A66621F"
"tools/redmod/scripts/cyberpunk/UI/fullscreen/crafting/craftingMain.script","20767","44380EC7D57DD1742E9CF732B4979C41E8CD2A8B2F9E632C4AA71BEC4072D55A"
"tools/redmod/scripts/cyberpunk/UI/fullscreen/crafting/craftingPanelController.script","23427","8D4D7E912A1C0989EA356AF5A283DF300CF1C4018577D2BCC216E88AC08C1694"
"tools/redmod/scripts/cyberpunk/UI/fullscreen/crafting/craftingPopupController.script","4015","EF30AF1E807A95E0A57C50432E6BA6417AAE6B8A01C3BA064109DFB50922A265"
"tools/redmod/scripts/cyberpunk/UI/fullscreen/crafting/craftingSkillController.script","4596","FB3BE0160172A5195369B082BCB5CFF5D6A06FBF6B824FC6A0094A7D22E51D64"
"tools/redmod/scripts/cyberpunk/UI/fullscreen/crafting/progressBarController.script","309","7E9091E5FD2355335362363824FF6BB0550E571174A4BA432B9AEE9836F0715C"
"tools/redmod/scripts/cyberpunk/UI/fullscreen/crafting/upgradePanelController.script","14870","92DF6B253D328B555C13E21DFD76C3B9F7CE75853FD7747A92F7AD747084AD9B"
"tools/redmod/scripts/cyberpunk/UI/fullscreen/credits/creditsGameController.script","4859","473A33B1E3E31FACBAC28B4EF1B255EC6B0D97617B612DE2C3728305C57000C8"
"tools/redmod/scripts/cyberpunk/UI/fullscreen/cyberware/attributes_skills.script","12745","D496E55321B58D98A3797441C82C511A91841387160B3F48F974301469430C1F"
"tools/redmod/scripts/cyberpunk/UI/fullscreen/cyberware/temp_cyberware_equip.script","5481","9BE34B5A24E15C1973E903909EE93C547CA79490E5E480CA8FD92AABAB3784EA"
"tools/redmod/scripts/cyberpunk/UI/fullscreen/disassemble_manager.script","6314","293CEB849943300BFC498369710A4111C1CA721EDCD46406C21A66447CD11C38"
"tools/redmod/scripts/cyberpunk/UI/fullscreen/dlc/dlcMenu.script","7459","1D8F923EAD17A611A4E85059E8CF5146A81F47318F3A70F582C9916A505A6797"
"tools/redmod/scripts/cyberpunk/UI/fullscreen/dlc/patchNotes.script","7417","08594E95513C10D41A4044ADF819711C5BF12FE099C8C7462A577726FCE62668"
"tools/redmod/scripts/cyberpunk/UI/fullscreen/dlc/videoCarousel.script","5380","60A57B941645E300A8F4119C76B4B44520AC2BC6082A3B9260209E7920FF032D"
"tools/redmod/scripts/cyberpunk/UI/fullscreen/engagement_screen/engagement_screen.script","2390","ACFB261F7D33357C341E9B05DFA804DA438988201C2BADEE0BD332FF1D0F4A91"
"tools/redmod/scripts/cyberpunk/UI/fullscreen/fastTravel/fastTravelButton.script","1972","0E7AF7313364DFB166170E21D23C71B1B120FFEBE7DBD1319A96CDDB1918FF5D"
"tools/redmod/scripts/cyberpunk/UI/fullscreen/fastTravel/fastTravelHUDGameController.script","2355","8D58D7DC27C4CF48124E20621AA770E3DFBC0C62E85186C58AC5A11F907792AA"
"tools/redmod/scripts/cyberpunk/UI/fullscreen/hub/baseHubMenu.script","756","1FBA8DA7ADF346AEE467037D848EE6FB120C320E7EFC6E8CC076E2DCA7ADB6E1"
"tools/redmod/scripts/cyberpunk/UI/fullscreen/hub/hubMenuData.script","647","3B2C170E7ED497EAACCA4DE2457019FE2BD12325C857DE5C01E2A3B9180B40D0"
"tools/redmod/scripts/cyberpunk/UI/fullscreen/hub/hubMenuGameController.script","18203","8FCB7F2FCD582C980D09E776F6DB7AF55829B66658C9B311F39305A52AFDCED4"
"tools/redmod/scripts/cyberpunk/UI/fullscreen/hub/hubMenuLogicController.script","5060","91064DFB9ADEC34163D711520831CB868269CC005352A5438F8404975A20F59A"
"tools/redmod/scripts/cyberpunk/UI/fullscreen/hub/hubMenuScenario.script","8470","43CE379AF58527A2115CF195847C04921557A3B6CA016D48447433FF57BB3017"
"tools/redmod/scripts/cyberpunk/UI/fullscreen/hub/hubMenuTimeSkipController.script","3449","29FCDE9CC2408C36D4517689FAAC3803F5827963EE390FB292692DED1C9B6CCA"
"tools/redmod/scripts/cyberpunk/UI/fullscreen/hub/hubMenuUtils.script","3364","D1794CDE7A38258F3569977D4C6220C2016E571A34D6B9101FD55673492BDFB8"
"tools/redmod/scripts/cyberpunk/UI/fullscreen/hub/menuButtonController.script","7439","A006DDFA5A96F99F0722A0479D3F836852B7461C7620E98A345F0F67C3988B20"
"tools/redmod/scripts/cyberpunk/UI/fullscreen/hub/metaQuestPanelController.script","4610","2932E39EAC293BDECCD533DA67B31178DA5D1D78FE6D19CFFDA69730AC359E3E"
"tools/redmod/scripts/cyberpunk/UI/fullscreen/hub/radialHubMenuGameController.script","20398","1AC586464FFF44C5D12B52A061F494764E3D83611C93702973507CC1CE048FBA"
"tools/redmod/scripts/cyberpunk/UI/fullscreen/hub/radialHubMenuLogicController.script","11483","55C6283A8D4FEE134ECD3CFC88ECA2FA5E488D5CA506CE58DF27811A9153DCF8"
"tools/redmod/scripts/cyberpunk/UI/fullscreen/hub/radialHubMenuTimeSkipController.script","3527","9CAA29FFF39C7C821BD2B23FEC04C9DED7D52DFA2243CF21206862060DFC31E7"
"tools/redmod/scripts/cyberpunk/UI/fullscreen/hub/radialMenuButtonController.script","7841","89A9FD023DC8D3A1D3954DB491F01767B20908938C6862843EE91344010EED62"
"tools/redmod/scripts/cyberpunk/UI/fullscreen/hub/radialSubMenuPanelLogicController.script","7773","A4CE7BCE9399933F4BB81667E4F5F0EF2E00D3605DAE223DAA8B103405E4686D"
"tools/redmod/scripts/cyberpunk/UI/fullscreen/hub/subMenuPanelLogicController.script","7461","309F4139FAE53A220E3CD461B86FBD177E203494CD6F103A5D7D88A6A880D908"
"tools/redmod/scripts/cyberpunk/UI/fullscreen/hub/timeDisplayGameController.script","168","6F19B7EF0CAAD21869672E6A8410653968F476769D1BF873E75A5E351BEC1AA1"
"tools/redmod/scripts/cyberpunk/UI/fullscreen/ingame/arcadeMinigameScenario.script","951","69E85C9F6497E077F4A8CE7CB6A2596C0EC97B53927B4F971D35AD16890375AD"
"tools/redmod/scripts/cyberpunk/UI/fullscreen/ingame/deathMenu.script","4356","ECB7B62262BA5909E5FE94A1A644797D60897DB0CF5691494907397CA2279EE7"
"tools/redmod/scripts/cyberpunk/UI/fullscreen/ingame/deathScenario.script","2038","15D5A1B24D101C49E33D2EE424205F0B78C0C637D30C5B5A5E39C887B17CC175"
"tools/redmod/scripts/cyberpunk/UI/fullscreen/ingame/debugHubMenu.script","5634","7CCB545BE7D9A59D028A05ECC288F456CE214A7F209549A338326B36F1DB8895"
"tools/redmod/scripts/cyberpunk/UI/fullscreen/ingame/e3EndScreenScenario.script","1703","52C6830E2AB87D4841E90C10F23713D5E7DBE258AACFB7C544E6A5023CEDC7B6"
"tools/redmod/scripts/cyberpunk/UI/fullscreen/ingame/finalBoardsScenario.script","1391","C1408533F7F2275FD464D9EC9D387A3901DC09503658EB8C4C451F4388F1F971"
"tools/redmod/scripts/cyberpunk/UI/fullscreen/ingame/hubExperienceBar.script","431","0C732B7052C1E98B3943705A34C17D7D95883C1F6BE9D6B2CBAF2E295B94972E"
"tools/redmod/scripts/cyberpunk/UI/fullscreen/ingame/hubSelectorController.script","51609","23843E41F3E29D5F341205189E10D6354972E8BC49C31124544A67A1F87EB574"
"tools/redmod/scripts/cyberpunk/UI/fullscreen/ingame/inGameCharacterCustomizationGameController.script","2306","6E6CA76540F352F722911465B3B95D8C2A5D9629F3048766C4D2F6B0A1D31D79"
"tools/redmod/scripts/cyberpunk/UI/fullscreen/ingame/inGameMenuGameController.script","30463","B3B09B4E8C366F17B68F4D8FB7E420CDC3BF7C86F5BDBE2AFFAF90BC0D2F8517"
"tools/redmod/scripts/cyberpunk/UI/fullscreen/ingame/inGameScenarios.script","9219","D9026EC41E9FCE0A040E75C5F72D5DA57A7A1686EBCF7DB2288091BF1DD7A1C1"
"tools/redmod/scripts/cyberpunk/UI/fullscreen/ingame/menuDataBuilder.script","9773","7887EDC28E9D0802B39E9D27A78078F314C1EE069DA20C3AB3DC7EB7C8A3826C"
"tools/redmod/scripts/cyberpunk/UI/fullscreen/ingame/networkBreachScenario.script","349","043407C8459AFFAC3703427AB69B52BE71EF39C0F9D896E785E2E12F473D5941"
"tools/redmod/scripts/cyberpunk/UI/fullscreen/ingame/pauseMenu.script","11080","4B886A3071B6FA4CE8BF0D2EBDF89F62CABE702FE0190B7A0CAE236A11B4DDD6"
"tools/redmod/scripts/cyberpunk/UI/fullscreen/ingame/pauseScenario.script","3293","95E1160D0F8D9C28675F612FF28718DDD81473550C7C0678CA00BB4A044A1A83"
"tools/redmod/scripts/cyberpunk/UI/fullscreen/ingame/timeSkipScenario.script","598","A2E344BEB9F76E4FE6BC12EBB8F2B0D498C6DD37A38FC735C195527539DB3CCF"
"tools/redmod/scripts/cyberpunk/UI/fullscreen/ingame/wardrobeScenario.script","418","24E2D0E43F80E81099054DFB8FCA1D878D3CB72C8E47C4105A976C69342C9BDB"
"tools/redmod/scripts/cyberpunk/UI/fullscreen/initializeuser_screen/initializeuser_screen.script","1663","C9794AF75548A80479E480DD49F76FC9AA0B7AED63404C05B731B687D1BD65A7"
"tools/redmod/scripts/cyberpunk/UI/fullscreen/inventory/temp_armor_equip.script","45620","AC8EE5FBA824B26B15C4347EEC97EB3B3346F7235BD347271B15E09F4DBEBD94"
"tools/redmod/scripts/cyberpunk/UI/fullscreen/loading_screen/defaultLoadingScreenLogicController.script","802","0149607052BAD411D4191640B033927DD3C2ECD2D933B8DDECA0810BA378AEC3"
"tools/redmod/scripts/cyberpunk/UI/fullscreen/loading_screen/initialLoadingScreenLogicController.script","947","C6E6464B466FC2B2C356755865C67F5B201B538A2B496ED13094CD66638CFCF8"
"tools/redmod/scripts/cyberpunk/UI/fullscreen/loading_screen/loadingScreen.script","2464","2379DC6B1A9F9DF613A758E5827559BCB1BFB6D05091B520464B4309B8B85B45"
"tools/redmod/scripts/cyberpunk/UI/fullscreen/loading_screen/loadingScreenUtils.script","324","3B2203758C9D70AC536114A50DEA0D97F1948530CCF42EC5C8C629C270E441CD"
"tools/redmod/scripts/cyberpunk/UI/fullscreen/map/delamainTaxiScenario.script","314","50F3B98143252B9A3099926CA4895FB6ED04AB63A0D72690458D584968FDC2D6"
"tools/redmod/scripts/cyberpunk/UI/fullscreen/map/fastTravelScenario.script","250","47DF4284BC528DAE3EA48DD95E5DF2DB1F4BCAB4F63BB8CC07BFEC87BE63C88D"
"tools/redmod/scripts/cyberpunk/UI/fullscreen/map/worldMap.script","71509","4B5D382DF5E6E172A59E964C8BB68CDBCFB3785FA8AC55BD633BFCEAEB90C268"
"tools/redmod/scripts/cyberpunk/UI/fullscreen/map/worldMapFloorPlan.script","85","1D765F33E6FFDD92C4189A9B64AC2C3F32DA1BD94B81FEF5EEBD0DCF359B1272"
"tools/redmod/scripts/cyberpunk/UI/fullscreen/map/worldMapTooltips.script","31785","C9D17F300B2B8CE074D4F703AD3E781919EBF6A6C9F2E9FA570B16B435610BB8"
"tools/redmod/scripts/cyberpunk/UI/fullscreen/metro_map/ncartMetroMap.script","17070","020ECF588F1A5DB76F5D74A7AF9BFE0BFA2A39E57B608E9A1CABF25BA9CB7D5B"
"tools/redmod/scripts/cyberpunk/UI/fullscreen/notification/accountSignInPopup.script","3743","5D6EFD6A935F528773261BF1C53555187CAEB64B1135747E39984195ED9738F6"
"tools/redmod/scripts/cyberpunk/UI/fullscreen/notification/authorisationNotification.script","1920","6B074D8E1060D6ADCCE557AA9AAC06D61C8BEC2D43968E0340003EED4F401AC0"
"tools/redmod/scripts/cyberpunk/UI/fullscreen/notification/bountyCollectedNotification.script","1277","FDEE291C9CBACAD10E386B0DF303B9B113E031CBBDDEDD3BA23C98675DE53D3B"
"tools/redmod/scripts/cyberpunk/UI/fullscreen/notification/codexPopup.script","4070","116B9A7F9010046901246CC35FE1A90A2ADF1033D2B917EB4C2E1B5F1796FC80"
"tools/redmod/scripts/cyberpunk/UI/fullscreen/notification/craftingNotification.script","2067","EC226667E7158FF4066D351F42995E2927824037D45FF1D83E87DDF5821DA136"
"tools/redmod/scripts/cyberpunk/UI/fullscreen/notification/currencyNotification.script","4765","5EF3DD1CC317773FD86E0158871823FB71DA0955BCB0D8B5361C03AA9ED9AD22"
"tools/redmod/scripts/cyberpunk/UI/fullscreen/notification/expansionPopup.script","19382","BE7FD29A6783B6204BA5A52C0671F83365964139C8BDD9C8A08946F8F9C0342B"
"tools/redmod/scripts/cyberpunk/UI/fullscreen/notification/genericNotification.script","3729","E9948138779ECFEB6A16CD8C6E8B8E217EF4592288BA914CA5E665EE88659CA3"
"tools/redmod/scripts/cyberpunk/UI/fullscreen/notification/ingameUINotification.script","7522","F4721D1FF1C9B91580BEFEF41ABBD548BB7B38B4413D1CB46225F700E029675A"
"tools/redmod/scripts/cyberpunk/UI/fullscreen/notification/item_log.script","5428","141FA50A7AB1343BAABE2030A284E65DEB37C0D9E609B19D03EE6D0A83F817AC"
"tools/redmod/scripts/cyberpunk/UI/fullscreen/notification/itemsQueue.script","19884","78713CE00B68FB1EF7F9066AC6482DD9A819175A6A615FFFE013CF0DE236F230"
"tools/redmod/scripts/cyberpunk/UI/fullscreen/notification/journalNotification.script","35523","E7012ADE5190C99B046FD6B816A4A6DA02A80B2726D0CD9C4E623C145AD55B9F"
"tools/redmod/scripts/cyberpunk/UI/fullscreen/notification/levelupNotification.script","13436","CDDA9A4C6F99E45A4706BD565C7995FBEC32FFE994749B8DCBF6952FB19DEC7F"
"tools/redmod/scripts/cyberpunk/UI/fullscreen/notification/marketingConsentPopup.script","12142","29E17133B0433C1522C6CED0C8C4F77189F1336973A689560DBB0BDCD39A36AF"
"tools/redmod/scripts/cyberpunk/UI/fullscreen/notification/messagePopup.script","19723","A93BDB5C7B7A7C7CA873879D44002A989AF26027E8BC6E93C4BA6A5F37B02921"
"tools/redmod/scripts/cyberpunk/UI/fullscreen/notification/notificationActions.script","7620","46017367C6F63F2429A85FC088D7C865E513A256986B3FCA920C06AD0C686082"
"tools/redmod/scripts/cyberpunk/UI/fullscreen/notification/notificationData.script","1133","6DF08E97A43F5E20A79205AD6169868AEB10F0C4F168072AB32A54448D892D7B"
"tools/redmod/scripts/cyberpunk/UI/fullscreen/notification/notificationEvents.script","153","244066484987053A63AF29CA863522561AA9E292D17DA7E8A47DDEE31CDF6138"
"tools/redmod/scripts/cyberpunk/UI/fullscreen/notification/patchNotePopup.script","438","1D7C898728E52CB65E9B6002A9905F279AE8FE62018AD671EF76BDD96484F082"
"tools/redmod/scripts/cyberpunk/UI/fullscreen/notification/popupManager.script","30648","96F6CB4343D484477216D865EF856284915AC0F5486039BFA5046EAB9013626D"
"tools/redmod/scripts/cyberpunk/UI/fullscreen/notification/shardCollectedNotification.script","5922","C525AF7A139C510AA71585391D94449554BD0EA75F8EA73E225A72FA3A95F953"
"tools/redmod/scripts/cyberpunk/UI/fullscreen/notification/shardsNotification.script","6297","77CFDD92EC583868089888814AFA861ACA812DBEF8BC4A98C56B9FE0A9EC6DFB"
"tools/redmod/scripts/cyberpunk/UI/fullscreen/notification/transferSaveGameNotification.script","11550","D03DAAD789D0F2EB90F87011991950E5BAD80A234BC5C49A94DDCBE78661D5A4"
"tools/redmod/scripts/cyberpunk/UI/fullscreen/notification/uiNotification.script","5612","11DAB03DE761C7472F0A37A2C6BA406AFAEF4E9674E9A7BF2C2B3F12EE438B0C"
"tools/redmod/scripts/cyberpunk/UI/fullscreen/notification/zoneAlertNotification.script","10462","FC1BE73DA5A0B34FF24274FD890C25C0D891F0D1272F8CDCD783141312030446"
"tools/redmod/scripts/cyberpunk/UI/fullscreen/perks/newPerks/NewPerksAttributeButtonController.script","6368","D8563D4CAE62A11DE3B02A855522776BCE83E7BA1E844FF41B6F4FC883C8700C"
"tools/redmod/scripts/cyberpunk/UI/fullscreen/perks/newPerks/NewPerksCategoriesGameController.script","41863","325B27423235054C9A36E48582CF0DAA9B0FAD9688A9EAE31FBD55186BEC236E"
"tools/redmod/scripts/cyberpunk/UI/fullscreen/perks/newPerks/NewPerksCyberwareDetailsNotification.script","10106","9989B38DC9147C1B332474CC9AEC7F247697932DA2DB8BD85385825AB14AF7CE"
"tools/redmod/scripts/cyberpunk/UI/fullscreen/perks/newPerks/NewPerksGaugeController.script","3568","6A61D21FC2DC3AC42B372FA18C98E694309B1066597257B6812CD04F8157D54D"
"tools/redmod/scripts/cyberpunk/UI/fullscreen/perks/newPerks/NewPerkSkillsLogicController.script","8782","A22481264CD1251531955C5733B964612917500BC9D3AAFA212E4C036BF033BB"
"tools/redmod/scripts/cyberpunk/UI/fullscreen/perks/newPerks/NewPerksPerkContainerLogicController.script","6400","1BD3B0912F34AD0C995E7B86D345F75B69520D885583D6112B8DEEDFF794665E"
"tools/redmod/scripts/cyberpunk/UI/fullscreen/perks/newPerks/NewPerksPerkItemLogicController.script","12102","5EAA4AF296C34380C8ACA8E3983BC1D014CE7F0B3407FB914060B7B88566264A"
"tools/redmod/scripts/cyberpunk/UI/fullscreen/perks/newPerks/NewPerksScreenLogicController.script","49952","A5D812E27597383F182A77259216F9E9021761A9FDD63DEA5DFC92C8E84F6907"
"tools/redmod/scripts/cyberpunk/UI/fullscreen/perks/newPerks/NewPerkTabsController.script","5131","0B3FEBD39A73D99B6FFEA36D722BA436BF0AAC191E789C421C6B697D7049BE2F"
"tools/redmod/scripts/cyberpunk/UI/fullscreen/perks/PerkDisplayController.script","11913","61F3D7285E7D95356EA04C2AF8823CBA71B226629EB7B89D223CCFD17E4D2568"
"tools/redmod/scripts/cyberpunk/UI/fullscreen/perks/PerkScreenController.script","16945","1DB863A67FFE25EF998E729AAA8E243D9CB2C05F0B7A22FE53AFD70D072DF010"
"tools/redmod/scripts/cyberpunk/UI/fullscreen/perks/perksData.script","33498","6D497D307D56C00ECDC1874AB36B01F3825DCB02ECA6445AD80CAEB308C97618"
"tools/redmod/scripts/cyberpunk/UI/fullscreen/perks/perksLevelBarController.script","319","89034F3F470575EC7EB41562CF39D4A8DB17B94927E4DB6843BBE6EAB97956D2"
"tools/redmod/scripts/cyberpunk/UI/fullscreen/perks/perksMain.script","20339","E860AF87644F8A978AB1413BFA63C0A82244F03478A3CA6303F2E010244FCE32"
"tools/redmod/scripts/cyberpunk/UI/fullscreen/perks/perksMenuAttributeDisplayController.script","10939","FC1E7E1254D9A98BF5F9B33293913CD2D1A37287A62EC06B389A5294E8578EE6"
"tools/redmod/scripts/cyberpunk/UI/fullscreen/perks/perksMenuAttributeItem.script","12537","2A9F07441A2F25F515454FFE243920E262C3FE5E32992C96811288F9714FD28B"
"tools/redmod/scripts/cyberpunk/UI/fullscreen/perks/perksMenuEvents.script","1815","BEFF5087A855ADB95C4AC3A0CA0F60B8B2F56CA31AF0D17895923C22D533A449"
"tools/redmod/scripts/cyberpunk/UI/fullscreen/perks/perksMenuTooltips.script","38600","03DC83458ED6CAD248A019F06045D605D71270560CCA534B92F5311DF92DD6FA"
"tools/redmod/scripts/cyberpunk/UI/fullscreen/perks/perksPointsDisplayController.script","2122","F879A4A396BDAECB1750AEFB2768D7A616E8667D85D5E4325DDD38A0C58FCBCD"
"tools/redmod/scripts/cyberpunk/UI/fullscreen/perks/perksSkillsLevelsContainerController.script","2827","2B609B73D049A300FACF7D8401AD9A7F28C1A24AD0BDF4CCC64D70563F34A825"
"tools/redmod/scripts/cyberpunk/UI/fullscreen/phone_sms/messengerContacts.script","4005","967CA108269EBC6E455FEE3B0F87DB7E60648E9ABED6267408899DD766EB541A"
"tools/redmod/scripts/cyberpunk/UI/fullscreen/phone_sms/messengerController.script","9855","2895EE326FB5B6EF9067ED3C0626E70C7D5D730C04A19D1187C4593653D13692"
"tools/redmod/scripts/cyberpunk/UI/fullscreen/phone_sms/messengerDialogView.script","17451","1E2E148FB394CC3ADC59788D53662F2EB2501577906C88AFB0537288F5A7EF66"
"tools/redmod/scripts/cyberpunk/UI/fullscreen/phone_sms/messengerRenderers.script","5754","5CC59D059B960740AAF56D935A5EF8B34C935E7DA7CC196CA499105385BB2CE4"
"tools/redmod/scripts/cyberpunk/UI/fullscreen/phone_sms/messengerUtils.script","14761","C58D141C61B2ACC4FE20C2587FFA8AF772F8C5E241B3CD28B046F86458D5177C"
"tools/redmod/scripts/cyberpunk/UI/fullscreen/photoMode/photoModeCameraLocation.script","881","F406ED291AD02DEB0BD2755B25225215C1DB91FDB7193466198F6A68A34C0A12"
"tools/redmod/scripts/cyberpunk/UI/fullscreen/photoMode/photoModeFrame.script","2497","716660032E7CBA15342B4AD0A28EDF8A43FD4A796BF03357DF818DE77346D780"
"tools/redmod/scripts/cyberpunk/UI/fullscreen/photoMode/photoModeGridButton.script","5186","A74865695CA63CF842C3EB07F162F20C92680D6C5EC81B942BFBA8EAB5F4AC06"
"tools/redmod/scripts/cyberpunk/UI/fullscreen/photoMode/photoModeLightIndicatorController.script","4087","F4113D4CDFEF4C94AC343D4CD3E997BBFDC14A543F86B554151D850B9CB47856"
"tools/redmod/scripts/cyberpunk/UI/fullscreen/photoMode/photoModeListController.script","8218","4301C4A4F7D4C6C8501F0837DD8EC726C88BE5E3BDC09DDB9B09CFF024A6FCF0"
"tools/redmod/scripts/cyberpunk/UI/fullscreen/photoMode/photoModeMenuController.script","68301","9742434DD880250C66AE8054186B476057EED4E6A0DE330E8CD8FDE62E1AD863"
"tools/redmod/scripts/cyberpunk/UI/fullscreen/photoMode/photoModeSticker.script","893","8E5B6C82F2A6BD765C085F94E5F9FB0E8A7BA6649047CDAF93DE860B8DAE0D41"
"tools/redmod/scripts/cyberpunk/UI/fullscreen/photoMode/photoModeStickersController.script","18173","424405022773D8DBC02120E68A8448B695B9B2B9AF174574F6C4E63FD0D2CD60"
"tools/redmod/scripts/cyberpunk/UI/fullscreen/photoMode/photoModeStickersGrid.script","10178","1F94C2FA8260BFFA4096FCCCB2AD4845236D3580B3A158DA3FFF20000D86FC9B"
"tools/redmod/scripts/cyberpunk/UI/fullscreen/photoMode/photoModeToggle.script","3735","5BF18A47F27EA8B92B52B1CB196B19115962DDF1B6B6FAC65EBC242243980413"
"tools/redmod/scripts/cyberpunk/UI/fullscreen/photoMode/photoModeTopBarController.script","3020","96F0F406D7B819DCB8ED76B253334A2DDDC3BC4A874D1F13786BEF9E74039A51"
"tools/redmod/scripts/cyberpunk/UI/fullscreen/pregame/boothMode.script","524","D9B10201E3478ED341BCC554C65A6B7CC24C7D7A0F8591C4CA078E4F74CED989"
"tools/redmod/scripts/cyberpunk/UI/fullscreen/pregame/characterCreationBodyMorphImageThumbnail.script","994","2110042CBA2B96000D9A74FEA34FA46C78C27958A0A6B265F480CD9CB0EE7168"
"tools/redmod/scripts/cyberpunk/UI/fullscreen/pregame/characterCreationBodyMorphListItem.script","37832","E65F217D9A8759B3276AF7812DCF1497576A98F0C821BF0EDFFE46E8971A2045"
"tools/redmod/scripts/cyberpunk/UI/fullscreen/pregame/characterCreationBodyMorphMenu.script","50774","624DB32CEE9E4EEDF50F1A944C84C5163C9191851196203AC6B889B2DA1F2CC3"
"tools/redmod/scripts/cyberpunk/UI/fullscreen/pregame/characterCreationGenderBackstoryBtn.script","2933","A217C5C0B9F748CA4B580E399B9809B7C51780FDE6850A712426CF763757AAB7"
"tools/redmod/scripts/cyberpunk/UI/fullscreen/pregame/characterCreationGenderBackstoryMenu.script","11749","E7BF9E6B6872F4C5FCBBFDB83ACCB8C867C40E6CDF27F0ACC88BC9E0B966AB7D"
"tools/redmod/scripts/cyberpunk/UI/fullscreen/pregame/characterCreationMenu.script","8638","5D46EA76A078C24E14DAECE64694F071149497E26D54C9757E5B52768472AE46"
"tools/redmod/scripts/cyberpunk/UI/fullscreen/pregame/characterCreationNavigationBtn.script","682","C873A20E4AC162284A4B267E2BB91CF9B62DFDC08780EB3FD1D22E8D1324F14B"
"tools/redmod/scripts/cyberpunk/UI/fullscreen/pregame/characterCreationPunkRandomizerMenu.script","17119","E5A77979519F691E176AEFF655FF8305FE494E085EE0FC57CA7112AFE5EA6509"
"tools/redmod/scripts/cyberpunk/UI/fullscreen/pregame/characterCreationStatsAttributeBtn.script","9187","1CEB12727E8F6B4C4936DE4096CF5CF23E7B606368BCB51A09492D1188F5112C"
"tools/redmod/scripts/cyberpunk/UI/fullscreen/pregame/characterCreationStatsMenu.script","23367","89D683664F15EC170EAECB0FCFC08BBCC0D0AB3F3E0D43FD05D9DD6FF8CE8046"
"tools/redmod/scripts/cyberpunk/UI/fullscreen/pregame/characterCreationSummaryListItem.script","602","662854B8D98A87C6434EA4314AEB52347FA8937E9F62789FE12987406D261A8E"
"tools/redmod/scripts/cyberpunk/UI/fullscreen/pregame/characterCreationSummaryMenu.script","7294","9D653DBB6DDC710A5DFB6FA2BD78EF50D0DDA2247D01AD3A259E246A7B3FE0D9"
"tools/redmod/scripts/cyberpunk/UI/fullscreen/pregame/characterCreationTopBar.script","5776","DCD5119CABAA543AD384C71F978852199BDA088F527BF4A684653F3DA16DFFF0"
"tools/redmod/scripts/cyberpunk/UI/fullscreen/pregame/continueGameTooltip.script","6871","493B368211329A34A6D88635674D86FB3550518718220B3BF92F60F1D784D8A0"
"tools/redmod/scripts/cyberpunk/UI/fullscreen/pregame/difficultySelection.script","6320","AED108C00E4B981AA7DBB9F9506D338F8326E5EAA66D872B35C72648FEA75F16"
"tools/redmod/scripts/cyberpunk/UI/fullscreen/pregame/expansionNewGame.script","8059","5DA09A90664502F2CAF10E0B77E0C64E2B6E95BE7A36C91A0F5BE268ADDA2907"
"tools/redmod/scripts/cyberpunk/UI/fullscreen/pregame/findServersMenu.script","6631","8C46FFF55755E301C101508C37427429E7CB353126663D779AB69EF712046446"
"tools/redmod/scripts/cyberpunk/UI/fullscreen/pregame/gogProfileController.script","18368","046C6A59F73F46FC5AED8D3BB342127B46255D1A64F2234D21AAA443F3ACC50D"
"tools/redmod/scripts/cyberpunk/UI/fullscreen/pregame/gogRewardsListController.script","4769","0BF170E27659561C65DB45575588B6DD99D777B144D08309EC64DA771FE1F593"
"tools/redmod/scripts/cyberpunk/UI/fullscreen/pregame/loadGameMenu.script","25062","7C614633B8B7445193575DADEDA565C8470A804328742A76DE4E55EA2EFEFAA2"
"tools/redmod/scripts/cyberpunk/UI/fullscreen/pregame/menuAccountController.script","1855","D1841A9D5A8BE94F7500AB26940EEBC8A1725AFB554AFAFBDBB3E71603564A86"
"tools/redmod/scripts/cyberpunk/UI/fullscreen/pregame/multiplayerMenu.script","1020","6CF24B035EB8B349260E25EC8CE825F2550EFB2F3C6FBDA3FD244D2DE8F7EA40"
"tools/redmod/scripts/cyberpunk/UI/fullscreen/pregame/newGameMenu.script","2599","2F56BAF95864230E5FDDBB93759E211B3F72FD2B7497B4299E3B7E3F2A878CE7"
"tools/redmod/scripts/cyberpunk/UI/fullscreen/pregame/playRecordedSessionMenu.script","1331","8B77358CCB2931BA526E9933E920CE94ABABBA4044171E6A12E2BF90770516E5"
"tools/redmod/scripts/cyberpunk/UI/fullscreen/pregame/preGameMenu.script","3210","69C8A19932C020DFCE0A01EDEB268B3F7A0310DB076642BCFD3C2E83A5657851"
"tools/redmod/scripts/cyberpunk/UI/fullscreen/pregame/preGameMenuGameController.script","3036","D66673DB3FBC645DF0436DFF6EF6F64F7534C1FC7C01C71A61847E552E053572"
"tools/redmod/scripts/cyberpunk/UI/fullscreen/pregame/preGameScenarios.script","21410","DD28F3040D35431181CA5B689B147611B0794B2FBBD7EC8FDD025AE14FCDA051"
"tools/redmod/scripts/cyberpunk/UI/fullscreen/pregame/saveGameMenu.script","12542","B873DC8BC0655E1A97548A9626ECCF5D0B8D7A9ADA3C9F10DFBAA5A5C8D2EC40"
"tools/redmod/scripts/cyberpunk/UI/fullscreen/pregame/serverInfoController.script","3016","F9454DFD578BB3454912275C91193CC8D7EFDDC3432092713DB5A2DBBA214884"
"tools/redmod/scripts/cyberpunk/UI/fullscreen/pregame/singleplayerMenu.script","53717","4FD806579EC162B8637250ED25BEA9A115FB93061D7BA30ED5686DE33B60F14A"
"tools/redmod/scripts/cyberpunk/UI/fullscreen/quest_log/questCodexLink.script","14632","14132AB1188192BBD9AAE4B149E5D07EFB2456E71C56654B4C47B6FAD68E66C6"
"tools/redmod/scripts/cyberpunk/UI/fullscreen/quest_log/questLog.script","40481","245F969E5EE3E79E6438E9C173B8BEEE08164E38F845F34ECA382D33411A10DB"
"tools/redmod/scripts/cyberpunk/UI/fullscreen/quest_log/questLogDetailsPanel.script","18264","C162C3A285DA810EB25F8562268DC64CA1C9EDA33FEADD16FD4FEE8B9B2D3D7D"
"tools/redmod/scripts/cyberpunk/UI/fullscreen/quest_log/questLogElements.script","12043","74B6F0C3361C2B2708577D47CE6C0878A58D10EDAFC4F9C91EA44F8EB903DC66"
"tools/redmod/scripts/cyberpunk/UI/fullscreen/quest_log/questLogListItem.script","14573","6B08DA1B60E8B528D4A29EFCBD58CFE1FD159C623356E9FCBCDC3C5BE56B0361"
"tools/redmod/scripts/cyberpunk/UI/fullscreen/quest_log/questLogUtils.script","9273","C2796DBAB97DBA6067058CD6473312F703A1061152489A4B6143008610519E81"
"tools/redmod/scripts/cyberpunk/UI/fullscreen/quest_log/questLogv2.script","13186","4A6BFE816924E17E3437306773C5FC359C4254DFF70F55F5EF7CB25D3947926B"
"tools/redmod/scripts/cyberpunk/UI/fullscreen/ripperdoc/cyberwareMinigrid.script","25873","A7C43FB3ABB3923E50216A0792A449BB95E50D27A327C2F03E514AFD59C7A820"
"tools/redmod/scripts/cyberpunk/UI/fullscreen/ripperdoc/moneyLabelController.script","976","52DCB4178A21D80899DDEB93465A6EEE4BB5182E4BC0918D630EF6B9D70AF2AD"
"tools/redmod/scripts/cyberpunk/UI/fullscreen/ripperdoc/pulseAnimation.script","3387","90E7D757899A1C5CE1FF38696DD2CD63C84D0609B79892EB90BF14D5874AC8AF"
"tools/redmod/scripts/cyberpunk/UI/fullscreen/ripperdoc/ripperdoc.script","134453","D75C67475FE54E66C8C62A3DA38629886A1E03698EF74518DC4B1217663841C2"
"tools/redmod/scripts/cyberpunk/UI/fullscreen/ripperdoc/ripperdocAnimationController.script","15551","D9C28B622C05C44542441049F5768C38EB3DF8098CE32C6868CF4D41981C92D5"
"tools/redmod/scripts/cyberpunk/UI/fullscreen/ripperdoc/ripperdocArmorMeters.script","15791","AC3C0F6470CFF4EECECEABA400F7B8EFBA2210FEC0E21EC921D83C6CAB29C0DF"
"tools/redmod/scripts/cyberpunk/UI/fullscreen/ripperdoc/ripperdocBarTooltip.script","13389","FE87EFF9ED8F7F968D52A321E8B37165A9BB38A2B5ED421C055FB4702F097101"
"tools/redmod/scripts/cyberpunk/UI/fullscreen/ripperdoc/ripperdocCategoryTooltip.script","2295","BE2580634DD175D04318BC71146AC7C0E1B682320DE4F167F4D45EFFDB703D96"
"tools/redmod/scripts/cyberpunk/UI/fullscreen/ripperdoc/ripperdocCwPreviewItemController.script","686","3716DAABA54F7B0BDDDE74BEAD30F908A594248B1049930457C77B28CA7EE87D"
"tools/redmod/scripts/cyberpunk/UI/fullscreen/ripperdoc/ripperdocFillBar.script","2510","4D3B9C5C79443BE0406EEB47A11E9A273229C1473622AC4F9E92B0962CA18CDA"
"tools/redmod/scripts/cyberpunk/UI/fullscreen/ripperdoc/ripperdocFillLabel.script","3430","40109598E9DCD5CC652448826BA17F80E1EE45B9D23D4DB24E3FCFB391CA26BC"
"tools/redmod/scripts/cyberpunk/UI/fullscreen/ripperdoc/ripperdocInventoryController.script","9963","25C51602DD4722AC56CAB393F793975E0B582AA77A62C3A364BFFD0273AA97A0"
"tools/redmod/scripts/cyberpunk/UI/fullscreen/ripperdoc/ripperdocMeterCapacity.script","19972","6D4C1FCB81C3456A8CE8F0851CE6202FA5DF15B3C4DC9C4097C91B6625161EE9"
"tools/redmod/scripts/cyberpunk/UI/fullscreen/ripperdoc/ripperdocMeters.script","6088","15BE934EAD37E812B29C711B15669AA02D056C476CC3F788631FF02271A4AC67"
"tools/redmod/scripts/cyberpunk/UI/fullscreen/ripperdoc/ripperdocMetersBars.script","3075","93F1AB5FF9C19557A6348867DB90221394F6ECEA0AC5D934FE2BCE4FA4FCDF55"
"tools/redmod/scripts/cyberpunk/UI/fullscreen/ripperdoc/ripperdocPerkController.script","1808","48EC99076E4632C6F4A737CB3044BF2359A73E5A14581CB980A368B2170DC695"
"tools/redmod/scripts/cyberpunk/UI/fullscreen/ripperdoc/ripperdocPerkTooltip.script","1233","46DF11FAF433AED3A289D7967C1CF5FD89904746154E2258658C43D651981030"
"tools/redmod/scripts/cyberpunk/UI/fullscreen/ripperdoc/ripperdocSelectorController.script","3731","3503838753E924EFE21944B77B28144077DFD9F00D5DAA83DD6AECEEDB873045"
"tools/redmod/scripts/cyberpunk/UI/fullscreen/ripperdoc/ripperdocShardController.script","1289","D86004F55A68D1B2E2C4FE23ED291CC195E1EAF772A6E0E5D044F05D0E140078"
"tools/redmod/scripts/cyberpunk/UI/fullscreen/ripperdoc/ripperdocTokenPopup.script","27494","3F5AA24E6060EAE80C305E0A0351EF115332EC7A0A12281E95A8183869D71746"
"tools/redmod/scripts/cyberpunk/UI/fullscreen/ripperdoc/shoppingCartListItem.script","947","6BC4C3035DBF731990D37F7378A3F762F107DB87E2E844C969022FF085512B87"
"tools/redmod/scripts/cyberpunk/UI/fullscreen/settings/brightnessSettingsMain.script","2943","A739C793D973C2F2454F7042B6D27A52E5B4B30D4BDC7BF0E92969A8B75999E4"
"tools/redmod/scripts/cyberpunk/UI/fullscreen/settings/controllerSettingsMain.script","7618","24A37347E13110A853235087CE3050B54A25A26F49E7579587F2BC752025B26E"
"tools/redmod/scripts/cyberpunk/UI/fullscreen/settings/controllersScheme.script","1488","73A29FF605CB2CB0F756D07351AE226B9B39EAD8F42493C81BAAC6B4FDA64CCA"
"tools/redmod/scripts/cyberpunk/UI/fullscreen/settings/HDRSettingsMain.script","6872","327904A4594EDA1B4A5B694B1C71091F8096D56AC2DC19A20E5E39E56DD815A0"
"tools/redmod/scripts/cyberpunk/UI/fullscreen/settings/hudSafezonesEditorGameController.script","1520","7A4746E617DD1EE28D5F24D080C332E6DC0A54D8DB8A485757A46C7681BF12DD"
"tools/redmod/scripts/cyberpunk/UI/fullscreen/settings/settingsCategoriesList.script","1090","D2A84AC3E145D9944EBEF9EBC59235DE5BBAED5B4420621B602AA07E026A0C55"
"tools/redmod/scripts/cyberpunk/UI/fullscreen/settings/settingsListItem.script","617","0DD5FD0FF9B5975C6758FC43EBBC514058493D69D1CF2DD4DF25E7213D4FCC85"
"tools/redmod/scripts/cyberpunk/UI/fullscreen/settings/settingsMain.script","45256","3148210B5BBD363D2527E328DD174B1AEE26C0E15966406F9BF04B47EE50DC3A"
"tools/redmod/scripts/cyberpunk/UI/fullscreen/social/socialContactsDetails.script","691","8EF2D30FCC569182DE48AFAA513CB14561CA23836F127AA576313F4B62A2D8E0"
"tools/redmod/scripts/cyberpunk/UI/fullscreen/social/socialContactsList.script","3613","37A10C7EE39AEBD4C55F01C4E7EA8DDB2ABD39B0BD270D24795C168836709330"
"tools/redmod/scripts/cyberpunk/UI/fullscreen/social/socialPanel.script","2429","FFA0480117DB3DC25CE82E298B6C63121057BFB21B0F2EB44FB0F541EC5C4766"
"tools/redmod/scripts/cyberpunk/UI/fullscreen/stats/cyberwareMain.script","6698","45D166C0C63BF9F3987B7B6EEFEAA0BC5A3B184A95608ECD7648A4E23D847AC5"
"tools/redmod/scripts/cyberpunk/UI/fullscreen/stats/statsMain.script","17644","A770270224DE8AFEB0CFC645F1AAA751FE2D242629171ADBCA2C7B2CE36B47AD"
"tools/redmod/scripts/cyberpunk/UI/fullscreen/stats/statsStreetCredReward.script","5576","93E5D8BA255CA7A2D0EC8393ADFA20880C68D505F8A353E58086EDEA0C3A30F7"
"tools/redmod/scripts/cyberpunk/UI/fullscreen/storage/storageScenario.script","959","E2D600DDB9D3B6486FE61BFA1B0F975830EB8E7221DE85750438B1A110B1A33B"
"tools/redmod/scripts/cyberpunk/UI/fullscreen/tarot/tarot_main.script","8846","BAEF99FFE493B5658F4CA44B23508D56FCFCFECA9EDD064EA2AB7AC7B857791E"
"tools/redmod/scripts/cyberpunk/UI/fullscreen/tarot/TarotCardPreviewController.script","1864","B34B931D067679A44D1297A73460D9393FB297E9EA12022A2C7454DAA0B3ADD0"
"tools/redmod/scripts/cyberpunk/UI/fullscreen/time_management/timeSkip.script","4826","1C7F2D9CA375E37AFE48675E9027F813C1E6273E3C1DE0997F6619265D3E1A0C"
"tools/redmod/scripts/cyberpunk/UI/fullscreen/time_management/timeSkipPopup.script","20265","1E8D5982F7D808C8614F5DDC4337B18F64B0447672B6D480F05FD19EE3A02B61"
"tools/redmod/scripts/cyberpunk/UI/fullscreen/vendor/fullscreenVendorGameController.script","77876","DCF8E297345B5C3610B8901AD2F209DC3D5A417ED018F63E6D08BFBA5EABE2B2"
"tools/redmod/scripts/cyberpunk/UI/fullscreen/vendor/itemFilter.script","830","3E70DDAC2E42255AC7D19461D4F4D373F5238C8B1E95390BC045BCA6C4832753"
"tools/redmod/scripts/cyberpunk/UI/fullscreen/vendor/itemQuantityPickerController.script","13577","4FDB8B2FBD4D4A567C3CAB404FE29A15C60F5844EAB9FA85D41D862796848617"
"tools/redmod/scripts/cyberpunk/UI/fullscreen/vendor/vendorConfirmationPopup.script","6333","3BF6E4CD3533420B4A9B6AC8D32AB528F1F5811C912582ADC1F87DB7E8ED67C8"
"tools/redmod/scripts/cyberpunk/UI/fullscreen/vendor/vendorHubMenuGameController.script","24468","74975CBFFDE429158B95790CF05964B911E6370E8D97DB6868522A5B92674E68"
"tools/redmod/scripts/cyberpunk/UI/fullscreen/vendor/vendorScenario.script","2326","A87B4DA20CA5DE73AE9B647C6FB26B9A98ADD0AEA6B26BAD2D40E6F7C0CD4EB1"
"tools/redmod/scripts/cyberpunk/UI/fullscreen/vendor/vendorSellJunkConfirmationPopup.script","5608","8AC4029755BAF2C14F66A0F9C985083E36526054B36072BC715B17B83F97FAEE"
"tools/redmod/scripts/cyberpunk/UI/fullscreen/wardrobeDevice/clothingSetController.script","4083","9DD47A549B1A9164EE7DA78214D867AF7B049793412E79BB5A9C22B91238D8F6"
"tools/redmod/scripts/cyberpunk/UI/fullscreen/wardrobeDevice/wardrobeSetEditorUIController.script","26372","64473300119E6EB981E731B0C85857110B330CC155723D040796B447E7090E76"
"tools/redmod/scripts/cyberpunk/UI/fullscreen/wardrobeDevice/wardrobeSetIconsPicker.script","3300","C77386DA52F1FDB86D738BE751C88D85E50FA18B5D968179FCD413D50738324F"
"tools/redmod/scripts/cyberpunk/UI/fullscreen/wardrobeDevice/wardrobeUIController.script","16493","A94933252EFE5B4263E3FC8396329B3ACB6F1B6ACE1183AB7328F6D99340773A"
"tools/redmod/scripts/cyberpunk/UI/hud/custom/hud_camera.script","10954","69BDA4A48CE1E6BB176BEBBA577EE6D81B0D984E236CA7E6941E419B7945FAF3"
"tools/redmod/scripts/cyberpunk/UI/hud/custom/hud_corpo.script","3908","2421AE94533BE58DC6F01EFFB406A82BF95EA0609F5E4E83AD92C27ABE462159"
"tools/redmod/scripts/cyberpunk/UI/hud/custom/hud_drone.script","1854","8A512F4DE9895A862A204719FA4BA2544B181468B039F87DB9B6D052F1E6B345"
"tools/redmod/scripts/cyberpunk/UI/hud/custom/hud_johnny.script","1568","9729C2404BBC04632384E9F5D2B9EBE8FD97DD37BD4F13C26A66C3A4232924F0"
"tools/redmod/scripts/cyberpunk/UI/hud/custom/hud_militech_warning.script","1035","5CEE77F0DD939D7D511888ACDFB08D453568A72A2957EDE605828653A2B62AE3"
"tools/redmod/scripts/cyberpunk/UI/hud/custom/hud_panzer.script","17277","0A3C2FEC4960CDC1BFB41C5AA635FB6EA4C359C0B13208FE59FDF202F577D8A2"
"tools/redmod/scripts/cyberpunk/UI/hud/custom/hud_recrording.script","1906","D05B19C3A10829C65BFE2105BA7AE739189076CC678B31D13003250B93C96275"
"tools/redmod/scripts/cyberpunk/UI/hud/custom/hud_sightseeing_binoculars.script","6422","00A3263C141E80188DDE3E5DF39B2FD8EBA9507C5C77AEDA19E71F0539098674"
"tools/redmod/scripts/cyberpunk/UI/hud/custom/hud_sniper_nest.script","3700","D930D0AD193A9466B27F050D34E2E1ABA511405B58A51DF718128D3D86038F1C"
"tools/redmod/scripts/cyberpunk/UI/hud/custom/hud_turret.script","10355","D7D1293C7AB99D940A4FB05BF48F83105C5E03CFCBF9E4037BEFC856484A6A7B"
"tools/redmod/scripts/cyberpunk/UI/hud/custom/textanim.script","1627","963387FD7C189AF0AFA19B9253430021D4E2C82018C9E9DC9211A9C27840D12E"
"tools/redmod/scripts/cyberpunk/UI/hud/cyberwareBreach/cyberwareBreachGameController.script","10694","9C487AF59F4F32638DEC86F15AABB165824EEDF7FE0C1A4BEEA68F9492117383"
"tools/redmod/scripts/cyberpunk/UI/hud/cyberwareBreach/cyberwareInfo.script","2933","9C7EF3A5CEF1E424509A5796738DDA0233810A02CC31A7BEBF73B3B325EBF482"
"tools/redmod/scripts/cyberpunk/UI/hud/onscreenMessage.script","5967","4ADFB1F7965FD7AB6374CF4D4CEE4ED4F97593BB03770DAC00A86A60B20410F4"
"tools/redmod/scripts/cyberpunk/UI/hud/phone_dialer/phoneDialerContact.script","8713","51850F242F9E3716925305658A12488D8992DFDAFD75FBB97BF978A05A7C2DA9"
"tools/redmod/scripts/cyberpunk/UI/hud/phone_dialer/phoneDialerController.script","9614","818486A330C5524C46B4557EC180F6E69FABD0762875E0BEFC996632F58A8214"
"tools/redmod/scripts/cyberpunk/UI/hud/phone_dialer/phoneDialerData.script","2093","3C6FD31891BB54A48479EB757AC285EA986823601847B90CE4BE55E2779C0155"
"tools/redmod/scripts/cyberpunk/UI/hud/phone_dialer/phoneDialerLogicController.script","16230","37D1D2C1AD2D9DCB26E61357EF8B161F42A0F462BD84A1A2DC48D65935B87AD2"
"tools/redmod/scripts/cyberpunk/UI/hud/phone_dialer/phoneDialerSelectionController.script","6042","2EA7DAC4593E6C629D7131F6DF0227F2B2AE7C278923DEDE2AA629F9423EFF6D"
"tools/redmod/scripts/cyberpunk/UI/hud/phone/holoAudioCallController.script","2927","5CEFB662250E155DC6233FAE02FD805D6B415DCC1E4EAD70A03F6717B554069E"
"tools/redmod/scripts/cyberpunk/UI/hud/phone/hudPhone.script","16117","050F20D592A62DE7BE70CE9AF9762D03680946EC2DAC302513833B030E0D2E8E"
"tools/redmod/scripts/cyberpunk/UI/hud/phone/hudPhoneAvatarController.script","10891","6B6B6A14E1D5059260E1541DF6D5499E5503B82F7AAF8ABD54B0F34C80D8A3C9"
"tools/redmod/scripts/cyberpunk/UI/hud/phone/hudPhoneMessageController.script","4234","0D25555C24636930B3B629481E7F24B1CA12E0C87C93FC40084FB313843BF720"
"tools/redmod/scripts/cyberpunk/UI/hud/phone/incomingCallController.script","4282","A2920B98E8279C20B6FB88D35034FE7E4FC39FBD0829386A9091F5AB2EDA2554"
"tools/redmod/scripts/cyberpunk/UI/hud/phone/messageCounter.script","1578","6C0378E14F9E780F20B31C9D76C05B4DB9AA82E6EFDCB3D7BCF928ECE9ECAA6D"
"tools/redmod/scripts/cyberpunk/UI/hud/phone/newHudPhoneGameController.script","64687","73800011C83851AEC7E49FB45166BB9538EFC2F88CA68D4CA90A8978DAA48848"
"tools/redmod/scripts/cyberpunk/UI/hud/policeMessage.script","2737","E7D0B8D86A574627D0D712EAB7557314136D6FC91293EDECFF418FF2E0EC2212"
"tools/redmod/scripts/cyberpunk/UI/hud/ponr/ponrRewardsController.script","7064","58D801701CE452613CF985BC519EEFBD08BDEB9F0AB47903738C0E560A350E96"
"tools/redmod/scripts/cyberpunk/UI/hud/scanner/scanner_border.script","15145","1C10A8E22AFBDA015696EEA8C6C5A86151546B09A068DEA5FF357D651617F047"
"tools/redmod/scripts/cyberpunk/UI/hud/scanner/scanner_chunks.script","100426","8966536383E944773AD803FF5025BEF70A97CA6C119E6B0C7F80AED58DFF9998"
"tools/redmod/scripts/cyberpunk/UI/hud/scanner/scanner_crosshair.script","1214","11C796D417D75BDE52EC133D91549BB08CBB6CD6EBB85A945625B7926CBB462C"
"tools/redmod/scripts/cyberpunk/UI/hud/scanner/scanner_data.script","16973","4DBAA75565295898AAA2E5E56188B15FAFECF0E9031F6BDCD507CABD28F92DED"
"tools/redmod/scripts/cyberpunk/UI/hud/scanner/scanner_details_elements.script","1475","FEA7304B13819977002BE2D7E7BA5850D671F3C76EE4679AFD6E6F284D9D88EC"
"tools/redmod/scripts/cyberpunk/UI/hud/scanner/scanner_details.script","22997","C689AC99EC28064C5C62113BB54598B8FA94D092305FE4E9A06CF65FE2C3FE12"
"tools/redmod/scripts/cyberpunk/UI/hud/scanner/scanner_hint.script","2247","A3BB2BD28565FD28DE5E5FBE2A0EEF18925778B593D23FB34D9277DA811B46E5"
"tools/redmod/scripts/cyberpunk/UI/hud/scanner/scanner_skill_checks.script","8748","B33F24396E1395E4EC130FCC97FF76EC9A150E76A52518ACE60F126D14524534"
"tools/redmod/scripts/cyberpunk/UI/hud/scanner/scanner.script","14193","9C010883E22124704E5D31AC1EAF834ECB455EAD6D3836E9CA8F608CC3255BDF"
"tools/redmod/scripts/cyberpunk/UI/hud/vehicle/baseModalListPopup.script","8626","889738A1C145315148DBE31422B576F49F90AB780BD65B0A3BA9D8680E7F9416"
"tools/redmod/scripts/cyberpunk/UI/hud/vehicle/vehicleRadioPopup.script","13085","339913944EF207167E1CFD1A1EF5C06813AED04E4CE5C33AE2AEDF8314FB3E98"
"tools/redmod/scripts/cyberpunk/UI/hud/vehicle/vehiclesManagerData.script","3706","F597CE8971E822C81CEA99C7DB38148A469D58D0D7062BB95C6DB316B5D8850A"
"tools/redmod/scripts/cyberpunk/UI/hud/vehicle/vehiclesManagerPopup.script","10965","48B03B33FFDD08F27A38A050363508E16F9316E9530734C57584A94CEE4DEB83"
"tools/redmod/scripts/cyberpunk/UI/hud/warningMessage.script","10572","5A44879611D17BA9101A7877AADFC21A1483451EC1B85D0A18B43B5BAB101BD9"
"tools/redmod/scripts/cyberpunk/UI/interactions/dialogData.script","800","6AD06E3B1419F88B9774E853A2E1F2E644D7A8C3E18B7B1424A134271F1C7D96"
"tools/redmod/scripts/cyberpunk/UI/interactions/dialogEvent.script","58","461EBD871CC0A5CBDF39F47BB48E70DA9109317CE93CEF4A9312CBE3ED7C62A3"
"tools/redmod/scripts/cyberpunk/UI/interactions/dialogUI.script","41231","E429C5CCDD583ED681B48FE6C4FF48A463440F8B6DAF52EDD9F3CBE3012D724E"
"tools/redmod/scripts/cyberpunk/UI/interactions/hudButtonReminderUI.script","4509","7A12493FF8A6CE6489AB146FACCA63CE300FA0B754D769D8B0C9FFAA62A3E63A"
"tools/redmod/scripts/cyberpunk/UI/interactions/interactionData.script","917","BDF7671F070CD2C73B0EFF566BF678D8CF9C4B8673484050870048D9A16D3752"
"tools/redmod/scripts/cyberpunk/UI/interactions/interactionsHub.script","3379","653D233AB50445A31AC220DDD71C0B312047426B8B56F87F97D9AFA8BE0DFB30"
"tools/redmod/scripts/cyberpunk/UI/interactions/interactionsInputView.script","1646","D253820AFF1E5B4AF6866D85D6C1C9A70A2CDA2E665771E2A704D4293A2E2CDB"
"tools/redmod/scripts/cyberpunk/UI/interactions/interactionsUI.script","10635","BA8293594F82FEC34EFEB845454E783F307B8DC715D587A175042B1DE06682A0"
"tools/redmod/scripts/cyberpunk/UI/interactions/interactionsUIChoiceItem.script","9189","8401DB4E4E640CFBC9EFE14CE45C6995C0B8591B62F403BDDCC142303E6C44B2"
"tools/redmod/scripts/cyberpunk/UI/interactions/interactionUIBase.script","4726","2EC8033FAA455C3439387598A12A73B9ABD8EB948BCAAF5F4E1B81D230FE9274"
"tools/redmod/scripts/cyberpunk/UI/interactions/looting.script","36707","5728B5D8CD468F351424548ED74ED8771C6BEAB1AADA2E5602A561E521DBE437"
"tools/redmod/scripts/cyberpunk/UI/interactions/lootingData.script","357","F5674529D68109CA6B3AA32D54CF48AD41536270CB9C56D89957F79AB5EF14D9"
"tools/redmod/scripts/cyberpunk/UI/interactions/lootingItemDisplayController.script","5577","EA2AD14A3A13F529429A081E752CC39348D6DD01681C163A25E0B37FD079D287"
"tools/redmod/scripts/cyberpunk/UI/interactions/netrunner_charges.script","2306","B88AF5115DC682F6A9A64F7675C01C9D67AAA385E1751A57FAC6699675F6DEC7"
"tools/redmod/scripts/cyberpunk/UI/interactions/visualizerTimeProvider.script","206","C6B3082E2EDF81B1F1DE150D236C8612FC70E2C6D4BBF07A692C57B962D2AF5B"
"tools/redmod/scripts/cyberpunk/UI/inventory/abilityData.script","445","4B6AFFECF0FF1CFA61B1DC56ABC48FACC9381038622E4FD420D3D46BCDB528D9"
"tools/redmod/scripts/cyberpunk/UI/inventory/inventoryComboBoxContentController.script","586","EA5E616D8829B842B6C3436326B9FC0DBA7525BB1BEDFC489ADDCB203DCA66F5"
"tools/redmod/scripts/cyberpunk/UI/inventory/inventoryComboBoxItemsList.script","69","5F7063FC5D591E9DE4F04C4EA07633AEBB29E892BC6D6907ADB56ADD7C9F19BB"
"tools/redmod/scripts/cyberpunk/UI/inventory/inventoryCyberwareDetails.script","68","4230D08E395CF6F52718766147D4A54D606FEFD97B8C1CCD364B1B3AF7C2BE3A"
"tools/redmod/scripts/cyberpunk/UI/inventory/InventoryCyberwareDisplayController.script","785","0581A5335D10DA361EDAC255B6F29719B722FDA0FE026A112C3FFB6EB637368C"
"tools/redmod/scripts/cyberpunk/UI/inventory/inventoryCyberwareItemChooser.script","4582","7D0B39E5CA1CC80EDC6E2AA6DAE3ED0FEB47717564CA8D44F9555B077F199B5E"
"tools/redmod/scripts/cyberpunk/UI/inventory/inventoryDataManagerV2.script","216953","B3266D5BEFBFFDB5E521FF4BBBD7658C482222B9EE50B5A6A6328790EC31A85B"
"tools/redmod/scripts/cyberpunk/UI/inventory/inventoryEquipmentSlot.script","5114","C1B8BCBFD1AD576E978293BAB29C1DCC94D6808B9380567C2E306AE3603AA653"
"tools/redmod/scripts/cyberpunk/UI/inventory/inventoryFilters.script","1398","7E23E5C672EF3DD60791B46D3E230AE8D415C97B373427CB95CC9B414618D049"
"tools/redmod/scripts/cyberpunk/UI/inventory/inventoryGameController.script","86001","2F3BBFBC4D2F78C24C109E7755E1C142F4185878D6B3FDAA87ED67C88E16C129"
"tools/redmod/scripts/cyberpunk/UI/inventory/inventoryGenericItemChooser.script","15161","6C2684B2DAE49806A9463F2B81A01546187D95714350A0BF11C6D69F080ECDE0"
"tools/redmod/scripts/cyberpunk/UI/inventory/InventoryItem.script","42012","B29AC2E039C05E1770A08E89315F27CFFD6340E436892DED3E3139C82A770811"
"tools/redmod/scripts/cyberpunk/UI/inventory/inventoryItemData.script","31315","A28B39EC0744D18FD700D4CBC0D2341FFBB3F1AA176003FC9FDF2EACC023B717"
"tools/redmod/scripts/cyberpunk/UI/inventory/InventoryItemDisplay.script","11758","D8C22615EE3A6C4C46196AA235706BD1B94A7E0DE0D6BF562D9AB2B92FF924DF"
"tools/redmod/scripts/cyberpunk/UI/inventory/inventoryItemDisplayController.script","79962","9390EF51069EB44B8ECC5B86CE9EC83A306EF90491C1A9CF4A6584E081F24C42"
"tools/redmod/scripts/cyberpunk/UI/inventory/inventoryItemDisplayEquipmentArea.script","2937","896F2D01CAF25C7EC99E1447A85BD65240B1862CC47B2D7CCE74D7723B58E724"
"tools/redmod/scripts/cyberpunk/UI/inventory/inventoryItemGrenade.script","8733","46DE798ABA587D4568553CB7E8AE3821050348EF7B5155CF870C5B183AF1A16D"
"tools/redmod/scripts/cyberpunk/UI/inventory/inventoryItemLabel.script","4328","1D5E772D36D75222261A24FD4F84FFDE443B4C82E980869E8690668AFE48AE90"
"tools/redmod/scripts/cyberpunk/UI/inventory/inventoryItemMode.script","100378","F17C2FE0D044373E1C9366F5F641804086B5FCDF09554F97DC3BC031848AC891"
"tools/redmod/scripts/cyberpunk/UI/inventory/inventoryItemMods.script","20364","FF104DB9B1179ADF8655A71074C02E8CAEE9D08EB2DF8E84D56C8E43B76873A2"
"tools/redmod/scripts/cyberpunk/UI/inventory/inventoryItemPartDisplay.script","1383","E423EC77DEAEB40E2F81027C87A65D3A475A90F81673B5430290AF8626654881"
"tools/redmod/scripts/cyberpunk/UI/inventory/inventoryItemRequirements.script","7198","DE96DAD581FD5A71A2AAE821F3B39F0355E8A8C35740C7571E02FD2836261EC2"
"tools/redmod/scripts/cyberpunk/UI/inventory/InventoryItemsList.script","5354","EC2C0E4DF1F4443DC68F297629F25B3485AA03413E517FBC31B4E33B4049D406"
"tools/redmod/scripts/cyberpunk/UI/inventory/inventoryItemsManager.script","22793","C9B57FFBD1DE245BB019826637E05C3CEB804B1160CB807AA3087AE0FA641642"
"tools/redmod/scripts/cyberpunk/UI/inventory/inventoryItemStats.script","44096","58158B15405D521D10766B5AC508F573D79A276901D5892488E396915C037A70"
"tools/redmod/scripts/cyberpunk/UI/inventory/inventoryPaperdollGlitchController.script","596","E8E3EC17EE067D1394A38B3C86FCE23DBE0FD50B787092966FA24DBE602223B9"
"tools/redmod/scripts/cyberpunk/UI/inventory/inventoryQuickSlotsDisplay.script","69","45329A2308DDF572CA84406B5058235B0A11B6D6532F0B9E25ACA197AB381BEB"
"tools/redmod/scripts/cyberpunk/UI/inventory/inventoryRipperdocDisplayController.script","1138","7548C5E0583EA2D76DCB9E7981138A0FA22047BF1C9A7CDDE8DECADE474732CB"
"tools/redmod/scripts/cyberpunk/UI/inventory/inventoryStatsDisplay.script","3848","AF6ADFAE7281855A53A1A7CADF98E53735227400F48442D43D5409EBE0D632A5"
"tools/redmod/scripts/cyberpunk/UI/inventory/inventoryTransmogButtonView.script","834","EC9870650C10916206315F4F21C289C08C602AF3B453014F6195A575450AFFDA"
"tools/redmod/scripts/cyberpunk/UI/inventory/inventoryWeaponDisplayController.script","2866","ED201347D5D03C13F6BB18EB3990174BA76680B1426DE16DDA0E621D101B994B"
"tools/redmod/scripts/cyberpunk/UI/inventory/inventoryWeaponItemChooser.script","6299","133CFF0BC62DF1159D0CD68F60B9E1998A163E0A7BDE3E9668D215F481B9CB7E"
"tools/redmod/scripts/cyberpunk/UI/inventory/inventoryWeaponSlot.script","2292","58805E91C03AA112A713C334EB7DDAD30DF9E9030EE7C1C9DF89124874C5AACC"
"tools/redmod/scripts/cyberpunk/UI/inventory/inventoryWideItemDisplay.script","5716","91BD881E4A08CB5A3BDDDC9568E8DC4A8162F88A9073619AAED339C2E040E368"
"tools/redmod/scripts/cyberpunk/UI/inventory/progressBarButton.script","4542","56170E8C4A5CE7F44FF680EFFD8F2A8D6C497B92E578259349C629D6C10F6F3B"
"tools/redmod/scripts/cyberpunk/UI/inventory/ripperdocFilter.script","1143","EDCFB3A9BAB7C6456C3860FEBF40BA01027DFE1574819A4F8CDB7D0146D75073"
"tools/redmod/scripts/cyberpunk/UI/inventory/UIInventoryHelper.script","799","3213F54C501019053CE9CB18154DFEA54FBAE0CF01720EE06CD9F5670B82081F"
"tools/redmod/scripts/cyberpunk/UI/inventory/UIItemsHelper.script","72628","AA11E254DB1FE07291FDBE1868089AA26DB9F8C43A5F9B8C20C9F66FC2697401"
"tools/redmod/scripts/cyberpunk/UI/inventory/visualSlotController.script","1695","607C859C158BCAC7EC014669FB46EAD465279B909BCDFA42729EAEFCA3E160CE"
"tools/redmod/scripts/cyberpunk/UI/inventory/wardrobeOutfitSlot.script","3367","0B1BADF807F81D428D1A2F75DB97416EC1B6C67D18E9BC6898869C597393913D"
"tools/redmod/scripts/cyberpunk/UI/mappins/gameplayMappins.script","9997","AD6F5775E6AB37F7EB231005846F66981989D3DCBEB44F7FE39BFECCDB0B9B3C"
"tools/redmod/scripts/cyberpunk/UI/mappins/interactionMappins.script","759","339B980C4F60559599573AE1C35FA8258F328269F1E5D7D41A18669829332A21"
"tools/redmod/scripts/cyberpunk/UI/mappins/mappins.script","7281","06C28099144C5A24E1729F44A32FFAD093AEF9BE8CE609EE70D654C2C1A0CD86"
"tools/redmod/scripts/cyberpunk/UI/mappins/mappinsContainers.script","8964","058C37E64562CED5352A928A378A8123680357FEB3B3BF6B37E032E94B42DC58"
"tools/redmod/scripts/cyberpunk/UI/mappins/mappinsControllers.script","4500","E3DA36491DA70702AE7C9DCEA2CAA9437CF87E69A0DF9DF695DAAE3BA6BABD74"
"tools/redmod/scripts/cyberpunk/UI/mappins/mappinUIProfile.script","1147","EFD8BC426E5F2D3E935C98E6DAB085E7B9DA4481CB1481F511798729D82C48FF"
"tools/redmod/scripts/cyberpunk/UI/mappins/mappinUtils.script","29850","AE66D3CE45094CCF56EB6D0EE9D2A80F2FC56AF95E86F3A0C8DC2BDDECFD082A"
"tools/redmod/scripts/cyberpunk/UI/mappins/minimapMappins.script","52329","6CD0C61FA03783697CC90FBF98F9DC949C637A3101CF20EB8A347757F26CCB2B"
"tools/redmod/scripts/cyberpunk/UI/mappins/pingSystemMappin.script","802","EBF6DD1AC20F1BF6B13D499BC99345CBDC7EFC2802A1C90F8E5772193B45A9C9"
"tools/redmod/scripts/cyberpunk/UI/mappins/questMappins.script","16930","019E2781A7D97F5417024846D4A4C1AA1DE9A898D894F2880F5EB440A4A8A1E8"
"tools/redmod/scripts/cyberpunk/UI/mappins/quickHackMappin.script","6315","3B868EF378E71BCC9BD742E4FBB70CE63C4021D15B0850477F9E08409326FBC9"
"tools/redmod/scripts/cyberpunk/UI/mappins/remotePlayerMappin.script","514","CCB8863E9B099AD217C66088E7B9BA5D47721D0E5AD133ED2F6EB8D058D052E6"
"tools/redmod/scripts/cyberpunk/UI/mappins/stealthMappins.script","33898","C2602709B3DBAE45A8F0030BFF4AAC10AFD5688B875748E02967EC6C3731302C"
"tools/redmod/scripts/cyberpunk/UI/menus/builds_placeholder.script","14061","823865F8E11BF6AA46577EF116683074C5B28B68AC9CB7457D6669BB0C1A2172"
"tools/redmod/scripts/cyberpunk/UI/menus/cpo_character_selection.script","5729","D1DE0A784B51D5286ED7B7B7F41EB3D273728C9DEF1A5A9BD8031A88263EAC0B"
"tools/redmod/scripts/cyberpunk/UI/menus/inventoryDataManager.script","12291","339BA09D6966D9E1F830A056A5879129871B12859A4036EBB5243B5B12EDF935"
"tools/redmod/scripts/cyberpunk/UI/menus/inventoryStats.script","1803","D37E407229B64A9777BE549358B3B469F507385900A87FABD649627746FCB602"
"tools/redmod/scripts/cyberpunk/UI/menus/menuGameController.script","1177","AF40EC85DC1A8AD5BA305C2DF5EE5A2C095FA8EE87FA9C1E278DD681DFABA43B"
"tools/redmod/scripts/cyberpunk/UI/menus/menuItemListGameController.script","2886","88C355F2DDA32F8A7D0A2D1B7398A8EF511C7F2C24A697380400E267E5D75236"
"tools/redmod/scripts/cyberpunk/UI/miniGames/Advanced/minigameControllerAdvanced.script","394","7F604470565B742BEE147254BC20A9EECC28EFFBBF4190C8367CFD2DA17AB2CA"
"tools/redmod/scripts/cyberpunk/UI/miniGames/Advanced/sideScrollerMiniGameEventsAdvanced.script","233","BD3DE09BB2E16C04CADAC624A083E4AD432865D607B529AF4663CAAB6DA7F658"
"tools/redmod/scripts/cyberpunk/UI/miniGames/Advanced/sideScrollerMiniGameStateAdvanced.script","179","F928A2F2C71567D819D74033B6866BC389C41E916A5F18472569EFED518F3D67"
"tools/redmod/scripts/cyberpunk/UI/miniGames/Advanced/sideScrollerScoreSystemAdvanced.script","1462","DF1B9B48B64E5F68FCA58C82E3B2D3D2AE36C1F243461C9B86EB069ED8A963DA"
"tools/redmod/scripts/cyberpunk/UI/miniGames/hackingMinigame.script","90","5E54513C6C3B6D3A069A48DB255D6A88292D52D857990641EF5B496815145963"
"tools/redmod/scripts/cyberpunk/UI/miniGames/hackingMinigameGenerationRules.script","701","6AA73B9F9ADAD998495A3290BB531C6C6C0CAD504C2504531EBCF334D80AE3C0"
"tools/redmod/scripts/cyberpunk/UI/miniGames/hackingMinigameUtils.script","35768","E1F17F9BC18712DD605920007A36579549D5EF0AC86901ACFCB476FFA148317D"
"tools/redmod/scripts/cyberpunk/UI/miniGames/panzer/panzerGameController.script","743","6B77AF1E8BD93DCD64A2CF30E3CFF5174D86283591BB15722945ED9C52EC188B"
"tools/redmod/scripts/cyberpunk/UI/miniGames/panzer/panzerMiniGameController.script","86","4853343AB88074467EEC8E17B2F00628F72347F9C5297D946F5620634A2E3BC5"
"tools/redmod/scripts/cyberpunk/UI/miniGames/quadRacer/quadRacerController.script","2664","9CA846A270A8D1D599DE7288AF3B4586D3AE1810A13B8D855ED0034D275E1AC8"
"tools/redmod/scripts/cyberpunk/UI/miniGames/quadRacer/quadRacerGameState.script","343","709373095B447B147B5B5C2024BFA9B1313F661CD22AC0E869E44413B25DC71C"
"tools/redmod/scripts/cyberpunk/UI/miniGames/quadRacer/quadRacerLogicController.script","2531","370FD8650C039422A974E21CD0F5F68D3967EC6D59E03A8892500BEE718C29EB"
"tools/redmod/scripts/cyberpunk/UI/miniGames/quadRacer/quadRacerObstacle.script","1468","2F8956B126E3185C21261697B5E73AEE8CE4F4C41C51E43554F1D05D2CEDB711"
"tools/redmod/scripts/cyberpunk/UI/miniGames/roachRace/bonusCollisionLogic.script","1340","BBED75D64721C8ECB6774126C7CAED7795D821E691173165DB30422ED208EFC8"
"tools/redmod/scripts/cyberpunk/UI/miniGames/roachRace/obstacleCollisionLogic.script","698","7CF672D87B7EB216039AE0615DC30120E65E0D54E02161DDB08885B03F67F3CC"
"tools/redmod/scripts/cyberpunk/UI/miniGames/roachRace/roachRaceController.script","1465","CEEA1520BDB1BF62F35346B8C2BDE3513DFEA9499CD2B16D223E90D4BDA1CCF0"
"tools/redmod/scripts/cyberpunk/UI/miniGames/roachRace/roachRaceGameController.script","3420","D45234AA12E0667BA880305D34001EAAB5DD6BC0318ED445F459646E89180DC1"
"tools/redmod/scripts/cyberpunk/UI/miniGames/roachRace/roachRaceGameState.script","183","CD17B778C17C1A8F31326C5D061DFA6BA38C22B245EBAB2EC36FDAE26F654624"
"tools/redmod/scripts/cyberpunk/UI/miniGames/roachRace/roachRacePlayer.script","1230","6CA9066D364101AE3CA72232377B79224C31408D5007145AF219549C7F65F293"
"tools/redmod/scripts/cyberpunk/UI/miniGames/roachRace/roachRaceScoreboardEntity.script","277","7B747D13EC8C0E79781B9BA6D5465A8AD8B93AFD8C1FBB9205DC6B1C611F28FB"
"tools/redmod/scripts/cyberpunk/UI/miniGames/roachRace/scoreboardLogicController.script","1944","26F135164FCA30FB28AED7FC7ACC068A5BC20C291C810D941BFAC19B2F1753DE"
"tools/redmod/scripts/cyberpunk/UI/miniGames/roachRace/sideScrollerLoopAnimation.script","581","E7D42E3799E7DCBBAC0145899DF27A276469B1098849742D41F0BB61A571095A"
"tools/redmod/scripts/cyberpunk/UI/miniGames/sideScrollerAnimated.script","303","DAB68EE6674A1F21382E1F90B47198A1566FB3F314FD996C6B7438D8902AA8AA"
"tools/redmod/scripts/cyberpunk/UI/miniGames/sideScrollerMiniGameCollisionLogic.script","146","8F405F43204E05D7861D632DA4713DEEF7452BCA09072CCD90C2341DFF423BA1"
"tools/redmod/scripts/cyberpunk/UI/miniGames/sideScrollerMiniGameController.script","468","9A56F00F021CA93BF6C11747DF80D0689F176C212FA940D38C40057C9036B841"
"tools/redmod/scripts/cyberpunk/UI/miniGames/sideScrollerMiniGameDynObject.script","71","A0CB895FA7C2EBDEA18FEC0F644FDEA114C1D9D51D29DD32D5EAAE91678A7333"
"tools/redmod/scripts/cyberpunk/UI/miniGames/sideScrollerMiniGameEvents.script","358","23FAA8240FE04D5C049A4048097149E0EBF6F6E5ECEE25ADCA481AB627757CCE"
"tools/redmod/scripts/cyberpunk/UI/miniGames/sideScrollerMiniGameLogicController.script","796","F310983557D4C2045B64B4176E347BA1F41CDD11C815FF369FC9125DA99151FE"
"tools/redmod/scripts/cyberpunk/UI/miniGames/sideScrollerMiniGameState.script","130","09CB3BBD0D3F264307DB027BAF1709DC3B20A5D00E4F27BC1D152EA317E5C976"
"tools/redmod/scripts/cyberpunk/UI/miniGames/sideScrollerPlayerController.script","78","8281CD0714612EFDCB6EDAF500971218721A5F9D3E93528CEE8738B486041BC7"
"tools/redmod/scripts/cyberpunk/UI/miniGames/sideScrollerScoreSystem.script","1269","271B2FEC39110C5433EC7909805F1B2FDD9BE77845C7014CABE94AADDDA123F1"
"tools/redmod/scripts/cyberpunk/UI/Player/bufflist.script","9760","AE4D8272853020A4F15F80C18A167F57A880BC6C876413741B6D6C0AEF2E25F2"
"tools/redmod/scripts/cyberpunk/UI/Player/healthbar.script","34797","281DA0824160260D7A83C19BDFC24DADC98D84CAE1F78341FC714350ACE708A6"
"tools/redmod/scripts/cyberpunk/UI/Player/net_charges.script","4245","0FE3EDBB5C23E6126DE9A75FAA37E8574B39ECF439924A1FC1A372D1118C8F6C"
"tools/redmod/scripts/cyberpunk/UI/Player/oxygenbar.script","8389","543532E4292671D4E7562280B39A2BEAA91E48C323145C57404ED542994D10E9"
"tools/redmod/scripts/cyberpunk/UI/Player/staminabar.script","9709","40D85C0BA45F4655480BC6BD1DF8CEA9D8071173F67DBEC0F4AA9062DDFD9A37"
"tools/redmod/scripts/cyberpunk/UI/popups/messagePopupDisplayController.script","640","D359A6BD311F8AED6A046F8F156A8558BC1FD010EF06CA6EBB5FBBC8D5004DBB"
"tools/redmod/scripts/cyberpunk/UI/popups/tutorialBracketControllers.script","1171","147E8CAE3A85047D19D4C797CF60F11BC629887E69107F2CD70FA4F31576C2BA"
"tools/redmod/scripts/cyberpunk/UI/popups/tutorialData.script","387","A2EAF4F71546DF5710C65ADC5B958A9A5C9C77B836CEABF0B9DDCA41CDF74892"
"tools/redmod/scripts/cyberpunk/UI/popups/tutorialGameController.script","11834","E512B9B5B4932AC8B70385BEC711F1DB8BE0E8729AFEA43AF9E0C602EB074157"
"tools/redmod/scripts/cyberpunk/UI/popups/tutorialLogicController.script","3113","1C0584ED196C6B35DF2221DEF074DBEE6110A05BACCB2E89E090991F7FB3D7D4"
"tools/redmod/scripts/cyberpunk/UI/popups/tutorialOverlayControllers.script","2100","84AFC0EAC369D80F281780CDB7D081B6C5EAA3196F1B049EDA8885E8C6D2120A"
"tools/redmod/scripts/cyberpunk/UI/popups/twintoneOverrideGameController.script","5787","5992589BB0EA3301578F0A3BDC947CCA58000AF49C651BD5DA538F5BE499CC24"
"tools/redmod/scripts/cyberpunk/UI/quests/codexSystem.script","5962","46D75D23DDF0193B45F7F90C3EB4D42C57F650ECCC74F31C1F1F7809638254F3"
"tools/redmod/scripts/cyberpunk/UI/quests/journalTypes.script","1191","0F0A35A0B6F9BB0488D58C44339DF36B5E265B6DE8079E6B6F6BAA30285FA13F"
"tools/redmod/scripts/cyberpunk/UI/quests/objectiveEntryLogicController.script","8276","4A364176555BEC81315326DC015E6B56FE6C14F428FB3B8338AE655EBCDEA4BD"
"tools/redmod/scripts/cyberpunk/UI/quests/quest_tracker.script","17300","820E8091D53086BBC743BED966673645076FCD86FDA357EC42C4ACE48F31D52F"
"tools/redmod/scripts/cyberpunk/UI/quests/questListGameController.script","17928","35752C50E4A087AD78A55A9A76207C894B32AA3D3573D298C44E445E140DE88D"
"tools/redmod/scripts/cyberpunk/UI/quests/questUpdateGameController.script","2290","F4371D22AFEA8D76FC61CF0A63EAAD6CC52288C15C0833EBC96B9D573BC1ADEA"
"tools/redmod/scripts/cyberpunk/UI/radialWheel/pointerController.script","235","334A9E8B7C37A71F4D3D2E54B00C4EC648AE58F813CC19D8F11BA4F8742C0215"
"tools/redmod/scripts/cyberpunk/UI/radialWheel/radialSlot.script","8272","F02120F9CE0D93F633EDF1486DA190188C3A5AB7FE52EA73CFA7B3AC99D2B0D5"
"tools/redmod/scripts/cyberpunk/UI/radialWheel/radialWheel.script","36319","B1ECD5D6140B06192DE6645D451E8242E3F93AAB1EE5CC6D83B838C953FD2E40"
"tools/redmod/scripts/cyberpunk/UI/subtitles/baseSubtitlesControllers.script","21016","EDE4654D926889313A64F577EFCF038185BBBD82255BF9C84E2BC903ED6254C2"
"tools/redmod/scripts/cyberpunk/UI/subtitles/chattersControllers.script","23122","2A59E684DB14560DAFA9DFEB8DFAA21BAF50C542888231D91367FF70670B8D7D"
"tools/redmod/scripts/cyberpunk/UI/subtitles/subtitlesControllers.script","10078","061608A32BB0448AFEFD2ACC561DF42CACCF312B6A9D409F4E39E97D61AA7EFC"
"tools/redmod/scripts/cyberpunk/UI/tooltips/cyberdeckTooltip.script","43466","17751612F57150535929E859F644750DADC0AF4000DF9271C222083BE3297574"
"tools/redmod/scripts/cyberpunk/UI/tooltips/cyberwareTooltip.script","2062","07ED15B7A9A22EA00844EC883866AD4E485F48A8DA6A33C0EA7DBB7D7718750A"
"tools/redmod/scripts/cyberpunk/UI/tooltips/cyberwareTooltipData.script","773","33ECD4D6D6C957633958AA6C3D3121E42DC44752CA75104B4C4CA7C54B3FCABE"
"tools/redmod/scripts/cyberpunk/UI/tooltips/genericTooltip.script","3306","7FC75C15E6D574432E0A2BA77BE2022938BAF715999C416727BC6BB8EB8C86F4"
"tools/redmod/scripts/cyberpunk/UI/tooltips/InventorySlotWrapperTooltip.script","1313","6D181027C3B58B1995961FD7AC80AFE3DDC35A7BD72098560538CBAA663C59D4"
"tools/redmod/scripts/cyberpunk/UI/tooltips/InventoryTooltip.script","11196","8A8C7305FD72BF19A6C32EA574EE3FD1089DC1A95119687934D68A7408C3F50B"
"tools/redmod/scripts/cyberpunk/UI/tooltips/InventoryTooltipData.script","20529","B386578C748CF9E79DD600164C3BFA3C69B233727569452F746A1502AC81C358"
"tools/redmod/scripts/cyberpunk/UI/tooltips/InventoryTooltipElements.script","9423","1055E921E2341A9F30E59AE0A63985ECDA882EFD472872BCE62448D83B70D5F6"
"tools/redmod/scripts/cyberpunk/UI/tooltips/itemTooltip.script","59804","22E3A67AF7CB16C9500F7F57F4FB2368FC1A0B1D101502D10489140B52C72C69"
"tools/redmod/scripts/cyberpunk/UI/tooltips/itemTooltipController.script","137905","C94192DBF335BEF77E126820F3E05276D35937DAC95263BEFB353C78C6449DDB"
"tools/redmod/scripts/cyberpunk/UI/tooltips/itemTooltipMod.script","12924","04CFE96EE897ABA702584AF3DE297505804298BE6FAEAFD7071AB0501B11D56B"
"tools/redmod/scripts/cyberpunk/UI/tooltips/itemTooltipStat.script","13376","C70C88DA0C7F2B1AB805BF617D6C0AFB4B047C96469075D8FAE2D48542A7705E"
"tools/redmod/scripts/cyberpunk/UI/tooltips/levelBarsController.script","1833","3971697B9DD26B25B45110B5298948898517074C58FC558187A725C5F672268F"
"tools/redmod/scripts/cyberpunk/UI/tooltips/materialTooltip.script","2319","8EDD47CBFDDCBC5B5E231CF06AAAD40B4442D2D574C5038B5B71A5249307D45D"
"tools/redmod/scripts/cyberpunk/UI/tooltips/messageTooltip.script","3976","4FBBA74FD6D486DE045B52C9038F5084B4C79B72AC2D2DF0D1E430A9CAF459B7"
"tools/redmod/scripts/cyberpunk/UI/tooltips/minimalItemTooltipData.script","37952","30C15B60DE7A2800D57E0DFDC81093ADDF1C04759F71F3F75839650CDF2C1106"
"tools/redmod/scripts/cyberpunk/UI/tooltips/newTooltip/newItemTooltip.script","77506","52D3E16C0BE6E179B1571A2D82713B5587222FA6E585D47483853DFDEEC952D8"
"tools/redmod/scripts/cyberpunk/UI/tooltips/newTooltip/newItemTooltipMod.script","9783","984B6A970BF1EAAA78DCB2F2293CD4DCF6025E5F4D2C108E046A15A74B1B0240"
"tools/redmod/scripts/cyberpunk/UI/tooltips/programTooltip.script","26055","00507287D3D799A48AFAE0D30023D68B3A4189E03F14631258507F67D1B4A83D"
"tools/redmod/scripts/cyberpunk/UI/tooltips/tooltipCycleDotController.script","286","1080021982825751C1EECDD17A90E4EEFD05A97C7ABC2B51C38B4E31BE0EA560"
"tools/redmod/scripts/cyberpunk/UI/tooltips/tooltipProgressBar.script","3291","18D6BF5A39CBBA66A5F5984AA8728E2869D021C011E3B4A1BE3012F92397CDBA"
"tools/redmod/scripts/cyberpunk/UI/tooltips/tooltipProvider.script","2126","7C85555EB7A312F0AD436A31CC601EBA035904E0E919DDDC6C0E2730387AE773"
"tools/redmod/scripts/cyberpunk/UI/tooltips/tooltipRandomizedStats.script","537","89CB18AE71849B8194EDFB06AA81055AD5F9ADB3AFB3C171C7E05930F521529D"
"tools/redmod/scripts/cyberpunk/UI/tooltips/tooltipsManager.script","23717","9F814CF30E1DBD84BC42332C4AD594E3508EC4B56110BC8050898EC0A20D907B"
"tools/redmod/scripts/cyberpunk/UI/tooltips/visualTooltipController.script","1864","E4FB90101C9AE69188291C347C30722D5F8ABE35DE45B7C2AEECAC92941A72F4"
"tools/redmod/scripts/cyberpunk/UI/vehicles/car_hud.script","9178","0BE880BDF8917E8D977AB059BE1295F9B55324DDE5C8906D146A5C030232BCC9"
"tools/redmod/scripts/cyberpunk/UI/vehicles/car_race_hud.script","5271","534B9A4ACE7DFEBC8CC9F145DD549DEBD590815C27072A70ACB0A66B1E041BB6"
"tools/redmod/scripts/cyberpunk/UI/vehicles/carVisualCustomizationTemplatePreview.script","24440","EDBF8D7895AE4E21A3E9151CAD3F6221EF4402F4864703A294644D911F9A0F95"
"tools/redmod/scripts/cyberpunk/UI/vehicles/driver_combat_hud.script","6258","2D4A8AF15858299E73EC0EC6AD2FEC018867B32F71018A38764CF6956070D601"
"tools/redmod/scripts/cyberpunk/UI/vehicles/ink_dex_limo_controller.script","1670","0390DF0908A55B917226D8E6D56C09F6555BE8B2493409338687AC0E3AABD474"
"tools/redmod/scripts/cyberpunk/UI/vehicles/ink_motorcycle_hud_controller.script","13185","7AA4F15A3964C55B3DCD1C887CB33B0D7444B00B85DB850B75248E9CFCAEFB88"
"tools/redmod/scripts/cyberpunk/UI/vehicles/ink_vehicle_interior_ui_controller.script","10511","B2946A5600D27679B6CBB4C61CD6A9BE9C5BDEB4A0C92937C5F8939E559CD617"
"tools/redmod/scripts/cyberpunk/UI/vehicles/ink_vehicle_ui_controller.script","28949","35FB658E8F799963BDD7330D64C0A21D082889FA57FA03089899B62EB6E3D9B7"
"tools/redmod/scripts/cyberpunk/UI/vehicles/remote_control_driving_hud.script","6749","3F157563D55C3053CDA39074755836B2143E2CD0555BA29D5A63BF8EDD20B4D8"
"tools/redmod/scripts/cyberpunk/UI/vehicles/vcar_controller.script","22425","D86E44E079204412C160FD97192393843CCA57909B87E5A04A37755690AC5D92"
"tools/redmod/scripts/cyberpunk/UI/vehicles/vehicle_debug_ui_game_controller.script","8159","15ADEB7975C51213B5F9A5420783549E8FB5E7D0E65A9C1228A7B542765DA8AD"
"tools/redmod/scripts/cyberpunk/UI/weapons/activeWeaponBlackboardData.script","1882","D439F4F92183ABF8555CDB79BF8DFE7B161D190AF271473D6C60E51AC00DECB3"
"tools/redmod/scripts/cyberpunk/UI/weapons/crosshairs/crosshair_chargebar.script","3082","B5FABB28454FD8D5121164C2BC4C36F4EAD31257B3C75193015F586BCB4ED24A"
"tools/redmod/scripts/cyberpunk/UI/weapons/crosshairs/crosshairBaseControllers.script","17672","2A4C904C7A8F9EE81D317BDA6AE58542D43707A2648EACCF4F96853102457CD6"
"tools/redmod/scripts/cyberpunk/UI/weapons/crosshairs/crosshairContainerController.script","6774","5D0BD581B3C5E3FDE49C23A16AADD3E39B8A5B2CB5691CD394771C9DB0F6AA14"
"tools/redmod/scripts/cyberpunk/UI/weapons/crosshairs/crosshairController_BaseTech.script","3215","580498706CECB5CD8284073549FF68668F7EB1FE1EB1DE918F4392323A3144AE"
"tools/redmod/scripts/cyberpunk/UI/weapons/crosshairs/crosshairController_Basic.script","15715","791603AE76C5EDA17504E277D3BB3E9388E92E661B5F9E2C94D5AEAD3B13A01B"
"tools/redmod/scripts/cyberpunk/UI/weapons/crosshairs/crosshairController_Blackwall.script","3228","2F8AFE3EAB476030008D276CBB87DF85E90D30FD7198B49C2B25C17928A1BFF1"
"tools/redmod/scripts/cyberpunk/UI/weapons/crosshairs/crosshairController_DriverCombat_MissileLauncher.script","3005","1188CF977F97CDD44539D9D5EF0331D0468EDF0B8EB17E92CA6818DF3C7658A5"
"tools/redmod/scripts/cyberpunk/UI/weapons/crosshairs/crosshairController_DriverCombat_PowerWeapon.script","6751","A8AB0FE8BE93F065BF5A22AAE959A6CC40110B059DA5AC6D491348B3FD6A2072"
"tools/redmod/scripts/cyberpunk/UI/weapons/crosshairs/crosshairController_Hercules.script","91","7011AE618B0CC80C6F83A5D72B17B82E655B8A177D47F4DBE010E95C8768751F"
"tools/redmod/scripts/cyberpunk/UI/weapons/crosshairs/crosshairController_Launcher.script","4002","18E13B35397005E5CFB4743E3A99D4B9E3C4CF2A85BFA88E2C5233DA6B3A1C99"
"tools/redmod/scripts/cyberpunk/UI/weapons/crosshairs/crosshairController_Mantis_Blade.script","4331","D7915CE313F02CF69EC4A60CAC9B5AC85B535A0210F0EABDB7497BEC44FD0B39"
"tools/redmod/scripts/cyberpunk/UI/weapons/crosshairs/crosshairController_Melee.script","7987","97A46687A176FEAFF2913EEFAC1392B3E8156463784DAC74D6BD4DCB07C1B48B"
"tools/redmod/scripts/cyberpunk/UI/weapons/crosshairs/crosshairController_NoWeapon.script","5951","5D4FC37758F7EE0FF370BC60B467672C45214424D91574B4CD83CC00A2717F51"
"tools/redmod/scripts/cyberpunk/UI/weapons/crosshairs/crosshairController_Rasetsu.script","11393","8DC496E5A59CB009842205BD20B57B6CFADF51682C08F6CCC06EC72EFE9B9210"
"tools/redmod/scripts/cyberpunk/UI/weapons/crosshairs/crosshairController_Simple.script","3353","B45A83347BC779DEA3D4C8347A4F9ECE3356A5FB370A9840A4A9C0AE08403EA9"
"tools/redmod/scripts/cyberpunk/UI/weapons/crosshairs/crosshairController_Smart_Rifle.script","21808","927193FBF510DD1163E360B1A0E9E9402CD082663C6A75478A9E8611BB9B3FF8"
"tools/redmod/scripts/cyberpunk/UI/weapons/crosshairs/crosshairController_Tech_Hex.script","12685","04796BD6A95AFC6E0208F02D898074769E52074933817278697FD89A63D0E7F5"
"tools/redmod/scripts/cyberpunk/UI/weapons/crosshairs/crosshairController_Tech_Round.script","19369","C60D446F378C00C8AD6C7AA333B72EBAAD79CCF7B18DBA5F2280B444745902A1"
"tools/redmod/scripts/cyberpunk/UI/weapons/crosshairs/crosshairControllerPersistentDot.script","2418","8EF8E44B790C47B96FAD66830D1FEE921D0E1151F211524063036C379F1AFCAA"
"tools/redmod/scripts/cyberpunk/UI/weapons/crosshairs/custom/crosshairController_Hercules.script","3556","9D7DDC87690880CD8C1952C115018D46EE443986C8BB35FD963C34AABBE20F59"
"tools/redmod/scripts/cyberpunk/UI/weapons/crosshairs/custom/militech/crosshair_custom_hmg.script","6474","29313CEB76A3ED818E75E24DC93590021B327F98036EDE0A42AFF7F7862521E3"
"tools/redmod/scripts/cyberpunk/UI/weapons/crosshairs/detail/crosshairHealthChangeListener.script","630","BE08DC492BF571B42420597AE36760C49D4A18428C32C99AD204CE6B3A50C418"
"tools/redmod/scripts/cyberpunk/UI/weapons/crosshairs/ironsight.script","41802","2686E2C2B2C2C6C4B917FD1B72DF4C604DE935F684DB46DC1B9D99B392E92C0A"
"tools/redmod/scripts/cyberpunk/UI/weapons/crosshairs/jailbreak/crosshair_Jailbreak_Power.script","97","DA873370274EF0D23573F9E1457E0B62C86BDC70BED0EA9E77FC7E616688DC35"
"tools/redmod/scripts/cyberpunk/UI/weapons/crosshairs/jailbreak/crosshair_Jailbreak_Smart.script","97","CB3C5780B48922F90D3C0E9B6AA9B9FB107F5DBE458E10A609C4CD2D609FBD16"
"tools/redmod/scripts/cyberpunk/UI/weapons/crosshairs/jailbreak/crosshair_Jailbreak_Tech.script","96","184615DEBC11C1704B70F40FEF6CD746CD2BA51F80956FAC9D7F2907C354D62B"
"tools/redmod/scripts/cyberpunk/UI/weapons/crosshairs/kill_marker.script","1324","5B0D72E8B340311C45FA4F08D1017850953F4FBBFBF58730751FF6FD6ABBD9BE"
"tools/redmod/scripts/cyberpunk/UI/weapons/crosshairs/lmgs/con_arms/crosshair_power_defender.script","2194","5B3E471D9BC7D9F966553C09569D3C1329385D2B41380B478DCEDD36FE53B6AC"
"tools/redmod/scripts/cyberpunk/UI/weapons/crosshairs/melee/crosshair_melee_hammer.script","1498","0961504D55B64DEA092BB89D41226D1C042E332168A064322495118A6F573D78"
"tools/redmod/scripts/cyberpunk/UI/weapons/crosshairs/melee/crosshair_melee_knife.script","11423","C25091805F0A5575E023DD50D7CCA64A0C3571249160A518BD0312D8EEA26FB6"
"tools/redmod/scripts/cyberpunk/UI/weapons/crosshairs/melee/crosshair_melee_misc.script","1482","54D0E512C8DDBAE097CB0FCB415EF44C57AC8564FCFD7B2719E1F113A29F49E6"
"tools/redmod/scripts/cyberpunk/UI/weapons/crosshairs/melee/crosshair_melee_nano_wire.script","4857","895CC0EFED7291E38646625DD6C54EB2F17D3F5E130215A47367853CD91EECFC"
"tools/redmod/scripts/cyberpunk/UI/weapons/crosshairs/meleeLeapAttackObjectTagger.script","2678","DDAA13C6FFE8F072A9E3FDA3C76C18663F6BEC1E9A6041C20FBBDA1E9F63CEF4"
"tools/redmod/scripts/cyberpunk/UI/weapons/crosshairs/pistols/militech/crosshair_tech_omaha.script","2994","8FEC1BB948CC6F65D512C52F1635C14A78DA00997732791BB0D6932B8F3725F9"
"tools/redmod/scripts/cyberpunk/UI/weapons/crosshairs/revolvers/malorian/crosshair_power_overture.script","2194","4EC399FAF2CFC4451D237229C9F83957FDB5A5AEAD304BCB0A53F0A3F7F95712"
"tools/redmod/scripts/cyberpunk/UI/weapons/crosshairs/shotguns/con_arms/crosshair_power_tactian.script","2195","93B3BBF61F41440D80FC719042375F3C79B1AAB74F9EAC390DD1E3071AB6CE41"
"tools/redmod/scripts/cyberpunk/UI/weapons/crosshairs/submachineguns/militech/crosshair_power_saratoga.script","2224","1D8C93E637EE9A5E9DC91B23D2192BF24EA27498D6180E142843CF71641E0435"
"tools/redmod/scripts/cyberpunk/UI/weapons/crouchIndicator.script","1742","2420F1F4A2D5E04F3FDA00981484C78C15F5EAB79143E84595D7D2373E40246A"
"tools/redmod/scripts/cyberpunk/UI/weapons/rifles/megatronControllers.script","14530","B08B630DC05534A715843E18E31AFC97DDBCEFB13E73070C753D1C99A7915841"
"tools/redmod/scripts/cyberpunk/UI/weapons/shotguns/blunderbussWeaponController.script","3805","DC43DCDB88269AD20436A9A2AE7F26B3720EBEDF505BD986AD65BBB9834DABE7"
"tools/redmod/scripts/cyberpunk/UI/weapons/weaponIndicatorController.script","6104","1AC1136F53D39CD1D5D431473E8C49605DAC7633BB3FE456711D975CEC789355"
"tools/redmod/scripts/cyberpunk/UI/weapons/weaponRoster.script","30000","1A9A1E5E09298A20199C8B88195386FC7E743243F1002A4B4AA3ED78288AC067"
"tools/redmod/scripts/cyberpunk/UI/widgets/autodrive/autodrive.script","21870","594384D2E8216A288BE3D96489565BAA711FEE9279FB86A4A1B657688FF64146"
"tools/redmod/scripts/cyberpunk/UI/widgets/braindance/braindance.script","24777","2D204469788AC54B786FCA65269EFF746566BC21F0D80850B5EB83462C3579AF"
"tools/redmod/scripts/cyberpunk/UI/widgets/carModding/carColorHandler.script","9495","67605C6121950C51EF0F3FE55EE096A0698D0304C2374CE37FB71D39DF8D3CB1"
"tools/redmod/scripts/cyberpunk/UI/widgets/carModding/carColorSelection.script","97186","8112E64C0FD657C22299BB93D9680FA4E95C2FDE6C56DE5AFAD16C423652DE8B"
"tools/redmod/scripts/cyberpunk/UI/widgets/compass/stealth_zones/stealth_zones.script","71","3B797E435DC79319C37CB2AA56AF7EB449D862AEB0115147593BFFB8A3F46873"
"tools/redmod/scripts/cyberpunk/UI/widgets/contextMenus/radialMenu.script","3938","9666298C20780CA080907AE1568EE6F53D42CC99247457077A6E16325A5A272B"
"tools/redmod/scripts/cyberpunk/UI/widgets/contextMenus/radialMenuItem.script","125","FB52C2D6E7CDD349A02360BDF7ADC4B5C046E91C1A80A92BA60E8D992B4B11ED"
"tools/redmod/scripts/cyberpunk/UI/widgets/cpo/chatBox.script","6940","E55B338EB5A925180924BCC1C62BE2A0A57C285085884BB5CEB01630087232B4"
"tools/redmod/scripts/cyberpunk/UI/widgets/cpo/cpoHudRoot.script","2020","1E69A314D297F90F8B041A87ADEED2CA07B612D9E3DE0F65FF573D45AC09CED0"
"tools/redmod/scripts/cyberpunk/UI/widgets/cpo/narrationJournal.script","2770","DD2CF6EBA80E56F45AA050045527A2AEE68F1E51DEDE755D198A644D1D057E85"
"tools/redmod/scripts/cyberpunk/UI/widgets/cpo/narrativePlate.script","2747","C6A861961CE380D73C6B95C7F6D73578E7FA34845E6D94DF6A78DABA1F765EE2"
"tools/redmod/scripts/cyberpunk/UI/widgets/cpo/playerList.script","3377","D6208171B6DF187C96139568C2B2CA7805C4944776796C9415FA7CD01E9D2FA5"
"tools/redmod/scripts/cyberpunk/UI/widgets/cpo/targetHitIndicator.script","15514","EA515CA08CFF96812093CFC0219B2AAE95D7EF32ECEBD0D6FDA042D60B70F97D"
"tools/redmod/scripts/cyberpunk/UI/widgets/cursors/cursor_device.script","6262","DEC0C3BB7E2F8B99C9D5EF1CBE99D033ABC4029F08D6FEBA328E6EBE379397D3"
"tools/redmod/scripts/cyberpunk/UI/widgets/damage_indicator/damage_indicator.script","5260","C76507ADAFF87FAD1BE0E84D8D65DEAB6275D7C89C70692266B18F59CD1BE1D3"
"tools/redmod/scripts/cyberpunk/UI/widgets/damage_indicator/stealth_indicator.script","5458","1FDE478EFFC84F0AC2E24585BB6A252B55B7813897745B7CAA5845F75CE236C4"
"tools/redmod/scripts/cyberpunk/UI/widgets/debug/artist_test_area/artist_test_area_r.script","836","B836897D9937B23ED5048984A3C91C40235ED5F88C8AE815549905F7AF0D6B8E"
"tools/redmod/scripts/cyberpunk/UI/widgets/debug/debugNpcNamePlate.script","4963","6B9831DDA5197D3F1B1123EBA7BEA4ACE801AE471A142434CA65419ED51844C1"
"tools/redmod/scripts/cyberpunk/UI/widgets/dpad_hint/car_radio.script","1804","2A97D712C46F985FF4BD8DB261EBCE0286B7506EA3FE8A05A94F5FB4226966EE"
"tools/redmod/scripts/cyberpunk/UI/widgets/dpad_hint/dpad_hint.script","12825","51C4B4957AC8A46D810D0D19C64EB59D38C1649D417427787FB6C8C970038551"
"tools/redmod/scripts/cyberpunk/UI/widgets/dpad_hint/dpad_wheel.script","30563","4460B131A30C18E3441DCEE7B9D926F681CA1C471443F97992FD4782862A64E9"
"tools/redmod/scripts/cyberpunk/UI/widgets/dpad_hint/dpadHintItem.script","84972","AB73B14A06C6B4F6A48D9493259FFBB71717CBA2EB8585CEDC40422328F085BF"
"tools/redmod/scripts/cyberpunk/UI/widgets/dpad_hint/keyboard_hint.script","3064","9E9586C2410DC9478CD41A9B221D5C00E5C6E96796E31F280D242ECCF0304D33"
"tools/redmod/scripts/cyberpunk/UI/widgets/dpad_hint/keyboardHintItem.script","2310","73FFF0E51D848EFACC8A6536845459AB566CFD4C84C12671E1E921BE502A96DC"
"tools/redmod/scripts/cyberpunk/UI/widgets/healthbar/bossHealthBar.script","12409","AF8D0C0BFC6799CC425F1125B6F6083C93F4CD9EBB6CB579D7D9FD6BD31DEF11"
"tools/redmod/scripts/cyberpunk/UI/widgets/healthbar/companionHealthbar.script","2895","4049A77D260AC1C8F6577CF03A7B64549A46E61EAB6F63BC71254F977035B49F"
"tools/redmod/scripts/cyberpunk/UI/widgets/healthbar/damagePreview.script","1468","7896D6206F832ED702494DB8AC6B01C3852BC44009E77B1789A7482046DB563B"
"tools/redmod/scripts/cyberpunk/UI/widgets/healthbar/entityHealthBar.script","2526","BA6DF3DA785EA79ECC787C743C37EC263DD000A5C75C76E3084F67D0B08A6DDE"
"tools/redmod/scripts/cyberpunk/UI/widgets/healthbar/nameplateVisuals.script","14027","A6F0E4902209526FC67CB14A4A6784D4C15F76C9D30192FF00E49239C22C9977"
"tools/redmod/scripts/cyberpunk/UI/widgets/healthbar/npcNamePlate.script","23574","B0236CBA2D27EC767B6F3DBCC7A1434E67185DCD49A9E97147E0AF8807ED0930"
"tools/redmod/scripts/cyberpunk/UI/widgets/hud_button_hints/hud_button_hints.script","56","F6A9CADC7B394B68D28AC51CB37AC4A0F84A398D9AC9E9B2C1D72B89CEB04D60"
"tools/redmod/scripts/cyberpunk/UI/widgets/hud_progress_bar/HUD_progress_bar.script","14046","C8F8B878C71FD118A24D25D5F6A83785E2A131052C5AFB201358EE07EF672D3F"
"tools/redmod/scripts/cyberpunk/UI/widgets/hud_progress_bar/hud_signal_progress.script","8031","E74DCB87F2CD06DBECEFD22705662A1C3A71DEA98B057A634C05C35BAD17D0DB"
"tools/redmod/scripts/cyberpunk/UI/widgets/inputHints/inputHints.script","2609","5D5551F206FBA9CE6A3050E3A7AA8C4BF22535E1ADC160F3C4BC09A72AEA8D56"
"tools/redmod/scripts/cyberpunk/UI/widgets/minimap/minimap.script","23245","21CF162CAD92C248616785743A4B6398B77860413AF699697793813A8879EB38"
"tools/redmod/scripts/cyberpunk/UI/widgets/notifications/character_levelup.script","1816","1600A4B5D7BF40F8C9D0CEED8B9AD54AC30D96DE0A16AB4BF7E6E7A672EB3504"
"tools/redmod/scripts/cyberpunk/UI/widgets/notifications/custom_quest.script","1723","23EA8CF26DB1C5D5138E6FB3E617FBCBF18D49B9006051ADA7EE9510736B0F4C"
"tools/redmod/scripts/cyberpunk/UI/widgets/notifications/levelup.script","1808","048C4FEAF3B9DE49289C956D592689A5ED78EF7661DA3FEA7C31F8CAC8127BF9"
"tools/redmod/scripts/cyberpunk/UI/widgets/notifications/new_area_discovered.script","642","5EEAEFACB9887575C89ABC3F838A48797D39C11FF2CBF97B7FB0388428281686"
"tools/redmod/scripts/cyberpunk/UI/widgets/notifications/new_codex_entry.script","836","FB4131DA1AAF9DA7541EB29FD76D64397D784BF8F3971DAB80B05F904433E514"
"tools/redmod/scripts/cyberpunk/UI/widgets/notifications/phoneNotification.script","2849","719FC6985DC10E7991EEAE30B4608DF7B3613F8169555DAE254AC76172C49D91"
"tools/redmod/scripts/cyberpunk/UI/widgets/notifications/progression_notification.script","12266","84D6A4D8413940BA809595792844DB70A6BDB3C082607EF3C551CDE728544D3A"
"tools/redmod/scripts/cyberpunk/UI/widgets/notifications/stealth_alert.script","4249","A849481544D588A35D9C76627FB30B89841570BFA51FCEF21AC19F1D3B4E007A"
"tools/redmod/scripts/cyberpunk/UI/widgets/notifications/vehicle_summon_notification.script","10021","A2F9FAC1D5DD0474B266AD078BF4194CBF28155CBE52589DED6F0F291FC74397"
"tools/redmod/scripts/cyberpunk/UI/widgets/quickhacks/quickhackListItem.script","12724","BBCDF87987C80A381FE66CB16985C63B988B593009789EF48B3ACBF3ADA52BF3"
"tools/redmod/scripts/cyberpunk/UI/widgets/quickhacks/quickhacks.script","51366","81837ED62FEB04AE38F38B25FFE52CB5A81AE473DC01CEAABBB3521983A85C43"
"tools/redmod/scripts/cyberpunk/UI/widgets/shared/baseDirectionalIndicatorController.script","375","A255A5CF5C6437B971106FF3FB323E42E480F3DF12B7C99738AC41066C89EB5E"
"tools/redmod/scripts/cyberpunk/UI/widgets/timer/timer.script","2286","D89FEDDE00612E31CDDC822465F228677A47B4304851AEA85091342389C9C774"
"tools/redmod/scripts/cyberpunk/UI/widgets/wanted/wantedBar.script","10896","71770679C2CDC27E19F3B85435ADD68954E56F07B1314C45B50860C04913F115"
"tools/redmod/scripts/cyberpunk/UI/wrappers/journal_wrapper.script","13776","81CCD4FB81DD2CD1026F5AC57EE7D41EDF0A4B034DD404897C1DF31490D713EC"
"tools/redmod/scripts/cyberpunk/vehicles/metroDoorDisplay.script","9673","4D73294D04BDD6168B9CA36015DD9D5F0D9B37171BE3DF1866F442675D5DD03C"
"tools/redmod/scripts/cyberpunk/vehicles/metroLinelist.script","22528","4C8AA3CADC4F7E3354A04F65D2E60D1B0956898B282D6DEF262ACB67B3604160"
"tools/redmod/scripts/cyberpunk/vehicles/tankTurret.script","3077","85CB1BE58653D54FD2887FFD08C605A0590ECDABBD2EA4115610E73B85237943"
"tools/redmod/scripts/exec/damage.script","1862","3DB7800EF4BD91C680DDBEB224081D527ABFAA209A446273E80DE884756E5E47"
"tools/redmod/scripts/exec/statPoolsDebug.script","1628","F4D427333550DF1E6BA7094EB009AE9501D3A10CC0758C6E3FEF8811458082A0"
"tools/redmod/scripts/exec/stats.script","3305","0DC74F4D4E496669A2FE8DF2DBF74DE8E370C8EF4F6E36F0944199BCC821A4C8"
"tools/redmod/scripts/exec/statusEffects.script","880","B7DA12B0B62DABEF30CF8163661EE6484A42A647A06B2325D1053614A0850CD8"
"tools/redmod/scripts/samples/ink/gym_ui/gymUIAnchorButtonController.script","210","6941CCD09E278F5BB9CDE2A13828A7169AFCC54F461466CB464482989495BC89"
"tools/redmod/scripts/samples/ink/gym_ui/gymUIAnchorShowcaseController.script","550","D8BF1C9E193E037AE48430CF0B37B2CB41030647447DD02736347B0AC5D62491"
"tools/redmod/scripts/samples/ink/gym_ui/gymUIAnimationsConstructor.script","2414","A5F46ACAB40DA3569A441DED5E52056E2A64C4D5FF7A73C86C83FAEA523FBF38"
"tools/redmod/scripts/samples/ink/gym_ui/gymUIAnimationsControllers.script","6675","FD5F2019D3D0AD28D9892CF9E16FBB33BFEA29C937B17F3E1F59DEAECD608C42"
"tools/redmod/scripts/samples/ink/gym_ui/gymUIControllers.script","2767","0C481A4356649B7B0DCD6AC4275CAFF469E2F3FA9FA9A20B60B254D37C1CEA04"
"tools/redmod/scripts/samples/ink/gym_ui/gymUIInterpolatorsShowcaseCotroller.script","7558","55181FCE0624AF95EE0E3792E6EF7351744AD895B05BF8637D357467DF98FF48"
"tools/redmod/scripts/samples/ink/gym_ui/gymUITextScrollingController.script","337","D7FED9E00C32A9CDAEF6BBAB6A9AB5DB5CE45E8717CE1620F63EF7B54880D314"
"tools/redmod/scripts/samples/ink/gym_ui/gymUIVideoPlayerController.script","2690","2236C2F85F91DCBDBF50AF3632DDED9110C44489F56A71A165EABC69B0AB95EA"
"tools/redmod/scripts/samples/ink/sampleGameNotifications.script","1101","F9968023CFAE94747956515F2A4B984543CF53908AA9003436B77AFCA8B575EB"
"tools/redmod/scripts/samples/ink/sampleUIAnimations.script","5998","503E462BEE8C47A71C9058EAF87A9D4791657FBF6DDABFD7B01AA60B1D1E43AE"
"tools/redmod/scripts/samples/ink/sampleUIbuttons.script","3344","024B1132E92103055083AE27431438762375B0FD666144564906B02215C334B3"
"tools/redmod/scripts/samples/ink/sampleUIControllers.script","9855","83944FD1B6D14190A487E9E998D071E0D1B8C6D4AC991FD1AC7FB46CA2C09A20"
"tools/redmod/scripts/samples/ink/sampleUISounds.script","698","CF3053156459F0B6F88F38443096F61531F796D514D402C8B0C6B2C6B4D18D59"
"tools/redmod/scripts/samples/ink/sampleUITextSystem.script","7487","F4D2CE182C9F1DDCE6B14805231AC43EA90E3744C8315C8F5AAD8C106291452A"
"tools/redmod/scripts/samples/ink/techqa_temp/template/ImageSwappingController.script","1289","0D606AB1BDA60DC23910E997279681368C6CF7234B5AA59E8F80E7AAF2794DFC"
"tools/redmod/scripts/samples/ink/techqa_temp/template/ui_scripting_crashcourse.script","796","2AE7927B98C62D390D2C6857C6597C44CE4C9FD7DEF432FFFC48E9234E3025A7"
"tools/redmod/scripts/samples/sampleBullet.script","6602","BDBD8F19A9F1CCC56A30772866F5C0B5674CD3C62713331F1925BCF9D544BFDE"
"tools/redmod/scripts/samples/sampleBulletGeneric.script","3641","D93DDD7CB7106D5BE285D8AFFABF1C9C04C1A4DFEC0C2C49FF77B45293EF01E3"
"tools/redmod/scripts/samples/sampleDevice.script","6333","112A5DC3A145C52E0F1906D0EFE8B589F3CBFF2F98A2D41522E0477CDEAE2F65"
"tools/redmod/scripts/samples/sampleGranade.script","2584","4AE37D298C26B59EECB374201502FEBF8427E87015278A034B18EC0D008EA7A1"
"tools/redmod/scripts/samples/sampleInspectionObject.script","1368","F027518B627D2115A11B48F6E5C7A8533924CD07328FB1B9252985C00B4C0320"
"tools/redmod/scripts/samples/samplePersistentState.script","3952","6ECED896E152E4A1A456D43E7473FFCD11B785EB1CA3545D87EA6CC6003B28D4"
"tools/redmod/scripts/samples/sampleSmartBullet.script","23262","18EC2D3AE8153AF07AE16A3BC23FFB84D8DE0F8DB4438DF58B2A8F84C394B100"
"tools/redmod/scripts/samples/sampleTimeObject.script","884","03750F20363B462EBA1B7B3AAD148F8E793E33CFEDF5A4F7A6906E3892E8E260"
"tools/redmod/scripts/samples/sampleVisionModeClues.script","2279","319BC4306271544E3BE389A79D1A55007D20B05B9324CCFAA1FA5B08005FCE3A"
"tools/redmod/scripts/samples/sampleVisionModeWires.script","4824","4FFB7D1905BF1DDB3A7B583910A89A41269CB4B23639254AC3730AAD391C1C23"
"tools/redmod/scripts/tests/disassembleMasterController.script","1626","B7ECFB6E9D588780FAF3AAEC9FB2E64A772A9742032779458516D0DD91D36F13"
"tools/redmod/scripts/tests/functionalFramework/functionalTestsResult.script","256","2B75A042F011C252AF47C56203E77D40AC6E8908FFE60F1C86A22CAF6C9D68A1"
"tools/redmod/scripts/tests/functionalTestsUtils/AT_UI/AT_UI.script","686","C09FD1EB9796CEE1C94FB57F799D99CD43AC16B464522B4A18BFCDFD1140AED5"
"tools/redmod/scripts/tests/functionalTestsUtils/editorResources.script","1179","D8C86A004188D2FC8B2815B82656463DF285667A8A615202E520B8BC646A904D"
"tools/redmod/scripts/tests/functionalTestsUtils/mounting.script","65","63F3CD0AF1A252291971CB36C1F0EE5AACF5F727D260A5FE211D22040B586D26"
"tools/redmod/scripts/tests/functionalTestsUtils/player.script","489","E8CE90A77A29356483BAB945971867C9B447ADDBE147ABC258F87B8256B2EB09"
"tools/redmod/scripts/tests/functionalTestsUtils/playerCamera.script","97","33043A577E53E9F134932AFB7EE34C9E93CAA3542828E983B91C0D3B0BACE651"
"tools/redmod/scripts/tests/functionalTestsUtils/playerCombat.script","186","EC5C62964243569786471DA3181B2F87844D40546C0D51EB70A51ED94DAB9FF9"
"tools/redmod/scripts/tests/functionalTestsUtils/playerVehicle.script","104","B512CE101AC895DD9E0B761297C06F6D66D7768B79A5FA1976FAE00351927FCB"
"tools/redmod/scripts/tests/functionalTestsUtils/uiTests.script","75","48FB029858A8F019BC2D48DF560506AC3CDD51F92E44F0E40295372C81CA76ED"
"tools/redmod/scripts/tests/functionalTestsUtils/workspots.script","5530","DEE043F718CF5E01C609A588D9AFE81CF4B998591C8D37FE9A0076A0596018D0"
"tools/redmod/scripts/tests/functionalTestsUtils/world.script","87","BEDB812037BFA46FA017CBA6AB34A75A6916EAF07FE0FAFEF8B84480FC74A7DB"
"tools/redmod/scripts/tests/GTFBackend/gtf_testCase.script","163","F68CE0BC48B1095F216CA8B71F0649E36B0B1EDD71BADD9C83C21ED390B76C93"
"tools/redmod/scripts/tests/interactionCPODataAccessPoint.script","7377","290C282F14720887E15EDD412927E9B02C797DA4C107EB845D22B5C6325B7CA4"
"tools/redmod/scripts/tests/interactionCPOVotingDevice.script","1497","097FEDC994A46E46A1D6C7EEF40CF696710DA2774832B6C4CF58C541C51C3D79"
"tools/redmod/scripts/tests/interactionMultiplayerTest.script","376","A4A6A85AD32DADB48BCB408E5C4D4D381F1CB87AB162FBEABFEED6C97DE7466C"
"tools/redmod/scripts/tests/testStepLogicImport.script","903","DBD511CD540746B9B23455DCC0ABCDFA17955EA37E3AD771F4557CB2BB5D1510"
"tools/redmod/tweaks/base/gameplay/static_data/attacks.tweak","237","CED99D358606484A8049D2E0B723C87673BD0E86B076ADAE3BCAED152054AA0B"
"tools/redmod/tweaks/base/gameplay/static_data/camera/camera_settings.tweak","480","6F36A2D803B7ABF0491BA0C34173C1AC547D0C4926BC1B03DF3C0950DE8993F7"
"tools/redmod/tweaks/base/gameplay/static_data/camera/fppcameraparamsets.tweak","14961","6D8B04DA2ECBE4520EEC328B4113B978B53EC21D740E4B09D98C693E2B3FD8EB"
"tools/redmod/tweaks/base/gameplay/static_data/camera/freecameraparams.tweak","267","4A9FFB19A557933AA92BD27B9057B883F476E88DF44FC34345DE244DA4BCC9DE"
"tools/redmod/tweaks/base/gameplay/static_data/camera/screenshot360cameraparams.tweak","351","6FB8A3B6A484BD833E068F78839A70FDC6480232FE5C80C49BFC210279AFB88C"
"tools/redmod/tweaks/base/gameplay/static_data/database/achievements/achievements.tweak","12416","64F73E962B0435A892E1FB489EF94233C357BEDD76A5193F6A7891A0FC8B4FA2"
"tools/redmod/tweaks/base/gameplay/static_data/database/achievements/schema.tweak","315","B5401E71E025E05529E67BFA638EC8A88FAADA6380806A87A8C4AE18F0F90F3E"
"tools/redmod/tweaks/base/gameplay/static_data/database/advertisements/brands/abydos.tweak","1721","0E770272AE0067EAFFFBE475CBB146C05E94A08A6A63CB5F61755E5B0272741D"
"tools/redmod/tweaks/base/gameplay/static_data/database/advertisements/brands/allfoods_2.tweak","2068","9E6DCE8C566DC9BF93E4FEB712841E877381A5785ADBBC5D85D3758BD26144A0"
"tools/redmod/tweaks/base/gameplay/static_data/database/advertisements/brands/allfoods_family.tweak","1179","C94D24C696DB5C340C61D9EBDEC7C516CA864CB1729D3CE50514C6F2EE6A7540"
"tools/redmod/tweaks/base/gameplay/static_data/database/advertisements/brands/allfoods_meat.tweak","2015","63F4282552639A8FDCDB97306F3FF376BCF9E6C5341AD2E7F3E441F9BCBCE48F"
"tools/redmod/tweaks/base/gameplay/static_data/database/advertisements/brands/allworldinsurance.tweak","1839","279FBFEAEFE3BA19A2970D582B35ED3401E6662685A5C885A42A94FE21852543"
"tools/redmod/tweaks/base/gameplay/static_data/database/advertisements/brands/arasaka_lobby.tweak","349","1C02957F30BA116BC7A77B288BBD977E08EFC32F40CE635B9B80F909E6D1DEFF"
"tools/redmod/tweaks/base/gameplay/static_data/database/advertisements/brands/arasaka_propaganda.tweak","2225","D7B04E413E1D6B265A81E3EAB286F815CA9702962ED6C854A6E7EFCAFF74F7AC"
"tools/redmod/tweaks/base/gameplay/static_data/database/advertisements/brands/arasaka_soldier.tweak","3546","24A89639AE58A2098A413C5299608F23F0DA32584134FCE1B3ACF5378D103BBB"
"tools/redmod/tweaks/base/gameplay/static_data/database/advertisements/brands/arasaka.tweak","2659","A53A2EE744835397032DF640AB5576840880CFAA2D87F7910BD491599BD85FE7"
"tools/redmod/tweaks/base/gameplay/static_data/database/advertisements/brands/astromarin.tweak","1051","8455F43B3DD6BF0C777D0CD5B03A1C0385F7C876D158DCE2B81A7C6B35A22B5F"
"tools/redmod/tweaks/base/gameplay/static_data/database/advertisements/brands/avante.tweak","3849","BC887489A583CBDE64763AE71B810F02AB585AD39AD132F52614237021E68607"
"tools/redmod/tweaks/base/gameplay/static_data/database/advertisements/brands/biotechnika.tweak","1931","483116544FFCD3DBD5293EDBC47F1D253D2B6242F6E571C07DDDA417ADCC2C90"
"tools/redmod/tweaks/base/gameplay/static_data/database/advertisements/brands/blastdance.tweak","1570","6705EDC0964B52CE3DAA60A324D06CF97B2799F76D2819DB868BF625FB0292C7"
"tools/redmod/tweaks/base/gameplay/static_data/database/advertisements/brands/bodyimplants.tweak","1973","6FF655163C999FE01E5EC4D5B0A7881AB87382AA9AA213F792E4C62A1B9F6649"
"tools/redmod/tweaks/base/gameplay/static_data/database/advertisements/brands/bolshevik.tweak","1847","C3B272EA40D15B8DFD3D18659EB5D95BCF5D65A3ACC6C0249049655261DE9F93"
"tools/redmod/tweaks/base/gameplay/static_data/database/advertisements/brands/bossfight.tweak","1359","DAA7F90CA9960EF7E3553786BAA045F6E51C2F496E160DED518DCC93B507D892"
"tools/redmod/tweaks/base/gameplay/static_data/database/advertisements/brands/bottomsup.tweak","1847","FC8A9A696A3B51022416BE983E7127D7B6AA6575094A4ABAD296AC7F49308059"
"tools/redmod/tweaks/base/gameplay/static_data/database/advertisements/brands/broseph.tweak","2246","905CEB62E6C9085ABE909A10C8AA4ED16791C2FB7750BBF8C833E9A072283926"
"tools/redmod/tweaks/base/gameplay/static_data/database/advertisements/brands/budget_arms01.tweak","1833","62C167C9D7DA93188734F0FAFFA06DB4940D6C8A8A874E9D579E8D856400912A"
"tools/redmod/tweaks/base/gameplay/static_data/database/advertisements/brands/budget_arms2.tweak","1797","73F35F33D0B11B982252F0EEF9497235B580CFE62EFC8AE72E045B2419BE814E"
"tools/redmod/tweaks/base/gameplay/static_data/database/advertisements/brands/burrito.tweak","1763","47E2FEFDCF2A48AB9569BD6237532990407C86FCA86856E7BF42CE4B42145ACB"
"tools/redmod/tweaks/base/gameplay/static_data/database/advertisements/brands/caliente.tweak","1805","ADD934ECE68CAEC791E6384B21323355C1BCDCA6B18E6715A2A547C78947F0CC"
"tools/redmod/tweaks/base/gameplay/static_data/database/advertisements/brands/champaradise.tweak","1973","BBDA6D3E3FA4E3AE038E61705E3EC401159C23D8D9CE7CE6ECF6AAE41C96A136"
"tools/redmod/tweaks/base/gameplay/static_data/database/advertisements/brands/cheap_as_chips.tweak","1569","314FC4330373AFAF8C586D0779D4FB0AD2B7154E62657CC82837D9F044D94A57"
"tools/redmod/tweaks/base/gameplay/static_data/database/advertisements/brands/chromanticore.tweak","2015","44CDB0B8C04F3C1094D9DE6FFBEF27E5F6401017279B54D2374F2D3C2C50D1FE"
"tools/redmod/tweaks/base/gameplay/static_data/database/advertisements/brands/cirrus.tweak","3009","6FCBF617D41613E3BBD90155CDC9FE89C948E6979EEDA7DE57D314D20F4B46CD"
"tools/redmod/tweaks/base/gameplay/static_data/database/advertisements/brands/combatcab.tweak","1520","A8CE6E4F6EB7672A3F97DC267D4729BA0D564302C5B06BFCFE41DCA2EC2DBF3D"
"tools/redmod/tweaks/base/gameplay/static_data/database/advertisements/brands/combatcab2.tweak","1069","A79201D1D0CE2DB424CFABEAD6904FF507CC95B27641D8E737D687C968E8B491"
"tools/redmod/tweaks/base/gameplay/static_data/database/advertisements/brands/crystal_palace.tweak","491","1926B84E20A86F73FC7E3FBEB0FE062CC3833720E6EAB469365FF3CFD611802F"
"tools/redmod/tweaks/base/gameplay/static_data/database/advertisements/brands/dark_star.tweak","2029","7BC51D5D7EFCB7391A70388509CAFAE6284C212891940568CAA450B4C6F9D617"
"tools/redmod/tweaks/base/gameplay/static_data/database/advertisements/brands/darra.tweak","1099","AA375F890564C495A9729921D899329D8D7E044E9C6CA1F03EA3017C64F09F49"
"tools/redmod/tweaks/base/gameplay/static_data/database/advertisements/brands/delamain.tweak","1805","47DD3CB8FEE6A9A83B19592020FEC8EE5D1007B0EE4A283387AFFEF55EA8CFD9"
"tools/redmod/tweaks/base/gameplay/static_data/database/advertisements/brands/dtr.tweak","1181","A5EE3BFFCCAF8A280F7BEEA9550B2CFCFD6ED2B59846EB1CA51FA1A91CCA8FF6"
"tools/redmod/tweaks/base/gameplay/static_data/database/advertisements/brands/dynalar.tweak","2903","F9B6FF27FBF03E6F0B01EC335E8DAD055E275DC3CCEF1F6B7A1025E42842F165"
"tools/redmod/tweaks/base/gameplay/static_data/database/advertisements/brands/e3boss.tweak","1283","5454955893B6F94294384B9226870CD372F7EDBEB99223F490D9B83A183BC911"
"tools/redmod/tweaks/base/gameplay/static_data/database/advertisements/brands/eji.tweak","1047","812403A7EF31461A0313A3F353624A7E925C2E96AC47967B6C2581C0618C0809"
"tools/redmod/tweaks/base/gameplay/static_data/database/advertisements/brands/elguapo.tweak","1763","B9C6E7109C0DEA7EB49F4B571567DF2E76C61E8793170BDD341F532137136D0F"
"tools/redmod/tweaks/base/gameplay/static_data/database/advertisements/brands/football.tweak","501","26AD10476C44D4901E0D6D27C763AF1D721F063B008200F9D936C8D133FAB9D8"
"tools/redmod/tweaks/base/gameplay/static_data/database/advertisements/brands/foreignbody.tweak","1964","AB0A05623644D09566234910A03A44BB96D26297C3A1E03232AA6075DBF8660B"
"tools/redmod/tweaks/base/gameplay/static_data/database/advertisements/brands/fuyutsuki_boombox.tweak","2183","2B69AD1CF1A021ACECCF074D4B40EE6FE277A4D2105189F4524A522F3D02BE33"
"tools/redmod/tweaks/base/gameplay/static_data/database/advertisements/brands/giovannibrizzi.tweak","1536","67EC5EDA3FA2C4CF6A1D813B32089D04CE35E7EF2F0629CDB52AA217797AC597"
"tools/redmod/tweaks/base/gameplay/static_data/database/advertisements/brands/gomorrah.tweak","1805","4EC6C38F4DA6E20CE078E49FC70CAE295C07F23587C6112F540C9D180B79A6B9"
"tools/redmod/tweaks/base/gameplay/static_data/database/advertisements/brands/gotchrome_doctor.tweak","1003","6F75D022BC3ABF3E402A0AE08C64BBCEC90450FA27EA275243533430960C670F"
"tools/redmod/tweaks/base/gameplay/static_data/database/advertisements/brands/gotchrome_driver.tweak","1003","90DD0561B6C449767D31E01A1840A043637F6EDCDF2042B6118210B17CA42295"
"tools/redmod/tweaks/base/gameplay/static_data/database/advertisements/brands/gotchrome_mechanic.tweak","1037","12CA21622B1BD460D498E044D0400879B353D681A23026D552C31EF906F85F8A"
"tools/redmod/tweaks/base/gameplay/static_data/database/advertisements/brands/gotchrome.tweak","879","A4A190108A8414D942F0FB87D5F359ED02CDCA63DAD37C50A78F2910D5001DFD"
"tools/redmod/tweaks/base/gameplay/static_data/database/advertisements/brands/jigjig_braindance.tweak","2447","BD4571142728637A3FB4FCFA0897407EB9B46EEAAD0B8C4BFBAA07AC78CDF165"
"tools/redmod/tweaks/base/gameplay/static_data/database/advertisements/brands/jigjig_stars.tweak","3669","918A09C5E67576455A556E1ED098FF181C63F41A0AF63ED58EFFB01B34BA6205"
"tools/redmod/tweaks/base/gameplay/static_data/database/advertisements/brands/jigjig_twerk.tweak","1617","4669477DB2AF056B332819632F140DA95F1D8B303F2B9E66CBF21E70CCE6710B"
"tools/redmod/tweaks/base/gameplay/static_data/database/advertisements/brands/jinguji_street.tweak","1945","4B324597DF649E9A71490ACA1C6FE5D17D50EACC5A54B8A0FD47AF033041B0B8"
"tools/redmod/tweaks/base/gameplay/static_data/database/advertisements/brands/jingujishop.tweak","1690","C3F183C8079000A4E3BA0F227CB9CB02B4502B45E59F528B4A674D91034B258E"
"tools/redmod/tweaks/base/gameplay/static_data/database/advertisements/brands/joe_tiel.tweak","1805","25C72C31B9816E3B98B59455C90CB1BE31827079441B9254F80F336F10C23BF9"
"tools/redmod/tweaks/base/gameplay/static_data/database/advertisements/brands/kangtao.tweak","1003","5F2B9CE911A1A0F55B4B046E67AAD3AE2FBB4734B8B91AAA3CABE579BED5185D"
"tools/redmod/tweaks/base/gameplay/static_data/database/advertisements/brands/khalil.tweak","1721","5B334A1722FECE7586891D6836649092107C4969C29053906699EB45166489A1"
"tools/redmod/tweaks/base/gameplay/static_data/database/advertisements/brands/kiroshi.tweak","2666","024E1698039A475EC704739DCF1398968F1079713356EBEB97EDCDE7A5910777"
"tools/redmod/tweaks/base/gameplay/static_data/database/advertisements/brands/konpeki.tweak","432","256A5FB6484EE2E0DC0B3E146136902595933E4A9CBAE0A00F702D59FDB8F76D"
"tools/redmod/tweaks/base/gameplay/static_data/database/advertisements/brands/kthenry.tweak","4651","11E410D9A84481015A59CD325E656D4C55ED222CD5087138BE507EAEA4062C14"
"tools/redmod/tweaks/base/gameplay/static_data/database/advertisements/brands/leavenow.tweak","306","542251F8381D5C72F6A9DD129BC8C7F71EF2FC94B287223D30E9D7C9C17B147A"
"tools/redmod/tweaks/base/gameplay/static_data/database/advertisements/brands/lizzies.tweak","1763","32866E7C60FADF44A804B6C0E9487654A883D57953C228DCF97526BDCBDD6D02"
"tools/redmod/tweaks/base/gameplay/static_data/database/advertisements/brands/malorian.tweak","1805","F4AA6A98C5FFFFDF9F111E717FEBD7D4C0501836D543402F02C8915ABFECEAB2"
"tools/redmod/tweaks/base/gameplay/static_data/database/advertisements/brands/matapang_coffee.tweak","2308","AF676B7CA650C3C1421782C7FB5BEF895CA02A8E09FDA70A40BB06C1201E3CFF"
"tools/redmod/tweaks/base/gameplay/static_data/database/advertisements/brands/midnight_lady_acc.tweak","2766","41D1DC8392B9A7FE786D94AB6304F1D4FF9F08AFC1263067E3F0EEB959FA6F50"
"tools/redmod/tweaks/base/gameplay/static_data/database/advertisements/brands/milfgaard.tweak","1847","A59AB5F0DA77491121BF8B5314983D3374949583B900092491C5E572ED781B3A"
"tools/redmod/tweaks/base/gameplay/static_data/database/advertisements/brands/militech.tweak","733","D3126DE0942F776EC7C2BE2A104EDF2B96A1B1E7D3A2759DF4525BBBB2BA9999"
"tools/redmod/tweaks/base/gameplay/static_data/database/advertisements/brands/moonchies.tweak","1992","79F4C5E80AA8332B105B1E041B0B8167ED354B6329865BF26F4BFE7891784959"
"tools/redmod/tweaks/base/gameplay/static_data/database/advertisements/brands/moore.tweak","2604","42569E898FED7BE0DE723C63B21CF5A0C20F7596FA715FD7414B15BE9DC331F6"
"tools/redmod/tweaks/base/gameplay/static_data/database/advertisements/brands/movieposters.tweak","1963","6222FF968B79595E12DDC1D74FA7103D08D77ABAFE52337C138C80AAB17CEBAC"
"tools/redmod/tweaks/base/gameplay/static_data/database/advertisements/brands/mrstud.tweak","1754","F67DFCA1058CAB72C9162423627F47BF7F279541D76A1DA0117F90A32140CCF9"
"tools/redmod/tweaks/base/gameplay/static_data/database/advertisements/brands/mrstud2.tweak","1721","694D74F50224777D73D786611B4AA7A3AD07E89070FDCF3C74121B2891ED5838"
"tools/redmod/tweaks/base/gameplay/static_data/database/advertisements/brands/mrwhitey.tweak","1836","3EF2C07D1410449D7E5C31BEED125E9263E9AA314AAEC8822DB549D51DB31F7D"
"tools/redmod/tweaks/base/gameplay/static_data/database/advertisements/brands/naranjita.tweak","1847","73386DC410887013E669E14CD7D8B4CAA976E449419AABEE2883C97C54232CE5"
"tools/redmod/tweaks/base/gameplay/static_data/database/advertisements/brands/ncpd.tweak","1552","ACDB45288AC6E31CC51AA1DC58B4078909924888112986F34C8A88B105211C4B"
"tools/redmod/tweaks/base/gameplay/static_data/database/advertisements/brands/newempire.tweak","1440","61680A646D5459B0B8FBACD18B84ADDBA8EA96713D57FC1A96B1971C2B7EE911"
"tools/redmod/tweaks/base/gameplay/static_data/database/advertisements/brands/nicola.tweak","1837","309F810FAECE3C8E0474768943E48EEB94A56170744B5FEA8A78780652ED0A4F"
"tools/redmod/tweaks/base/gameplay/static_data/database/advertisements/brands/nightcorp.tweak","1847","05F8D88EC192156B03A1DA3152EC5A85197D00EA7025BC05B5E6B9567B2588A9"
"tools/redmod/tweaks/base/gameplay/static_data/database/advertisements/brands/northoak.tweak","3285","65E6D9716F51617C1818F245CDD77072DDB48B066FA9CC0CF9200BA0E6C73442"
"tools/redmod/tweaks/base/gameplay/static_data/database/advertisements/brands/orgiatic.tweak","1805","7E301CC78AF2BEAA695A4365443958CEF4F2FB57E96821FD247237FB58C2A3F9"
"tools/redmod/tweaks/base/gameplay/static_data/database/advertisements/brands/pacifica.tweak","1432","0029E17899A5DD4F89A3DE716B0F1C0711EE7D4FB580B7158E0F086BB1E07DAE"
"tools/redmod/tweaks/base/gameplay/static_data/database/advertisements/brands/pacificahotels.tweak","1218","1B12AA2171AF16DCD95AFB1D79FA4D20916B9C078829B61CFF59C57D9C87F88D"
"tools/redmod/tweaks/base/gameplay/static_data/database/advertisements/brands/pacificawelcome.tweak","352","9B31D3BE34EAF20501EDA67E7F65F65A2399A703A57BA1B2D22517DB360C46D6"
"tools/redmod/tweaks/base/gameplay/static_data/database/advertisements/brands/palladia_center_billboard.tweak","1905","65A2193CA53098F1803656118EA05491F5540C3E90AC702268A48EBC690F594B"
"tools/redmod/tweaks/base/gameplay/static_data/database/advertisements/brands/peralez_vote.tweak","1973","9D8DA7D91872B5AA3B12E452DFDCD91CE91FE5D37BD12A0CDCD5814F5DD05B1B"
"tools/redmod/tweaks/base/gameplay/static_data/database/advertisements/brands/photos.tweak","1328","88D1D03168DA49519E4885D002CEDB39227A4ECE44A24C1D37CC7DBA8815735F"
"tools/redmod/tweaks/base/gameplay/static_data/database/advertisements/brands/propaganda_hanako.tweak","2183","DA8797C6F876C3B261C919591A16C4ACC2A2E03487F61722415E4558D02081C1"
"tools/redmod/tweaks/base/gameplay/static_data/database/advertisements/brands/rayfield.tweak","1025","075521F865265CA8927E6FE27A9276B3748E2B4F2364AD8CE0E353D516F403CE"
"tools/redmod/tweaks/base/gameplay/static_data/database/advertisements/brands/rcs.tweak","1595","DAF6F17989AC259F81DA9648BAEA405999322CE5DF29D175C1A3FB9E3131FFEF"
"tools/redmod/tweaks/base/gameplay/static_data/database/advertisements/brands/real_water.tweak","1889","DFB002007254B27BDAB2ECC2CC3F99AF6ABA67C7EA8A59FBD83AA21096861B87"
"tools/redmod/tweaks/base/gameplay/static_data/database/advertisements/brands/relic_arasaka.tweak","2015","999987294C31DB2447690649DD3FCED522DDF8C9F28DD8C4916438F20FE09317"
"tools/redmod/tweaks/base/gameplay/static_data/database/advertisements/brands/rowdydog.tweak","1805","0C7753163FB6F49182335DD6588301A19BF334E979565EBE0A26989C91F90B75"
"tools/redmod/tweaks/base/gameplay/static_data/database/advertisements/brands/rtj.tweak","1239","FBDE1F8381E71F2671E1F73C316A3DE91992D6F36BA90928651D55C46959889D"
"tools/redmod/tweaks/base/gameplay/static_data/database/advertisements/brands/sandblast.tweak","1847","96F8DBC1F1B88533E96DB7CBDA3221D34D5DE49901B0B13CBAE5779AD1A3AA4B"
"tools/redmod/tweaks/base/gameplay/static_data/database/advertisements/brands/sashadevon.tweak","1877","484083262261C06BC7F48601D6B4EB103D8940E6F520C1FF0B4A1C89AE181F48"
"tools/redmod/tweaks/base/gameplay/static_data/database/advertisements/brands/schade_zeig_dich.tweak","1918","79E6EFAA070D876EFE9A21D87513B3EEBF341C726FACD085CEA671CFA3E5E333"
"tools/redmod/tweaks/base/gameplay/static_data/database/advertisements/brands/skull.tweak","1317","C3EE1F589EBDF97168C522577402FEBBC5BE1005C394683F479307F67AF09193"
"tools/redmod/tweaks/base/gameplay/static_data/database/advertisements/brands/slaughterhouse.tweak","2874","556ED128BAD10B20B60BD419EB86AD9F140054EF56E609E45BB49B5CFF20A8A2"
"tools/redmod/tweaks/base/gameplay/static_data/database/advertisements/brands/sojasilmachistador.tweak","1811","A39DDA71164789D666E123E52336CACD639ABA33A065675826418D0217CDC2D7"
"tools/redmod/tweaks/base/gameplay/static_data/database/advertisements/brands/somalia.tweak","1151","FBBF4FDAD2B86F24C16C259A7B23AC5F91969964FF02C3AA5270AF97E6750C42"
"tools/redmod/tweaks/base/gameplay/static_data/database/advertisements/brands/spaceport.tweak","462","7556E497A939D93B374146DE486171A7145979FC38480C1EF0254B0242155F59"
"tools/redmod/tweaks/base/gameplay/static_data/database/advertisements/brands/spc.tweak","1771","E96FCC97E2D1083918646D8CF32C5052D7F463B578C60E6BA8631A082CFC6441"
"tools/redmod/tweaks/base/gameplay/static_data/database/advertisements/brands/speedloans.tweak","1922","BCEF7D131C81B95A42C1749E2E6F1C7EB75F4D1F678B372F579FDF6EC1A92F05"
"tools/redmod/tweaks/base/gameplay/static_data/database/advertisements/brands/squirtaquisitor.tweak","2099","12B443AC352119F455F08C9FA97ED44DE7F246CBE6F0076AB461A9D34D4796AF"
"tools/redmod/tweaks/base/gameplay/static_data/database/advertisements/brands/stress_pills.tweak","1509","1C624A0D03C418EE7DC33DD33DD8D75C48B75E9D2AD10DEE1224B0EF36AF9DD1"
"tools/redmod/tweaks/base/gameplay/static_data/database/advertisements/brands/sudo.tweak","1637","313C2441DD5B4040FA537521DE7EC09940860378EBFAFFABBEF0F78012AB34F2"
"tools/redmod/tweaks/base/gameplay/static_data/database/advertisements/brands/tampons.tweak","2031","2CB3E556BCB247C25821F90EF9DF41A8CEB5CF0CE7150C8476198F1D70F4A7C8"
"tools/redmod/tweaks/base/gameplay/static_data/database/advertisements/brands/techtronika.tweak","1588","A9849ACB785AF63C72EA6C997AABF0345565B0BE4DC0C941C91820A76DEA7308"
"tools/redmod/tweaks/base/gameplay/static_data/database/advertisements/brands/televangelist.tweak","1843","BE59FF1ED280B79B7BB2F6E5F9DF40389E3AA4D737D0544693593367B629B536"
"tools/redmod/tweaks/base/gameplay/static_data/database/advertisements/brands/thebigeatshow.tweak","1370","CF0B1ED8E8D9929267D2F52CB9F377332B2C1FB8BE4133627B2BCB4ECE436F17"
"tools/redmod/tweaks/base/gameplay/static_data/database/advertisements/brands/thrud.tweak","1679","035F366CF2FE5F9F1969F147B7B4C5BE44FC9F72E086770163EB48778F6707A8"
"tools/redmod/tweaks/base/gameplay/static_data/database/advertisements/brands/tiancha.tweak","1763","7B98844DE94814A3600AB40BB6B78FCEF820D65562ADE7412164F1D557CF58A9"
"tools/redmod/tweaks/base/gameplay/static_data/database/advertisements/brands/timemachine1.tweak","643","169727F76A25FEFFCEE31EE61DF1F5D510A0F2A04EFDF65D8BF87103947DBE9D"
"tools/redmod/tweaks/base/gameplay/static_data/database/advertisements/brands/timemachine2.tweak","1868","D5409B9125B5D789CCDFC3DA106B6D693900E98C2E82445BEC92FFCA5561F990"
"tools/redmod/tweaks/base/gameplay/static_data/database/advertisements/brands/uscracks.tweak","1838","9EB070D39B5BBDD59CD343E7BE127DC0B133126A352ED3065A2D31B186A4E360"
"tools/redmod/tweaks/base/gameplay/static_data/database/advertisements/brands/uscracks2.tweak","1847","99C7A151E2D84F41D9915CEEA24C30A1C4C3CE324AE525EF6C98B1D1C5BB1855"
"tools/redmod/tweaks/base/gameplay/static_data/database/advertisements/brands/vargas.tweak","1721","CC03DCFD7F6784D1CE32E2FF069A1B3FB7EE5F8048B8F6CF82D98988AAB5919F"
"tools/redmod/tweaks/base/gameplay/static_data/database/advertisements/brands/vending_machines/brendan_vending.tweak","360","87F66A6A5571605C379A438DCA8CD4B15DBE43EF0F777952BF066B281A08002B"
"tools/redmod/tweaks/base/gameplay/static_data/database/advertisements/brands/vending_machines/burritoxxl.tweak","2033","812D549496A7837D2057395DFCA7E0536C916FAB7926B7EFB2B17E6833894A43"
"tools/redmod/tweaks/base/gameplay/static_data/database/advertisements/brands/vending_machines/chromantico_vending.tweak","3028","DFCFFE18DEC414496A14C7E540E3D739FC6306B33FCEAE4BC0320A04C1540259"
"tools/redmod/tweaks/base/gameplay/static_data/database/advertisements/brands/vending_machines/cirrus_vending.tweak","3023","DD214BFDF1DCECB2BE50CD0174CB8820B4386C0D37C30135816AEE51A5E0D957"
"tools/redmod/tweaks/base/gameplay/static_data/database/advertisements/brands/vending_machines/holobites_vending.tweak","1722","005FC706836C346B637F45A79164E3B255AE5E067965D6A41E053CBFD7DC2382"
"tools/redmod/tweaks/base/gameplay/static_data/database/advertisements/brands/vending_machines/leelou_beans_vending.tweak","1803","F999CE89F134ADF3A4FF829FFA840BF9A6BE9B9CD79E7604B5DC64DCF5512233"
"tools/redmod/tweaks/base/gameplay/static_data/database/advertisements/brands/vending_machines/moonchies_vending.tweak","2285","981D3C95A73DCEAF771A47B9320C14A0ED8A4011050B83CF49BF49A44DD6EA9F"
"tools/redmod/tweaks/base/gameplay/static_data/database/advertisements/brands/vending_machines/mrwhitey_vending.tweak","2249","BF38B5AE85C9C1460D88BF079DFF6EDD1346B58BBD68B07D8DF58D7605F8E2B2"
"tools/redmod/tweaks/base/gameplay/static_data/database/advertisements/brands/vending_machines/nicola_vending.tweak","2713","DBAC4BE43CC0428F4B83E43400086F1F312CA9E54B01219EE0720E0D3A6DB734"
"tools/redmod/tweaks/base/gameplay/static_data/database/advertisements/brands/vending_machines/orgiatic.tweak","1479","05FEA357FD58857307950C6AF5B87AA8A4C1C9E0EF4B30FADC54DE7E7501A2EE"
"tools/redmod/tweaks/base/gameplay/static_data/database/advertisements/brands/vending_machines/shwabshwab.tweak","2031","6640A9A47A957972F665027D52D66D40F78A8D0F661A96A1B25FDC65BC08BAAE"
"tools/redmod/tweaks/base/gameplay/static_data/database/advertisements/brands/vending_machines/slaughterhouse_vending.tweak","2463","8AC4FA28C8C789ED7F3AFCDF7379C6E00D2C37E75BE4740642A5158A1C9C5F0B"
"tools/redmod/tweaks/base/gameplay/static_data/database/advertisements/brands/vending_machines/sojasil_vending.tweak","2213","393EDA7B11B320F7A67F0906F373B359D5B262B161B8B1EF147944284A753130"
"tools/redmod/tweaks/base/gameplay/static_data/database/advertisements/brands/vending_machines/tiancha_vending.tweak","1668","F1C19093ECBB58FE847AFFADECA5B98B0C2EF75899C1FE527E2D553CC747E62B"
"tools/redmod/tweaks/base/gameplay/static_data/database/advertisements/brands/watsonwhore.tweak","1964","E0A33B741975D8B247521990EEB5F83C1F5E238BA8141A9D2C7ADB625E37AB96"
"tools/redmod/tweaks/base/gameplay/static_data/database/advertisements/brands/wetdream.tweak","1838","8E9A99F6AA41B739150DB5EAE9A308A0706CB038E24D02F7A2D1A83F654F1581"
"tools/redmod/tweaks/base/gameplay/static_data/database/advertisements/brands/yaiba_showroom.tweak","528","D986D5E666062506A5A7441E96C3AAFCD79EEDE24B0FAACBCE656700305C9018"
"tools/redmod/tweaks/base/gameplay/static_data/database/advertisements/groups.tweak","31330","11112DBFC387E29A80569E8ECA931C669656862A3D93A15E23690E887D396D2A"
"tools/redmod/tweaks/base/gameplay/static_data/database/advertisements/schema.tweak","614","AB35ABACB92FD4A82400DED80BB94FCD632B2CC5E391EC4A95629149DFB7335E"
"tools/redmod/tweaks/base/gameplay/static_data/database/ai/actions/library/abilityactions.tweak","2497","C77F26C46A994A9E736C7C5F0A18756BC862615143D41B4A6C9E85A9043FF6FB"
"tools/redmod/tweaks/base/gameplay/static_data/database/ai/actions/library/combatdecoratoractions.tweak","37988","69DD61BB0F69E3FC8CB108760AAE4E28AEDFC7FFFDE8E535FF691CC3BC6551F0"
"tools/redmod/tweaks/base/gameplay/static_data/database/ai/actions/library/commandhandleractions.tweak","12456","D8AC356505CE44650665D5549185F49ADCA7D7633E3B957D155BCC69238F51ED"
"tools/redmod/tweaks/base/gameplay/static_data/database/ai/actions/library/commonconditionchecks.tweak","291307","1B569055281BE7989E2C182571304BF0E5BACED134FEA99731BF34E753AC3179"
"tools/redmod/tweaks/base/gameplay/static_data/database/ai/actions/library/coveractions.tweak","60501","871E8CDEA066CEC54F2F324CE730F84A84A6B717706999A1798093720B6E84CA"
"tools/redmod/tweaks/base/gameplay/static_data/database/ai/actions/library/dashanddodgeactions.tweak","72125","C4901C3B7D38F53AD5689B415F1DC25CACF90EFB60E6034A4ED567BD4BD9F879"
"tools/redmod/tweaks/base/gameplay/static_data/database/ai/actions/library/droneactions.tweak","98557","C6A402E5EC09693537D975EE96B4121A2194526439F98A91ADBF25C04CE71B60"
"tools/redmod/tweaks/base/gameplay/static_data/database/ai/actions/library/dronebombusactions.tweak","39605","A8D172D42B1D2D4E2FC256F4C76345AE33A932783DA0468C47FE6CC816B2EDD2"
"tools/redmod/tweaks/base/gameplay/static_data/database/ai/actions/library/dronegriffinactions.tweak","9978","0B44079B260E27AEC7BA5F4C086CAF5B00E9AC9287C56A04DEF9036A8A5B3681"
"tools/redmod/tweaks/base/gameplay/static_data/database/ai/actions/library/droneoctantactions.tweak","29569","130834C289BDC0BA78F5404E13BDC0317F8ADC94D6617BA2E17F839ABF4E3707"
"tools/redmod/tweaks/base/gameplay/static_data/database/ai/actions/library/dronereactionsactions.tweak","33506","C6870E00460B6C7E6043C633910776CA16D25F5FA126A4BD50A30FBF95656A81"
"tools/redmod/tweaks/base/gameplay/static_data/database/ai/actions/library/dronestatuseffectactions.tweak","9461","EDD845ACBB6A535EC62AA537E543B2DE5D2B4B54BD9B07207E9A341B24D763F5"
"tools/redmod/tweaks/base/gameplay/static_data/database/ai/actions/library/followeractions.tweak","37101","E49DE2C30C6114B83FEC6EBE95FD218C7416ACFBC4D772FEB49185827DFA34F6"
"tools/redmod/tweaks/base/gameplay/static_data/database/ai/actions/library/idleactions.tweak","2404","BB62CD4013119D1B33660EC20177D5970E0C7454B65D7AF8D0AF9BE7B18EC530"
"tools/redmod/tweaks/base/gameplay/static_data/database/ai/actions/library/itemhandling.tweak","63503","37E258D5F4B4DD1A8080EEE3200BAC5F3A72CCCA055C9D2B6F00E4A10D747E69"
"tools/redmod/tweaks/base/gameplay/static_data/database/ai/actions/library/mechanicalreactionsactions.tweak","7378","656D3C1C63F065905767A031FCA9E0EC90E681B26490973BFD91B69B93ABFAA5"
"tools/redmod/tweaks/base/gameplay/static_data/database/ai/actions/library/mechreactionsactions.tweak","15307","6EF28AC9F094B92F381AA550D673497A56CF6D6C7572A30B7DBA57CDA45E73CD"
"tools/redmod/tweaks/base/gameplay/static_data/database/ai/actions/library/medicactions.tweak","1664","4270623CDC92D014A00E161517A5ADF9907F85F75F224503DCCCD35665D56166"
"tools/redmod/tweaks/base/gameplay/static_data/database/ai/actions/library/meleeattackactions.tweak","112472","7E48EB17F01E9396E78A0E1FF0EC7AE60995F2019EE39925D7B759CFD949C6E6"
"tools/redmod/tweaks/base/gameplay/static_data/database/ai/actions/library/meleeattackfistactions.tweak","53833","AA9FBCE27DEE584E769C78EC5ABA63B30DF181DBB2B5019FCA308BD0D40CD00C"
"tools/redmod/tweaks/base/gameplay/static_data/database/ai/actions/library/meleeattackhammeractions.tweak","41951","424C5C6968750FE51929CCF5FA59B790DFB299C3ADDEDB1C31FE737F2E1946B9"
"tools/redmod/tweaks/base/gameplay/static_data/database/ai/actions/library/meleeattackkatanaactions.tweak","41476","FA4579AE8F5D580F014C4FFD8C47F04FAA8A40C1D1A5C88BAB31238F13B8ECCB"
"tools/redmod/tweaks/base/gameplay/static_data/database/ai/actions/library/meleeattackknifeactions.tweak","35669","FB9DA01651681569B2A4589ED85F96878060954E60B48F4C48B8BDE5DDCBB0AA"
"tools/redmod/tweaks/base/gameplay/static_data/database/ai/actions/library/meleeattackmantisbladesactions.tweak","47388","F0B30BC9E4F24A6D595261466B746AEE304334756FA2717C6CD49F0524AB2E30"
"tools/redmod/tweaks/base/gameplay/static_data/database/ai/actions/library/meleeattackonehandedactions.tweak","40230","E36E35F8E1B49F2CFEE12F79DF219692AE9C51CF987A81E9DD864D9A7BDC127A"
"tools/redmod/tweaks/base/gameplay/static_data/database/ai/actions/library/miscactions.tweak","204","AAE938427DAD69853F56A541ED16891C81AEC1CC0CE8BE9C8FE001F5F52F9E68"
"tools/redmod/tweaks/base/gameplay/static_data/database/ai/actions/library/movementactions.tweak","159989","BC216C3C1C14E46209713395F43225EC8591B5F6B71FF9F5C1CA4CEB82B8F4CE"
"tools/redmod/tweaks/base/gameplay/static_data/database/ai/actions/library/netrunneractions.tweak","56488","66360E714C4488D55A1D8FEC11196DFDAF0A86C9C0552599D039C1C5300CB466"
"tools/redmod/tweaks/base/gameplay/static_data/database/ai/actions/library/noweaponcombatactions.tweak","13403","30973D0C8321617FA389579F7541976BEEDBB31DB8EDCDE83C7AF56A577CCCED"
"tools/redmod/tweaks/base/gameplay/static_data/database/ai/actions/library/patrolactions.tweak","2166","8CE72A13873F2F4732C2687F0189E985E0814EB5D0AE52DDBCEFC7F2F77C129D"
"tools/redmod/tweaks/base/gameplay/static_data/database/ai/actions/library/reactionsactions.tweak","138781","57BE6331FA6E84262CD810407DB3C9B6E8546A9BFB35DC9769FA36BDA12CF4B6"
"tools/redmod/tweaks/base/gameplay/static_data/database/ai/actions/library/shootingactions.tweak","51053","7EE4DA880E03CE95B2FA773ECE7DDEA29E7881AAB9E797244D1F04E59765188E"
"tools/redmod/tweaks/base/gameplay/static_data/database/ai/actions/library/specialactions.tweak","25522","9AF418053F48DB07810558EE8CAD79C546EA97D1C20F7EBD865461C4082BA3A1"
"tools/redmod/tweaks/base/gameplay/static_data/database/ai/actions/library/spiderbotactions.tweak","364","1CEAACA62DB5E93E6A0D127CAF9CA5BBC7581F5E856E63758D6CACA9FA736005"
"tools/redmod/tweaks/base/gameplay/static_data/database/ai/actions/library/statuseffectaction.tweak","91743","C03F05D2B4EEB2F4DE84E64F17F61256994AC8599D336E1220AA8F9318303CE6"
"tools/redmod/tweaks/base/gameplay/static_data/database/ai/actions/library/vehicleactions.tweak","31360","F58A933DA67E5511BDC36D7C1173ADA55DBB9DACE446C128FF5A54DC2F3349B8"
"tools/redmod/tweaks/base/gameplay/static_data/database/ai/actions/packages/drone/drone.tweak","8571","BD29253091E6273452CAFDBCEE03766CBB29278442B3496AEF9270C96AF3CEA5"
"tools/redmod/tweaks/base/gameplay/static_data/database/ai/actions/packages/drone/dronebombus.tweak","7563","C9C55D79B8602FE2EEE078AA144B56A18A930EB982B2212849EF01F26BE1A5E4"
"tools/redmod/tweaks/base/gameplay/static_data/database/ai/actions/packages/drone/dronebombusfast.tweak","8199","5518817585C51BA894CEE58918531AB8BD15131883AF5E191BF37DF2293FAD68"
"tools/redmod/tweaks/base/gameplay/static_data/database/ai/actions/packages/drone/dronebombusslow.tweak","8401","1C0180E3EEF20D2DF4F4B4ACFC3EBA8B11C4DF8F58F1277AA85D184EA4A6749D"
"tools/redmod/tweaks/base/gameplay/static_data/database/ai/actions/packages/drone/dronebombussuicide.tweak","3801","C9912005CA8592B5C80D471E89315157A3DE2D05FE11A64A9C031A7C705333BE"
"tools/redmod/tweaks/base/gameplay/static_data/database/ai/actions/packages/drone/dronegriffin.tweak","8364","BF5D8A0A7191453D5FB7DC80F72E304DFE1215894ED107D9C648148C4EC33EF3"
"tools/redmod/tweaks/base/gameplay/static_data/database/ai/actions/packages/drone/droneoctant.tweak","7759","ED6CFB59249C06DAACB36AE1B6024BAB52BEC849205906BE1375BA60B408D5EE"
"tools/redmod/tweaks/base/gameplay/static_data/database/ai/actions/packages/factions/boss/adamsmasher_boss.tweak","269946","D5CA80E73E92CA729E0CFC28B9F96AFEA1E46742F05240F20243D022147F8FEE"
"tools/redmod/tweaks/base/gameplay/static_data/database/ai/actions/packages/factions/boss/animals_boss.tweak","76263","B303A8B0C99C56C24DA85352A639BD44E25EFAF42054E7283C4ACA0744103249"
"tools/redmod/tweaks/base/gameplay/static_data/database/ai/actions/packages/factions/boss/max_tac_sniper.tweak","9802","591F662B7C87764EAC106CC6531640AB4B37CF9B028C62EE29977203397A4BB6"
"tools/redmod/tweaks/base/gameplay/static_data/database/ai/actions/packages/factions/boss/militech_chimera_boss.tweak","116528","FB63FD59AA5C1260E09A35FC4C22296C36B88A9317C1D3408CB2BF8C43BF3C20"
"tools/redmod/tweaks/base/gameplay/static_data/database/ai/actions/packages/factions/boss/minotaur_mech.tweak","39347","6AE10F6E93B55BAEEEFFAD0E2798523FBEB67D9527FA90D78F522214D62061A4"
"tools/redmod/tweaks/base/gameplay/static_data/database/ai/actions/packages/factions/boss/oda_boss.tweak","149882","77163CF7DF4DC0FCD8059A07EA8854B6C5EB501E34B5FFFD9B4D301A6FE5738E"
"tools/redmod/tweaks/base/gameplay/static_data/database/ai/actions/packages/factions/boss/royce_exo_boss.tweak","130847","0AAF5CB51C5F268D05CCC797817F9CB38C451F1781902497DF27F135EF7F7DD9"
"tools/redmod/tweaks/base/gameplay/static_data/database/ai/actions/packages/factions/boss/weapon_packages/animals_boss_fists.tweak","124830","DA9B8DC33559B8EE846EFF9EE3CCEB0ADFCF2B73DAFA49323306655604358A5A"
"tools/redmod/tweaks/base/gameplay/static_data/database/ai/actions/packages/factions/boss/weapon_packages/animals_boss_hammer.tweak","92436","CCAA4A51B99CF21C9C3589FFCC2CB534C746EF6E5B231618D0726A9429B6783E"
"tools/redmod/tweaks/base/gameplay/static_data/database/ai/actions/packages/factions/boss/weapon_packages/kurt_knife_npc_status_effect.tweak","2554","E37D41123435038531C005465D2E212AE33A3A89AA36A8B56EC064991FD6D0CC"
"tools/redmod/tweaks/base/gameplay/static_data/database/ai/actions/packages/factions/corpo/android/corpo_android.tweak","17837","A4E205A39939764E3DF540D305AD383E17AB9DF99D74DA873B1C082200BAE64A"
"tools/redmod/tweaks/base/gameplay/static_data/database/ai/actions/packages/factions/corpo/android/weapon_packages/corpo_android_handgun.tweak","7219","4325063C8B4F60F8A532D96C9514D4A690CF49EA9D710537FE5A4A636B622AC3"
"tools/redmod/tweaks/base/gameplay/static_data/database/ai/actions/packages/factions/corpo/android/weapon_packages/corpo_android_lightmachinegun.tweak","7874","10709F4BCF9D7FD6AE9D748ED0250D0D15528481AA8D078676716A5BFD8B89A0"
"tools/redmod/tweaks/base/gameplay/static_data/database/ai/actions/packages/factions/corpo/android/weapon_packages/corpo_android_rifle.tweak","6599","9427D049BB3C838CC85559F48DBF4DD05C80DF82B4DA4DE077D2F50B4DF0E280"
"tools/redmod/tweaks/base/gameplay/static_data/database/ai/actions/packages/factions/corpo/android/weapon_packages/corpo_android_shotgun.tweak","7485","6F55ADCC3C0FC05B5CD5587D5FCECC0070DEA4BAAAA13E3D9E0E2FBE69725EDA"
"tools/redmod/tweaks/base/gameplay/static_data/database/ai/actions/packages/factions/corpo/android/weapon_packages/corpo_android_sniper.tweak","12489","C8A333F64181F68C6A768350394D615B8B34D9779CC472BA641E50F6471F17BB"
"tools/redmod/tweaks/base/gameplay/static_data/database/ai/actions/packages/factions/corpo/android/weapon_packages/corpo_android_submachinegun.tweak","7341","49E53F9246059D90CF150F44897262EEB91668B42E8D6F9CEF1AD8289D822369"
"tools/redmod/tweaks/base/gameplay/static_data/database/ai/actions/packages/factions/corpo/assault/corpo_assault.tweak","3877","23801AD5144774683195036A4DC9936391BEF8D8FD1CFEA89A688B00BE24A823"
"tools/redmod/tweaks/base/gameplay/static_data/database/ai/actions/packages/factions/corpo/assault/weapon_packages/corpo_assault_handgun.tweak","7172","EF224D14FCE68F2439E78201FAE59FCFD610E2AC1B50E48E2D900E282E1D481F"
"tools/redmod/tweaks/base/gameplay/static_data/database/ai/actions/packages/factions/corpo/assault/weapon_packages/corpo_assault_lightmachinegun.tweak","8891","79BFBA9D7002CCE86AB714C9788B84BF3CC0841314EDC6187873F1424D95F7FB"
"tools/redmod/tweaks/base/gameplay/static_data/database/ai/actions/packages/factions/corpo/assault/weapon_packages/corpo_assault_rifle.tweak","7898","89138E03200C859EB2D413C26856F279AC0A085C6F0D759132BBF4A3944D639C"
"tools/redmod/tweaks/base/gameplay/static_data/database/ai/actions/packages/factions/corpo/assault/weapon_packages/corpo_assault_shotgun.tweak","7930","8462F99623DBE95516366B221243BCEEDF0FB337A81E6B81235D1E38C0166929"
"tools/redmod/tweaks/base/gameplay/static_data/database/ai/actions/packages/factions/corpo/assault/weapon_packages/corpo_assault_sniper.tweak","13837","5C02F3BE18A8ECA94AEC4A1614A986F77C530B6DA625278ABFFB5872B42D56AB"
"tools/redmod/tweaks/base/gameplay/static_data/database/ai/actions/packages/factions/corpo/assault/weapon_packages/corpo_assault_submachinegun.tweak","8342","ECE975C1CB69DCF4EAB4BB58EE3C600624132A3C5BE75949124B5FFD1F78C62E"
"tools/redmod/tweaks/base/gameplay/static_data/database/ai/actions/packages/factions/corpo/generic/corpo.tweak","2304","ABFDB29B03B96DE3A27AAFB99D52695E1CF1451FDC67B3F08F0C919A3713FC6F"
"tools/redmod/tweaks/base/gameplay/static_data/database/ai/actions/packages/factions/corpo/generic/weapon_packages/corpo_fists.tweak","13370","90D44941FB87D1EBF47B38BA2CAB0E456246743986D91E7EB8120EBD74321C38"
"tools/redmod/tweaks/base/gameplay/static_data/database/ai/actions/packages/factions/corpo/generic/weapon_packages/corpo_hammer.tweak","11468","5E24FCE41E41BCEE3C1229199EA14417BC317B68EC5D73F78357D56F5FC995FC"
"tools/redmod/tweaks/base/gameplay/static_data/database/ai/actions/packages/factions/corpo/generic/weapon_packages/corpo_handgun.tweak","51174","E58AC8E15AA6A541D0C08020267FD1D5C91105E381C8960F5587A7991ABEA663"
"tools/redmod/tweaks/base/gameplay/static_data/database/ai/actions/packages/factions/corpo/generic/weapon_packages/corpo_katana.tweak","12492","7B450FE66F3763D9A32545116C1F63BFF707996A2E2F4130EA11211946A00B5D"
"tools/redmod/tweaks/base/gameplay/static_data/database/ai/actions/packages/factions/corpo/generic/weapon_packages/corpo_knife.tweak","11029","5BA18098B9563E02E8A0CE6F11AF5BC2913C9AF4512DB0D64695D76B07E92141"
"tools/redmod/tweaks/base/gameplay/static_data/database/ai/actions/packages/factions/corpo/generic/weapon_packages/corpo_lightmachinegun.tweak","32809","A8BC1E41CA34965D75FEBD1EA6973A51D2028507D86B626DC4F224C60E561529"
"tools/redmod/tweaks/base/gameplay/static_data/database/ai/actions/packages/factions/corpo/generic/weapon_packages/corpo_longblade.tweak","9217","665D2AB5D72B4FAC0091F190206EBD016FC50221A2F485B379914DDC9FD22110"
"tools/redmod/tweaks/base/gameplay/static_data/database/ai/actions/packages/factions/corpo/generic/weapon_packages/corpo_mantisblades.tweak","11700","55B6FB4E0683A28C3CAB0575A76D9C8E6DD0EA57218903C35CFEF9455BBA794A"
"tools/redmod/tweaks/base/gameplay/static_data/database/ai/actions/packages/factions/corpo/generic/weapon_packages/corpo_onehandedclub.tweak","10857","CDA08291ED6A00185D48D095115F41CD01989193A760A3CC8F710484643702BB"
"tools/redmod/tweaks/base/gameplay/static_data/database/ai/actions/packages/factions/corpo/generic/weapon_packages/corpo_rifle.tweak","28341","98E45497F94265CB1853C49886F2DCAB7527C03AC9E950488682A8529031F969"
"tools/redmod/tweaks/base/gameplay/static_data/database/ai/actions/packages/factions/corpo/generic/weapon_packages/corpo_shotgun.tweak","32447","0BDB075444A7835E6F2FE558E611E642D7A0C0D6E8B33D3BE2B8ED6D83E50AF6"
"tools/redmod/tweaks/base/gameplay/static_data/database/ai/actions/packages/factions/corpo/generic/weapon_packages/corpo_sniper.tweak","61531","CC5DB0D214D04BFAE4F9A6BA4BE64ABE59A1A8D28FF0E56C37FD294D5E8BAC1C"
"tools/redmod/tweaks/base/gameplay/static_data/database/ai/actions/packages/factions/corpo/generic/weapon_packages/corpo_submachinegun.tweak","28730","7D9C27E55E8FF93B2F43B811BE70E1D09748F31411F11BACF32786221369514A"
"tools/redmod/tweaks/base/gameplay/static_data/database/ai/actions/packages/factions/corpo/generic/weapon_packages/corpo_twohandedclub.tweak","10133","B863ED1C65F3D0CF63B189978A617E42BB1A121BADCD3CB028F101923976A7E6"
"tools/redmod/tweaks/base/gameplay/static_data/database/ai/actions/packages/factions/corpo/netrunner/corpo_netrunner.tweak","25632","09787DB7BFDF86F2BA1F28B2499C3D3A41FC7BC0A77531B6959AF9C129A733BA"
"tools/redmod/tweaks/base/gameplay/static_data/database/ai/actions/packages/factions/corpo/netrunner/weapon_packages/corpo_netrunner_handgun.tweak","7194","92577BB5D15DCCFFA96110CD78C816A04CEB845A63A04CF498082B5CE03365EF"
"tools/redmod/tweaks/base/gameplay/static_data/database/ai/actions/packages/factions/corpo/netrunner/weapon_packages/corpo_netrunner_lightmachinegun.tweak","8913","B079ABD6DFD0C0413FBC91C1073608B3FABF31EB6B2D0329AD28CFDD596729B1"
"tools/redmod/tweaks/base/gameplay/static_data/database/ai/actions/packages/factions/corpo/netrunner/weapon_packages/corpo_netrunner_rifle.tweak","7920","4562D12E0985AC12843B84DD73B728B66206F2F57F153F4D93AFB01F2213F92E"
"tools/redmod/tweaks/base/gameplay/static_data/database/ai/actions/packages/factions/corpo/netrunner/weapon_packages/corpo_netrunner_shotgun.tweak","7952","1213FCF8B36FC690EFAFBC623AE417F0B2E9BF358241F19E0723C64A0AEC923A"
"tools/redmod/tweaks/base/gameplay/static_data/database/ai/actions/packages/factions/corpo/netrunner/weapon_packages/corpo_netrunner_sniper.tweak","12316","4CE0D116E9FD876D910D13621EC3E7E3A7DBB07919B2482E577AF142A5D45C9A"
"tools/redmod/tweaks/base/gameplay/static_data/database/ai/actions/packages/factions/corpo/netrunner/weapon_packages/corpo_netrunner_submachinegun.tweak","8364","840F848BCC79A12D1C1F8A4B418128B1939569BE8906F867B8B5B39542129217"
"tools/redmod/tweaks/base/gameplay/static_data/database/ai/actions/packages/factions/corpo/support/corpo_support.tweak","4679","9E3428435037167B6B001A5F52DBC7BE24233AF0DA247C658E3B295676303A45"
"tools/redmod/tweaks/base/gameplay/static_data/database/ai/actions/packages/factions/corpo/support/weapon_packages/corpo_support_handgun.tweak","7172","1DFF1117E8439A023303320A4E1F1900A8B819373FF2BCF415C1BC728B19DF23"
"tools/redmod/tweaks/base/gameplay/static_data/database/ai/actions/packages/factions/corpo/support/weapon_packages/corpo_support_lightmachinegun.tweak","8891","9A8519CA26E954EF5D7DAD992E2BEB84E61E204126B158D36B27BDDEF5767819"
"tools/redmod/tweaks/base/gameplay/static_data/database/ai/actions/packages/factions/corpo/support/weapon_packages/corpo_support_rifle.tweak","7898","1C6FCCC5B27E458FE7542B2E60EEBB64CB695232253B323895A532C3E085B665"
"tools/redmod/tweaks/base/gameplay/static_data/database/ai/actions/packages/factions/corpo/support/weapon_packages/corpo_support_shotgun.tweak","7930","E1CB1FBAFE23E611CA7831D2653D4B011386F6474F78B4E6D5D4330DA82BEB41"
"tools/redmod/tweaks/base/gameplay/static_data/database/ai/actions/packages/factions/corpo/support/weapon_packages/corpo_support_sniper.tweak","14590","301B60E5557EE264A49772CF09E20294E2315BF212E19906CF2B53F2E9D20A70"
"tools/redmod/tweaks/base/gameplay/static_data/database/ai/actions/packages/factions/corpo/support/weapon_packages/corpo_support_submachinegun.tweak","8342","B8EDCFE54F4D835AA286024886AB826B8630D5A56E4313406DD1D1CBBEB73A6D"
"tools/redmod/tweaks/base/gameplay/static_data/database/ai/actions/packages/factions/gang/android/gang_android.tweak","8079","C258065990DB194D6708D5A02508D43AD14B716E5E50D0241A76B583C767AFC9"
"tools/redmod/tweaks/base/gameplay/static_data/database/ai/actions/packages/factions/gang/android/weapon_packages/gang_android_fist.tweak","5531","D01B5C815CB0878C8AD3A2859D8879F1DDB0D96E3C34156D7F7C718B9AA5E4D2"
"tools/redmod/tweaks/base/gameplay/static_data/database/ai/actions/packages/factions/gang/android/weapon_packages/gang_android_handgun.tweak","7143","536AC77B340036783E0F86EA23C0D3670C0B2178551CB819CF92F36BFDE571BC"
"tools/redmod/tweaks/base/gameplay/static_data/database/ai/actions/packages/factions/gang/android/weapon_packages/gang_android_lightmachinegun.tweak","7615","B8655CF91DF85B7C28932DD0B640623FEF49D7B965169337DF1D2AB6CF3191DB"
"tools/redmod/tweaks/base/gameplay/static_data/database/ai/actions/packages/factions/gang/android/weapon_packages/gang_android_rifle.tweak","6823","3A0DC69AE3EF54141B299A0232E7AF41EF0D224C34544922EE619F9E6AAD06B8"
"tools/redmod/tweaks/base/gameplay/static_data/database/ai/actions/packages/factions/gang/android/weapon_packages/gang_android_shotgun.tweak","6855","019B42D6BAC625CADF6FA498D5C8C178E8A1BAD10779F889322E104A13C8C61B"
"tools/redmod/tweaks/base/gameplay/static_data/database/ai/actions/packages/factions/gang/android/weapon_packages/gang_android_sniper.tweak","12701","1994BDAA4F9A2772F44691E8082F4CC043C9DCFFFDA922826127085577B561E5"
"tools/redmod/tweaks/base/gameplay/static_data/database/ai/actions/packages/factions/gang/android/weapon_packages/gang_android_submachinegun.tweak","7267","CB6D389F24EC9A51FFAF849E656B0082E32FEC9261FF759AF3F0F5B8C825F3DF"
"tools/redmod/tweaks/base/gameplay/static_data/database/ai/actions/packages/factions/gang/assault/gang_assault.tweak","3846","9EE458900E7A660B42AB41AE855E7D6DF481E90C84775594DEE0830BB994C583"
"tools/redmod/tweaks/base/gameplay/static_data/database/ai/actions/packages/factions/gang/assault/weapon_packages/gang_assault_handgun.tweak","7113","E536E79F97C3633B4803C9E82577A24A8A3B48E248DD4ACA94F68F18FB541615"
"tools/redmod/tweaks/base/gameplay/static_data/database/ai/actions/packages/factions/gang/assault/weapon_packages/gang_assault_lightmachinegun.tweak","8831","CB65AF69B8A508F5DEAE1DAF29EF2D7BD45F9212B765F9717B981F1DBB645C28"
"tools/redmod/tweaks/base/gameplay/static_data/database/ai/actions/packages/factions/gang/assault/weapon_packages/gang_assault_rifle.tweak","7841","A2749C000325EF4322C5753359C9448B80FF3F9ACCD7808C84E660419DE3A04D"
"tools/redmod/tweaks/base/gameplay/static_data/database/ai/actions/packages/factions/gang/assault/weapon_packages/gang_assault_shotgun.tweak","7873","97CCD61850553198CE6B2BE167B11A16585E21DEFBCA9AA6B0DC9DC1864BB71B"
"tools/redmod/tweaks/base/gameplay/static_data/database/ai/actions/packages/factions/gang/assault/weapon_packages/gang_assault_sniper.tweak","13261","C65A6D341A9E613128D1C15B711AA3ED6B72C86389AE7A2FEA113F8A9559297C"
"tools/redmod/tweaks/base/gameplay/static_data/database/ai/actions/packages/factions/gang/assault/weapon_packages/gang_assault_submachinegun.tweak","8285","6BAEBA8D9E6D338EAE5674AF8089A2D3D16F0C2854FDBCE0F3CF20EFFB1CF4C7"
"tools/redmod/tweaks/base/gameplay/static_data/database/ai/actions/packages/factions/gang/generic/gang.tweak","3331","DA1B27E58B7359132974AA2097B151CCC3776B96138C716527C7256BE8664E8A"
"tools/redmod/tweaks/base/gameplay/static_data/database/ai/actions/packages/factions/gang/generic/hybridhmgcustom.tweak","1565","A97622D6D96FEBC1AA28B4A990D4B8DF378D38F94BAA6F4F0B4A3D46313EBB98"
"tools/redmod/tweaks/base/gameplay/static_data/database/ai/actions/packages/factions/gang/generic/weapon_packages/gang_fists.tweak","14226","3FECAE079AEDFEF389C94D056B6FBD521F115446AF6E92E0CB77F30AA165A5C8"
"tools/redmod/tweaks/base/gameplay/static_data/database/ai/actions/packages/factions/gang/generic/weapon_packages/gang_hammer.tweak","11432","F3A957824E7E07C86AC049F65391473033F08537A07AFAE0AB27E0762AD69033"
"tools/redmod/tweaks/base/gameplay/static_data/database/ai/actions/packages/factions/gang/generic/weapon_packages/gang_handgun.tweak","52060","561FB8CE4638EAC1C268705D0DA65AF3D4AA0F47DE582EE44DCC63ADA404B8A6"
"tools/redmod/tweaks/base/gameplay/static_data/database/ai/actions/packages/factions/gang/generic/weapon_packages/gang_hmghybrid_custom.tweak","25069","135C7842161EA126D463EF8F9F988A4D39A9DCC1C5AD72A95F950943A1FABF7F"
"tools/redmod/tweaks/base/gameplay/static_data/database/ai/actions/packages/factions/gang/generic/weapon_packages/gang_katana.tweak","12532","675E4AA40725B0A6A389AAEF391CE13B25E5529248F12FA094CEA866F563B605"
"tools/redmod/tweaks/base/gameplay/static_data/database/ai/actions/packages/factions/gang/generic/weapon_packages/gang_knife.tweak","10995","970BAF715A99867389640F0670CA0AA9D2022F272E6B1F70C19A42F5F135362B"
"tools/redmod/tweaks/base/gameplay/static_data/database/ai/actions/packages/factions/gang/generic/weapon_packages/gang_lightmachinegun.tweak","33054","36752A925484A9ED86BC663AAE6C3FAC0031BE69EBDA9ED8DE99F34B42F743BA"
"tools/redmod/tweaks/base/gameplay/static_data/database/ai/actions/packages/factions/gang/generic/weapon_packages/gang_longblade.tweak","9587","951F1F9194481927875BF707E23893073853955881F4CCB6B1E1B196CFDC233A"
"tools/redmod/tweaks/base/gameplay/static_data/database/ai/actions/packages/factions/gang/generic/weapon_packages/gang_mantisblades.tweak","12069","C567DC75B3A8AABC31BB03FEB25FCD00D672F885FBCAC4D7AD21B8EDC95CF84E"
"tools/redmod/tweaks/base/gameplay/static_data/database/ai/actions/packages/factions/gang/generic/weapon_packages/gang_onehandedclub.tweak","11223","61391454EB84D938B9D08AE767CA482203E13EC312EB83545046FCA6FEF0C40E"
"tools/redmod/tweaks/base/gameplay/static_data/database/ai/actions/packages/factions/gang/generic/weapon_packages/gang_rifle.tweak","28203","2AB0416C88F999E5DB904AD100154FCBC2A9D4AE0F75B9630EC9648D6B4F9457"
"tools/redmod/tweaks/base/gameplay/static_data/database/ai/actions/packages/factions/gang/generic/weapon_packages/gang_shotgun.tweak","32306","2A1333800147D0EE958F55D12B40562DB14FB0C4E2AE7B49041165E75EB17B38"
"tools/redmod/tweaks/base/gameplay/static_data/database/ai/actions/packages/factions/gang/generic/weapon_packages/gang_sniper.tweak","47742","68B7AFA5D4C64431C0627656335B1E2BFDCE0BF0619F8FC1FA5B4733D8E91756"
"tools/redmod/tweaks/base/gameplay/static_data/database/ai/actions/packages/factions/gang/generic/weapon_packages/gang_submachinegun.tweak","28591","E374CE7C1A9C1359E8071D723287BCA8299F755EB4695DFAD370EDA15C30FE55"
"tools/redmod/tweaks/base/gameplay/static_data/database/ai/actions/packages/factions/gang/generic/weapon_packages/gang_twohandedclub.tweak","10482","63AAB61E3D20567115F0061EA427D576BF4DA41EF3F9DA48DCB6B7F5E07F7E16"
"tools/redmod/tweaks/base/gameplay/static_data/database/ai/actions/packages/factions/gang/netrunner/gang_netrunner.tweak","25539","3EAB7434924A4F9E8DF2674AFC5BFD2A3F771068CE352AFFD7414EA1AB2B79BC"
"tools/redmod/tweaks/base/gameplay/static_data/database/ai/actions/packages/factions/gang/netrunner/maxtac_netrunner.tweak","8087","2B004E67DB70938C17AD582C91E64FF40A2707F941EA3B7FCE24B0AA0E07AB5E"
"tools/redmod/tweaks/base/gameplay/static_data/database/ai/actions/packages/factions/gang/netrunner/weapon_packages/gang_netrunner_handgun.tweak","7135","7BB0692A2B40E6A661F8CE7FD8B40183E26CC2C14565454A78355B2A4BCD8770"
"tools/redmod/tweaks/base/gameplay/static_data/database/ai/actions/packages/factions/gang/netrunner/weapon_packages/gang_netrunner_lightmachinegun.tweak","8853","E84D58B8BCAB4FDBF435696495853FBF998FAAE4F3BC7C1E91B4C7325323E5F0"
"tools/redmod/tweaks/base/gameplay/static_data/database/ai/actions/packages/factions/gang/netrunner/weapon_packages/gang_netrunner_rifle.tweak","7863","428F4C7E727DBFB389D7831C95F80FA48814139288E74C2AB65B85F9A5C4E1F4"
"tools/redmod/tweaks/base/gameplay/static_data/database/ai/actions/packages/factions/gang/netrunner/weapon_packages/gang_netrunner_shotgun.tweak","7895","84F383FAE0B8D7A6F5C14CB8D800314D6AC85B35E1835812DE696CDE30805B37"
"tools/redmod/tweaks/base/gameplay/static_data/database/ai/actions/packages/factions/gang/netrunner/weapon_packages/gang_netrunner_sniper.tweak","12236","8688F5D09D094F0AB4F53BC5F8FE40B7E114D5AB1410DE64FB9AAA95E774F79C"
"tools/redmod/tweaks/base/gameplay/static_data/database/ai/actions/packages/factions/gang/netrunner/weapon_packages/gang_netrunner_submachinegun.tweak","8307","80AD8DBF012A7982A05BAF0ADAF53DB9327D74AD9CA7EEC6ABA07D3CD4865698"
"tools/redmod/tweaks/base/gameplay/static_data/database/ai/actions/packages/factions/gang/netrunner/weapon_packages/maxtac_netrunner_handgun.tweak","7179","3C472FB2089C74A289C11928CAD3B1CE7D025DC9C03FE753F9830F65618FA1C0"
"tools/redmod/tweaks/base/gameplay/static_data/database/ai/actions/packages/factions/gang/support/gang_support.tweak","4648","9600D7720E7817DD9F107708EB94A2434218ED5E71F7E949BDD44B7B1F49A545"
"tools/redmod/tweaks/base/gameplay/static_data/database/ai/actions/packages/factions/gang/support/weapon_packages/gang_support_handgun.tweak","7113","1E4468FC036E0898D83F365B9478F6E8EDBDAC2DA57C50FFA0FF6F36DBB60565"
"tools/redmod/tweaks/base/gameplay/static_data/database/ai/actions/packages/factions/gang/support/weapon_packages/gang_support_lightmachinegun.tweak","8831","F8532EBDD840235DDE36561485975BECEA79F69641460FA02823BE82B077EC3D"
"tools/redmod/tweaks/base/gameplay/static_data/database/ai/actions/packages/factions/gang/support/weapon_packages/gang_support_rifle.tweak","7841","BB3277792125AD554D6E1CA6F1E7FA8EE4A9A19C3147962DDFF8C1B23D16CD88"
"tools/redmod/tweaks/base/gameplay/static_data/database/ai/actions/packages/factions/gang/support/weapon_packages/gang_support_shotgun.tweak","7873","2FDCB0A27CDC3DB97E7CB05DD642EF02412ED4D141A80895C1375DACC0B521EB"
"tools/redmod/tweaks/base/gameplay/static_data/database/ai/actions/packages/factions/gang/support/weapon_packages/gang_support_sniper.tweak","14502","1F4DB93240DA564A051B8F256D23BAAFA258B9AB7A1DBBA3CB572ED2264E8CD1"
"tools/redmod/tweaks/base/gameplay/static_data/database/ai/actions/packages/factions/gang/support/weapon_packages/gang_support_submachinegun.tweak","8285","E77808B0B5129AD551233F2840308AB41939173807912B0DB0EB26AF8B4897DC"
"tools/redmod/tweaks/base/gameplay/static_data/database/ai/actions/packages/factions/tutorial/melee/tutorial_melee_atk_light.tweak","9579","B33E6C11168FCDBF0A2486E93BFC146E01A1817082FFFBE4BAAB8EA4032C5486"
"tools/redmod/tweaks/base/gameplay/static_data/database/ai/actions/packages/factions/tutorial/melee/tutorial_melee_atk_strong.tweak","10596","ED111857B53AC7E1DDB969E0EA21F650B8E48A873B458B40DADABD03B515A19E"
"tools/redmod/tweaks/base/gameplay/static_data/database/ai/actions/packages/factions/tutorial/melee/tutorial_melee_block.tweak","6244","C357C0E353CCB4A61581C241147D27B1DB6E8FB22D7DDC7DA6CEB50395F048F1"
"tools/redmod/tweaks/base/gameplay/static_data/database/ai/actions/packages/factions/tutorial/melee/tutorial_melee_deflect.tweak","3883","A15AD648EDDAD651D1C7F5D3B4050291DF94AF2E2EEED1110EE28FDF70E5B9D0"
"tools/redmod/tweaks/base/gameplay/static_data/database/ai/actions/packages/factions/tutorial/melee/tutorial_melee_guardbreak.tweak","11229","20C1C922184AB2AD8FD6AAEDBB41D3C8652ECFFC94D486D02BABAC52068F8F0E"
"tools/redmod/tweaks/base/gameplay/static_data/database/ai/actions/packages/factions/tutorial/melee/tutorial_melee_no_action.tweak","5237","8D5BF207CDFDCAF4D1E1917BC9B1E7E879CC425FF6DB791CAAD14462F65CF4A5"
"tools/redmod/tweaks/base/gameplay/static_data/database/ai/actions/packages/generic/genericpackage.tweak","12768","680AB048D289DBDC56838CBC361D7E489E7550293966CB127313457568F1FE54"
"tools/redmod/tweaks/base/gameplay/static_data/database/ai/actions/packages/spiderbot/spiderbot.tweak","214","0E07B1EDFC2F68C838D5A14A68B40DB50A8DB10394736AC6559127F8E7EBD942"
"tools/redmod/tweaks/base/gameplay/static_data/database/ai/actions/samples.tweak","14582","FA0A045A00EAE3C363002A3B999AEA20D09887BDD1091BA821B1AD0AF0A4D0E0"
"tools/redmod/tweaks/base/gameplay/static_data/database/ai/actions/schema_action.tweak","19237","7D0112647E7AA196015DFD5C7930076D1D54F5D94F640C2380240CF4B7F621BA"
"tools/redmod/tweaks/base/gameplay/static_data/database/ai/actions/schema_composite.tweak","804","8E49B3B7DBEFE2FE4852E398898D399956928DA2AFC11E4595F4207417928E45"
"tools/redmod/tweaks/base/gameplay/static_data/database/ai/actions/schema_condition.tweak","14772","72FA8811A33913615023ED3DB88AD3FF5ACCFE478743562D356B37B858770BF2"
"tools/redmod/tweaks/base/gameplay/static_data/database/ai/actions/test/equip.tweak","35","08E7933874EB8C3C9E0F414C7067484307716312795838448F9FBE475A411B51"
"tools/redmod/tweaks/base/gameplay/static_data/database/ai/actions/test/grenadethrow.tweak","35","08E7933874EB8C3C9E0F414C7067484307716312795838448F9FBE475A411B51"
"tools/redmod/tweaks/base/gameplay/static_data/database/ai/actions/test/reload.tweak","35","08E7933874EB8C3C9E0F414C7067484307716312795838448F9FBE475A411B51"
"tools/redmod/tweaks/base/gameplay/static_data/database/ai/actions/test/shoot.tweak","35","08E7933874EB8C3C9E0F414C7067484307716312795838448F9FBE475A411B51"
"tools/redmod/tweaks/base/gameplay/static_data/database/ai/actions/test/weapon_archetypes/equip.tweak","353","787C44A85AFBB26994F5188EB675C80433D864511F31E164A7F8C60C99DCCA56"
"tools/redmod/tweaks/base/gameplay/static_data/database/ai/actions/test/weapon_archetypes/grenadethrow.tweak","1321","2625C4B931F75450FFA1CBBAA67F250A1CFF065D1438407A01CF58DEA02C1E08"
"tools/redmod/tweaks/base/gameplay/static_data/database/ai/actions/test/weapon_archetypes/reload.tweak","1067","F15D550AE65053D4231DBCC632347F6D4BA9510D8B87A58F50923CB1CB933D42"
"tools/redmod/tweaks/base/gameplay/static_data/database/ai/actions/test/weapon_archetypes/shoot.tweak","301","CF288B181D60FE4767AFA4CF474EEB1964ECBCB769ABEAA4D4D29BB91982095B"
"tools/redmod/tweaks/base/gameplay/static_data/database/ai/actions/test/weapon_archetypes/shootprecise.tweak","1718","FF9546A7DACA6270C7928C5109BA42289074D6986D682D91DCA5A703A5347AA4"
"tools/redmod/tweaks/base/gameplay/static_data/database/ai/actions/test/weapon_archetypes/shootprecisecrouch.tweak","1776","3BC62C7B9A2AE662E150A7D89536AECBF2EB031498F538DF09CFF90F6D5A711A"
"tools/redmod/tweaks/base/gameplay/static_data/database/ai/aigeneralsettings.tweak","8500","69C6A599A8B93D700FFFF27DBE87152AB1E3B69A752E596007F60412817EF390"
"tools/redmod/tweaks/base/gameplay/static_data/database/ai/archetype_data/archetype_types.tweak","1961","4371BFA32EA398205EB0DDDD2CE3E7FC21DC0AA0BE19BBA5A3A27900AB3FD80D"
"tools/redmod/tweaks/base/gameplay/static_data/database/ai/archetype_data/archetypedata.tweak","20888","F561B6B03ECCA3B514470729218EBDAE790929FA7ED644CD6CDA00DB7A8BD336"
"tools/redmod/tweaks/base/gameplay/static_data/database/ai/archetype_data/schema_archetype.tweak","335","D3EF4A697AA996D61902BCFE5DC2716E8A87524226694A7B60193125A057130D"
"tools/redmod/tweaks/base/gameplay/static_data/database/ai/attack_patterns/schema_pattern.tweak","337","FE64C459DFC479986BA84579E01C5D0A313A4C93D5E6E7F756B8D4B33D7C17A5"
"tools/redmod/tweaks/base/gameplay/static_data/database/ai/attack_patterns/shootingpatterns.tweak","185232","116D77DD0CB4503D7E64C6D7FB5ED999D68024F613ECE76526AA4C36550D4F29"
"tools/redmod/tweaks/base/gameplay/static_data/database/ai/cover_selection/cover_selection_parameters_schema.tweak","4375","E9A83706B69A20DE0DD83FD9A4B32D27A9D1D500772C2C3987E8821A32F5731E"
"tools/redmod/tweaks/base/gameplay/static_data/database/ai/cover_selection/cover_selection_parameters.tweak","16627","A886497422EEDCDF28CC4B1CB2F7A1B1B998E5166038FFA2E3D8D013776EE433"
"tools/redmod/tweaks/base/gameplay/static_data/database/ai/cover_selection/cover_selection_presets_schema.tweak","368","7B97EC0D984F6D0B1E28CD7CF859AF6EE098714F36151C21B5D29C1AF364F76F"
"tools/redmod/tweaks/base/gameplay/static_data/database/ai/cover_selection/cover_selection_presets.tweak","28739","01210BF7473A18F7717F02C3BF688CFEB5E7B9352D915CE91682E0384C26D311"
"tools/redmod/tweaks/base/gameplay/static_data/database/ai/debug/debug.tweak","55","D8184429774FEDCD58D62259150902B3A478777D16609A4D53857E0197C02AD4"
"tools/redmod/tweaks/base/gameplay/static_data/database/ai/enums/actiontarget.tweak","8331","4ACF62BDADFC7B4E4332E013C0742B060BEE4881C54F12FBB0351417750DB808"
"tools/redmod/tweaks/base/gameplay/static_data/database/ai/enums/actiontype.tweak","1282","E8C64F3D4076D562DC7D776A713D13D783426D523AB2AC1260768B1256064E86"
"tools/redmod/tweaks/base/gameplay/static_data/database/ai/enums/additionaltracetypes.tweak","291","1D6677454D14EBE3B3B90E420024CFA3F73F0C0EB441EF91745987206976EF2E"
"tools/redmod/tweaks/base/gameplay/static_data/database/ai/enums/aidifficulty.tweak","656","33C700BD0AE133BA2567E1854B637E5834483D569E9493D2AA96C16704D6C179"
"tools/redmod/tweaks/base/gameplay/static_data/database/ai/enums/companiondistancepreset.tweak","450","DC2F2B6C69B3FCE6C73FF3C4854F92D88C734E681D4986721D9C865C981C6AC3"
"tools/redmod/tweaks/base/gameplay/static_data/database/ai/enums/exposuremethodtype.tweak","359","752CF6C71613EE851803E9C55AAEE84FA177260F6D73D4E5E319BC2D551828D3"
"tools/redmod/tweaks/base/gameplay/static_data/database/ai/enums/ringtype.tweak","1118","A4A6C7F3999C152261F393E7938BDE322008B7113E28FEE54CD3FC2985FCC293"
"tools/redmod/tweaks/base/gameplay/static_data/database/ai/enums/role.tweak","270","9B357B7ADD5FF277D80BDD73CE386C1E3561836F6790A34BEF6B0F47164931AB"
"tools/redmod/tweaks/base/gameplay/static_data/database/ai/enums/schema.tweak","1846","05349E59C6FF475C656B5A48E36E21413E5CB32FB8378316F820F460A61DEACC"
"tools/redmod/tweaks/base/gameplay/static_data/database/ai/enums/sectortype.tweak","1190","9725EC7EB9B11A72DBA452419E13B2694023C46C4EFEFBD4A761EA78D7928BA1"
"tools/redmod/tweaks/base/gameplay/static_data/database/ai/enums/securityareatype.tweak","349","F9DBD08CB361FB748C3C0D10D8B010C778904FD2392E7BE27F2015C17A39E913"
"tools/redmod/tweaks/base/gameplay/static_data/database/ai/enums/securitynotificationtype.tweak","708","FA1404C952D8F293C3D62D527280ACD18A2F8509FFC7716C008A0953D8922D83"
"tools/redmod/tweaks/base/gameplay/static_data/database/ai/enums/sensestype.tweak","488","69060636CD81B80DFFC8E2F7E84DA8ADDFF56DF5DF2602CAF44F912C24AAB8D2"
"tools/redmod/tweaks/base/gameplay/static_data/database/ai/enums/smartcompositetype.tweak","888","129D9F1078AD36636F1FDDDDF5C6C379F78E3323AE1B01D4F08C90A7B2F20953"
"tools/redmod/tweaks/base/gameplay/static_data/database/ai/enums/squadtype.tweak","346","47094E44758B80E31C08D74346B2F4085620E62F063065CEBB0A5F5FB41E2E5D"
"tools/redmod/tweaks/base/gameplay/static_data/database/ai/enums/tactictype.tweak","582","8835D92848C6F3A765C8061695AA6A5FBFDFC0A9AF306B6A9D68D60CEA78DC7E"
"tools/redmod/tweaks/base/gameplay/static_data/database/ai/enums/threatpersistancesource.tweak","1416","C0FB7816579CD1D5F4B70E5BDCC3724D8858816A24B08D1B6CAC928680CF6243"
"tools/redmod/tweaks/base/gameplay/static_data/database/ai/enums/tickettype.tweak","4288","43984A2484994C884F29CCB9B4BF6635708168C374CB77AE9B667D10CF0041A0"
"tools/redmod/tweaks/base/gameplay/static_data/database/ai/item_conditions/weaponconditions.tweak","11559","865401BC2AA41100980DF36F040989179AF250969E07448C651E7E90078FB11A"
"tools/redmod/tweaks/base/gameplay/static_data/database/ai/lights/light_preset_schema.tweak","285","4334EB0BA40067D035978F94D71F4038EFAA320041A13198A8B98DFA0EC1A7DF"
"tools/redmod/tweaks/base/gameplay/static_data/database/ai/lights/mechanicallightpreset.tweak","2239","DBA773326BA0D2BF53E4AAE677B19DD6FFDC40DB7E9CCAF3CD403B6E4DFD9272"
"tools/redmod/tweaks/base/gameplay/static_data/database/ai/movement_policy/schema.tweak","1901","CDC0A2615B1242A123F1A176F698926E8288D2837607E5DB561CC0933B369576"
"tools/redmod/tweaks/base/gameplay/static_data/database/ai/off_mesh_link_tags/off_mesh_tags.tweak","6453","B15492A7AC81E95D53AC772CECE0CAE7398227B19E0A18F7231FCAC43BA4A2D1"
"tools/redmod/tweaks/base/gameplay/static_data/database/ai/off_mesh_link_tags/schema.tweak","121","C90B566341F79FB2A2FBA8471B9D4F305A6D0E1EA90C32D616B75F97E84E71DD"
"tools/redmod/tweaks/base/gameplay/static_data/database/ai/reactions/schema.tweak","75","1D5ADDC0F4D5D272E1F839EC082C375E49A77153C51346915D7FBD8A34B48181"
"tools/redmod/tweaks/base/gameplay/static_data/database/ai/squads/base_squad.tweak","20325","B8DC29D2021EFD1419EE6EF9BCFAA968E98AF78E3821C3F6C4EE74971D2B3B22"
"tools/redmod/tweaks/base/gameplay/static_data/database/ai/squads/faction_squad.tweak","1821","9A46D9CF58DDE226D6239D7D1640192CDD01C3D0FFE0AF7A6F9F875C0C9CF173"
"tools/redmod/tweaks/base/gameplay/static_data/database/ai/squads/schema_squad.tweak","1804","61CB2179E241709667EAF035D0E0523499E7D6FFD72A7BA10B77CFF88E24998B"
"tools/redmod/tweaks/base/gameplay/static_data/database/ai/squads/squad_conditions.tweak","1364","0CE66EF7C59096859F15F160834ACB777DB848B5163F3CCFC067A1528534E59A"
"tools/redmod/tweaks/base/gameplay/static_data/database/ai/threattracking/schema.tweak","762","D16ECB10EB7860C8560198D5C1F091BDD2139E2495559DAFCBC00019F46EB547"
"tools/redmod/tweaks/base/gameplay/static_data/database/ai/threattracking/threattracking.tweak","1887","202CC6407BDA5194094DCB9177762E67BDEAB425DB26E63E344B66018E1540CF"
"tools/redmod/tweaks/base/gameplay/static_data/database/ai/time_between_hits/time_between_hits.tweak","1225","9BF2B68E6CE8815F545C4A07ED9A298F08A642984635207FB42376CD1AFF675A"
"tools/redmod/tweaks/base/gameplay/static_data/database/aim_assist/aim_assist_enum.tweak","866","1DEAA88FADC10AD541F403C70AD546766EB314B131B174729816E087BD089A9D"
"tools/redmod/tweaks/base/gameplay/static_data/database/aim_assist/aimsnap.tweak","2863","CE92F5E6A5279D3E55C82556DC33D2601DCE4C79D638A63076D8CEC4A2986ED3"
"tools/redmod/tweaks/base/gameplay/static_data/database/aim_assist/bullet_magnetism.tweak","933","B805062C3ADEDED523E152307173AA40560811F48D56F7D9C0BEA1FDCCE15622"
"tools/redmod/tweaks/base/gameplay/static_data/database/aim_assist/common.tweak","8940","D0A273A7ED0B74565412099738461566C6B4886B0F697D6F3F829B0E4EC125AC"
"tools/redmod/tweaks/base/gameplay/static_data/database/aim_assist/configs.tweak","12142","C5520A17BE7B6427084B2533385EFF44F7CE851ACF332362FE95DD269C3878D2"
"tools/redmod/tweaks/base/gameplay/static_data/database/aim_assist/finishing.tweak","602","DCB0254076336BCED58FE38B3722131BFC64511080CB6A9F760A93581071B921"
"tools/redmod/tweaks/base/gameplay/static_data/database/aim_assist/magnetism.tweak","8630","B3BE46E1FEEEEDC790F1448D1B1EA34C78BE59797C58B12EA965009C11F95B9D"
"tools/redmod/tweaks/base/gameplay/static_data/database/aim_assist/melee.tweak","847","97A5F30B6A7E4A527D79063D5F16D0184CBA039F276428354BA614015159F6BE"
"tools/redmod/tweaks/base/gameplay/static_data/database/aim_assist/schema.tweak","5062","1570CA2E582BAB7650FA0246A353705B2BE71B86D3E9F1DF2E723B3A18ADCF21"
"tools/redmod/tweaks/base/gameplay/static_data/database/aim_assist/settings.tweak","6796","F1897FB07CC05E6EFBE6B2DECFE463F4B74078807262B56207C7605FEF06DCC2"
"tools/redmod/tweaks/base/gameplay/static_data/database/aim_assist/targeting_component_settings.tweak","15977","DAC48C1A0688A8C9A148853A280BF32FC232EDF4E1AFE643165F3D3D5D7B5C41"
"tools/redmod/tweaks/base/gameplay/static_data/database/aim_assist/targeting_filters.tweak","2016","83DF0D6F66AB0F947A2F0D35CF97B182F290A7835242ECB048FFE71A8ABB2DB2"
"tools/redmod/tweaks/base/gameplay/static_data/database/arcade_minigames/general.tweak","102","AA91A575DFC47B0A911AAF6308DFC5F0E64256F23EFE253504F64A58E96BFAF8"
"tools/redmod/tweaks/base/gameplay/static_data/database/arcade_minigames/roach_race/general.tweak","2341","99336A63A92DE250A6D3EB8A57FDD321C54429F185875EF740DA7ADB561B5561"
"tools/redmod/tweaks/base/gameplay/static_data/database/arcade_minigames/roach_race/levels.tweak","23299","04ABD342FD190EAD54E7343AFA01187E1974DD11DF1107E72C298A19FE2CE111"
"tools/redmod/tweaks/base/gameplay/static_data/database/arcade_minigames/roach_race/movement_type.tweak","317","467E4A7208A1D343D5EE6504CC167B22A1997C2827354EE75E853C159AD90221"
"tools/redmod/tweaks/base/gameplay/static_data/database/arcade_minigames/roach_race/objects.tweak","2411","0B4AF19641E26D1F03ABE2E531FDA4C3880F03C92B69EC491CC79938F434CF16"
"tools/redmod/tweaks/base/gameplay/static_data/database/arcade_minigames/roach_race/power_up.tweak","913","A87DEC62935BBE88F5AA16A870CC3AB13D97E8BF2178BD27D8743FD77334EE10"
"tools/redmod/tweaks/base/gameplay/static_data/database/arcade_minigames/roach_race/schema.tweak","1681","D9D3CF7A7824150290BCC0C56E64034E8431A8458786D85CF5C8F46A76B65658"
"tools/redmod/tweaks/base/gameplay/static_data/database/arcade_minigames/schema.tweak","1491","E3D515FFFE18D39448FB44CEC2790E586A89BB419C992B7FBAEA34A3CA9EF03B"
"tools/redmod/tweaks/base/gameplay/static_data/database/arcade_minigames/shooter/bullet.tweak","4407","249A542499AADB45A80A7F499E3D98CBDD7FBC19667FBB99A8EFE3FFBD7D822F"
"tools/redmod/tweaks/base/gameplay/static_data/database/arcade_minigames/shooter/enemy.tweak","7048","CC7AA3F73F1D3B871D6BD6726D5939FBC2A8C29A4C0FC0038F86D9B7184A81E7"
"tools/redmod/tweaks/base/gameplay/static_data/database/arcade_minigames/shooter/general.tweak","4687","C1D79ACE70EE65B862B880AABCE4537E7F1C5A237C554853153302A15742BC05"
"tools/redmod/tweaks/base/gameplay/static_data/database/arcade_minigames/shooter/levels.tweak","11681","A72A8CFD72FFEAC7939EA7C5203BDDB610CC11097CACB7B8C78FAF447FFAB2D8"
"tools/redmod/tweaks/base/gameplay/static_data/database/arcade_minigames/shooter/npc.tweak","2423","2CC4C2F6728DD56DC650DB793BD55E72DF273899F0A0F737E76C68DACF42725D"
"tools/redmod/tweaks/base/gameplay/static_data/database/arcade_minigames/shooter/player.tweak","1239","91657E011D18F831C1DC6C266395D9332986A93F60E0AD7381B6BFD67AE26BDF"
"tools/redmod/tweaks/base/gameplay/static_data/database/arcade_minigames/shooter/power_up.tweak","2441","F123652B82CFB13AEAFF1C2D90FE50B928D4765E80A71043DFA1750556321D65"
"tools/redmod/tweaks/base/gameplay/static_data/database/arcade_minigames/shooter/schema.tweak","11324","022D1DF3855DE9447FBFD30BE53856018E5FD7378E4AD63E2B1B5780926951A2"
"tools/redmod/tweaks/base/gameplay/static_data/database/arcade_minigames/shooter/vfx.tweak","5552","BE2F1AC694D58C1110FF946D25A3AE78ABD448365949B416EE721A5C793DFD6E"
"tools/redmod/tweaks/base/gameplay/static_data/database/arcade_minigames/shooter/weapon.tweak","2456","D4CC1B8BD8D666C7E01C38462879222ADA8563234617D87CD172A0DB717FD202"
"tools/redmod/tweaks/base/gameplay/static_data/database/arcade_minigames/tank/background.tweak","1024","B5A899DDF92AC6AC1048328EF2154A13E9E2C0C221F3F3035D6230EF50B2AB83"
"tools/redmod/tweaks/base/gameplay/static_data/database/arcade_minigames/tank/decorations.tweak","5538","C29F19D23AB88596CE7FDC49EF3C9A9EF25378FA18B8B58737222FA35B969D77"
"tools/redmod/tweaks/base/gameplay/static_data/database/arcade_minigames/tank/ememy_arrangement.tweak","1854","C712A97CE8A5CF91463E6FED1C901CF3B2D68942DBAAADD3CEA0B2FBFDEC5A4D"
"tools/redmod/tweaks/base/gameplay/static_data/database/arcade_minigames/tank/enemy_spawn_arrangement.tweak","15874","53F12081BCFD3D2F9F9AE81BDA958DA510583941DAF17B25961F2573A0C7D556"
"tools/redmod/tweaks/base/gameplay/static_data/database/arcade_minigames/tank/enemy.tweak","21794","131D17092F68569A8DDE3BABE216904489A6DD38A8B141F7F600565E0DC895EC"
"tools/redmod/tweaks/base/gameplay/static_data/database/arcade_minigames/tank/general.tweak","2345","09F24D438F852CE13C072253D43F3E57B5B7C17377345AB00E1C49EAFA9EE636"
"tools/redmod/tweaks/base/gameplay/static_data/database/arcade_minigames/tank/levels.tweak","1053","0474B3DE91CC34F9DAA6E9D0E0E8F4BFE33833A24BC179FB983E36212541935E"
"tools/redmod/tweaks/base/gameplay/static_data/database/arcade_minigames/tank/obstacles.tweak","3789","A906B9FF0EBF2655C42059825506C002F46275F221868E71622B0CC3C5729F03"
"tools/redmod/tweaks/base/gameplay/static_data/database/arcade_minigames/tank/pickups.tweak","1674","AA5E9961C8F4A3085E41A1AE065A6514AE547376F0B657068FDD8D818477AF7C"
"tools/redmod/tweaks/base/gameplay/static_data/database/arcade_minigames/tank/player.tweak","455","3B1C4C8B64327ECBA5F377C8BC457487296F8D7F02B8391AB4999F49D52A93C7"
"tools/redmod/tweaks/base/gameplay/static_data/database/arcade_minigames/tank/projectile.tweak","1879","700C420F9939E4AE3FE3BDE9D040080EB95E8302FA0BD1A1D6EE474C580078D4"
"tools/redmod/tweaks/base/gameplay/static_data/database/arcade_minigames/tank/schema.tweak","3407","95B848D683D85570E1EC516CA7DD3CF2711F9D5BFD7976327E8728BE4E2DFEE8"
"tools/redmod/tweaks/base/gameplay/static_data/database/arcade_minigames/tank/weapon.tweak","3188","506C64B8C3AD3A4206CB3A1E7303F35B24F07DC99EBE03FE3D4CF355954F4DAA"
"tools/redmod/tweaks/base/gameplay/static_data/database/attachable_objects/attachableobjects.tweak","9589","0A443FC435FAF3BC3514DF133D32A5CDCB1115ADB1B85B12B77201FE8B6A2EB9"
"tools/redmod/tweaks/base/gameplay/static_data/database/attachable_objects/schema.tweak","60","B05B96F209CB59EDF5A4851A20EC075F1DC34AD976CA8160DD9DE5CA76FFD122"
"tools/redmod/tweaks/base/gameplay/static_data/database/attachment_slot/clothing_attachment_slots.tweak","1635","764CD5A265EDECCD352C2B814D40B21ABC08E36C87CEAEE0697A5A6F146504C8"
"tools/redmod/tweaks/base/gameplay/static_data/database/attachment_slot/cyberware_attachment_slots.tweak","3575","A3A1045C05222FEF00419B9BCFA66034091E1A202167915A8DA47451E24BA10A"
"tools/redmod/tweaks/base/gameplay/static_data/database/attachment_slot/grenades_attachment_slots.tweak","308","73BD6D55042EA283651FDCFC3040397B9CFEB7E2981C051FE9AA11E3FFF6DAB1"
"tools/redmod/tweaks/base/gameplay/static_data/database/attachment_slot/item_attachment_slots.tweak","1233","D358A94304A074393AD68A4DD79560BE9EC6D65C5A138B409E6BBC80A9FFF883"
"tools/redmod/tweaks/base/gameplay/static_data/database/attachment_slot/misc_attachment_slots.tweak","1377","2EA04FAB53B4550B0FBEF1F492471ADA55B929CE2502D1F7D2438809840F5CCB"
"tools/redmod/tweaks/base/gameplay/static_data/database/attachment_slot/puppet_attachment_slots.tweak","9845","F62B918E11E9D59264F7996B9BB2B400B3EA890F2420218EEB39DBEF16C58F61"
"tools/redmod/tweaks/base/gameplay/static_data/database/attachment_slot/schema.tweak","187","AE4B5F342EC469D5F4C2EDEEC7703E4D3D7B49B9A4A523139F1B2C98FC0EC79D"
"tools/redmod/tweaks/base/gameplay/static_data/database/attachment_slot/vehicle_attachment_slots.tweak","2509","91E6AC71A3B647D983DCBACF3533C66DB511EAF8CEED19EBA23964024FAEDD4D"
"tools/redmod/tweaks/base/gameplay/static_data/database/attachment_slot/weapon_attachment_slots.tweak","12880","1B81AE02AEF414BEA9B0D9F99B4F851DEE0834927E74CD3ACAC678787C218D07"
"tools/redmod/tweaks/base/gameplay/static_data/database/attack/adam_smasher_attacks.tweak","3972","406484AD5A0E9B6724C913C16FA88909E907EF293A1F7D91A46C0E2D525221C7"
"tools/redmod/tweaks/base/gameplay/static_data/database/attack/attack_stat_mods.tweak","7200","4ECFDFD1ED36D105ACD451A8A86C71763109ABE0C9F10809852F7728F5E49892"
"tools/redmod/tweaks/base/gameplay/static_data/database/attack/attacks.tweak","23408","C39C74BBCAF83B7AE7C9BF4ED47E5C1BB805C2ABBD859E46612F1B25349A18B3"
"tools/redmod/tweaks/base/gameplay/static_data/database/attack/attacksubtypes.tweak","846","5674404444883EAD4D9DFD9F5DF9705D73C337A8B9F79ED146FD6E05F848694E"
"tools/redmod/tweaks/base/gameplay/static_data/database/attack/attacktypes.tweak","1611","8083C7BCE59AAC8BDF2F6A9293D05F193E2D9948386BC6093E9946B7816FFAFA"
"tools/redmod/tweaks/base/gameplay/static_data/database/attack/bullets.tweak","55699","45ED91EB5965758541B3836495B388342E5530A14E9C5F6164C88CA26FA64B89"
"tools/redmod/tweaks/base/gameplay/static_data/database/attack/chimera_attacks.tweak","9731","E633C76D9F07EA3802602ACB2681CCEFD72149748BF31E4DFB35AFE5D85780D1"
"tools/redmod/tweaks/base/gameplay/static_data/database/attack/cyberware_attacks.tweak","4557","BFA4895DCA2E9D6B8CDBA804768637BC09240A509E452FF0977894AD7E217C55"
"tools/redmod/tweaks/base/gameplay/static_data/database/attack/device_attacks.tweak","13430","9B6CE48A7B3A025EF79F94D1C58B2927482DD0B767C9EA62F7DDCD364B5E0F03"
"tools/redmod/tweaks/base/gameplay/static_data/database/attack/direct.tweak","1371","BD9B15D9AE3B31C1682046D09375FFAD0C530B68043A60BC1D46986B21757F9A"
"tools/redmod/tweaks/base/gameplay/static_data/database/attack/dots.tweak","16208","3894081775034DEB653403F0AD558BE2D48966D6F210B70786677904B889FB35"
"tools/redmod/tweaks/base/gameplay/static_data/database/attack/environment_attacks.tweak","2303","1BB08A57B83078C39C6BF0B9FFC3D6301B6518B97DE27FB45CEDA4C34EC4BB04"
"tools/redmod/tweaks/base/gameplay/static_data/database/attack/explosions.tweak","51216","82636993E96B8F5613732F730ED537D9DBEAA1B6ACE1A54C91CA8306BBC46200"
"tools/redmod/tweaks/base/gameplay/static_data/database/attack/grenade_attacks.tweak","3585","50112A36C13E188A1760D148631A12A8B0A26246DF58D3D5DC862EB5B2585E8D"
"tools/redmod/tweaks/base/gameplay/static_data/database/attack/hercules_attacks.tweak","1470","6B881BC5B3F6BE2AED209D937015B93148B9DDB4AF10ED1D96E7692598E72FDA"
"tools/redmod/tweaks/base/gameplay/static_data/database/attack/melee/attacks_directions.tweak","3809","03BE98189551BF6027895349A0BF33AA0D27526517DF72C699C7275D29DEBC4A"
"tools/redmod/tweaks/base/gameplay/static_data/database/attack/melee/axe_attacks.tweak","20928","BE34974743993B2436A7C9A8182AC192ACB3959FC7E62DEA2ABC63ED3302F578"
"tools/redmod/tweaks/base/gameplay/static_data/database/attack/melee/baton_attacks.tweak","20795","46190B99A184867CB909A74B1F96F7849D95FAD4955CEA04627BC1B0C4D534C9"
"tools/redmod/tweaks/base/gameplay/static_data/database/attack/melee/chainsword_attacks.tweak","18412","6A94628AE4111EA8F46BA62B3AF2AA2E3707E0B051C5464F3906B74660E73A2E"
"tools/redmod/tweaks/base/gameplay/static_data/database/attack/melee/fists_attacks.tweak","17077","4A5A855E221B2F50600D589D0E114CD133BA732B219452EFD1777EC7B5C1DAFA"
"tools/redmod/tweaks/base/gameplay/static_data/database/attack/melee/katana_attacks.tweak","19078","70D3C745370E7EBAEFC0B10FF458E43C9CE71BC3C15CC9068D3F31DCEA7AE3BC"
"tools/redmod/tweaks/base/gameplay/static_data/database/attack/melee/knife_attacks.tweak","20356","AB2B5CBBED97521F91E82EBA4EF3AEAA118C252481FFD4C74C423B370B0972CE"
"tools/redmod/tweaks/base/gameplay/static_data/database/attack/melee/machete_attacks.tweak","30428","ED50B4B399F66AB6F46CD4477C3E225A8B2AA82200D8AA6863E1157A3AB69694"
"tools/redmod/tweaks/base/gameplay/static_data/database/attack/melee/mantis_blades_attacks.tweak","26886","5ABA3F0EE61F1F0DA65AA2BA0718A0EFF51FB239705A461385EEA97F99D2A4A2"
"tools/redmod/tweaks/base/gameplay/static_data/database/attack/melee/melee_attack_directions.tweak","772","B19500030F06AB9BA96382F7347D2FD5F13BF93BBF0012689D6F09D2AC39F97C"
"tools/redmod/tweaks/base/gameplay/static_data/database/attack/melee/melee_attacks.tweak","13838","6B77377C04C11FF75B4A050C34FAB429F3252C878270ECB9E4E839C71EBF96C7"
"tools/redmod/tweaks/base/gameplay/static_data/database/attack/melee/mono_wires_attacks.tweak","18005","DA9C25624D1E9E9FF66DA13D5380A3BC4D7CE72016A79F11AF5C51314827A988"
"tools/redmod/tweaks/base/gameplay/static_data/database/attack/melee/one_hand_blade_attacks.tweak","18786","16E4CB7C894FE053EB4AC857E3FED1B7959416A3D395B3B56B303F4F8829FA75"
"tools/redmod/tweaks/base/gameplay/static_data/database/attack/melee/one_hand_blunt_attacks.tweak","26839","44E1721E03A170950F56CF65BAD64325B271F511C64BDCBBD99DFABCB294FCCE"
"tools/redmod/tweaks/base/gameplay/static_data/database/attack/melee/strong_arms_attacks.tweak","20282","7F7DBDDF17B6E3B96046799D210D2EC401D40A96276013D20DEE73B8BD52EAC5"
"tools/redmod/tweaks/base/gameplay/static_data/database/attack/melee/two_hand_blunt_attacks.tweak","16679","14CCA9AC592737151C9C2A53D1E3768ADCF57727C8F196DB1ABC8C0D908C7C72"
"tools/redmod/tweaks/base/gameplay/static_data/database/attack/melee/two_hand_hammer_attacks.tweak","21798","6701A91465F551CDBC4B7FED22A1008E6A620D23D88D2B01A72AF940C2399705"
"tools/redmod/tweaks/base/gameplay/static_data/database/attack/minotaur_attacks.tweak","1714","9FD5B6E0C44E6AC3C53721A1068A41309CAAC1C7CF6F4ABB72A0051BF21D1FD1"
"tools/redmod/tweaks/base/gameplay/static_data/database/attack/newperk_attacks.tweak","835","40F20D90970DB3145809DDCE52973EC0E524C1C8FF86F416CCF2841A5B8B5CCE"
"tools/redmod/tweaks/base/gameplay/static_data/database/attack/npc_attacks.tweak","21870","EC7CE581805910CEFBF311AE7F8A3AE2D244405032F27FB7EB95D5FE9BE991A4"
"tools/redmod/tweaks/base/gameplay/static_data/database/attack/oda_attacks.tweak","2673","C4DC2CF86C2809AA63FE3BEAE0C555437ECC7C0EEAD44C437BC884E7BC5223E3"
"tools/redmod/tweaks/base/gameplay/static_data/database/attack/pressure_waves.tweak","4571","4E7C929DA58D46DB623E205D856DBCC23ED7A7143E5FE4F0E88A9ADF934DE681"
"tools/redmod/tweaks/base/gameplay/static_data/database/attack/projectile_launcher_round_attacks.tweak","6915","84C20A0F220E3453FA2A243300AD904390713C16720F8BC7CD67D5837FD1A4F7"
"tools/redmod/tweaks/base/gameplay/static_data/database/attack/royce_attacks.tweak","9127","879A624E8028D9C4F6294E40FDCED188B31EBA01B85E3457DE2902E6FE79B0C0"
"tools/redmod/tweaks/base/gameplay/static_data/database/attack/schema.tweak","3662","7510C7AE5DE34B42C508E9252BF8E0374838CF995F24FAE5D6B2B19DF96993EA"
"tools/redmod/tweaks/base/gameplay/static_data/database/attack/thrown_projectiles.tweak","3887","DA218A2F2AAC03A9520D73E8A12E2F4C5BBAD6BB4169556990F074FDB8FB887A"
"tools/redmod/tweaks/base/gameplay/static_data/database/attitude/attitudes_gameplay.tweak","1738","48D6EFB86F960B7785C7F04712303F6875929B21A6DB0C302115314C51809F9E"
"tools/redmod/tweaks/base/gameplay/static_data/database/attitude/attitudes_ow.tweak","29361","0AC187995E4C547D6E50592F1505B623CC19FD7CDFCAF519DD576F750B698BC5"
"tools/redmod/tweaks/base/gameplay/static_data/database/attitude/attitudes.tweak","49391","2E0E161BC5377EB831702B6AA570FEF33E0653B87859330674B2C79AA635C16F"
"tools/redmod/tweaks/base/gameplay/static_data/database/attitude/schema.tweak","303","142EA43D8F3EC87A4E55E262E0E5E27A943391F7010C7C381E4FD3815802407E"
"tools/redmod/tweaks/base/gameplay/static_data/database/bounties/bounties.tweak","6564","4E57BB5C22EC821B6E5E97095482249E53C1371D86370F0DE9A3D4A6EF49D049"
"tools/redmod/tweaks/base/gameplay/static_data/database/bounties/bounty_draw_tables.tweak","3077","7E615D1A8169BD0C9D93C8052DB5BC4874EE7F3D4642C55804E92FE350462147"
"tools/redmod/tweaks/base/gameplay/static_data/database/bounties/schema.tweak","492","90A67CE4F8B5A901B9DFE120ED8B9A8346156A666F60333831607DE16B31E318"
"tools/redmod/tweaks/base/gameplay/static_data/database/bounties/transgressions.tweak","6652","774F476A73E8967A0511257E57AC29AD8E6889A1653A784925BB619310BDFA74"
"tools/redmod/tweaks/base/gameplay/static_data/database/camera/scenes/scene_camera_dof_profiles.tweak","263","6E43234A7C5318CB6B0D82947864BF59F1A94446140DF4588D8B32BB6AA022D4"
"tools/redmod/tweaks/base/gameplay/static_data/database/camera/scenes/scene_camera_dof.tweak","249","BC97957981DEE79AE0B7180972C6740C39CFF1AF9207F701C48FCA692096BA77"
"tools/redmod/tweaks/base/gameplay/static_data/database/camera/schema.tweak","1604","60DC2C4BA06A9C732F053893AB8C3CB4EA631D9E5D7BE61F8668A2756C15F0B4"
"tools/redmod/tweaks/base/gameplay/static_data/database/carriable/mq001.tweak","157","966DB096D8CC9555A7A9A1139DABCA54FA99D33F5A429A7A7DD47E78C99A6283"
"tools/redmod/tweaks/base/gameplay/static_data/database/carriable/q000.tweak","341","8EA333E34644FA5E0F176C307A254A8557449B9EC64A41A7BF548ED20B86AF4D"
"tools/redmod/tweaks/base/gameplay/static_data/database/carriable/q005.tweak","311","1D6A4FAA37C1A316BD43739A62A18C49EB94E052A318F533D9EF048E47CABD27"
"tools/redmod/tweaks/base/gameplay/static_data/database/carriable/q103.tweak","301","4905B440B2F054D625F29A84AFE06B990539D16DAC04832F99A6DF7D06674BF8"
"tools/redmod/tweaks/base/gameplay/static_data/database/carriable/q113.tweak","192","B71B3E581E3A3ABBB1C8304F8B57490B4432A2EB6A75306FF95103125FD1F330"
"tools/redmod/tweaks/base/gameplay/static_data/database/carriable/samples.tweak","170","ED967BF6ACBB0D90280D97AA6D15A846F10339AB453F2384FB113A4E44AD1DFB"
"tools/redmod/tweaks/base/gameplay/static_data/database/carriable/schema.tweak","59","450A0D53C41F6192BF0B2AA5BC56A3BE77DF0563C02E0983912E6CE6CDFAAD1E"
"tools/redmod/tweaks/base/gameplay/static_data/database/characters/appearances/sample_values.tweak","105","68696B39585006EC951DDD8C05BBDB3F142E031AC85CA69EE58D242C36A527E0"
"tools/redmod/tweaks/base/gameplay/static_data/database/characters/bases/base_items.tweak","6016","230D7B3F3CDFA6BD7419C3728F3411D8D42336747FEBD3A98CBC4A53B230C9C6"
"tools/redmod/tweaks/base/gameplay/static_data/database/characters/bases/base_records.tweak","27006","49CDB8E02E42F273524B69E839A6376B6678E419C43943FDC3A24A3C06045829"
"tools/redmod/tweaks/base/gameplay/static_data/database/characters/bases/base_stat_pools.tweak","692","FC6E5F7C7AB6DD028345F504638E68245F1A2A5811965F8338BA2AB6D25D4ED2"
"tools/redmod/tweaks/base/gameplay/static_data/database/characters/bases/base_stats.tweak","44","CF16555BC0660DA66A2D74E8C5ACE6D66B5BAFA67D74F6FD6660557240BCD022"
"tools/redmod/tweaks/base/gameplay/static_data/database/characters/bases/base_visual_tags.tweak","44","CF16555BC0660DA66A2D74E8C5ACE6D66B5BAFA67D74F6FD6660557240BCD022"
"tools/redmod/tweaks/base/gameplay/static_data/database/characters/builds.tweak","947","6A6185F2CD915A0E0B7E2810BABE75BFCBC5379DF53B162E2CF596B49D82B406"
"tools/redmod/tweaks/base/gameplay/static_data/database/characters/defensemode.tweak","303","C10021C68DA7B16C50CEBF9DA12C0013486070847B6BFB01B0CC9418BE01E18B"
"tools/redmod/tweaks/base/gameplay/static_data/database/characters/genders.tweak","190","07EE338E28050BB2D6C1C5F7638EFB50A10730B6434E25C4C3BAB4D445899D6F"
"tools/redmod/tweaks/base/gameplay/static_data/database/characters/interactive_objects.tweak","264","5FF25E2468E1D2A644886BAAD9ECA410BA78E1DBB3CCF891D905FEAF4E9D2916"
"tools/redmod/tweaks/base/gameplay/static_data/database/characters/lifepaths.tweak","623","CC9674C49146C47A23B828883FD1A97C1CDE0EAC56E3E1580A941E608DC0CCC6"
"tools/redmod/tweaks/base/gameplay/static_data/database/characters/locomotionmode.tweak","162","5192AA808705871C25D15BDDFB68F7EDDD9956F19067E8B35BCBB1AC453E510A"
"tools/redmod/tweaks/base/gameplay/static_data/database/characters/loot_injection.tweak","367","4FF449FBE69FF177D5EACC2F3AFE0C08E1ACA704906DFAC175FBD32D6D8C7BCC"
"tools/redmod/tweaks/base/gameplay/static_data/database/characters/nameplate.tweak","498","2C98AA6FC6148EA8CE5A96576863C4B9E1346EF5A6E8C5E6A2740DC49C1DA26F"
"tools/redmod/tweaks/base/gameplay/static_data/database/characters/npcbehaviorstate.tweak","360","A0FF4836E172BD32D3BE1B7C2CB7FAFC1589187E1D488CCE18C8C8E94EBBF3EF"
"tools/redmod/tweaks/base/gameplay/static_data/database/characters/npchighlevelstate.tweak","631","49F7FEE5A997291362296FFA084C0523FA9D7C489BAC116FA3DC22797F42F3F2"
"tools/redmod/tweaks/base/gameplay/static_data/database/characters/npcs/records/crowds/civilians.tweak","186","60D5A1A327873D534111141BB12B1B9C62A610538A918AFED6FCB754522DC2DB"
"tools/redmod/tweaks/base/gameplay/static_data/database/characters/npcs/records/crowds/communities.tweak","99016","F0B9612977D11B9C4A19DA830BFE72FFEDD204A8F8F4C9760DF550A3034E2421"
"tools/redmod/tweaks/base/gameplay/static_data/database/characters/npcs/records/crowds/crowdsettings.tweak","11060","9A450CBAAD75D86387AC4E3FC4B6588A8E5A68A92BC7D044F9CF661181E0B5B2"
"tools/redmod/tweaks/base/gameplay/static_data/database/characters/npcs/records/crowds/e3_19_customs.tweak","534","280536E1B87F664513A1B4F9D812EA813F40FF87747002E48B344601CB0705D5"
"tools/redmod/tweaks/base/gameplay/static_data/database/characters/npcs/records/crowds/schema.tweak","1847","24FE39BDCAD757F70BEEF4DB8ACAFE67159092C4C893A53011FD1ADEA7F512F3"
"tools/redmod/tweaks/base/gameplay/static_data/database/characters/npcs/records/encounters/main_quests/q003.tweak","1871","058FD7568A7E3C333DC517CE89E27870ECD6700F38F57E9B833752E1521BE443"
"tools/redmod/tweaks/base/gameplay/static_data/database/characters/npcs/records/encounters/main_quests/q005.tweak","5249","6F20316F0AA9517BA99B1DE16C3F3233D97E0EC15C5C9A90F1F1985521A17807"
"tools/redmod/tweaks/base/gameplay/static_data/database/characters/npcs/records/encounters/main_quests/q101.tweak","2183","D7B31933CE51E2C33DF3C49CBA0A3BC3E4BB1CFF96E6E8DE6A9AFBAA033B0BF6"
"tools/redmod/tweaks/base/gameplay/static_data/database/characters/npcs/records/encounters/main_quests/q103.tweak","7975","709CAAA201FEFCB7B58A6AFFE3529FEA665EFD88255B604CF96829A670771CAA"
"tools/redmod/tweaks/base/gameplay/static_data/database/characters/npcs/records/encounters/main_quests/q104.tweak","5974","8BC366702F8C414832FF6AE418CF078A7B3CCE9A5673C7FC02887AF8D5761A48"
"tools/redmod/tweaks/base/gameplay/static_data/database/characters/npcs/records/encounters/main_quests/q105.tweak","5421","9559C2D20EEE59C961762EB61808E5940E3F81A581C142A87414E550F8C06435"
"tools/redmod/tweaks/base/gameplay/static_data/database/characters/npcs/records/encounters/main_quests/q108.tweak","2809","0C3BE2345E1941217EE44F62F2A06D865754B97BABD81F1D210A35360B0FE505"
"tools/redmod/tweaks/base/gameplay/static_data/database/characters/npcs/records/encounters/main_quests/q110.tweak","3200","EFA01B29170332D84654D723C487FA61E7318AE5503DF9971784A8300B48E41C"
"tools/redmod/tweaks/base/gameplay/static_data/database/characters/npcs/records/encounters/main_quests/q112.tweak","16363","B4D1C156C0AB2072CF91B43CD1AFA9167B53C9F7A35D16AE9C366B294FA15035"
"tools/redmod/tweaks/base/gameplay/static_data/database/characters/npcs/records/encounters/main_quests/q113.tweak","9971","69D046D844D8AFAB479861A5292DAAEA1A8FC30583BBBEFBE4DC1C91E32F565C"
"tools/redmod/tweaks/base/gameplay/static_data/database/characters/npcs/records/encounters/main_quests/q114.tweak","7978","E10B76F9934FEC15215F34D131214BBADE45BFE241C6AEE03E19AC3C1EA11174"
"tools/redmod/tweaks/base/gameplay/static_data/database/characters/npcs/records/encounters/main_quests/q115.tweak","13672","FE443D85F6E4CF0B52E03A7BE2164B48C840F20C5F7368D99D36062450B7EA13"
"tools/redmod/tweaks/base/gameplay/static_data/database/characters/npcs/records/encounters/side_quests/sq004.tweak","21","2178467338F9DBBC6EC56E235B6C21524804D190EBBCE7CEDE958100CC65AF2A"
"tools/redmod/tweaks/base/gameplay/static_data/database/characters/npcs/records/encounters/side_quests/sq006.tweak","21","2178467338F9DBBC6EC56E235B6C21524804D190EBBCE7CEDE958100CC65AF2A"
"tools/redmod/tweaks/base/gameplay/static_data/database/characters/npcs/records/encounters/side_quests/sq011.tweak","1829","3AEFB5B01EB69563E91BFF06711C48482723B9B1F5D88991080C2F3DC2BDBDC5"
"tools/redmod/tweaks/base/gameplay/static_data/database/characters/npcs/records/encounters/side_quests/sq012.tweak","21","2178467338F9DBBC6EC56E235B6C21524804D190EBBCE7CEDE958100CC65AF2A"
"tools/redmod/tweaks/base/gameplay/static_data/database/characters/npcs/records/encounters/side_quests/sq017.tweak","21","2178467338F9DBBC6EC56E235B6C21524804D190EBBCE7CEDE958100CC65AF2A"
"tools/redmod/tweaks/base/gameplay/static_data/database/characters/npcs/records/encounters/side_quests/sq021.tweak","1880","B14420DC69240FCAD545AD18774827A97A945986E44C6C2793CE06E49BB23F1E"
"tools/redmod/tweaks/base/gameplay/static_data/database/characters/npcs/records/encounters/side_quests/sq025.tweak","21","2178467338F9DBBC6EC56E235B6C21524804D190EBBCE7CEDE958100CC65AF2A"
"tools/redmod/tweaks/base/gameplay/static_data/database/characters/npcs/records/encounters/side_quests/sq026.tweak","1899","01D9C2E57CF8909185B9177F57318735FDF7E6B46366CE97617CD8E306063B1F"
"tools/redmod/tweaks/base/gameplay/static_data/database/characters/npcs/records/encounters/side_quests/sq027.tweak","21","2178467338F9DBBC6EC56E235B6C21524804D190EBBCE7CEDE958100CC65AF2A"
"tools/redmod/tweaks/base/gameplay/static_data/database/characters/npcs/records/encounters/side_quests/sq031.tweak","21","2178467338F9DBBC6EC56E235B6C21524804D190EBBCE7CEDE958100CC65AF2A"
"tools/redmod/tweaks/base/gameplay/static_data/database/characters/npcs/records/ethnicities/ethnic_names.tweak","193763","4BC3FF7F9DCBBDD6353C9DFBB1ACD16CFA34C8501BBDC29A151E00ABF830D3FA"
"tools/redmod/tweaks/base/gameplay/static_data/database/characters/npcs/records/ethnicities/ethnicities_appearance_map.tweak","52769","7FE5434FE7C7211B18D074056747131E51277D8AC9431043BF3F526753B359E8"
"tools/redmod/tweaks/base/gameplay/static_data/database/characters/npcs/records/ethnicities/ethnicities.tweak","923","C33CBD3BC2CEE6E5CC8DDE3EAAC24D98846BB8A8699114BC757A4E4B8CE705A6"
"tools/redmod/tweaks/base/gameplay/static_data/database/characters/npcs/records/ethnicities/schema.tweak","475","5E266049ED32D337CCA2F8F51118F4F2FEEEC1C883D49C3AD5D4C30878AEE793"
"tools/redmod/tweaks/base/gameplay/static_data/database/characters/npcs/records/gameplay/base_quest/main_quests.tweak","2705","06D4746EBC0EE6F1BDE17C6743526DF2E4F48367243B43505445AC265FC2B76E"
"tools/redmod/tweaks/base/gameplay/static_data/database/characters/npcs/records/gameplay/base_quest/minor_activities.tweak","29598","455F23F9882AE65B92BA8A091CCD125175F6C96C8E9AF232D2A65D4DF1297D7C"
"tools/redmod/tweaks/base/gameplay/static_data/database/characters/npcs/records/gameplay/base_quest/minor_quests.tweak","5722","783E31BD9C997A27953F0E3544B79F0F7B2EACB1B73986701B6E677C708114D0"
"tools/redmod/tweaks/base/gameplay/static_data/database/characters/npcs/records/gameplay/base_quest/open_world.tweak","3037","80042DF25BAD075992ABCDE32DECCA579CD4FD6F7F20ADC42DDC2CB054AF2D3B"
"tools/redmod/tweaks/base/gameplay/static_data/database/characters/npcs/records/gameplay/base_quest/side_quests.tweak","2460","368640C4D1AE275D28669446129335881FA09DB59194C26E65D87107245EF027"
"tools/redmod/tweaks/base/gameplay/static_data/database/characters/npcs/records/gameplay/base_quest/street_stories.tweak","10531","32E709D2AF8A57C253216302FA44A871797DBE6CB6017208FF3F7D1AC62AC6C2"
"tools/redmod/tweaks/base/gameplay/static_data/database/characters/npcs/records/gameplay/bosses.tweak","63356","3B0569A9E22B30F14C4A3968EE45C3DDF59BA6E718A3B913A89925C9EA7C296D"
"tools/redmod/tweaks/base/gameplay/static_data/database/characters/npcs/records/gameplay/factions/afterlife_mercs.tweak","14074","3F55DF89A20FD4AECE49A6F547EFB70CBE652593627DA713801DBC51DCC8C576"
"tools/redmod/tweaks/base/gameplay/static_data/database/characters/npcs/records/gameplay/factions/aldecaldos.tweak","10281","81E630998F17A735301AA440E600AE30D9BE7CEE022E6B9A53ADB637EA81F922"
"tools/redmod/tweaks/base/gameplay/static_data/database/characters/npcs/records/gameplay/factions/animals.tweak","35309","E77354D08E2FC3EF96956835E0C06E68E2D53D40C386C8C9243F91AF4D8131AB"
"tools/redmod/tweaks/base/gameplay/static_data/database/characters/npcs/records/gameplay/factions/arasaka.tweak","62120","45E8DB469BAE5B71469EF9E1E72D3DB16F78A817D51A0150FF7D4C3562A4AAAC"
"tools/redmod/tweaks/base/gameplay/static_data/database/characters/npcs/records/gameplay/factions/drones.tweak","218","569E08E925044F915969BC2A9801EF43CDC02D6E6C278BEF43D1310824E9B60C"
"tools/redmod/tweaks/base/gameplay/static_data/database/characters/npcs/records/gameplay/factions/fx_debug_npc_weapons.tweak","24368","E8ABCAC284BEEA9C300437B6CFCA260E9883A2A4EE093EBE8CFE66D2730C2644"
"tools/redmod/tweaks/base/gameplay/static_data/database/characters/npcs/records/gameplay/factions/generic.tweak","23385","E51175C65345237CBAB687E000505018EDF9E44CF335500D7357796F540221D6"
"tools/redmod/tweaks/base/gameplay/static_data/database/characters/npcs/records/gameplay/factions/kangtao.tweak","7327","D500A42D135AD9EF1C5655604B30CA4FF0C2070DC7F430254CC822A54A573396"
"tools/redmod/tweaks/base/gameplay/static_data/database/characters/npcs/records/gameplay/factions/maelstrom.tweak","50662","2493A1907831D60625A57CDD0E2298AE1AF4BF928BC6C8A3703F5B5D79258325"
"tools/redmod/tweaks/base/gameplay/static_data/database/characters/npcs/records/gameplay/factions/militech.tweak","19066","38A8EFE2540FB1A1B23AA3FB1BE529D732CAB075E8D2B900AA98DAB30AF9D3A7"
"tools/redmod/tweaks/base/gameplay/static_data/database/characters/npcs/records/gameplay/factions/ncpd.tweak","29467","B2095FBBABBCD88D20640B993E378EC34041C71C80CE5C329B03238F0D4DD124"
"tools/redmod/tweaks/base/gameplay/static_data/database/characters/npcs/records/gameplay/factions/scavengers.tweak","82990","AE9396BFFDB814B6B62517F90498B20B143677336217454D5104CAC59D2B2190"
"tools/redmod/tweaks/base/gameplay/static_data/database/characters/npcs/records/gameplay/factions/security.tweak","36326","296BE54511AA82221487342C3616543E90DFE24C8C9917C307DBCA9F1F84897C"
"tools/redmod/tweaks/base/gameplay/static_data/database/characters/npcs/records/gameplay/factions/sixth_street.tweak","24419","A97FD0596C6AA87F257D9C9E772801CA50178234FC57E58C648E3BA74B0AC82C"
"tools/redmod/tweaks/base/gameplay/static_data/database/characters/npcs/records/gameplay/factions/the_mox.tweak","6883","D0EBD516853A1D000A8568D5B363DD181E6020F8C177A82E59F165C70F652F02"
"tools/redmod/tweaks/base/gameplay/static_data/database/characters/npcs/records/gameplay/factions/trauma_team.tweak","5151","A0BA467AD2381779E661EEE24DB52DEE1A8457D678F0718DF55C21B4B04EDFD7"
"tools/redmod/tweaks/base/gameplay/static_data/database/characters/npcs/records/gameplay/factions/tyger_claws.tweak","50758","1894D2D24FDEF44C03775998FBAD952867CADB9D51EDEA0369301ABBC345E5F7"
"tools/redmod/tweaks/base/gameplay/static_data/database/characters/npcs/records/gameplay/factions/valentinos.tweak","31495","793A271F7C0DE050969F53D5976A6F734BE434EC0F8525191DC2C0A484352247"
"tools/redmod/tweaks/base/gameplay/static_data/database/characters/npcs/records/gameplay/factions/voodoo_boys.tweak","18308","FC70930B0F3E665C4BD03BB0471328C4755EF5C02C6C18BD8248C9AAC8B163F4"
"tools/redmod/tweaks/base/gameplay/static_data/database/characters/npcs/records/gameplay/factions/wraiths.tweak","22265","4D83D2914342A853C0D99F18E78B916A313F0979FFDC0A5BC54AC08C0596A531"
"tools/redmod/tweaks/base/gameplay/static_data/database/characters/npcs/records/gameplay/gameplay.tweak","64996","B2D8BD467720C760A85B72AC6EBEDF793E248FBE7538104188AB8E3BFEEFE5E0"
"tools/redmod/tweaks/base/gameplay/static_data/database/characters/npcs/records/gameplay/kurt_militia_dogtown_gate.tweak","1819","B5EA53FFFA54C0FBE339CBA1CD73CC38F4A33C6C615C8F0B51DF148AF50DFC96"
"tools/redmod/tweaks/base/gameplay/static_data/database/characters/npcs/records/gameplay/npcquestaffiliation.tweak","455","5D61935B9FB8FB27D7FD753C764E17AFDB34F58906C336385E88304C037B965B"
"tools/redmod/tweaks/base/gameplay/static_data/database/characters/npcs/records/gameplay/npcrarities.tweak","14074","82845FD2ACDAC85858185F9024E28F5A1E8F6FFDB9488EEF8261B72DEA35A201"
"tools/redmod/tweaks/base/gameplay/static_data/database/characters/npcs/records/gameplay/npcstatpreset.tweak","21001","00AA2C1D3964D729ED9E0B20F3C14388A9DB6A4B52B5D737ECA9B927E67571C5"
"tools/redmod/tweaks/base/gameplay/static_data/database/characters/npcs/records/gameplay/npcvehicle.tweak","581","B33BFCF6ACF5F47F58E5A122FEC31881169F8D0D8AE1514E853493C61FB0C58F"
"tools/redmod/tweaks/base/gameplay/static_data/database/characters/npcs/records/gameplay/prevenetion_system.tweak","47258","8CFA1570F5B302BDCD4420192D032F150E75277DDDF3496BA0C64E9AEAE9223C"
"tools/redmod/tweaks/base/gameplay/static_data/database/characters/npcs/records/gameplay/security_area_gym.tweak","947","CEECAA5CF6B24835B71794F12C893A7E2D07689709754FE94D9A7C4460106531"
"tools/redmod/tweaks/base/gameplay/static_data/database/characters/npcs/records/gameplay/tutorial.tweak","1323","B7B9BB31F23F536F223B00C9D6467FBA9602BE03DC071D8CF45B20AA9EF54FBA"
"tools/redmod/tweaks/base/gameplay/static_data/database/characters/npcs/records/gyms/ccl.tweak","20458","8FAF82DCD0B9272C71BD43831D80660ADBD4BE588993788B962F63EF5F4D54C5"
"tools/redmod/tweaks/base/gameplay/static_data/database/characters/npcs/records/gyms/collision_avoidance.tweak","271","E65C2504ECDCF0D10209D397FDE6A4C424FADC5778163CDA50FA4CD0332254D3"
"tools/redmod/tweaks/base/gameplay/static_data/database/characters/npcs/records/gyms/gym_cinematics.tweak","1111","9F9EDCC93A65D07CF925070BD4C9BFCCB1E513CE4C68B8D898C9288777C14254"
"tools/redmod/tweaks/base/gameplay/static_data/database/characters/npcs/records/gyms/gym_cloth.tweak","2074","91C07805DA4D3D8A77FF865B2B2BC7A120BB262E1349BED3D4A0FC8B9739305A"
"tools/redmod/tweaks/base/gameplay/static_data/database/characters/npcs/records/gyms/gym_drones.tweak","6821","D45EF36CA43074551AC8A8608418628C60C744B1AE82658A1ED55572297E4ABA"
"tools/redmod/tweaks/base/gameplay/static_data/database/characters/npcs/records/gyms/gym_encounters.tweak","284","490516B3FF8C8105E4382A2230E7B6F9B6F9FBC4C3474A1DE81BA404E0CF44F6"
"tools/redmod/tweaks/base/gameplay/static_data/database/characters/npcs/records/gyms/gym_interactions.tweak","300","044EA0F8377001A85C61127A433FE177FCA0F033A98B4E4011C1F857468A160A"
"tools/redmod/tweaks/base/gameplay/static_data/database/characters/npcs/records/gyms/gym_vehicles.tweak","719","07065014D3DE67D8D4C7691E6A055C78B468637948490BD716BAD1B27FB65C23"
"tools/redmod/tweaks/base/gameplay/static_data/database/characters/npcs/records/quest/city_scenes/city_scenes.tweak","4441","7A237FFA0608FDB160F8663C35AC54C8B7EEA961A324FEC3B5CB6A077C79B547"
"tools/redmod/tweaks/base/gameplay/static_data/database/characters/npcs/records/quest/city_scenes/ue_cats.tweak","705","8387D6F52F5C92461D3D5BC011C6946D1A03D890EC975F2C522E6857D998D0D0"
"tools/redmod/tweaks/base/gameplay/static_data/database/characters/npcs/records/quest/city_scenes/ue_metro_passengers.tweak","813","AD941BD5B4E96FDD31E3C9FF3B8E8A120CCD4083DCD1AB1C6D53434932A45107"
"tools/redmod/tweaks/base/gameplay/static_data/database/characters/npcs/records/quest/combat_events/arasaka_waterfront.tweak","825","8D61F139C49C61FEFCCF55C3623467F6C3635DFD4C3141D4CE42AAFBDB31784C"
"tools/redmod/tweaks/base/gameplay/static_data/database/characters/npcs/records/quest/combat_events/arroyo.tweak","12605","3E330C280B50CC0860D3D0657A3C7E14C2694B56647E40F4CE081E145BFC053E"
"tools/redmod/tweaks/base/gameplay/static_data/database/characters/npcs/records/quest/combat_events/badlands_northeast.tweak","441","58EE9F85B8D462880212293C7ABD8993BAB7251FF13ADD6007D076E37BB52EA6"
"tools/redmod/tweaks/base/gameplay/static_data/database/characters/npcs/records/quest/combat_events/badlands_southeast.tweak","14389","DF94DCFA7B8D7743DB44F6A47DCB06000A0D83F3BF3E54D2B31847BD273B0DFF"
"tools/redmod/tweaks/base/gameplay/static_data/database/characters/npcs/records/quest/combat_events/charter_hill.tweak","10197","0B1F089948361AB01719F173DEDED63D2C2670369D258CAB4CA626D2D1A308F5"
"tools/redmod/tweaks/base/gameplay/static_data/database/characters/npcs/records/quest/combat_events/coastview.tweak","12435","25CE94AF67F79B6BB329AA1BA532611087F2D631041E65F26DB75BB8B1EFF7F0"
"tools/redmod/tweaks/base/gameplay/static_data/database/characters/npcs/records/quest/combat_events/corpo_plaza.tweak","9051","69506A277AE29C8094DD58D8066A1BF2830B5EC3B7532772CE7DC4924150E94E"
"tools/redmod/tweaks/base/gameplay/static_data/database/characters/npcs/records/quest/combat_events/downtown.tweak","17745","920214092117BFDB36AF018AFA80E66EFF3A4A4E878887AB5FFA965C0A32115C"
"tools/redmod/tweaks/base/gameplay/static_data/database/characters/npcs/records/quest/combat_events/glen.tweak","9409","47B6A0A102A56E28180EE6269D81F229EA012A67D2B47C00A5B60FBBA50C8882"
"tools/redmod/tweaks/base/gameplay/static_data/database/characters/npcs/records/quest/combat_events/japan_town.tweak","8856","8B71F04C90960018D2CCEE6504C2F04ADE26BF08A453919354D9A9290464599F"
"tools/redmod/tweaks/base/gameplay/static_data/database/characters/npcs/records/quest/combat_events/kabuki.tweak","20123","1C32A17BAA9F1AEA40E810FE33CCFBB8695BE38B6E2E60446DD0217EA604A0F5"
"tools/redmod/tweaks/base/gameplay/static_data/database/characters/npcs/records/quest/combat_events/little_china.tweak","16609","1AB476DD122F91D5A68094679804FA17B2E15C3FE0E4FF2CD945D467B314003A"
"tools/redmod/tweaks/base/gameplay/static_data/database/characters/npcs/records/quest/combat_events/north_oak.tweak","7241","133E96D3BBF2933C6E34429C564030D17FABDFFD90FE526956554AFB4B985C82"
"tools/redmod/tweaks/base/gameplay/static_data/database/characters/npcs/records/quest/combat_events/northside.tweak","24299","D4C3FCB5E29F57C67C076CED667F2FCF8591F77FD0083323D64B643721A31FBB"
"tools/redmod/tweaks/base/gameplay/static_data/database/characters/npcs/records/quest/combat_events/rancho_coronado.tweak","12419","98BC729E08F8CB8F87049C603C636DF65612AC02750EEB25B8275E4339FD06AD"
"tools/redmod/tweaks/base/gameplay/static_data/database/characters/npcs/records/quest/combat_events/vista_del_rey.tweak","8321","22DA2900657D6578B76D7234A1140842C4A331174B00DFC86793C3A0282634F6"
"tools/redmod/tweaks/base/gameplay/static_data/database/characters/npcs/records/quest/combat_events/wellsprings.tweak","8664","29F0F34A7CB34BDF04658FB6EFADEC12927E6718E0004DFAD9C3D61AD0D12B29"
"tools/redmod/tweaks/base/gameplay/static_data/database/characters/npcs/records/quest/combat_events/west_wind_estate.tweak","9414","468D6501BFBD960A180EB4895404F2154F3271C35D10C063958761FEAECE2353"
"tools/redmod/tweaks/base/gameplay/static_data/database/characters/npcs/records/quest/main_characters/primarycharacters.tweak","10012","7ADB0570F379180DE154785E5C8DE6138C3C7639F4291FB57706C52A0B039667"
"tools/redmod/tweaks/base/gameplay/static_data/database/characters/npcs/records/quest/main_characters/secondarycharacters.tweak","11310","6D0E667D0DDD1CAFC6CB413BA0EADC2BEA2604A1B77D306C2BB6EC55AB43E324"
"tools/redmod/tweaks/base/gameplay/static_data/database/characters/npcs/records/quest/main_characters/tertiarycharacters.tweak","49249","E398DBD8AF46273302DC6C188887B092CF93284B3689150C6F461070873940C5"
"tools/redmod/tweaks/base/gameplay/static_data/database/characters/npcs/records/quest/media/mediacharacters.tweak","5726","2E99738A6AAB2B6C4F5DDB77FEA671296DD866B2C43FEF3904251CA8094181F6"
"tools/redmod/tweaks/base/gameplay/static_data/database/characters/npcs/records/quest/mini_world_stories/mws_bad.tweak","12677","35559AA3636CF77945B53920F28021484B97A1B9D6B170739590363AD73800B7"
"tools/redmod/tweaks/base/gameplay/static_data/database/characters/npcs/records/quest/mini_world_stories/mws_cc.tweak","617","EAE2355EDC50D6BF6092B8298041DF95020247F8EFF9BE3940A3A6B7E793E25E"
"tools/redmod/tweaks/base/gameplay/static_data/database/characters/npcs/records/quest/mini_world_stories/mws_hey.tweak","9201","A032F12E47884DB4D987D797D4F07D00018FDDE9C8AD7C597921EEC12E0EEB65"
"tools/redmod/tweaks/base/gameplay/static_data/database/characters/npcs/records/quest/mini_world_stories/mws_pac.tweak","2246","6B38FBD479F60F8B981F8EDB4E4232497EFE371205D8782B0B18977A12EDEF2C"
"tools/redmod/tweaks/base/gameplay/static_data/database/characters/npcs/records/quest/mini_world_stories/mws_san.tweak","2260","0CDFC539F9FBE67157E84C575D46E184D000F0B9701FD5C75C955794C7841747"
"tools/redmod/tweaks/base/gameplay/static_data/database/characters/npcs/records/quest/mini_world_stories/mws_wat.tweak","2181","4D1601C959BBC9A2338B64BFCA41A4ACD52E57FBCEEE0FF37CE41E13AFDB27A3"
"tools/redmod/tweaks/base/gameplay/static_data/database/characters/npcs/records/quest/mini_world_stories/mws_wes.tweak","384","586DF773886AEEE35BA1E9E5B7FA636641352ABF8A7509484426DE5CDF8782BE"
"tools/redmod/tweaks/base/gameplay/static_data/database/characters/npcs/records/quest/minor_activities/ma_bls_ina.tweak","17315","07372D191385DF7715CBEBF687F1E71B9998E2D10D7EDF0E257778F568A21884"
"tools/redmod/tweaks/base/gameplay/static_data/database/characters/npcs/records/quest/minor_activities/ma_cct_cpz.tweak","527","4618DBEA8E6B1D02AD716AC0D91505B8499748793BCF7B92D29BA11A996FF1BC"
"tools/redmod/tweaks/base/gameplay/static_data/database/characters/npcs/records/quest/minor_activities/ma_cct_dtn.tweak","9685","46D4EAC4BCFE1F4373CA0A58CCA9EE5BE30C5516C75EE64654C82903CBE480BE"
"tools/redmod/tweaks/base/gameplay/static_data/database/characters/npcs/records/quest/minor_activities/ma_hey_gle.tweak","3926","A379D88EFD64D8D323C809C4B380EBBF77F970D79D5BDD6EE089CD1D8B299287"
"tools/redmod/tweaks/base/gameplay/static_data/database/characters/npcs/records/quest/minor_activities/ma_hey_rey.tweak","1701","AE82C4290011D890A931ED88EF8DFFCA68CA88A767B6524C937BB1646D053316"
"tools/redmod/tweaks/base/gameplay/static_data/database/characters/npcs/records/quest/minor_activities/ma_hey_spr.tweak","9896","A3818889F7DB15E0EEDA459DDF8052AEB8F31B794C62253744F18298819336D2"
"tools/redmod/tweaks/base/gameplay/static_data/database/characters/npcs/records/quest/minor_activities/ma_outposts_ncpd_dipatch.tweak","321","D48386BC546C6FD0F571908EEB5CB7A59C5C5787E6DF0B72517640D8B8E5000F"
"tools/redmod/tweaks/base/gameplay/static_data/database/characters/npcs/records/quest/minor_activities/ma_pac_cvi.tweak","6801","C23A886DE0D817EAA93350B956B0BC92440B635A5EF4630D9B1479BE286ACF78"
"tools/redmod/tweaks/base/gameplay/static_data/database/characters/npcs/records/quest/minor_activities/ma_pac_wwd.tweak","965","5F31BD090389EEEC4093837730E2034972C999A3ED79DD6D59BEFD8DDD38132E"
"tools/redmod/tweaks/base/gameplay/static_data/database/characters/npcs/records/quest/minor_activities/ma_std_arr.tweak","6588","AA90DB1FE91BF2178D38EFF7E154AEADC74E49D4C9D2CE015080404FF45B2505"
"tools/redmod/tweaks/base/gameplay/static_data/database/characters/npcs/records/quest/minor_activities/ma_std_rcr.tweak","18967","793F708B1FB5C785F00A37E3CCB0B611873A9E21F4959C02A809B87B56F3EE6A"
"tools/redmod/tweaks/base/gameplay/static_data/database/characters/npcs/records/quest/minor_activities/ma_wat_jpn.tweak","3790","44DE903013E9918C251C1D9A3832C2AB634538C5231168A09B81E1F9F5DEE9F6"
"tools/redmod/tweaks/base/gameplay/static_data/database/characters/npcs/records/quest/minor_activities/ma_wat_kab.tweak","8031","DF8B81B2C5B7EE4366633E43B93F407E62B9AD4FA89C1AD97D0048A008D33535"
"tools/redmod/tweaks/base/gameplay/static_data/database/characters/npcs/records/quest/minor_activities/ma_wat_lch.tweak","6621","4BEF55AFB5BBED4A4E9448928B1B9E8A9761686F9443E05C28B8F8AA73967BD2"
"tools/redmod/tweaks/base/gameplay/static_data/database/characters/npcs/records/quest/minor_activities/ma_wat_nid_15.tweak","2553","AC4FD2F5D12EDF0D35A77D60F3BB1FD59F99278541F3FCF30F3187CA0555350A"
"tools/redmod/tweaks/base/gameplay/static_data/database/characters/npcs/records/quest/minor_activities/ma_wat_nid.tweak","13052","90BA3EE19056C9E90CF9F9189A63F1E5073C03D15C428DF69018C8083DA20AC3"
"tools/redmod/tweaks/base/gameplay/static_data/database/characters/npcs/records/quest/minor_activities/ma_wbr_hil.tweak","331","4C5C0D7D39672635893DFEE53D4D82724377A556C4DAFA7566428AD2E51A3329"
"tools/redmod/tweaks/base/gameplay/static_data/database/characters/npcs/records/quest/minor_activities/ma_wbr_nok.tweak","1270","D3BE38C8A418DBA75B6A89174FCA1EED8FEBEAF2A4A4540D24E69D0DCD6447C6"
"tools/redmod/tweaks/base/gameplay/static_data/database/characters/npcs/records/quest/minor_quests/mq000.tweak","592","DB93DD5AF5061E3CCA7A91385E974CFB66D7D90B69CED125DF619FEA79B5E829"
"tools/redmod/tweaks/base/gameplay/static_data/database/characters/npcs/records/quest/minor_quests/mq001.tweak","830","BB42EED2926318830ED6BE5D222234313DAFC5780B63AC7408DAC712DD063FBA"
"tools/redmod/tweaks/base/gameplay/static_data/database/characters/npcs/records/quest/minor_quests/mq002.tweak","2439","2C86BA55A0EB9D3908C857CFFA0C5BD0AEE04B34E9D0BE871C6DC825C534233C"
"tools/redmod/tweaks/base/gameplay/static_data/database/characters/npcs/records/quest/minor_quests/mq003.tweak","2905","48DC870DF7958700673DCF8FCCAC443FC7428281344132F4F4F029B236CA8B84"
"tools/redmod/tweaks/base/gameplay/static_data/database/characters/npcs/records/quest/minor_quests/mq005.tweak","6333","D76937D03E2F4346EF62BE571E8E2B7D7DBC454A4900B83839D04F56C87B597C"
"tools/redmod/tweaks/base/gameplay/static_data/database/characters/npcs/records/quest/minor_quests/mq006.tweak","2736","2C813BD707DEFCC45F9F2B54D7E3C1606B9041C4D2DEAFBC6761BDD6CCE8DA96"
"tools/redmod/tweaks/base/gameplay/static_data/database/characters/npcs/records/quest/minor_quests/mq007.tweak","483","559FADB37176FCD806EA583FB7C31FFCC7C500C4127709D29DFE0328E00E4D1F"
"tools/redmod/tweaks/base/gameplay/static_data/database/characters/npcs/records/quest/minor_quests/mq008.tweak","20274","6505AB25EF5D8DE9044547C1F03509149773E40CC542A9D8819EA3F2A8E516AD"
"tools/redmod/tweaks/base/gameplay/static_data/database/characters/npcs/records/quest/minor_quests/mq009.tweak","1002","DAAE66ECEF94656CF0E9043586C07FA7C0CBAEDA213403950AADD8A3B3F14BD9"
"tools/redmod/tweaks/base/gameplay/static_data/database/characters/npcs/records/quest/minor_quests/mq010.tweak","2136","2829A3B10ED40E316226404708E7C625CE6CC9647105C73EF4BE3FC69BF42468"
"tools/redmod/tweaks/base/gameplay/static_data/database/characters/npcs/records/quest/minor_quests/mq011.tweak","3215","4ABFFCF49AEDAC606177349F361A2D329682EAE1B44654C5B72431839C364ADE"
"tools/redmod/tweaks/base/gameplay/static_data/database/characters/npcs/records/quest/minor_quests/mq012.tweak","2031","CEBBDCAEAB5C9370A4114D31D35076FFC2D4417B8149CF47BE040E321CF7E438"
"tools/redmod/tweaks/base/gameplay/static_data/database/characters/npcs/records/quest/minor_quests/mq013.tweak","1632","4A4289D03D4D6AD82E7095C0D565E3E2CDA0F3E1380FC9EE2FFCB7079D41209A"
"tools/redmod/tweaks/base/gameplay/static_data/database/characters/npcs/records/quest/minor_quests/mq014.tweak","678","736A3B50AF199488A0B21A91BF91E6D570692CDA64B31072A495F1211B5972DB"
"tools/redmod/tweaks/base/gameplay/static_data/database/characters/npcs/records/quest/minor_quests/mq015.tweak","870","F78A15F923851FDBB407ED1ADF7F8AAF88B52C345EF416C56623E4752D80E5F3"
"tools/redmod/tweaks/base/gameplay/static_data/database/characters/npcs/records/quest/minor_quests/mq017.tweak","910","4CDD3ABE185EC8FA29B6277B0568AFF57030629753AB47104BB26F657A130156"
"tools/redmod/tweaks/base/gameplay/static_data/database/characters/npcs/records/quest/minor_quests/mq018.tweak","792","835DAF416175D7C189C819B10B5273A65D4D69581D81F92F1AA885E8A7EC925B"
"tools/redmod/tweaks/base/gameplay/static_data/database/characters/npcs/records/quest/minor_quests/mq019.tweak","1817","C7742BF3548482E85E60CF7DD6B88AE0F42B62899859BBC9DEFFF2A3554F7A7A"
"tools/redmod/tweaks/base/gameplay/static_data/database/characters/npcs/records/quest/minor_quests/mq021.tweak","7077","202C86DD8058992011FC0B2D46A41A2F911CAA9AC8E92BD9C8862F690950EE0A"
"tools/redmod/tweaks/base/gameplay/static_data/database/characters/npcs/records/quest/minor_quests/mq022.tweak","3110","92650080ABA18EF970C509BFC1127ECC825B605AA2468B888FAA8662C5DDA071"
"tools/redmod/tweaks/base/gameplay/static_data/database/characters/npcs/records/quest/minor_quests/mq023.tweak","1069","DB204F4F2E3F889A6F68B8EA6F0C76F827751869083533917F9807B2E78B0C18"
"tools/redmod/tweaks/base/gameplay/static_data/database/characters/npcs/records/quest/minor_quests/mq024.tweak","799","A7E4743DBE582223C792E335C429CEFB2B9945B84E0DE5361723C1E4CB1B5834"
"tools/redmod/tweaks/base/gameplay/static_data/database/characters/npcs/records/quest/minor_quests/mq025.tweak","14178","83CB20A947D398438161B86B5B202DB980571046C58DCABE46922F625E2076D1"
"tools/redmod/tweaks/base/gameplay/static_data/database/characters/npcs/records/quest/minor_quests/mq026.tweak","5254","9DE45F3892C0232C8112CB45B88071D711BF91C3BFE03B73D31B9EDDCBDD14FB"
"tools/redmod/tweaks/base/gameplay/static_data/database/characters/npcs/records/quest/minor_quests/mq027.tweak","1135","D4610E12C8E1C238E42A2A278E20E00648F0023F34CC96CEA5A40097AEE46F1E"
"tools/redmod/tweaks/base/gameplay/static_data/database/characters/npcs/records/quest/minor_quests/mq028.tweak","3737","2A424A872C1875D176C85FBFCA8CBED1F46E79643B6AD2777C9A711F89B37310"
"tools/redmod/tweaks/base/gameplay/static_data/database/characters/npcs/records/quest/minor_quests/mq029.tweak","898","919B8445D3FFF34877EBE567A6BED7A531E286C9FCACEE7600DACB8F83079937"
"tools/redmod/tweaks/base/gameplay/static_data/database/characters/npcs/records/quest/minor_quests/mq030.tweak","8564","205ADBEC1C1EA22DE948B344DFA31D5EB2E738356E26728606F5125EB1FF2D3C"
"tools/redmod/tweaks/base/gameplay/static_data/database/characters/npcs/records/quest/minor_quests/mq032.tweak","2073","AF416E9A286DD07CE26E3286976B283ECAA4088D5D75B35B2C42D7FF71F02A2D"
"tools/redmod/tweaks/base/gameplay/static_data/database/characters/npcs/records/quest/minor_quests/mq034.tweak","316","27E1B95DAF1A740E52ACB7C61DBB1A43E37B7343DD0D707536D5507DFAA315AE"
"tools/redmod/tweaks/base/gameplay/static_data/database/characters/npcs/records/quest/minor_quests/mq035.tweak","1701","11FEA8C7B10B538FB574579C3961F3378983484FDCFB532E7C12397633E2A121"
"tools/redmod/tweaks/base/gameplay/static_data/database/characters/npcs/records/quest/minor_quests/mq036.tweak","3211","AFBFF17C169DA89C6F8E94F93C31A29C345B5CEA2B98D8620535B0A7FF4A63A0"
"tools/redmod/tweaks/base/gameplay/static_data/database/characters/npcs/records/quest/minor_quests/mq037.tweak","2740","A6E9140BE3CF250B4EA7F48C30CEEADC043798B1F25ED41CF8C89A4258F9AF8E"
"tools/redmod/tweaks/base/gameplay/static_data/database/characters/npcs/records/quest/minor_quests/mq038.tweak","1655","41E5EE4BFF8C3FB6B2720C88D83FD3FA91C1016AA1CC61781EE07E44307CC321"
"tools/redmod/tweaks/base/gameplay/static_data/database/characters/npcs/records/quest/minor_quests/mq040.tweak","3428","D581BB0AC099DC4C204E734524841153A2248FC94684C44CA733421ED8A537F8"
"tools/redmod/tweaks/base/gameplay/static_data/database/characters/npcs/records/quest/minor_quests/mq042.tweak","501","52F2C9AE9B5DE3BF45EEC9E5C3D63078E8149B3196A7A381020270A2E8C1F1C3"
"tools/redmod/tweaks/base/gameplay/static_data/database/characters/npcs/records/quest/minor_quests/mq044.tweak","903","BF537457E01A3DD71C782432A2F12C2BFAE4F55D6E8A4283AE51FC54F15C1FA7"
"tools/redmod/tweaks/base/gameplay/static_data/database/characters/npcs/records/quest/minor_quests/mq051.tweak","1467","C1431386B10C662E5FC9579CCA2D09C2100F0F7F496E64DA29431F81586F7DBE"
"tools/redmod/tweaks/base/gameplay/static_data/database/characters/npcs/records/quest/minor_quests/mq056.tweak","4387","A59F899D556DB76F1196A00283E1B7677934B854D0ECC09B6E555BE1A8554F0B"
"tools/redmod/tweaks/base/gameplay/static_data/database/characters/npcs/records/quest/minor_quests/mq057.tweak","1863","AAD4994B2400B1541BC028606ED8C6C9B36E1494939A950F67461D0F828E385C"
"tools/redmod/tweaks/base/gameplay/static_data/database/characters/npcs/records/quest/minor_quests/mq058.tweak","843","41D9ED1F228882F0048F99557F60C3F776D62C3428A3A04F9F5AC39AD502BD81"
"tools/redmod/tweaks/base/gameplay/static_data/database/characters/npcs/records/quest/minor_quests/mq059.tweak","5425","06009D59BC94AB17E98F237669BAB6EBA61D58F4A98CC37983EB23095B1F497A"
"tools/redmod/tweaks/base/gameplay/static_data/database/characters/npcs/records/quest/minor_quests/mq060.tweak","5403","28EB5A9130F846B2B8FAC3B7484A438EE8EB012BEFF65113929A9386F6D05A84"
"tools/redmod/tweaks/base/gameplay/static_data/database/characters/npcs/records/quest/persistent_names.tweak","497","B342190E320D5E0F55EB59FF2B74AD88344987637B8F63E3CDFC1835AD7FA78D"
"tools/redmod/tweaks/base/gameplay/static_data/database/characters/npcs/records/quest/quests/q000.tweak","76742","E7A4D825DB453D32B81307E8FE18CD46EE6EAE3349F9B3EF1456EFA52FC3DE9C"
"tools/redmod/tweaks/base/gameplay/static_data/database/characters/npcs/records/quest/quests/q001.tweak","23280","1525420077147A645911222AD57257BEC39FB54FC4CC8228D258069D25A9DC14"
"tools/redmod/tweaks/base/gameplay/static_data/database/characters/npcs/records/quest/quests/q002.tweak","44","CF16555BC0660DA66A2D74E8C5ACE6D66B5BAFA67D74F6FD6660557240BCD022"
"tools/redmod/tweaks/base/gameplay/static_data/database/characters/npcs/records/quest/quests/q003.tweak","10357","6D51CCCDDB36AD0386839D3E741B32E9A66F3A4B4B540842B1F8DB05CB95850F"
"tools/redmod/tweaks/base/gameplay/static_data/database/characters/npcs/records/quest/quests/q004.tweak","30831","EBD98C29F2B1F8F0A5949D4DE3BED1A24955F24E165B82B7C634637672FCDCF1"
"tools/redmod/tweaks/base/gameplay/static_data/database/characters/npcs/records/quest/quests/q005.tweak","31395","4F36D38E68F0F2D7C9CEB5775702BF6A433F754EA1B28E12D222C3A9A6D9CE2A"
"tools/redmod/tweaks/base/gameplay/static_data/database/characters/npcs/records/quest/quests/q101.tweak","14798","E0AF16D79F501308EA3D509D6E44FD171C8FE0B674A3072568E6D70B65AB5196"
"tools/redmod/tweaks/base/gameplay/static_data/database/characters/npcs/records/quest/quests/q102.tweak","44","CF16555BC0660DA66A2D74E8C5ACE6D66B5BAFA67D74F6FD6660557240BCD022"
"tools/redmod/tweaks/base/gameplay/static_data/database/characters/npcs/records/quest/quests/q103.tweak","4311","675D14DAB37D6F3F40D7FBAF42F209CDA7593E2B7F319DD5BF09DDF7E4166660"
"tools/redmod/tweaks/base/gameplay/static_data/database/characters/npcs/records/quest/quests/q104.tweak","2601","BB6E552999BF926B623936953EB2D8DD28CA882F7B0CF2ADF7D7F6BA6DCEFD79"
"tools/redmod/tweaks/base/gameplay/static_data/database/characters/npcs/records/quest/quests/q105.tweak","28136","29193B8F96C71517F18244748EC5FE42F6D4BE67CA19742A745FEFDFC187F9E1"
"tools/redmod/tweaks/base/gameplay/static_data/database/characters/npcs/records/quest/quests/q108.tweak","23542","5CF19176B353804F926B324C7AED9631F0A8D4776B155F5DA59AC36E6DB78429"
"tools/redmod/tweaks/base/gameplay/static_data/database/characters/npcs/records/quest/quests/q110.tweak","21471","13C9FE4880B9612ED108841F66E37F04BD98758B124A148DF69871606BD7821E"
"tools/redmod/tweaks/base/gameplay/static_data/database/characters/npcs/records/quest/quests/q111.tweak","293","1EF460DF464DF158FAEC928B87257333B96345AC2FEA1CC2F9F48E7AE71B1416"
"tools/redmod/tweaks/base/gameplay/static_data/database/characters/npcs/records/quest/quests/q112.tweak","8503","DFBDCE7D0A363AF6CB2BB48F8B73F212630CF537799BF54A99E11347E5B0788F"
"tools/redmod/tweaks/base/gameplay/static_data/database/characters/npcs/records/quest/quests/q113.tweak","5472","FDB5078A0C80B8A56723C5C04E388C717EC9B1BFD97F0E6BDBA74FC8AB16D76E"
"tools/redmod/tweaks/base/gameplay/static_data/database/characters/npcs/records/quest/quests/q114.tweak","7203","071F0DF31AB20227A14A150B738FCA53ABAB164F1734B6CB4842A3E2057D45A4"
"tools/redmod/tweaks/base/gameplay/static_data/database/characters/npcs/records/quest/quests/q115.tweak","3032","0633749609567DC394B909566CDE238862D51797A937F4A8100E642BCC40F354"
"tools/redmod/tweaks/base/gameplay/static_data/database/characters/npcs/records/quest/quests/q116.tweak","1365","868D51F2970318CF40D99C5FBCC7B825A64DFA6A83BAE29544AAEA61F053B78D"
"tools/redmod/tweaks/base/gameplay/static_data/database/characters/npcs/records/quest/quests/q201.tweak","2282","F08CB85A7754566E56CA68B977676B00DD3F7E55A03FF7BAB516247733A84E45"
"tools/redmod/tweaks/base/gameplay/static_data/database/characters/npcs/records/quest/quests/q203.tweak","953","C6B7D566FF6AAD0A781B473DE3538EF7558AD23E8CF2595F5F109B9B802A117A"
"tools/redmod/tweaks/base/gameplay/static_data/database/characters/npcs/records/quest/quests/q204.tweak","2562","A8291269D8178EE54B398785298070B1E89F8B5A096314260ECAB5AAEC75F6FB"
"tools/redmod/tweaks/base/gameplay/static_data/database/characters/npcs/records/quest/sidequests/sq004.tweak","6490","93EAA5B7F48D45E921F5A50EDAA19B333CE21B8D88D6AFC475278E6BC3043B7C"
"tools/redmod/tweaks/base/gameplay/static_data/database/characters/npcs/records/quest/sidequests/sq006.tweak","3175","AC65D84082D655DF1AEDC6D88C153A1BB7349C9D57B4532B015261C02878BFCB"
"tools/redmod/tweaks/base/gameplay/static_data/database/characters/npcs/records/quest/sidequests/sq011.tweak","15104","BB3D49F1264689CC3CDC35973E8FF5FE82444286F5C106EF24F4BEF14F2FEBEC"
"tools/redmod/tweaks/base/gameplay/static_data/database/characters/npcs/records/quest/sidequests/sq012.tweak","9512","F9287CD9ACA37F28936E4F168465534A803B209B8BD91FDB5A34D6D7A017EF9A"
"tools/redmod/tweaks/base/gameplay/static_data/database/characters/npcs/records/quest/sidequests/sq017.tweak","14953","362E6C0E6FED7014CDCB3DEB24C07F7E17A6B74E551254C927C12CB6CE0C4D71"
"tools/redmod/tweaks/base/gameplay/static_data/database/characters/npcs/records/quest/sidequests/sq018.tweak","3938","2C634B15E0A600316B383782046E78E7FB6D80A4F460AED2B275EA8B62BFBEFE"
"tools/redmod/tweaks/base/gameplay/static_data/database/characters/npcs/records/quest/sidequests/sq021.tweak","11828","9AE20EC513E579BCD654F30ECD99C7E3E4DCC8CE14A7AAADF09AB8C209539624"
"tools/redmod/tweaks/base/gameplay/static_data/database/characters/npcs/records/quest/sidequests/sq023.tweak","22287","3DA25C434780F9BA2F463114478481D2870D690C926FEB82A17FE32C24D953B1"
"tools/redmod/tweaks/base/gameplay/static_data/database/characters/npcs/records/quest/sidequests/sq024.tweak","5165","8EA152C461696F5471F714CE8248B83CC4763087220189A558043CFFB3D1245C"
"tools/redmod/tweaks/base/gameplay/static_data/database/characters/npcs/records/quest/sidequests/sq025.tweak","9057","3BF9A3CEC9E1E4652E68290988805EC48B18B5B14D07675AA604B5ECF5CB83B8"
"tools/redmod/tweaks/base/gameplay/static_data/database/characters/npcs/records/quest/sidequests/sq026.tweak","3951","0214E04E7CABC1A459D2DEF32A9C1BC4F22136227C19252450B05C9060C25DAD"
"tools/redmod/tweaks/base/gameplay/static_data/database/characters/npcs/records/quest/sidequests/sq027.tweak","2624","ABD8B774930DC4103C6CDABA5DA240A3631BAAD87B4421E57B01334F4026DBA7"
"tools/redmod/tweaks/base/gameplay/static_data/database/characters/npcs/records/quest/sidequests/sq029.tweak","3098","325CAC7DAC814CDEA20B32F985D76CB9A9FBAED37A4C11EA9881B1CDA38A067B"
"tools/redmod/tweaks/base/gameplay/static_data/database/characters/npcs/records/quest/sidequests/sq030.tweak","970","C9E47FBEC7AD3A8A6589B68E6B303FC71E27BCCAE8E070A42FFC328390A834D2"
"tools/redmod/tweaks/base/gameplay/static_data/database/characters/npcs/records/quest/sidequests/sq031.tweak","11903","6C06B20C4B6BBB3BB0DC3026E00FAE14CBA04D871D5010B1359AEDF120EB1BD8"
"tools/redmod/tweaks/base/gameplay/static_data/database/characters/npcs/records/quest/sidequests/sq032.tweak","44","CF16555BC0660DA66A2D74E8C5ACE6D66B5BAFA67D74F6FD6660557240BCD022"
"tools/redmod/tweaks/base/gameplay/static_data/database/characters/npcs/records/quest/street_stories/mws_gang_retaliation.tweak","12027","83CE93A3A6C28FC590ED24F7AC355AE1E1E448ED642B57EA059AD1EE98FA07AF"
"tools/redmod/tweaks/base/gameplay/static_data/database/characters/npcs/records/quest/street_stories/ow_fixers_drivers.tweak","2031","6CE98D34250C374AD4E9B32E6924A2758283B3A0D4842399497B8832C0461BB7"
"tools/redmod/tweaks/base/gameplay/static_data/database/characters/npcs/records/quest/street_stories/ow_prolog_roadblocks.tweak","334","1A9255B832736638A7D51343A43067BD7DE7058E3685F72584239255E41E9F07"
"tools/redmod/tweaks/base/gameplay/static_data/database/characters/npcs/records/quest/street_stories/street_stories.tweak","8231","550E3FAFF9257E921DA50A208F8AFD8D11A0662A1414D32ACC970E87C8BAE454"
"tools/redmod/tweaks/base/gameplay/static_data/database/characters/npcs/records/quest/street_stories/sts_bls_ina_02.tweak","2404","41D328F158AD47D42C701101F19C07E5B43DFA92F888A65828B27BC5098EFD2F"
"tools/redmod/tweaks/base/gameplay/static_data/database/characters/npcs/records/quest/street_stories/sts_bls_ina_03.tweak","1995","F2F9F1C8CFBDAC0A32925B06AC14D5BD97DDAF675DE45C4D249CC526DB21B63B"
"tools/redmod/tweaks/base/gameplay/static_data/database/characters/npcs/records/quest/street_stories/sts_bls_ina_04.tweak","2273","293972D64BC6B87E83B4B83745D7E9693F12C13A9CF6759BC8F93645835E5341"
"tools/redmod/tweaks/base/gameplay/static_data/database/characters/npcs/records/quest/street_stories/sts_bls_ina_05.tweak","4989","C79D0572083B9BEACB984460D96DAEC6F2A0620A27F16426F7FC109DF339741A"
"tools/redmod/tweaks/base/gameplay/static_data/database/characters/npcs/records/quest/street_stories/sts_bls_ina_06.tweak","1787","A2ABA4003CAA3F931AF02DF899E4E7FA02E758FE2F1F88437A661F1AEA8BA28C"
"tools/redmod/tweaks/base/gameplay/static_data/database/characters/npcs/records/quest/street_stories/sts_bls_ina_07.tweak","1012","EEAB6134A53E99D7F82FF8210240F0457B0637309F97F895FE9F0E2A933CBB0E"
"tools/redmod/tweaks/base/gameplay/static_data/database/characters/npcs/records/quest/street_stories/sts_bls_ina_08.tweak","3204","7BECF862916956D6B8D7405560D85E2937C298C840BBD67DEF05B7FA4D94A512"
"tools/redmod/tweaks/base/gameplay/static_data/database/characters/npcs/records/quest/street_stories/sts_bls_ina_09.tweak","1780","CCA55A0D0D7EE8DCCD4D121F0DB1C9120E1429A074F194B0F04C8E1285AE8511"
"tools/redmod/tweaks/base/gameplay/static_data/database/characters/npcs/records/quest/street_stories/sts_bls_ina_101.tweak","836","4C564E02FC116661145BD400AA4A01B593C98AA1648C48479989DE9CB3DCB1BB"
"tools/redmod/tweaks/base/gameplay/static_data/database/characters/npcs/records/quest/street_stories/sts_bls_ina_11.tweak","1740","881084110ECC73C0539716A2107476F071DCD6FE818DD9FD377BAE80588FEB13"
"tools/redmod/tweaks/base/gameplay/static_data/database/characters/npcs/records/quest/street_stories/sts_cct_cpz_01.tweak","2451","F51AD3B35434F3E921D5F9ACB4020C0F191E0A07E56FDD2D25C90E47981472B0"
"tools/redmod/tweaks/base/gameplay/static_data/database/characters/npcs/records/quest/street_stories/sts_cct_dtn_02.tweak","5950","61C045D15C1C78A67D9D7907C7E239BF1D595E7A555B58257D6004DBA6162DD3"
"tools/redmod/tweaks/base/gameplay/static_data/database/characters/npcs/records/quest/street_stories/sts_cct_dtn_03.tweak","965","E77DDC32030AE3335D12F3A790D36D6FAA213F39E90BECC25063FF4B81294ECA"
"tools/redmod/tweaks/base/gameplay/static_data/database/characters/npcs/records/quest/street_stories/sts_cct_dtn_04.tweak","2804","F601AA9F39CB58092BE895CBE8B54C387DA90C9A6394D2DE101F81D85795563A"
"tools/redmod/tweaks/base/gameplay/static_data/database/characters/npcs/records/quest/street_stories/sts_cct_dtn_05.tweak","982","EA87B78414A25F052A41F28048D59158282697A4382DB7AD277FE184870EAC7D"
"tools/redmod/tweaks/base/gameplay/static_data/database/characters/npcs/records/quest/street_stories/sts_gang_retaliation.tweak","34217","FDEBF1E8600D8D5C741E8E8976748E1F36C23CA59E2989C8B7C693E4B0B7830F"
"tools/redmod/tweaks/base/gameplay/static_data/database/characters/npcs/records/quest/street_stories/sts_hey_gle_01.tweak","2195","1247CF5FD5389C0AF05F76A4EB2DF4FD6A0E61D2EB2346C390F9E0D9EC5843AC"
"tools/redmod/tweaks/base/gameplay/static_data/database/characters/npcs/records/quest/street_stories/sts_hey_gle_03.tweak","1155","6FEE3A96B318FC1C01474FEE9187D3368CDE4776BD88E65FC111603BE1BD72C1"
"tools/redmod/tweaks/base/gameplay/static_data/database/characters/npcs/records/quest/street_stories/sts_hey_gle_04.tweak","2772","17B7C3BCC39B20E7F06D22EBF1A7C27A2B1E76269241942013DBF76502DB3EFE"
"tools/redmod/tweaks/base/gameplay/static_data/database/characters/npcs/records/quest/street_stories/sts_hey_gle_05.tweak","936","4C5E7FF2A08F90B8139BBBDD9522652D294DA9EF7524F7FEED0B8B8BBDDB8EF9"
"tools/redmod/tweaks/base/gameplay/static_data/database/characters/npcs/records/quest/street_stories/sts_hey_gle_06.tweak","2048","14C8031CFDBC48AA04A2CD8084EDD67CA447CDA76FC230D3AEA9E8E31EBEC092"
"tools/redmod/tweaks/base/gameplay/static_data/database/characters/npcs/records/quest/street_stories/sts_hey_rey_01.tweak","2344","CF745884C0A4A08941FD7A0A74C5EC3DE1C60533E318DDC1D85BFEB573006D56"
"tools/redmod/tweaks/base/gameplay/static_data/database/characters/npcs/records/quest/street_stories/sts_hey_rey_02.tweak","2194","FE83EDBC166F941EF5C367441A4040CEA95C49992D8636E7D1FBE55986FB6B74"
"tools/redmod/tweaks/base/gameplay/static_data/database/characters/npcs/records/quest/street_stories/sts_hey_rey_06.tweak","2586","C5133DE87D457D8DF81736FDC4C6A097E2382B038AB65FDDBC4139CF2512FDC1"
"tools/redmod/tweaks/base/gameplay/static_data/database/characters/npcs/records/quest/street_stories/sts_hey_rey_08.tweak","3022","FDC8216442EE8B19478FB5C2ED5F86DE8ACEDC4FDC1AFCA17E58EC92D5A38F7C"
"tools/redmod/tweaks/base/gameplay/static_data/database/characters/npcs/records/quest/street_stories/sts_hey_rey_09.tweak","2315","6946DD7686D758ECF85BA006A904918B97617B370FEC6FBA6D373D211BE68A43"
"tools/redmod/tweaks/base/gameplay/static_data/database/characters/npcs/records/quest/street_stories/sts_hey_rey_101.tweak","961","D73AD740393D154C9AE6DB8A765D6369C9C97DCC37B047EC3FA9686E3425347E"
"tools/redmod/tweaks/base/gameplay/static_data/database/characters/npcs/records/quest/street_stories/sts_hey_spr_01.tweak","3498","8BEF919A7FDC517EE64C62E66F042C3050D54A9990FF2C18DC94B174A297FAC0"
"tools/redmod/tweaks/base/gameplay/static_data/database/characters/npcs/records/quest/street_stories/sts_hey_spr_03.tweak","1721","ACBDB05F70D9FF9E734F2006668F7280B4D5AD201C20215E913D599981F9E443"
"tools/redmod/tweaks/base/gameplay/static_data/database/characters/npcs/records/quest/street_stories/sts_hey_spr_06.tweak","2529","20A854EE0F2CF8AD45BB899D53678A52DAC00ACDED5FE77C145522B9C6938106"
"tools/redmod/tweaks/base/gameplay/static_data/database/characters/npcs/records/quest/street_stories/sts_pac_cvi_02.tweak","971","93EAA73F7DAF0AE19102B5EB0068B24C51EDDA357ED6A8D83F832D82837DFA98"
"tools/redmod/tweaks/base/gameplay/static_data/database/characters/npcs/records/quest/street_stories/sts_pac_wwd_05.tweak","2005","0BE9E052D21DA613BAF170178EAB9E225D6399568C425F3C00E18F750C764132"
"tools/redmod/tweaks/base/gameplay/static_data/database/characters/npcs/records/quest/street_stories/sts_std_arr_01.tweak","3299","6F92ADFB97568B383679D297675918AF2382306A32B1A3A4D936CA0D16E14BDC"
"tools/redmod/tweaks/base/gameplay/static_data/database/characters/npcs/records/quest/street_stories/sts_std_arr_03.tweak","2643","B25E878E8C38454040F6CAB9437D7236F41BA37BA22375EA3924A1475DE5992D"
"tools/redmod/tweaks/base/gameplay/static_data/database/characters/npcs/records/quest/street_stories/sts_std_arr_05.tweak","1997","64B8D84172F2EBCAF0F6447AEC4A20B9C875564957B1514F199C7E338C8E7568"
"tools/redmod/tweaks/base/gameplay/static_data/database/characters/npcs/records/quest/street_stories/sts_std_arr_06.tweak","7718","16B098141765A3A689DF124314BC45AE878689526D86C9B9372E50B87166FFB4"
"tools/redmod/tweaks/base/gameplay/static_data/database/characters/npcs/records/quest/street_stories/sts_std_arr_09.tweak","204","96B5BB9CE120BD67875DE62418D0D5A03E021DA5EF7041B2010CB9F9EC8B8C8B"
"tools/redmod/tweaks/base/gameplay/static_data/database/characters/npcs/records/quest/street_stories/sts_std_arr_10.tweak","2814","4469752B7C4AC030F9F1D11F2F5FDEC2FEFEBDC9C4C1678D4EB832F2B6FCE15D"
"tools/redmod/tweaks/base/gameplay/static_data/database/characters/npcs/records/quest/street_stories/sts_std_arr_11.tweak","1998","432CACEF7C5A772E335857E56CD7C947AAF4C1A0E7065E20582AF711C7BC1E3E"
"tools/redmod/tweaks/base/gameplay/static_data/database/characters/npcs/records/quest/street_stories/sts_std_arr_12.tweak","5868","07F98C864CA7EB38F43A44AF00B6D63767145397A3C5EA590FE0CD278E1140B8"
"tools/redmod/tweaks/base/gameplay/static_data/database/characters/npcs/records/quest/street_stories/sts_std_rcr_01.tweak","3661","2CA7CBADFC5CC012A8379BC0BADA271620D607A44C71334D38865EF39E842F2F"
"tools/redmod/tweaks/base/gameplay/static_data/database/characters/npcs/records/quest/street_stories/sts_std_rcr_02.tweak","3978","FA11757749A90D75161AA6C4E1A03EE176BAFB1732660F303E619690570F4591"
"tools/redmod/tweaks/base/gameplay/static_data/database/characters/npcs/records/quest/street_stories/sts_std_rcr_03.tweak","3173","220B3364222CDF2F4C5F6F66AAC4E385ED01AF31BF3A38448F0B913CA3C5703E"
"tools/redmod/tweaks/base/gameplay/static_data/database/characters/npcs/records/quest/street_stories/sts_std_rcr_04.tweak","1406","145266EC46CCCB1F90F919BE1606FEB7532798B9270E8804138D7CEB78748409"
"tools/redmod/tweaks/base/gameplay/static_data/database/characters/npcs/records/quest/street_stories/sts_std_rcr_05.tweak","2962","B2B4AA849A9597F65B7B33F00D980794BD5F79662654BFF90247DF528C0AFA64"
"tools/redmod/tweaks/base/gameplay/static_data/database/characters/npcs/records/quest/street_stories/sts_wat_kab_01.tweak","4247","0EB6DF4D5D4425D73B26DA5562B43FC28C7876AA14481B3F1D0F3D8FFA76FA0D"
"tools/redmod/tweaks/base/gameplay/static_data/database/characters/npcs/records/quest/street_stories/sts_wat_kab_02.tweak","2683","0C22F1AE8542642C180A2E4F51C02AEA3EC5EF5906C42D52F8705C750E8CAF29"
"tools/redmod/tweaks/base/gameplay/static_data/database/characters/npcs/records/quest/street_stories/sts_wat_kab_03.tweak","1348","DE07BB51E955BF51C67EEEFDCA65BEEA85CA7B62370265729D678BBBA1F32BCB"
"tools/redmod/tweaks/base/gameplay/static_data/database/characters/npcs/records/quest/street_stories/sts_wat_kab_04.tweak","4470","E488EAD3991B6083AA7C8EA02BA594FCA6089A8AAA1B5463FB376836E11BF7CA"
"tools/redmod/tweaks/base/gameplay/static_data/database/characters/npcs/records/quest/street_stories/sts_wat_kab_05.tweak","2993","CA962E9166CE0142B2B75F71A060BDFC8AF1CDD168552E4DDE70B33B4227A925"
"tools/redmod/tweaks/base/gameplay/static_data/database/characters/npcs/records/quest/street_stories/sts_wat_kab_06.tweak","2528","341E9D275FF7484D8FB41E81A22EC29F450337F404FFB416D769A26F6596F50C"
"tools/redmod/tweaks/base/gameplay/static_data/database/characters/npcs/records/quest/street_stories/sts_wat_kab_07.tweak","6155","D16C29A63896DA680328EBC688968600B85A6220891D4A667BC3A0E8F2720934"
"tools/redmod/tweaks/base/gameplay/static_data/database/characters/npcs/records/quest/street_stories/sts_wat_kab_08.tweak","2424","98BBF02AB1F26C1BB1FA2167F9C08F5573ED2C87F66BCC524DB98C54FAC50A36"
"tools/redmod/tweaks/base/gameplay/static_data/database/characters/npcs/records/quest/street_stories/sts_wat_kab_101.tweak","3363","475F4C1B98B5069D7D210C45A5A5DB328599BB4D5939CB00D28FCEA64C77370B"
"tools/redmod/tweaks/base/gameplay/static_data/database/characters/npcs/records/quest/street_stories/sts_wat_kab_102.tweak","2653","126413414C6DB96B287FC2F4ED3F347B1EB0910A885CF9372A732000728F146F"
"tools/redmod/tweaks/base/gameplay/static_data/database/characters/npcs/records/quest/street_stories/sts_wat_kab_107.tweak","1939","4998B0712B2AA0EF598B197321AB2A21F72FC5730B99AB3F8E5947452EA4C889"
"tools/redmod/tweaks/base/gameplay/static_data/database/characters/npcs/records/quest/street_stories/sts_wat_lch_01.tweak","1450","B8A01CD2C624F572EE2BF6D3E49F3B9F3C8A67D117A10F0C92A48AFDFE7F7060"
"tools/redmod/tweaks/base/gameplay/static_data/database/characters/npcs/records/quest/street_stories/sts_wat_lch_03.tweak","3058","B72C998AF269E8CB4E1A72F9498E6283077B186E822D066C46B9EAB22921283D"
"tools/redmod/tweaks/base/gameplay/static_data/database/characters/npcs/records/quest/street_stories/sts_wat_lch_05.tweak","1176","84C2BBAB54BD03ECE8B52D0CEEF756E104C281A75F74D8267DA1A2150FA57021"
"tools/redmod/tweaks/base/gameplay/static_data/database/characters/npcs/records/quest/street_stories/sts_wat_lch_06.tweak","1830","FB4532E2F9CBABBAB7EFF90DB021A5AD2047545F1BD82D1683A47327C2953A4E"
"tools/redmod/tweaks/base/gameplay/static_data/database/characters/npcs/records/quest/street_stories/sts_wat_nid_01.tweak","1954","A1A0FE420C3AFB46342B83A79F548D07E78DB2241FA3A975067F0A9C6094FA6D"
"tools/redmod/tweaks/base/gameplay/static_data/database/characters/npcs/records/quest/street_stories/sts_wat_nid_02.tweak","2512","312F34395B0F83D41D4880ED6B71E7121F5D4C56D135686147085F2B7FC9CD57"
"tools/redmod/tweaks/base/gameplay/static_data/database/characters/npcs/records/quest/street_stories/sts_wat_nid_03.tweak","2130","D169177F95DFDCFA9E645FFD3C1BC7EFB4CA2D258D11638B578B063435C496FE"
"tools/redmod/tweaks/base/gameplay/static_data/database/characters/npcs/records/quest/street_stories/sts_wat_nid_04.tweak","2431","7BAC22E4F047934480053A8DBB17D1CF6207124AB110FDBDDB3530C0AA8D5023"
"tools/redmod/tweaks/base/gameplay/static_data/database/characters/npcs/records/quest/street_stories/sts_wat_nid_05.tweak","1834","A9D59B0459DF328FEB192995FF7A9F493D6A80693C4E3FF9AEFFA925777E0802"
"tools/redmod/tweaks/base/gameplay/static_data/database/characters/npcs/records/quest/street_stories/sts_wat_nid_06.tweak","1922","0972909D1B62E10C3E876B8D48ACB768CE99A27EEC1DB3A157A1F5A34A51CF58"
"tools/redmod/tweaks/base/gameplay/static_data/database/characters/npcs/records/quest/street_stories/sts_wat_nid_07.tweak","1803","F60D367A3BE392996AB54B382C8453803467197FCC4B376E92111659AA1F9F1C"
"tools/redmod/tweaks/base/gameplay/static_data/database/characters/npcs/records/quest/street_stories/sts_wat_nid_10.tweak","44","CF16555BC0660DA66A2D74E8C5ACE6D66B5BAFA67D74F6FD6660557240BCD022"
"tools/redmod/tweaks/base/gameplay/static_data/database/characters/npcs/records/quest/street_stories/sts_wat_nid_101.tweak","766","A8AEE068F9B0F6864D97AB4E025F02FB717735C50407B0FA33F721B927C4A5C5"
"tools/redmod/tweaks/base/gameplay/static_data/database/characters/npcs/records/quest/street_stories/sts_wat_nid_102.tweak","722","C2335AE23B55CAF805C4802ACD8A170E919026693C0955693BBB49B2DC02EE0B"
"tools/redmod/tweaks/base/gameplay/static_data/database/characters/npcs/records/quest/street_stories/sts_wat_nid_12.tweak","536","BC3C4EB3BC87183B15AD4746B79BE3CC99EDEA3F8B01C63A4770B8D78347F93D"
"tools/redmod/tweaks/base/gameplay/static_data/database/characters/npcs/records/quest/street_stories/sts_wbr_hil_01.tweak","988","69829566CF1ACC7A62510B69589F9879DFD5942F096304260738528A7AB01F59"
"tools/redmod/tweaks/base/gameplay/static_data/database/characters/npcs/records/quest/street_stories/sts_wbr_hil_06.tweak","2622","BCFA40A232AF9B1C57AFD14049627FC5C021C1E7C65A23B989A800A20742EF65"
"tools/redmod/tweaks/base/gameplay/static_data/database/characters/npcs/records/quest/street_stories/sts_wbr_hil_07.tweak","2769","1016EAA3B7399AC404F314E778461B6AFD49F322224FDF999D8BB97D123283A6"
"tools/redmod/tweaks/base/gameplay/static_data/database/characters/npcs/records/quest/street_stories/sts_wbr_hil_101.tweak","508","921D611D3B8282FF5E48477BBAB5777D40981F47492ECAD9FC55CE1C4544A72C"
"tools/redmod/tweaks/base/gameplay/static_data/database/characters/npcs/records/quest/street_stories/sts_wbr_jpn_01.tweak","1599","19331D685946E3BFDF969D2021EDA383BA2771E7B7EEFF27B1D0377DC9EAB401"
"tools/redmod/tweaks/base/gameplay/static_data/database/characters/npcs/records/quest/street_stories/sts_wbr_jpn_02.tweak","2794","82B752CEFE6204EF5AB149F4F3B1FF1A6E5EEA032B28ED1A53DAC145211D0F68"
"tools/redmod/tweaks/base/gameplay/static_data/database/characters/npcs/records/quest/street_stories/sts_wbr_jpn_03.tweak","1333","023405C5004293D71D516D5CFEC2A5B72650137984FE4EF56E3D225948578626"
"tools/redmod/tweaks/base/gameplay/static_data/database/characters/npcs/records/quest/street_stories/sts_wbr_jpn_05.tweak","1161","029DE6490D98DB18911DAF923075F2395F01CD463E695060A62AE51DFD9C4558"
"tools/redmod/tweaks/base/gameplay/static_data/database/characters/npcs/records/quest/street_stories/sts_wbr_jpn_09.tweak","1197","19845CC6F5E43CA10232C104B93C7746F6E75344CE4F02EB3F5226FE395CA579"
"tools/redmod/tweaks/base/gameplay/static_data/database/characters/npcs/records/quest/street_stories/sts_wbr_jpn_101.tweak","406","5DF835A962CE334D4363781BEBE3C29072ECA971DDE56931F0323270E11CE1B8"
"tools/redmod/tweaks/base/gameplay/static_data/database/characters/npcs/records/quest/street_stories/sts_wbr_jpn_12.tweak","3407","C810CE5260D47CDAC2F9756840B79FDE132B1F4247665C467F42FE5E727EF46C"
"tools/redmod/tweaks/base/gameplay/static_data/database/characters/npcs/records/quest/street_stories/sts_wbr_jpn_13.tweak","294","8EB9D76D5562EB940B8CD56812D24772E4DBD155E14FC3E49A6C21411B87BD19"
"tools/redmod/tweaks/base/gameplay/static_data/database/characters/npcs/records/quest/vendors/vendors.tweak","41590","97C6786F49C71A63460FA2861973CEC0A4D8D46169C0E9621597A40A24B376FC"
"tools/redmod/tweaks/base/gameplay/static_data/database/characters/npcs/records/squads/schema.tweak","836","99E5765BDB4D4C44C4A749E57A3AB35731F225B1B7839EE37873B9231EA5A5FE"
"tools/redmod/tweaks/base/gameplay/static_data/database/characters/npcs/records/squads/squadinstances.tweak","461","0C10CB39132BACA95AA58BE10300A028F51E0E23875748E2D920D526304195ED"
"tools/redmod/tweaks/base/gameplay/static_data/database/characters/npcs/records/squads/squads.tweak","1508","424178C83FEEC1A0772EC876F8AB9BDB18C7D62E900DA800ABCC5E4CF4204CED"
"tools/redmod/tweaks/base/gameplay/static_data/database/characters/npcs/stats/primary_stats.tweak","55374","E0B01F8E225F63B029D69E1FB3A1B55C13DBABD868E4FD5F370933767C210646"
"tools/redmod/tweaks/base/gameplay/static_data/database/characters/npcstancestate.tweak","475","4A3E6C05D454A29F2B218EC56569062DE16F5715B23C4857CA104B6A6A4E6CC9"
"tools/redmod/tweaks/base/gameplay/static_data/database/characters/npctype.tweak","557","55D056BDA66582D7AD1E5F923DAA7239E6BB403E47C66949DCA0F9CCC1A92240"
"tools/redmod/tweaks/base/gameplay/static_data/database/characters/npcupperbodystate.tweak","751","92E63A3DE3A3A3D6048B1E1C1491A98595C7B3DA47102337E9500580F556FC92"
"tools/redmod/tweaks/base/gameplay/static_data/database/characters/player/player_attribute_passives.tweak","1318","B2BFEB2292E7D06F2022EFCA55A48286AD3EE9DEA743896FEE7C79165E94E2E1"
"tools/redmod/tweaks/base/gameplay/static_data/database/characters/player/player_base_items.tweak","128","4E8CFB645B44E80E8DE4ED8862955BAFF5A2D7BCA3C7655E92FF70C227B7E325"
"tools/redmod/tweaks/base/gameplay/static_data/database/characters/player/player_base_record.tweak","9260","28164F7683822AC5706AB82C80061A6215622C48230517B9291AB703B3DC2F0A"
"tools/redmod/tweaks/base/gameplay/static_data/database/characters/player/player_base_stat_pools.tweak","38504","EC2B2BE93D8398DD358FF9E2F463A37834D8BE4F235AF42CD2FD93D86CED4C80"
"tools/redmod/tweaks/base/gameplay/static_data/database/characters/player/player_base_stats.tweak","52372","CA77A965A1008F65F87F26F8E7995A1893569E85E2C4EA5A713F20030DEA5768"
"tools/redmod/tweaks/base/gameplay/static_data/database/characters/player/player_debug.tweak","164520","1C173DB0514B3A7A15EBFFD83D937F9F25C75AADA036E48BE0513E370480E95E"
"tools/redmod/tweaks/base/gameplay/static_data/database/characters/player/player_inventory_record.tweak","895","3D5795F8AC2B05FF80F7B9F389A1EC410F9D6D93A0712CCA6B93D7F4E873A6D3"
"tools/redmod/tweaks/base/gameplay/static_data/database/characters/player/player_locomotion_base.tweak","4153","6571D4D6D204B9DBF4B561EEE9D874619D776A5EF511079CB4B2AD01D6C818A2"
"tools/redmod/tweaks/base/gameplay/static_data/database/characters/player/player_locomotion_braindance_base.tweak","2729","BC5D68B0C201736B154566BAB5B79E08E2D09F1ABAA057AEA3893138393D841C"
"tools/redmod/tweaks/base/gameplay/static_data/database/characters/player/player_locomotion_braindance.tweak","1584","D2B015C46E2565FBC6446248DEF0CE5A3ADE9895E763FCA03F850BC8B6A76B1C"
"tools/redmod/tweaks/base/gameplay/static_data/database/characters/player/player_locomotion_low_gravity_base.tweak","4985","0C45D56E9795C9C75E7846A47D297C923B2018C4D1DF1516050D5D0CDECDC604"
"tools/redmod/tweaks/base/gameplay/static_data/database/characters/player/player_locomotion_low_gravity.tweak","26632","8B36F55884211A3F05458AF37BA0768C9D48AE7376FF94941F1C03335351B13C"
"tools/redmod/tweaks/base/gameplay/static_data/database/characters/player/player_locomotion_swimming_base.tweak","2658","312D6C7AE0B0E8243FAD1244808A34BCD1D42417D5235AA945450497C48A35DC"
"tools/redmod/tweaks/base/gameplay/static_data/database/characters/player/player_locomotion_swimming.tweak","5042","DBF2640FF19DB5E8BDFFD651CDEC7D8E717C991CA74BE8A3591B0157FEAC969A"
"tools/redmod/tweaks/base/gameplay/static_data/database/characters/player/player_locomotion_takedown.tweak","12165","E386E61390233F590827D2548F5810F490638213DF84E4007665606FD13A3DF8"
"tools/redmod/tweaks/base/gameplay/static_data/database/characters/player/player_locomotion_tier3_base.tweak","2668","2986716188E86141383F93B9B9D8864EAC7C50D29740BE661067EDE550378F3D"
"tools/redmod/tweaks/base/gameplay/static_data/database/characters/player/player_locomotion_tier3.tweak","3371","ED543CA299FF96C8303BE97FB0F21B54BC0EF8B8AD7BFF907A26BD2049D0385E"
"tools/redmod/tweaks/base/gameplay/static_data/database/characters/player/player_locomotion_tier4.tweak","956","7B174EF08D2E46C052CC3122FA36680B7AAB897C207238B005742D2721EB8A3F"
"tools/redmod/tweaks/base/gameplay/static_data/database/characters/player/player_locomotion_tier5.tweak","956","94207F34974442A242C19D7D6E42BA037FE0234602AED55966912E232B198194"
"tools/redmod/tweaks/base/gameplay/static_data/database/characters/player/player_locomotion.tweak","42050","F0A803EEE1B3027DC679A3FE46890B1A093FEBC3CB4CABB31422DBC430DD850E"
"tools/redmod/tweaks/base/gameplay/static_data/database/characters/player/player_menu_record.tweak","601","E5D717B2C09082C54ADF201DC23E766110BC422A7003B76B33B127D938229B28"
"tools/redmod/tweaks/base/gameplay/static_data/database/characters/player/player_photomode_record.tweak","10284","CDE93F7A6EE9B40D0AE2E9BCC924E781BB2C93A847D44B6FE26EFDBA858D8F70"
"tools/redmod/tweaks/base/gameplay/static_data/database/characters/player/player_possesion_enum.tweak","181","5731E339491F6D2FFBBA547564F28735ED0022FCA1E6AE6AA021613770F16689"
"tools/redmod/tweaks/base/gameplay/static_data/database/characters/player/player_proficiency_passives.tweak","24824","D1620D33627D56F93196D9AF6665E1CE05816F8E7BC207DBC8FF63C5851F3581"
"tools/redmod/tweaks/base/gameplay/static_data/database/characters/rigs.tweak","1620","273E61783309F3469518C604AB9F14B9DDD1B96AF82F4F7B0E44BA7BEA218DE6"
"tools/redmod/tweaks/base/gameplay/static_data/database/characters/samples.tweak","135","53A3881FAE146D71821B45E8E34342DED6AF0387908632BC862BE6F1D2757562"
"tools/redmod/tweaks/base/gameplay/static_data/database/characters/schema.tweak","7125","894C513048028FBDB0E477C9B075EAD8A772876EDE352D3E2AECD6C6EA08ED2B"
"tools/redmod/tweaks/base/gameplay/static_data/database/characters/spawnable_object_priority.tweak","619","C52DDFDA98A13FE150491ED81DAF2F4BD98035D871137CC6864AA57491BF95E0"
"tools/redmod/tweaks/base/gameplay/static_data/database/characters/subcharacters/samples.tweak","10353","3073E845271780EC1256E4C4CC31AFD186E0F0F152DFF7F6971C4D55952CB2D7"
"tools/redmod/tweaks/base/gameplay/static_data/database/codex/base_values.tweak","3010","8B32208716B44AB0760156D2D57BEE8B3752AE31DA86836825CEAD6A6DA66CDA"
"tools/redmod/tweaks/base/gameplay/static_data/database/codex/schema.tweak","291","F742035C9906FDFA34A982C2E5CECCEEB4F5EE0D570AC5ECE95F598FB24D92AB"
"tools/redmod/tweaks/base/gameplay/static_data/database/content_assignment/deprecated_assignments.tweak","3929","1C6212B6B4E2E6FF8D2A757716D90306A2D2C4EDCEED9F8FF7251432CB78C084"
"tools/redmod/tweaks/base/gameplay/static_data/database/content_assignment/devices.tweak","35828","1DA81FCD06CCF965FBC6BF348A09A71400E423735C386A8E67A57FBA6C8C58C5"
"tools/redmod/tweaks/base/gameplay/static_data/database/content_assignment/economic_assignments.tweak","1200","7B02045AEE93CD5DA9716B713F50D0D99B4836B2A7EDEFE7E156A2BEDB5286A0"
"tools/redmod/tweaks/base/gameplay/static_data/database/content_assignment/open_world.tweak","2502","349306B101579F3C8FF62C7B98BCC4A7B58EDE3E31DBC24B61A4729DC91EB64B"
"tools/redmod/tweaks/base/gameplay/static_data/database/content_assignment/player_housing_assignments.tweak","705","B3FF51420EBE9D0642F25F20503D8E54CF396F0EBF45C9DE5B5FE292371426D3"
"tools/redmod/tweaks/base/gameplay/static_data/database/content_assignment/quests.tweak","1534","48C8F27471E19DE7F2FDB5FA2635B8BC3375E886B4F5B6B809E81B21102F9898"
"tools/redmod/tweaks/base/gameplay/static_data/database/content_assignment/schema.tweak","309","B99B2DBC32BA3B8B047DF9E76A24FCA4CF92C0160A2817D86BD9C14286AD711C"
"tools/redmod/tweaks/base/gameplay/static_data/database/content_assignment/street_cred_tiers.tweak","2484","731679191A438965A550E51D1EE470AEBAA90ECC438A840E948AF91F0D3CE661"
"tools/redmod/tweaks/base/gameplay/static_data/database/content_assignment/vehicle_assignments.tweak","4909","8E8AD569C0106419084B0FC274F284E676B508576C108912363896792F28589F"
"tools/redmod/tweaks/base/gameplay/static_data/database/cpo/ai_director/ai_director_schema.tweak","893","D87E7CD8BBCF323459F87CA19AD64DF5B8BDF8F46646882F6D528333258DF16C"
"tools/redmod/tweaks/base/gameplay/static_data/database/cpo/ai_director/ai_director_start_types.tweak","530","1D6365C1E50F80A7E863AFC5E05BD29D5909DC0A7B85A5D4866C777090B1C3DD"
"tools/redmod/tweaks/base/gameplay/static_data/database/cpo/ai/actions/archetypes/cpo_handgun.tweak","833","D66B8BF988BEE7A21FCDC2BBE904A5D4764672A01608DAD1F4065B8745EFA026"
"tools/redmod/tweaks/base/gameplay/static_data/database/cpo/ai/actions/archetypes/cpo_rifle.tweak","819","80A5445C9F1102A1F60D0FAFF98D371B0EC358611009FFEB837F24C432BB96E1"
"tools/redmod/tweaks/base/gameplay/static_data/database/cpo/ai/actions/archetypes/cpo_testarchetypeshotgun.tweak","847","94540A1A809A357F0256A23590F9C2CFCE500E63E56DA5520A94B36CA11B31D4"
"tools/redmod/tweaks/base/gameplay/static_data/database/cpo/attacks/cpo_attacks.tweak","3947","DE4D3D4F9AC1C082F33BC30F5D9166A22F7F40EFE9B91596558C06DFC767989F"
"tools/redmod/tweaks/base/gameplay/static_data/database/cpo/attacks/cpo_bullets.tweak","945","FA12873E085CCC1CC4F57DF800E190766DBAB79829332018011ED2B51BB22985"
"tools/redmod/tweaks/base/gameplay/static_data/database/cpo/attitude/attitudes_cpo.tweak","769","AD7686A344556847C8C39DE20537994A5FBCF13C7F327869E08215CA8905FE9D"
"tools/redmod/tweaks/base/gameplay/static_data/database/cpo/chatters/chatterhelper.tweak","625","E24AEDE4BC1DF0DBF4A5AED33CF805693B6C22C2EA7A5FB1555F23A0ECCF7F53"
"tools/redmod/tweaks/base/gameplay/static_data/database/cpo/chatters/schema.tweak","122","721464115FF7303D987710C5F2849A8927D7401DB17AD4C000A02A242BB225A1"
"tools/redmod/tweaks/base/gameplay/static_data/database/cpo/devices/cpo_devices.tweak","1871","CE8E0D97FE4FBBB32FED58BDB93B9DD6366ECFB8086034840208E92264E90082"
"tools/redmod/tweaks/base/gameplay/static_data/database/cpo/items/categories/base_values.tweak","195","A4DBCADB40918BAD30276DEDF4634E48129340BBA50AD8C0ACE9660E9820C426"
"tools/redmod/tweaks/base/gameplay/static_data/database/cpo/items/categories/schema.tweak","45","8A51C99017CB2D47093E0A3A7FDFE60C3F2D6ED461794CA0D52359A25E9CD620"
"tools/redmod/tweaks/base/gameplay/static_data/database/cpo/items/cpo_items.tweak","33238","E24D57965BC9A37F72B3D0D54C6DD305CF767699BB848521EE1DB31B76AB6D87"
"tools/redmod/tweaks/base/gameplay/static_data/database/cpo/items/loadouts/base_values.tweak","558","4A1D006871D186F18FC4238B11E8F8E695AC1675080D20C89AFA4B0FDCEE979D"
"tools/redmod/tweaks/base/gameplay/static_data/database/cpo/items/loadouts/schema.tweak","103","78E42A9A06203655286A34CFB5A898E55215DF8D5B9CD9FD67CBDA901E7681B5"
"tools/redmod/tweaks/base/gameplay/static_data/database/cpo/mappins/cpo_mappins.tweak","611","F6447872676A18964F7724FD7999729262FC6F2A964DAC125E65EFFFBBB67AE7"
"tools/redmod/tweaks/base/gameplay/static_data/database/cpo/mp_senses.tweak","2668","D53807F94D1E8DE6A3FB57A8092405940915D0837049AB1D68B387FBBAAE1ED5"
"tools/redmod/tweaks/base/gameplay/static_data/database/cpo/mp_test.tweak","8952","68243D294190DC89A1BE83726778E4A7D4CCEA1CB6FB63A0EA05B2CED39B7645"
"tools/redmod/tweaks/base/gameplay/static_data/database/cpo/ping_system/ping_system.tweak","1889","EBCCEEA57AE9CD0B2351EA507096A60513895A8185FC3521C696FE75FD23379F"
"tools/redmod/tweaks/base/gameplay/static_data/database/cpo/ping_system/schema.tweak","208","95E0B9B443D303A80DD9DE14DFFE26880B6B903453570D87E2740ADCBABE88DE"
"tools/redmod/tweaks/base/gameplay/static_data/database/cpo/progression_builds/cpo_base_values.tweak","3474","8BE4D696113227F5D0426915BFB7E902D94C8D813EAB2E6140285EC50DC8AB58"
"tools/redmod/tweaks/base/gameplay/static_data/database/cpo/status_effects/cpo_shock.tweak","1114","D9D6C997CB3EAB223AF367322F35490BD5F6E48503931A45B43C5AFCFC17491C"
"tools/redmod/tweaks/base/gameplay/static_data/database/cpo/status_effects/cpo_stat_buffs.tweak","697","471A799189BB5C5A071018F4F5CB5587D614569BA72015E36DF07D9DD1AD07CE"
"tools/redmod/tweaks/base/gameplay/static_data/database/curves/base_values.tweak","118","EB5DD2C4B3DB3BD5D3301A4218B8DBC16A24CDABFE0F2D1D3D5CA7BF8FC775E5"
"tools/redmod/tweaks/base/gameplay/static_data/database/curves/schema.tweak","127","90A117BB007A74884E20452717668BE76FB4B0758A3B5DA6570FE21BCB46FCC4"
"tools/redmod/tweaks/base/gameplay/static_data/database/damage_types/damage_types.tweak","1131","73E81147F3D7F6CB9D16A15970DF5B39C55F166E3CE29F4C146C41DC89F2A725"
"tools/redmod/tweaks/base/gameplay/static_data/database/damage_types/schema.tweak","330","C8C1214E527F64D13B7F153FA9DCA7B8258E21E6386E97E9007877BD5961F2AA"
"tools/redmod/tweaks/base/gameplay/static_data/database/device_fx/devicefx_records.tweak","153","5D8B48F1BA22A1BCEB73B35E1377A26492FC9702E4C7DD278F957FD4934E29F7"
"tools/redmod/tweaks/base/gameplay/static_data/database/device_fx/schema.tweak","134","29423ACBB2BF77C63321191A3CA561702D129391C26B282D883727E9A78BAA16"
"tools/redmod/tweaks/base/gameplay/static_data/database/device_quest_restrictions/base_records.tweak","312","0AB080493A5B09634B3C650EB66D1191B5C1FF180AA6EAFA1E2DF3D73CC044FF"
"tools/redmod/tweaks/base/gameplay/static_data/database/device_quest_restrictions/schema.tweak","78","359756C9B6FF0971281785666E7CB0CD0DD24DC08F83000D1B541D49FE20D37E"
"tools/redmod/tweaks/base/gameplay/static_data/database/devices/base_records.tweak","18072","DD54D4E6D76496662A2059264F7608A2941DDA4DC9EF072B6BFC30FEC52AE139"
"tools/redmod/tweaks/base/gameplay/static_data/database/devices/schema.tweak","415","C8B3CAB920BE8ED9F4A243F80D0F6ADEBE5AFF76BCBA7009279E85787C870473"
"tools/redmod/tweaks/base/gameplay/static_data/database/dynamic_spawn_system/dynamicspawnsystemdata.tweak","876","4A46A55238E3A082D72CC0922966CF8E8BF2EE8670DC4D2D1D1EFBD5B02D0C44"
"tools/redmod/tweaks/base/gameplay/static_data/database/dynamic_spawn_system/mws_dynamicspawnsystemdata_records.tweak","4038","5602153859D2D374FD55F430C9592EE04F450FD9B3BB991217E26773DA9025EB"
"tools/redmod/tweaks/base/gameplay/static_data/database/dynamic_spawn_system/schema.tweak","130","8341E2F0AFE8F923204BFCAE00AF14123B9522D81896D6284FBC508787FFE40F"
"tools/redmod/tweaks/base/gameplay/static_data/database/dynamic_spawn_system/sts_gang_retaliation_dynamicspawnsystemdata_records.tweak","41420","B03FD681436FBD0DDAA8C22EBA0ACAB6A4014D24F9B97B86B76A1D47798E2121"
"tools/redmod/tweaks/base/gameplay/static_data/database/effectors/custom.tweak","36894","FDC2D259518217A281ADB7A97C03A3691082F30EBA453C021E962D46BA46EAD4"
"tools/redmod/tweaks/base/gameplay/static_data/database/effectors/samples.tweak","4660","2291334BC5E0845B0FBBCBC565833089C0C67ABF38111F4F991EC3C1FD38A560"
"tools/redmod/tweaks/base/gameplay/static_data/database/effectors/schema.tweak","6606","7167DDD43446485772D8F3474E3F38B63D93CED774715E2E954C6C607FB1B4EE"
"tools/redmod/tweaks/base/gameplay/static_data/database/effectors/skill_effectors.tweak","49","1E6D2F3BD6E14091D3BDE4B9CCF87383725113B965731093064807DEA61C5C49"
"tools/redmod/tweaks/base/gameplay/static_data/database/effectors/takedowns.tweak","8417","D70B694C3D3FE6EE3A7A9DBB3D772AE75542FC8009BBED89EE9335BD1228D395"
"tools/redmod/tweaks/base/gameplay/static_data/database/effectors/time_between_hits.tweak","4819","FAE931F0B4538D349FE6427D59BD03C003FCDB2D6D853FE1F5DFD0BC3681B1FC"
"tools/redmod/tweaks/base/gameplay/static_data/database/effectors/time_dilation_driver.tweak","400","51256C8EEB1791CD1E2AC156D298616C611BC12AA3CB1F531EE687035B00D870"
"tools/redmod/tweaks/base/gameplay/static_data/database/effectors/weapon_mods_effectors.tweak","4767","57B76F16791F64333AE994FCE554D51B35859F97F15AE6D8202542836126D007"
"tools/redmod/tweaks/base/gameplay/static_data/database/environment/damage/particles_damage.tweak","15224","C381FB96CE27F29A5C133D7AA828C426F0D8E3B81D84B561C0C336022C0EA0B6"
"tools/redmod/tweaks/base/gameplay/static_data/database/environment/damage/schema.tweak","121","860628CBF62418090874D3A5C2F20EECCC1968D6070C1A8929FF7473EFD21DE1"
"tools/redmod/tweaks/base/gameplay/static_data/database/environment/lighting/presets.tweak","1319","C6291D32B60159E27720DD620AC2BBD44E397957E305C120C1DB391591072196"
"tools/redmod/tweaks/base/gameplay/static_data/database/environment/lighting/schema.tweak","156","795677A1A3A21D04C863B71338C000A6128C3DCD55EB6B4FB39CC8F9D1CB589B"
"tools/redmod/tweaks/base/gameplay/static_data/database/equipment_areas/equip_area_records.tweak","5227","855BDF34493633D26CA32714AB3919DC9E68523F6A066777A55F2674E66A867D"
"tools/redmod/tweaks/base/gameplay/static_data/database/equipment_areas/schema.tweak","571","3DA1D8690EA4FD0EDD8D08043EEBAB3BBDD2917DB8706126E5BE91EEAF975368"
"tools/redmod/tweaks/base/gameplay/static_data/database/equipment_areas/subchar_equip_area_records.tweak","911","D35D7F853CBE4AD218F7AB67BC263046CE49784024A8E3928950E5E68DC7109D"
"tools/redmod/tweaks/base/gameplay/static_data/database/facials/facial_presets.tweak","525","8B985FBDC25568FFBF56710DB50EBD94CD7F87049F3CF7AEB1426103E588D2DC"
"tools/redmod/tweaks/base/gameplay/static_data/database/facials/schema.tweak","173","8BC14247D6BAC924B434DD8AE6622CC0E4FEF6A7718D64BBC29B07776CC73A5F"
"tools/redmod/tweaks/base/gameplay/static_data/database/factions/factions.tweak","5474","E9A57872F869E3C8C3EBAFCF8F7B7DF7031DC2BF501EE2790AFE1D51E7994FD0"
"tools/redmod/tweaks/base/gameplay/static_data/database/factions/schema.tweak","168","C9E72ABB67945AB9602F6765F452C124EF7A9D74CCFF1D3A3C1F14007562B5D3"
"tools/redmod/tweaks/base/gameplay/static_data/database/fast_travel_bink_data/binks_definitions.tweak","67","3A54C36AC1F719F16E6E8D28EE894F322638F0226ECE9A54841EDD30FA20E7D2"
"tools/redmod/tweaks/base/gameplay/static_data/database/fast_travel_bink_data/binks_groups.tweak","61","5830D88A0183AE6EA3ABA2EEB42A7C9F337975267E08985F557B0EA909D560F8"
"tools/redmod/tweaks/base/gameplay/static_data/database/fast_travel_bink_data/schema.tweak","647","80CBC8D21629D9B1BC3A2388E6301D094CE6F0576445132701A0A63A79E84F23"
"tools/redmod/tweaks/base/gameplay/static_data/database/fast_travel_bink_data/screen_data_definitions.tweak","2821","56AE02E6DF0AB06D188BFE486C6A5D29416FC4F33F90612E1FC4296B4CEEB84C"
"tools/redmod/tweaks/base/gameplay/static_data/database/fast_travel_bink_data/times.tweak","250","409AAAB4C979218EF2D6077ABAD4235A284B067923B03F038107684F670D92B9"
"tools/redmod/tweaks/base/gameplay/static_data/database/fast_travel_bink_data/weathers.tweak","124","B00485D0144C127E4E5DB7BCA7C1C17832A8924F27ADCD9A78442F37B10FE5D9"
"tools/redmod/tweaks/base/gameplay/static_data/database/fasttravel/districts.tweak","22930","26F3C6F7A8BAC3982C7663410245D06F0B75413F8E8AA2CC8D27D5524E72B244"
"tools/redmod/tweaks/base/gameplay/static_data/database/fasttravel/fasttravelpoints.tweak","49164","1162D62EE9450D2D55265014FD1475420CB939B4D288C83437A132E59F0D03BC"
"tools/redmod/tweaks/base/gameplay/static_data/database/fasttravel/fasttravelsystem.tweak","117","1A10F87BB6B3751A5E9AE37FB73FD88C2F0E7BE5C4523099B30ACFCC0D47883D"
"tools/redmod/tweaks/base/gameplay/static_data/database/fasttravel/loadingscreenvalues.tweak","1318","0E3F7A537F275023FCAB868A958A5820783AE91FA107C3F2C30F17A3FD129A27"
"tools/redmod/tweaks/base/gameplay/static_data/database/fasttravel/preventiondata.tweak","38886","D27677F8B6104167F18C8608F94879B19655058FB00E210CCADA0EF9904A4563"
"tools/redmod/tweaks/base/gameplay/static_data/database/fasttravel/schema.tweak","5715","5DA45EA5A721AAB59C12C422A1FB44FBD048E72C2CBD938AF735EA24B339DD94"
"tools/redmod/tweaks/base/gameplay/static_data/database/focus_clues/schema.tweak","51","5A443B56F07FE9923338495B78EF8C4214BDD516C8144F02E5CFD3DEA3372B9B"
"tools/redmod/tweaks/base/gameplay/static_data/database/footsteps/footsteps.tweak","149","361A14CA2027AB0694D526B9330D40F5ADA205D789790B325310455C0FE8FD6F"
"tools/redmod/tweaks/base/gameplay/static_data/database/footsteps/schema.tweak","128","0D2E91F0DFD741DA7D7DF28272244D049A6613E08F27D8BB1E952BAD0CBF6884"
"tools/redmod/tweaks/base/gameplay/static_data/database/functional_tests/ammo.tweak","251","2C852360F3B68EF7DBFCEB85AC36E26E56A4E839BA8D3C91F6CC0E4E07F5F07E"
"tools/redmod/tweaks/base/gameplay/static_data/database/functional_tests/gameplay_logic_packages.tweak","412","7B6BC9238EEA8E5B4DF761F8523E2A335057FA0AFD800E457502CD08195A27FB"
"tools/redmod/tweaks/base/gameplay/static_data/database/functional_tests/items.tweak","206","37A452D12C6BA2CB51A475F291938E36E70A2CBED5B53C167F25D052334B7328"
"tools/redmod/tweaks/base/gameplay/static_data/database/functional_tests/progression_builds.tweak","1626","9749729EE05D1406ED7C44BE723C032B4C05C9A6A0A227210471C5B9BE40C057"
"tools/redmod/tweaks/base/gameplay/static_data/database/functional_tests/ranged_weapons.tweak","7737","8353F2F71336E1D06C587A62941C7E42ED32AD79431DF3970302DD698AAFB324"
"tools/redmod/tweaks/base/gameplay/static_data/database/fx_package/fx_package_schema.tweak","167","44353D750027B2F52E8D0C0AE36F240652782D923815115049AD6EE13BB249D5"
"tools/redmod/tweaks/base/gameplay/static_data/database/gameplay_logic_packages/ai_role.tweak","3502","9FF5176A4A09FFE98CECFF97CC7E7FCC8EDBC4D4B475D8E38521CD06CAA7CA8C"
"tools/redmod/tweaks/base/gameplay/static_data/database/gameplay_logic_packages/equipment_abilities.tweak","58087","B7F768E796313CD72A8607A98B3E289142F3CD977ED9EEDA1FAFF924F362FA1E"
"tools/redmod/tweaks/base/gameplay/static_data/database/gameplay_logic_packages/gameplay_feature.tweak","16408","07EAF112EC2216860475FE12724778F238EF98B5E2CC51397E34B343C9D011B2"
"tools/redmod/tweaks/base/gameplay/static_data/database/gameplay_logic_packages/items.tweak","1735","F142CD0F9EA96C3153DC2676AA7948DB410C6E794C2CEEDC859FDCAA3339B170"
"tools/redmod/tweaks/base/gameplay/static_data/database/gameplay_logic_packages/on_spawn.tweak","3551","F7C624B6FE08AFBC206B9C6FCA1ACCCC8D9A69697FAE2EBE3017682C43F9181B"
"tools/redmod/tweaks/base/gameplay/static_data/database/gameplay_logic_packages/psm_highlevel.tweak","2056","E7C826E2F38ECC62147D5473A48D5BD580985BB2824764A3E21EC42C3489D12A"
"tools/redmod/tweaks/base/gameplay/static_data/database/gameplay_logic_packages/schema.tweak","554","DAAAC4963B08D13A41A6F0CB24F8289DB9E32F71F98512F425DB218239769779"
"tools/redmod/tweaks/base/gameplay/static_data/database/global_tv/channels.tweak","2255","3CCAE1CD9938BBA55E457033821A22813A37D34821E492F119E88CAA94CBBF6D"
"tools/redmod/tweaks/base/gameplay/static_data/database/global_tv/news/example_news.tweak","836","AEBA92655ABEDAF136791D022B3FCA14A93FEB06BB5FB3B845CD78C2323FDF1D"
"tools/redmod/tweaks/base/gameplay/static_data/database/global_tv/news/tv_n54_news.tweak","4188","9848212A84F01B662697E0E24424C6A299F9452CBCA43DA11E6C279CE98B95AE"
"tools/redmod/tweaks/base/gameplay/static_data/database/global_tv/news/tv_newsfeed.tweak","5518","343376B32D05C3E357A67EB0927DF3CE4286215829D26ED4E75DE991BF26A946"
"tools/redmod/tweaks/base/gameplay/static_data/database/global_tv/news/tv_wns_news.tweak","3828","9173445C96B040FE337DCC3356A308539EBF530EC4E40B65AC3C62ECF226EE46"
"tools/redmod/tweaks/base/gameplay/static_data/database/global_tv/schema.tweak","309","50A21FB66B2242976D642BB5AAF1B2F468E340B95BD2B17A55EF51A561B2371D"
"tools/redmod/tweaks/base/gameplay/static_data/database/gmpl_abilities/abilities_status_effects.tweak","2530","A96E5DDD2AA5D34057AF6A5329E864EEA968F4B39A98F82B7F8A97BCC4F9365D"
"tools/redmod/tweaks/base/gameplay/static_data/database/gmpl_abilities/abilities.tweak","98449","003C0ACC10332813CEBD1AC04DEF9EC82027A2EC65AC8042E4012A4E863E3E18"
"tools/redmod/tweaks/base/gameplay/static_data/database/gmpl_abilities/schema.tweak","332","EBAE475E87768FD3596C8DDDCFADF193743F8952CDC3F64BAF2352BA068177C2"
"tools/redmod/tweaks/base/gameplay/static_data/database/gog_rewards/base_rewards.tweak","4029","ACACBA211B26C5DF069F3F77B68664CAC2097FE79B1E5EE35FA4ECA7C308A6E8"
"tools/redmod/tweaks/base/gameplay/static_data/database/gog_rewards/schema.tweak","184","E49FDCEF75E04D7F926DFABD53AFEA0BD92DC1E1BE62AD8D36A924C30D89A1B1"
"tools/redmod/tweaks/base/gameplay/static_data/database/hud/hudenhancers/samples.tweak","123","F9CA276168E6350758266B19970EEA4E5C35F53CF7A0B13027B0E7E8C4FC4030"
"tools/redmod/tweaks/base/gameplay/static_data/database/hud/hudenhancers/schema.tweak","59","89C3B912C4F00F273787219CC065E9B8E267D43AE92CCBA917A717A3FBEE3B40"
"tools/redmod/tweaks/base/gameplay/static_data/database/interactions/config.tweak","889","C5658928D8C14188E1F4B5D8C455804E1E668B8AB9B6383FCDD4997B4CA042BD"
"tools/redmod/tweaks/base/gameplay/static_data/database/interactions/hack_interactions.tweak","4349","459B223C659BA2ABE04AEF46F0FA1B2390DD591C92B9A566C8C18A3BE361817A"
"tools/redmod/tweaks/base/gameplay/static_data/database/interactions/interactions.tweak","86065","2AE29BEC984F837C6103A7666F3834723711EC8CDE3ACED28BAFBF7363A708A4"
"tools/redmod/tweaks/base/gameplay/static_data/database/interactions/schema.tweak","362","D09DC938A2F2828B57883306BEB0C1D55E633549A34778DE2BCE4CDDDDBCC6E1"
"tools/redmod/tweaks/base/gameplay/static_data/database/items/ammo/ammo.tweak","6230","E244A6BE068CA788AC1C6CCDCE55AA22F99C65155F793D76D0B5E50BE66679C1"
"tools/redmod/tweaks/base/gameplay/static_data/database/items/ammo/samples.tweak","39","E97F07B4A265D461FA61702E26242C574FE2A23DF4BE2C94BD5156B35E544A78"
"tools/redmod/tweaks/base/gameplay/static_data/database/items/base_values.tweak","21984","C42E913B252121FCC218382887170D4016B04675146A0EFA1C1CD61CC8C10C9E"
"tools/redmod/tweaks/base/gameplay/static_data/database/items/blueprint_elements.tweak","7450","BAF1942A2A5A7B835B0CB2C25C9D726C82DFBE49CD546DF8A5B2F6D59EE617F1"
"tools/redmod/tweaks/base/gameplay/static_data/database/items/blueprint_schema.tweak","933","EEFE0EB5B6B9F9355FBF3B24E11556EF21FB03DEB3F20799987B2896DB564718"
"tools/redmod/tweaks/base/gameplay/static_data/database/items/category/category_schema.tweak","90","558F19B3CA068563E02E5670DB4C8735B192D55BD036D553EBF843BC828664EA"
"tools/redmod/tweaks/base/gameplay/static_data/database/items/category/category.tweak","458","056855F2CD9156411D301BE6064F3B015677BF675F2DA3C948A8522F61044D12"
"tools/redmod/tweaks/base/gameplay/static_data/database/items/check_type/check_type_schema.tweak","86","200B8CB0D95962E9B6BCDB76F1D1390CBF457729CC0AA55FDC1902487B30A7D0"
"tools/redmod/tweaks/base/gameplay/static_data/database/items/check_type/check_type.tweak","396","56FAF2162A0CE13011CF2B446348136130650A273540D9FD0D99C8D1DEA18DEA"
"tools/redmod/tweaks/base/gameplay/static_data/database/items/clothing/base_clothing.tweak","794","454D682DBBF628B11BBD7A32774AA5313EF34DB4FBC43B6F238A301D5C5D953A"
"tools/redmod/tweaks/base/gameplay/static_data/database/items/clothing/clothing_gems_generation.tweak","8205","F32C16CF1A4686AFA628854C2C11E38CEC9AEA26063D362EF4EB07E3CFE9896B"
"tools/redmod/tweaks/base/gameplay/static_data/database/items/clothing/clothing_sets.tweak","9474","6277D3048D7676ADC83D046A2296383FC07CD69D08866008A1A8181489EE6F8B"
"tools/redmod/tweaks/base/gameplay/static_data/database/items/clothing/fabric_enhancers_abilities.tweak","1311","E64C5815C0D6DD9296AE7698ADF7C4A3401E53297FD9DB60EAFA17F0171A4F0C"
"tools/redmod/tweaks/base/gameplay/static_data/database/items/clothing/fabric_enhancers.tweak","15940","5C08EF3B8804D5ADE6178C2C7CD1086062071487D8F20A8E8B66F6B20B7CBF56"
"tools/redmod/tweaks/base/gameplay/static_data/database/items/clothing/face/base_face_clothing.tweak","4727","041348FA08B7D8867C33849FE5275A5C9EEF6193B15AAF78494A5E956C4A5CD8"
"tools/redmod/tweaks/base/gameplay/static_data/database/items/clothing/face/glasses.tweak","6259","CE598BF708DE3354438BD18ECE54A44D9E05E2ED77889C3ECF6E561EEC616ABD"
"tools/redmod/tweaks/base/gameplay/static_data/database/items/clothing/face/mask.tweak","3244","5499DE46B437EEEE4F54BEB66C81A87760F65CD222D8EF5B0C20CD7770035F41"
"tools/redmod/tweaks/base/gameplay/static_data/database/items/clothing/face/tech.tweak","3069","A951774845A6D35FEC16547D1FF280978DE0A0772D6F4E00EB988EA46C64B3D8"
"tools/redmod/tweaks/base/gameplay/static_data/database/items/clothing/face/visors.tweak","3739","072A17568F73D16AD577F3CC47EE07701E81EFFA42B3F066226B601CECE3E588"
"tools/redmod/tweaks/base/gameplay/static_data/database/items/clothing/feet/base_feet_clothing.tweak","5349","8EEEA5C64F551DF2DE5DCFAA99E11E6A2FB2464D345EB72A0A8D8F8DD22FB6EA"
"tools/redmod/tweaks/base/gameplay/static_data/database/items/clothing/feet/boots.tweak","13956","039F8D9D3D3DE8B97D0F187851CD5A50692BE6384F12B93EACA6A952E8CFD8E9"
"tools/redmod/tweaks/base/gameplay/static_data/database/items/clothing/feet/casual_shoes.tweak","8937","C771234AC521547A44AEB59E9718262C24A697CF58677DE169E3B8A9F15CD1D9"
"tools/redmod/tweaks/base/gameplay/static_data/database/items/clothing/feet/formal_shoes.tweak","3586","293CCC15EA0117C1924A90273C95E0FFC85ECA6456B7DA27E7E0F20995FA9C03"
"tools/redmod/tweaks/base/gameplay/static_data/database/items/clothing/head/balaclava.tweak","2165","99D181FF53B03F6AC5954CCA2B519F400CCEA876113661031117B6883F0AAF49"
"tools/redmod/tweaks/base/gameplay/static_data/database/items/clothing/head/base_head_clothing.tweak","7104","E9E84A21EA45BB29D967372DEAB35A9ECCD1A907A46F9D0B45EC4B5CAAC1B3BD"
"tools/redmod/tweaks/base/gameplay/static_data/database/items/clothing/head/cap.tweak","8256","E505541954E628CD4A8BE8643EEF5237E2CEF344174888F422981527EE4397B2"
"tools/redmod/tweaks/base/gameplay/static_data/database/items/clothing/head/hat.tweak","4652","56E0B8BDDC2CBCE1B40489B7FF90A2388C0A7A6D050E83DBA4B26BED212977EC"
"tools/redmod/tweaks/base/gameplay/static_data/database/items/clothing/head/helmet.tweak","8059","0B33125B4C98934B9931302CA9F3DF7006A3D0AB2CDE5E5FF60CE3A4950EA31E"
"tools/redmod/tweaks/base/gameplay/static_data/database/items/clothing/head/scarf.tweak","5468","27C788296D8BFA670D766EB0F801E8431A13F59CB374E3BF5E8DD326AFF2D578"
"tools/redmod/tweaks/base/gameplay/static_data/database/items/clothing/inner_chest/base_inner_chest_clothing.tweak","8861","698A04121EA5EF27CD9C7CEC590B6AAB068F9501709DA6E1E8F99DAE219F2614"
"tools/redmod/tweaks/base/gameplay/static_data/database/items/clothing/inner_chest/formal_shirt.tweak","4924","6AECA33264F21726C779A842120AD6ECC6B2587BEAC23D9D9A0A9145AA9DB6DC"
"tools/redmod/tweaks/base/gameplay/static_data/database/items/clothing/inner_chest/jumpsuit_tight.tweak","2521","DE37FA3E8C8674751A4343C9CA5DBDEC42981E3273FEDD07A2EEAA970349E9BA"
"tools/redmod/tweaks/base/gameplay/static_data/database/items/clothing/inner_chest/shirt.tweak","5345","75B0F849D32C1CC980B15D2A7A2E7E899CD134E08C6C42C5EF0731D2415328B6"
"tools/redmod/tweaks/base/gameplay/static_data/database/items/clothing/inner_chest/tshirt.tweak","14823","181C388CE2A3C2085B5AC69DC00BD0AD1BB724E7B04B7525C80E5FD448BF2439"
"tools/redmod/tweaks/base/gameplay/static_data/database/items/clothing/inner_chest/undershirt.tweak","3033","B73F4411B23ACCBA922F3C1921C597C0198B5C18796D668941C131A1B76677F9"
"tools/redmod/tweaks/base/gameplay/static_data/database/items/clothing/legs/base_legs_clothing.tweak","5311","69E884413BBD969EB42703F6F7A55B154DC0E2F7FAA6E3D7FB25B169F3A0BA0F"
"tools/redmod/tweaks/base/gameplay/static_data/database/items/clothing/legs/formal_pants.tweak","3680","EC486C13EA0E6CAA14058AA3ED234175E133343A26987B8DA52EB0060F0924A6"
"tools/redmod/tweaks/base/gameplay/static_data/database/items/clothing/legs/pants.tweak","25796","54F56760C4C7403A760D7D8101D45217CA4727AF3ED79F8D397C5FE56E105E3C"
"tools/redmod/tweaks/base/gameplay/static_data/database/items/clothing/legs/shorts.tweak","5357","13935C598675765DE28A1BE160D6E642836C26FBF6B28351302B7413CFBDB1B6"
"tools/redmod/tweaks/base/gameplay/static_data/database/items/clothing/legs/skirt.tweak","2997","E165F673442385B6441A4717E57280B8722886C63B5ECDEF0251EE0D2ACE26C8"
"tools/redmod/tweaks/base/gameplay/static_data/database/items/clothing/misc/base_outfit_clothing.tweak","671","0346314402A307B6B539A00235DF70BDBC3CAC0CE6F08B98096E45F9A47360AB"
"tools/redmod/tweaks/base/gameplay/static_data/database/items/clothing/misc/underwear_clothing.tweak","1221","3D0776FD1126C2991F3005BF31A8BC13D4775CA15C25800CE987C8E1E6DF7254"
"tools/redmod/tweaks/base/gameplay/static_data/database/items/clothing/outer_chest/base_outer_chest_clothing.tweak","9103","2F533C5D57FF10C5D3CB59AFD454DEB778677AE5A469BA6B691B5DE50FE392B0"
"tools/redmod/tweaks/base/gameplay/static_data/database/items/clothing/outer_chest/coat.tweak","8428","1B041AD6AEF77C83AEAB74325E59D4C1264B4946B3752DE7CC2394E3D3C91B44"
"tools/redmod/tweaks/base/gameplay/static_data/database/items/clothing/outer_chest/dress.tweak","2501","68099D71BB99A120D8319BE9F26329D3087046E398634381D7FBEB68E4BFC5B6"
"tools/redmod/tweaks/base/gameplay/static_data/database/items/clothing/outer_chest/formal_jacket.tweak","7114","27DB778E8FAAE4859798F35167D7FC434471D477E070E1143772EDC7EF2A63A5"
"tools/redmod/tweaks/base/gameplay/static_data/database/items/clothing/outer_chest/jacket.tweak","41675","8C5DF313EF7656C92CB104D5E290F8A48CE736B7459D6760EE179C1E45F2ED67"
"tools/redmod/tweaks/base/gameplay/static_data/database/items/clothing/outer_chest/jumpsuit.tweak","4517","18078CF3725617AF0A3036D50FE608D0885DD7AE57C79F7B4E9102D90C70E4D2"
"tools/redmod/tweaks/base/gameplay/static_data/database/items/clothing/outer_chest/shirt_loose.tweak","2725","2C29642D4A8511DD5EF7D58E6B161A634937FFFB080CCD4EFA12F86CC123AF18"
"tools/redmod/tweaks/base/gameplay/static_data/database/items/clothing/outer_chest/vest.tweak","24234","E7F578080FE1B1B7268BB959ABC8CDC42C0A799C46E255DD054ABEE1E3A7BB13"
"tools/redmod/tweaks/base/gameplay/static_data/database/items/clothing/quest_clothing.tweak","27879","B1AB242BD89C4604EEBB202275E12C538A3A7661F92BC088CC8E86E77EE89FB7"
"tools/redmod/tweaks/base/gameplay/static_data/database/items/clothing/schema.tweak","74","A9AD3836538D03C20A719DDED455C50D2EA301DE5277353771358C1C6B238FD9"
"tools/redmod/tweaks/base/gameplay/static_data/database/items/clothing/wardrobe_exclude_list.tweak","202","79A7804E9B867E68520E38129BD15915555CEBA5E3378212308BA2D9CA00A684"
"tools/redmod/tweaks/base/gameplay/static_data/database/items/consumables/alcohol.tweak","8850","7779F37A04A7BD08E7A193A57C1543B66F3A721761D75D0BDDEE4CCBD75C4B99"
"tools/redmod/tweaks/base/gameplay/static_data/database/items/consumables/consumable_names.tweak","756","0DD2D9AC16FD87CEC01FEE8252EF20FF7EB2E55FA25E1FE49616FEF1240971A5"
"tools/redmod/tweaks/base/gameplay/static_data/database/items/consumables/consumable_types.tweak","281","88FEB6B09CF153C646ECEB6BB2A19C5695F63D5CE6E2B957814530A046402A33"
"tools/redmod/tweaks/base/gameplay/static_data/database/items/consumables/drinks.tweak","11937","9792D66200159AA945F0FE5DF24F7842FDD648210C3E58C16F4CF4336C134092"
"tools/redmod/tweaks/base/gameplay/static_data/database/items/consumables/drugs.tweak","1375","A283354BF6317C0A369CA6FE1CA341615013B753322698BC2AF9DEA80DE0F72B"
"tools/redmod/tweaks/base/gameplay/static_data/database/items/consumables/factions_consumables.tweak","41","D04A78CF4A916494F40AED609C26073F195C4DE3B33B668204FDF755E7C80955"
"tools/redmod/tweaks/base/gameplay/static_data/database/items/consumables/first_aid.tweak","134","C95662AC4709E07A3726BD5157691621F241B7D34CD53B9645D8DC03607F2479"
"tools/redmod/tweaks/base/gameplay/static_data/database/items/consumables/food.tweak","27614","8D3AE2308B483F2B57DCF68D34FE234AB019DF8E1A0DD17D861EE69C52A91C1C"
"tools/redmod/tweaks/base/gameplay/static_data/database/items/consumables/inhalers.tweak","9500","9CBB55B87044494343891E57301E43D0E32EA263B1FBB745980BCD711737E519"
"tools/redmod/tweaks/base/gameplay/static_data/database/items/consumables/injectors.tweak","11806","88635902574870F9FB5AE4FD464BB74FCE017BB3DA4444364F683EBFF4CBD5B2"
"tools/redmod/tweaks/base/gameplay/static_data/database/items/consumables/longlasting.tweak","10351","6CE6EA67D2C7AC296A1AE64A894EFF93418DF0161B9ACB38F9134B48EA3DD494"
"tools/redmod/tweaks/base/gameplay/static_data/database/items/consumables/schema.tweak","1072","19C748DEA0FBB8454937CB65C08D40C7D0B3691C38276CDD59512E6151D306D9"
"tools/redmod/tweaks/base/gameplay/static_data/database/items/consumables/skillbooks.tweak","16859","E73DE239819D55F7E893F3717A86460775162022BB5501CF31EAC6F35697BBD2"
"tools/redmod/tweaks/base/gameplay/static_data/database/items/consumables/statmodifiersgroups.tweak","2858","C1363886CB6AC56FAC53E631CBCF75B10E5BFFFD0C7815743DBDC41D3CD87084"
"tools/redmod/tweaks/base/gameplay/static_data/database/items/crafting/clothing_recipes.tweak","29","80BF00F45DAAAE8CCA11D8FDE93E058DA348410918D20B931095EECD5B560597"
"tools/redmod/tweaks/base/gameplay/static_data/database/items/crafting/craftbooks.tweak","6723","B3324B5B2B11418C722199DB7EC21FFBFAF615916F928995A6BA9E4F17B37BC3"
"tools/redmod/tweaks/base/gameplay/static_data/database/items/crafting/deprecated_recipes.tweak","40628","7CF44A7988A9D44E78D16D2E49C0A96E2CDE06503B6ED9411DC6EC0317DF7318"
"tools/redmod/tweaks/base/gameplay/static_data/database/items/crafting/disassembly_recipes.tweak","3656","C5AD5F9DB95DE31D6B346A7CA08F455B7816E7A51B6F9DB42575DB59B72B74BF"
"tools/redmod/tweaks/base/gameplay/static_data/database/items/crafting/generics.tweak","15116","CAE6C6036B1131A987FC0243B1356CC0AC6CA2084B40BC853447CC184FB28146"
"tools/redmod/tweaks/base/gameplay/static_data/database/items/crafting/quickhacks_recipes.tweak","27341","0EC0686931F85BFD58A1D3D90206F2FD7C116381F42CA0743DF5A207D9C6EF58"
"tools/redmod/tweaks/base/gameplay/static_data/database/items/crafting/recipe_items.tweak","10723","AA43CDC871ADCF4750183CED23060566E578B15776C441D098663F2FA9E79A92"
"tools/redmod/tweaks/base/gameplay/static_data/database/items/crafting/schema.tweak","1097","E504171F4B4CC8FA7312CB20B23AD75B6CCA9248426997120C8D3170DA9C3F04"
"tools/redmod/tweaks/base/gameplay/static_data/database/items/crafting/upgrade_data.tweak","2691","7311D2B12BDC9785BCCA5D2AA8CF19FA72E448AEB850690EF28780F47E2EBD0D"
"tools/redmod/tweaks/base/gameplay/static_data/database/items/crafting/weapon_mods_recipes.tweak","16280","0C1D9E0DA46B0649A96F38C4B6E3A2261613EA632973464F8457B480E6215127"
"tools/redmod/tweaks/base/gameplay/static_data/database/items/crafting/weapon_recipes.tweak","86411","2E95A2119A704475EF11F5067B3E72C3017AC97E140A72FFFDFF0C75F35257D3"
"tools/redmod/tweaks/base/gameplay/static_data/database/items/cyberware/arms/arms_cyberware_advanced.tweak","55337","474FF7C0E40B3657AD446A99C184C58A7DC29A80FE289AD9D1AD5BB43D6CD0EF"
"tools/redmod/tweaks/base/gameplay/static_data/database/items/cyberware/arms/arms_cyberware_data.tweak","226","136D05ADEB62C70412D189DF66CD8E42EBD88D08C31DA0B21F01E5264E0FB6B7"
"tools/redmod/tweaks/base/gameplay/static_data/database/items/cyberware/arms/blackwall_force.tweak","2297","BF8A5FBCDB3B7000A7A6832FA05D5B97050A3DBD70E42152AEC665583800F925"
"tools/redmod/tweaks/base/gameplay/static_data/database/items/cyberware/arms/faction_arms_fragments.tweak","2782","D8389E5FA695C3AC4282CA2C06C36C103E27F2405DD6FC96F7DB36A1FB4E9E0E"
"tools/redmod/tweaks/base/gameplay/static_data/database/items/cyberware/arms/mantis_blades_fragments.tweak","5717","2F6428C31125B95C2599D5FF8F84E20B4417B687771906F1215B61EF0B471B99"
"tools/redmod/tweaks/base/gameplay/static_data/database/items/cyberware/arms/mantis_blades.tweak","15057","8B191EC7A976067E385BAF4E52B66C045CC6CFCEC2AAE200ACBF1DFA0BCE0267"
"tools/redmod/tweaks/base/gameplay/static_data/database/items/cyberware/arms/nano_wires_fragments.tweak","5693","86C248F7F3688CC5B07BC368C9D597A45292DF58F670588D8C31E3833D78E21D"
"tools/redmod/tweaks/base/gameplay/static_data/database/items/cyberware/arms/nano_wires.tweak","10922","0917460433BBE879CA3E97B3BBAFB0DA2241F256F8D833BAF378642BAD05E7A3"
"tools/redmod/tweaks/base/gameplay/static_data/database/items/cyberware/arms/projectile_launcher_fragments.tweak","12157","A57C8A8B0C1541031BB486A95D7E6310B2BC9076C1553D4607819B3B52DC63D9"
"tools/redmod/tweaks/base/gameplay/static_data/database/items/cyberware/arms/projectile_launcher.tweak","9037","FDC3AB3C6E164B7122B6C232E12E5CFFFAD7C831CC2DA242D6F20309E4BB577A"
"tools/redmod/tweaks/base/gameplay/static_data/database/items/cyberware/arms/shared_fragments.tweak","3610","6CA0E09145BEC34C2F22DB52E8133F2830BD4A2755FBADDC4FC671032848260F"
"tools/redmod/tweaks/base/gameplay/static_data/database/items/cyberware/arms/strong_arms_fragments.tweak","5770","80B40FE56D1223749FA3EE9837418CC8610BD6A1F5DA4CB4C8B65C7D81ACCBA3"
"tools/redmod/tweaks/base/gameplay/static_data/database/items/cyberware/arms/strong_arms.tweak","14349","771F17380447D7DC6156A8B0FA59DC72B099A55448869A72C42B81CD3753F67B"
"tools/redmod/tweaks/base/gameplay/static_data/database/items/cyberware/attunements/attunements.tweak","31984","68E8A3DABF4D3ACD24C5BC3C9058C2EA1DC0F10F459F25D82BD950065F18AB94"
"tools/redmod/tweaks/base/gameplay/static_data/database/items/cyberware/base_values.tweak","7825","E09E88FFF2DCB1CB16D2557238000A335BCC61779E376835ECCE80F17557A0C5"
"tools/redmod/tweaks/base/gameplay/static_data/database/items/cyberware/cardiovascular_system/cardiovascular_system_advanced.tweak","139600","7AE520CFE881B6A0E3DB207EAA6AE3285EE156B8CCAB0AFB1C6C06EEF97F2C15"
"tools/redmod/tweaks/base/gameplay/static_data/database/items/cyberware/cardiovascular_system/cardiovascular_system_general.tweak","41864","55FE6AFA41FED21E4F835EAF056647BD6129B1EF0555D3C834C5331441929555"
"tools/redmod/tweaks/base/gameplay/static_data/database/items/cyberware/cyberware_equipment_areas.tweak","3360","C1A9AC32C986506F95C8EF0714AD7D79BDE7A43FE8DC2F49B7EB779DCA137C10"
"tools/redmod/tweaks/base/gameplay/static_data/database/items/cyberware/eyes/eyes_advanced.tweak","110747","421DD74E89488C1B918EF50ADBA0A63FC080B8004CA6C9D233C138E4B292B689"
"tools/redmod/tweaks/base/gameplay/static_data/database/items/cyberware/eyes/eyes_fragments.tweak","7154","0C9092300DF06474A056BD91EF7F7141A4FA8488A5CB6E791AF8FBA63DE942F9"
"tools/redmod/tweaks/base/gameplay/static_data/database/items/cyberware/eyes/eyes_general.tweak","2180","5EC3B37D0557681BE5C9A44757BF56D9F4ADC047A04504F1BECEE587BDC8D37A"
"tools/redmod/tweaks/base/gameplay/static_data/database/items/cyberware/frontal_cortex/frontal_cortex_advanced.tweak","128988","179C655FF43ECC7CF6D672D080BBEF68B5EC6E67E03E6DEC5E8934431F171B80"
"tools/redmod/tweaks/base/gameplay/static_data/database/items/cyberware/frontal_cortex/frontal_cortex_general.tweak","27519","9C2449AD3D138EB5219DFFC80E44130A20A8D27358256AB6C747D95CCF756769"
"tools/redmod/tweaks/base/gameplay/static_data/database/items/cyberware/hands/hands_advanced.tweak","104764","59FACAB00FA9561369D8E57483FEEA3FF9F9A6D1120995B2139676CB8127B163"
"tools/redmod/tweaks/base/gameplay/static_data/database/items/cyberware/hands/hands_general.tweak","6473","44F0D7B1DE64DAB4C1A0AD2552413AC392D65CFB2876A2615C82DBE8A429542E"
"tools/redmod/tweaks/base/gameplay/static_data/database/items/cyberware/immune_system/immune_system_advanced.tweak","3474","804E325EAD61511068C32FF054AEBBE3879ED0A7E98F130DC6A85DCF8FF9756B"
"tools/redmod/tweaks/base/gameplay/static_data/database/items/cyberware/immune_system/immune_system_general.tweak","11934","FFF13F8C6FDB5DDC9042F32DCF0BDF0F207D74FD124B739CC039DABF5260F793"
"tools/redmod/tweaks/base/gameplay/static_data/database/items/cyberware/integumentary_system/integumentary_system_advanced.tweak","124059","8E782835978B107857FCD7EBFCB0D350FFF727CE9F8A4DA1850B8B5B98C84C08"
"tools/redmod/tweaks/base/gameplay/static_data/database/items/cyberware/integumentary_system/integumentary_system_general.tweak","10945","1B46FA7C1F35F17162D3C748B74A2FB7E35E51FC28DFAAA362C8B227DC18CA8A"
"tools/redmod/tweaks/base/gameplay/static_data/database/items/cyberware/legs/legs_advanced.tweak","50459","EC37BE6727F2C3354B275E750F470D8FF55CD4AF28BED28E14E9C949D51198FE"
"tools/redmod/tweaks/base/gameplay/static_data/database/items/cyberware/legs/legs_general.tweak","3065","BCD9A9828FF5A11EBB67825550547E879649FC99B3EB4D36183C8BD412941705"
"tools/redmod/tweaks/base/gameplay/static_data/database/items/cyberware/mask.tweak","2888","E2694E633B65BE2A49CB503A26C582E890E55DC31C730D085F6FE329C340B786"
"tools/redmod/tweaks/base/gameplay/static_data/database/items/cyberware/musculoskeletal_system/musculoskeletal_system_advanced.tweak","182625","28F4B5A9C85DD26E979A69EB2177F5595EA25C32FEEF3B479EE7FB656EF36B01"
"tools/redmod/tweaks/base/gameplay/static_data/database/items/cyberware/musculoskeletal_system/musculoskeletal_system_general.tweak","18264","4E2984F1FEF522ED44B32105D10ED69B625AB02565F055DE49469852A32E7597"
"tools/redmod/tweaks/base/gameplay/static_data/database/items/cyberware/nervous_system/nervous_system_advanced.tweak","116324","DB1432708BA174EC42DF0EF0C5CF2AFB081D97E7EB4EF026D9EC344B0C9F2723"
"tools/redmod/tweaks/base/gameplay/static_data/database/items/cyberware/nervous_system/nervous_system_general.tweak","22940","193DC23BAADD3BEE3B593190B9C224E732E850393F63938351FFB7D69F5ABBAB"
"tools/redmod/tweaks/base/gameplay/static_data/database/items/cyberware/personal_link.tweak","1470","AE9E43828BD1677307070C1AF9A18265BF9C4634CA33525428BB7D4564C91D01"
"tools/redmod/tweaks/base/gameplay/static_data/database/items/cyberware/system_replacement/berserk_advanced.tweak","77300","4D8839B90C629D43869E13BB150C8BAF293011DC6E8DB7156B931FCF352089A3"
"tools/redmod/tweaks/base/gameplay/static_data/database/items/cyberware/system_replacement/berserk_fragments.tweak","9998","4BBBDC197B505CFC0284750AB29E889CF8012CA1CBAF28E029869CC91A396978"
"tools/redmod/tweaks/base/gameplay/static_data/database/items/cyberware/system_replacement/berserk.tweak","20626","79EDC9FD473F380193140EB63957DB3026D87D04C85064775116D7096510F820"
"tools/redmod/tweaks/base/gameplay/static_data/database/items/cyberware/system_replacement/capacity_booster.tweak","8014","052FAD39EF5A98D70C41F15FD6D68AAF3EC710EAB8440B62C015F85CB66A833D"
"tools/redmod/tweaks/base/gameplay/static_data/database/items/cyberware/system_replacement/cyberdeck_instances_advanced.tweak","55335","53CED5A86A6C28A87C926BEC7ED127B25F138762A4F5448EA013539E7EA2766B"
"tools/redmod/tweaks/base/gameplay/static_data/database/items/cyberware/system_replacement/cyberdeck_instances.tweak","19037","09FE80529722345BAEBDBF4A37814CAA178EFEA621DC84D337D73A1A1DBAF50E"
"tools/redmod/tweaks/base/gameplay/static_data/database/items/cyberware/system_replacement/kers_fragments.tweak","1619","FD51DC76C50ACB56B3D7BFE899B6269C57B941E9A8C8158FA177E0A4EF3B179E"
"tools/redmod/tweaks/base/gameplay/static_data/database/items/cyberware/system_replacement/kers.tweak","1238","B7AABEF5C8A0EE923FF95CD2A3F17CCE0B5834533FD234ADA80888A919ECED41"
"tools/redmod/tweaks/base/gameplay/static_data/database/items/cyberware/system_replacement/militech_paraline_fragments.tweak","47722","EA1AC0AA8D6AB72FAA543656BE77290BFD61D63C5D6A7F9219A614824A7C6CAA"
"tools/redmod/tweaks/base/gameplay/static_data/database/items/cyberware/system_replacement/militech_paraline.tweak","11986","D0DB023081E72B8BC9A4D4827C6AAB48F097733001CCBFC915DA24BE14D2D09F"
"tools/redmod/tweaks/base/gameplay/static_data/database/items/cyberware/system_replacement/sandevistan_advanced.tweak","106353","A28FCD91BD7ED746AB4A6FC88BA59E4C0ADD89ABDAC07C9DACF1292F524732B7"
"tools/redmod/tweaks/base/gameplay/static_data/database/items/cyberware/system_replacement/sandevistan_fragments.tweak","9772","259C576A786452B1F55C8C85C8427FFBFEB7ECBE2B7154CC99C3DCB1B8F8F305"
"tools/redmod/tweaks/base/gameplay/static_data/database/items/cyberware/system_replacement/sandevistan.tweak","21030","C63E926240201103E89439F0EA9713A19000B530B72FED98725B4BC263016D56"
"tools/redmod/tweaks/base/gameplay/static_data/database/items/cyberware/variants/base_variants.tweak","114","7D8221985411BA843B01071516C0A86DFC736971ECE7EB59B4DF6E215FE1319F"
"tools/redmod/tweaks/base/gameplay/static_data/database/items/cyberware/variants/modifier_groups.tweak","33922","30CB0ABCB72DDBC3C8ABAF6190CC5D013AD700C8C8CBDEEBDC132DB2265C9046"
"tools/redmod/tweaks/base/gameplay/static_data/database/items/cyberware/variants/modifiers.tweak","37777","337B62ADB25587C3E2FB499676416350120683FF72B13410FC7449E413EA9416"
"tools/redmod/tweaks/base/gameplay/static_data/database/items/cyberware/variants/variants.tweak","33408","73AE46FBE22665B34F759A4D6D55FF8B132215A77F50FAC36153F43F9686966C"
"tools/redmod/tweaks/base/gameplay/static_data/database/items/gadgets/acceleratetowardsparameters.tweak","981","6F5FBB03B917C3DFB60497C8FAF291B5C6AEE459CCD8E264295B204674391BD7"
"tools/redmod/tweaks/base/gameplay/static_data/database/items/gadgets/acceleratetowardsparametersschema.tweak","294","16964B9E51E74816DCB106BF33AA8984D91CB23EB04E9055CA13EEDF53957861"
"tools/redmod/tweaks/base/gameplay/static_data/database/items/gadgets/factions_gadgets.tweak","1183","26B85C0AC3D5BD25B8150456F183A394E7007A77D0445DE72262F6824A08AD84"
"tools/redmod/tweaks/base/gameplay/static_data/database/items/gadgets/gadgets.tweak","52218","4BE0C6F231396BA03DA6D2EEEEF96B7FD2838790D2668614E4C71294C5515F25"
"tools/redmod/tweaks/base/gameplay/static_data/database/items/gadgets/grenadedeliverymethods.tweak","1216","34DC80CE41A1C99D01F76281127377C866C9879415DBFA85AD1944A8090AAD00"
"tools/redmod/tweaks/base/gameplay/static_data/database/items/gadgets/grenadedeliverymethodtypes.tweak","679","334091B9A0D0AD5CE3393F898AB3FE1F34DAB4A9E0AA52FBF1CEE65096207E17"
"tools/redmod/tweaks/base/gameplay/static_data/database/items/gadgets/grenadedeliverymethodtypeschema.tweak","101","724F4DA9AF7E569AF40EB51573D59AC149CFF54148024265F71F9344639BE5E9"
"tools/redmod/tweaks/base/gameplay/static_data/database/items/gadgets/homingparameters.tweak","1027","7AAAD5F4433E26DDB50926C703D7138F34B5A183E64EF775D36F366D29EAD6B9"
"tools/redmod/tweaks/base/gameplay/static_data/database/items/gadgets/homingparametersschema.tweak","483","38E36273B00C2138E803516DFE50D7A812A605039AE87B19D46533CBB6D6A9A8"
"tools/redmod/tweaks/base/gameplay/static_data/database/items/gadgets/schema.tweak","3152","EB8932FFD42C95315D1142F0A6F6CACF562E17D077D920F7C2B56F29F087D1FF"
"tools/redmod/tweaks/base/gameplay/static_data/database/items/hair_colors.tweak","646","54958679A7B608BF1B92CAF20A786156809FD7747D28EE614AE405417F5EA309"
"tools/redmod/tweaks/base/gameplay/static_data/database/items/items.tweak","266","017D2EAA45D26B0D123D17C53F00FFCBE1F4C0FC864A407176582EBB7B0AAF0B"
"tools/redmod/tweaks/base/gameplay/static_data/database/items/itemsfactoryappearancebasesuffix.tweak","259","3BF570611ACE16B52F9423EBC3D061BD607838559AFF0B0F844A021BFA439D5A"
"tools/redmod/tweaks/base/gameplay/static_data/database/items/itemsfactoryappearancesuffixes.tweak","668","0C9727906FCF1CC68C5F4533E93033D5EC87614D2D6A47D7418903B676F4651D"
"tools/redmod/tweaks/base/gameplay/static_data/database/items/itemstructs.tweak","232","30D379DDDDB5B6393F12F3B16BE858120F3884A4CEBFCC486DEDDCB99069744E"
"tools/redmod/tweaks/base/gameplay/static_data/database/items/misc/animation_items_crowd.tweak","27381","03932CF76209DC8DD0B394E9F4B226ADA97ACBF5D323C209811ED76D19209B3C"
"tools/redmod/tweaks/base/gameplay/static_data/database/items/misc/animation_items.tweak","40267","EDC33B5237D8815DA5477A1E422134F6A3ED3111CFEF528CC3A4A2470B5AAC66"
"tools/redmod/tweaks/base/gameplay/static_data/database/items/misc/currency.tweak","2332","6EC9E664DE07EFE176EB9BEA076D91FE9810CA20F2E9643251F149A1C031DBB5"
"tools/redmod/tweaks/base/gameplay/static_data/database/items/misc/jewellery.tweak","5986","EDC6021C4E7BE9DB9DFAA0D21D5461943797B08E1DDA9CAA0D529ADDC2E6541D"
"tools/redmod/tweaks/base/gameplay/static_data/database/items/misc/junk_vending_machine.tweak","996","33F2024B76ECF7C8FD27CC7161B30BA52B2F6AF4FFF16F20EDCAF97F7587D710"
"tools/redmod/tweaks/base/gameplay/static_data/database/items/misc/junk.tweak","21862","448C10A7F3F80E001F8297931817F221D5238EE16BE9CA5382650236567FC37C"
"tools/redmod/tweaks/base/gameplay/static_data/database/items/misc/misc.tweak","629","05A955D209A84D251402B9BBE5833920162A21B170D076D21309D857F22CE53F"
"tools/redmod/tweaks/base/gameplay/static_data/database/items/misc/readables.tweak","676","A389525B5C0FF4CC00E8182E6CC0D4C93A5E8A8C40F51621DD4F2D5FE587DAEE"
"tools/redmod/tweaks/base/gameplay/static_data/database/items/misc/rewards.tweak","2334","CFCAFE72DDD930A895586EE9F140A841B86F9021B25AFE17E6D17973B2A3FCA3"
"tools/redmod/tweaks/base/gameplay/static_data/database/items/misc/samples.tweak","428","9CC66F297B6C8FCB2712F484646219717B78FFA418D1296AE1B5DA6E8B6F30DF"
"tools/redmod/tweaks/base/gameplay/static_data/database/items/misc/schema.tweak","81","823B8B0DF19CDC4EF4D76FD68CAEC2F63C6B4BF4EF7C106E35C8FA9A7D4BCDBE"
"tools/redmod/tweaks/base/gameplay/static_data/database/items/parent_attachment_type/parent_attachment_type.tweak","521","C0C326FEF21A46E62E0776FCA02AB16038AB5E72AFCF07BC83FC76BCC49775F1"
"tools/redmod/tweaks/base/gameplay/static_data/database/items/parent_attachment_type/schema.tweak","66","8487AD4A6B73E784C2FFDA18FED0729BC7FCD222EBCA50E22BB6933CF8C2E032"
"tools/redmod/tweaks/base/gameplay/static_data/database/items/prices/price_modifiers.tweak","19505","58478B80A68C927DACFC9C95E422485970BAAD7BB031D7655623CEFA258BEEEC"
"tools/redmod/tweaks/base/gameplay/static_data/database/items/projectiles/axe.tweak","540","9DCB27B0A24A7EC72556FBEEF1354C9C0DDDE796F94BBC013183890E78420068"
"tools/redmod/tweaks/base/gameplay/static_data/database/items/projectiles/hercules.tweak","548","82489CA6CF1CB16658DC35CD54C8FDC12BAC95BD38C0E4FA3110C68001AAF538"
"tools/redmod/tweaks/base/gameplay/static_data/database/items/projectiles/knife.tweak","837","72B3F226E665E3112DBCB1F69E353771DCCE0650C710BDBD9ADA76234AAC640A"
"tools/redmod/tweaks/base/gameplay/static_data/database/items/projectiles/melee.tweak","44","7939C1484E08808E5D84B7AAC416539601BE19C46B29BDC57965944428C8435F"
"tools/redmod/tweaks/base/gameplay/static_data/database/items/projectiles/missile.tweak","413","BA637D4BF9382DCCD1784D91BA18C16F3135706067705879D4D594B5FD1ECADF"
"tools/redmod/tweaks/base/gameplay/static_data/database/items/projectiles/nano_wire.tweak","406","AF03132205DA1A3CCD7157D3E45FA918AD6D8DCA145AC45E27F6B16E25232012"
"tools/redmod/tweaks/base/gameplay/static_data/database/items/projectiles/projectilelaunchmodes.tweak","685","1372C727F3BA7E5D708D635DA2814AE6946B479516ED8E984216ED8F065037CE"
"tools/redmod/tweaks/base/gameplay/static_data/database/items/projectiles/projectilelaunchmodesschema.tweak","96","31A9C0199B6EEA534677EDDE70E08E71FD974259794D0B1E31F8EDA77E91F401"
"tools/redmod/tweaks/base/gameplay/static_data/database/items/projectiles/projectilelaunchmodetypes.tweak","350","3279A6242EAE272F5220E0FAAD7CA8CB040C559696169E2A3E70CE07A0322409"
"tools/redmod/tweaks/base/gameplay/static_data/database/items/projectiles/projectileoncollisionactions.tweak","646","E9F5BECE1B9AB390DE880A6EE511547C30BFA43F9CD9D75C395E4D3776D63439"
"tools/redmod/tweaks/base/gameplay/static_data/database/items/projectiles/projectileoncollisionactionsschema.tweak","103","B605400EBAB4D2DC6D821143399246E8C27DBAE8CA0E062907DE494A4F61F102"
"tools/redmod/tweaks/base/gameplay/static_data/database/items/projectiles/projectileoncollisionactiontypes.tweak","925","00DAC8EE6B8B53E24E3F3733713AF3FE3EC800B9FBC5CBBBE1BC4F1D94F081DA"
"tools/redmod/tweaks/base/gameplay/static_data/database/items/quality/quality_schema.tweak","113","EDC821A7001A063D1A5FEEB24EFFC48550199FB2144F00A919D97A59EEF40F10"
"tools/redmod/tweaks/base/gameplay/static_data/database/items/quality/quality.tweak","6426","E0DD1A108C007D9E8FA4015DF744DB429BEB63CE32D72301C0759F5C79C3B9E9"
"tools/redmod/tweaks/base/gameplay/static_data/database/items/quest/keycards.tweak","16076","244876E5E9B8BEC9BE8288F9F8AC569EA78F4C2A874228B13E613245E1C6D954"
"tools/redmod/tweaks/base/gameplay/static_data/database/items/quest/minor_activity_items.tweak","16194","A460819D2003D4179B94894892862D16AE3AAF9373865EFE4DD5D480782C3B98"
"tools/redmod/tweaks/base/gameplay/static_data/database/items/quest/mws_se5_03_weapon.tweak","7437","04E617D86C13875FACCBDCB7F97619416CD80312076D4254217C0FC56B9E600A"
"tools/redmod/tweaks/base/gameplay/static_data/database/items/quest/quest_items.tweak","64224","AFD2C2EE498480AE79C8F5EE94EE5165A5EED3F6EA772F16CAE8D9AC200D9F8B"
"tools/redmod/tweaks/base/gameplay/static_data/database/items/quest/samples.tweak","238","0E1B9C44BCFC0A4791CE107AC97BBC7B32191C6ACFE2A37539AAFA4430D35EC1"
"tools/redmod/tweaks/base/gameplay/static_data/database/items/quest/sts_items.tweak","13108","DBBA893E9C18C374698CA125E73984B59A72E815331AB61E49BC00AEEAE5879C"
"tools/redmod/tweaks/base/gameplay/static_data/database/items/schema.tweak","4027","034A59126CC3C775C2A5CE13D96B08A4FF5E16ED92FD47974B5BF3FD5B581B0B"
"tools/redmod/tweaks/base/gameplay/static_data/database/items/splinters/base_splinters.tweak","1563","833C6DE532912BF940118EE347407C555D9786FD2298E50F0116A94EEA2CEC5C"
"tools/redmod/tweaks/base/gameplay/static_data/database/items/tokens/ripperdoc_tokens.tweak","330","D0DC7DD0A405E2DEFC4186065B0F258450F73E1E90E93752EEFEBA5CBF6D85AD"
"tools/redmod/tweaks/base/gameplay/static_data/database/items/tokens/schema.tweak","16","1F3C7D48447CD87CF591EBE092E0A61EFDF48161B67934A0A2DDBA94BE48340F"
"tools/redmod/tweaks/base/gameplay/static_data/database/items/type/type_schema.tweak","110","1D4C5F201765D97380C7A926FCC001740B3E63F4DA2E6547F22B7E4BCD5BDE8D"
"tools/redmod/tweaks/base/gameplay/static_data/database/items/type/type.tweak","10562","3EF1C8D6CA7AE665BCA64453F4D19E3DA241575100C7C0E05041530B43227F53"
"tools/redmod/tweaks/base/gameplay/static_data/database/items/unit_test.tweak","2842","EF5B5637F7FD7AA22553DB9F11E7AD1F1AB4217E02418E37D0DA5EE7E48673CB"
"tools/redmod/tweaks/base/gameplay/static_data/database/items/weapons/deprecated_iconics.tweak","29480","68409ACE76AB1E3EA17A9B5DB93B5E5476D51D0695BD8C0BAB180F910DEE826D"
"tools/redmod/tweaks/base/gameplay/static_data/database/items/weapons/melee/bases/base_axe.tweak","8750","167BC9E423C39441F5D71279F8917AA8C58F7613413A747BBEA9D83ADA3BC363"
"tools/redmod/tweaks/base/gameplay/static_data/database/items/weapons/melee/bases/base_baton.tweak","8620","2CD5DACF9BBE26BEBA215DC4428674DA63A542C64D97C7B12B071B3888BDB170"
"tools/redmod/tweaks/base/gameplay/static_data/database/items/weapons/melee/bases/base_chainsword.tweak","9055","E1C56B1435BD593FE8538BBFB9686447CFB8081219CF89007D4FEB39B5BFF3BD"
"tools/redmod/tweaks/base/gameplay/static_data/database/items/weapons/melee/bases/base_fists.tweak","9969","4A269E8854F9EE147D2BC42FE9E06C62F514ADF6A828C0FF5B81A2B4251C237C"
"tools/redmod/tweaks/base/gameplay/static_data/database/items/weapons/melee/bases/base_katana.tweak","8161","9339FF8262953EDDEF92FEE2836A731E032A6D0813FE3547FDAD94434B7EEF3E"
"tools/redmod/tweaks/base/gameplay/static_data/database/items/weapons/melee/bases/base_knife.tweak","9767","9DAF2B1287AB243CAAD117D8CBD96460322A8E329B1428DB2324ED40940D8E66"
"tools/redmod/tweaks/base/gameplay/static_data/database/items/weapons/melee/bases/base_machete.tweak","9839","DC44183871271C7F7025C70F29A29B6E69EAFC995F57F4EB64288D361F4BDD8A"
"tools/redmod/tweaks/base/gameplay/static_data/database/items/weapons/melee/bases/base_melee.tweak","47232","99AB85A8B43ECC4BA3F6262061AC103A34FC05103328F62658E651D3460ABF27"
"tools/redmod/tweaks/base/gameplay/static_data/database/items/weapons/melee/bases/base_one_hand_blade.tweak","7036","E24E6C824C154C53B353894F7D5DB3AF2CC9C9A234D88B0D2460D3B6C69A305D"
"tools/redmod/tweaks/base/gameplay/static_data/database/items/weapons/melee/bases/base_one_hand_blunt.tweak","8786","30393B8DC7D3A2747749C0395D43C4336D40F98821F8F6F59BF4081C4497C3E6"
"tools/redmod/tweaks/base/gameplay/static_data/database/items/weapons/melee/bases/base_two_hand_blunt.tweak","7201","88072E46CD14070A3280781322884563E6317F61D86B8C37B28AE94C71F644FE"
"tools/redmod/tweaks/base/gameplay/static_data/database/items/weapons/melee/bases/base_two_hand_hammer.tweak","16878","39ACF780234E25D53CC7F4658FE5E6BA57F7CEB8170C400BFDB733C82C7C1179"
"tools/redmod/tweaks/base/gameplay/static_data/database/items/weapons/melee/presets/preset_axe.tweak","8764","A9770C26EC3096A51F8E5BF649AE3333F97B759D243F041F5D46D804B857DD17"
"tools/redmod/tweaks/base/gameplay/static_data/database/items/weapons/melee/presets/preset_bat.tweak","8508","CDBF617FEB4B6EA76188467B5B4FC3904108081CC2B2824781A0EE017D851CA0"
"tools/redmod/tweaks/base/gameplay/static_data/database/items/weapons/melee/presets/preset_baton.tweak","9593","1AB2376AA23FBCC3AA2A7B37CE4084FD45C0A777BFB3C5558819D851D956476A"
"tools/redmod/tweaks/base/gameplay/static_data/database/items/weapons/melee/presets/preset_cane.tweak","3477","BD83FD35B8BF5245DF6B91FC4ACBD0F2C71E3845ECC77E25E49DBB84146AE5EC"
"tools/redmod/tweaks/base/gameplay/static_data/database/items/weapons/melee/presets/preset_chainsword.tweak","5729","58C30D6AACE2ABDA4ABA428430C8BCF69715A3EC618C63B71B609ADAEBAE678F"
"tools/redmod/tweaks/base/gameplay/static_data/database/items/weapons/melee/presets/preset_dildo.tweak","4493","799145BC8231FDA6509F6475A12E55B4FE6162B117F3A4DFFFF28237A6D3486E"
"tools/redmod/tweaks/base/gameplay/static_data/database/items/weapons/melee/presets/preset_katana.tweak","16622","6CE59FFC022673668909F8C1629CC8FFACB1CAEB2A54FCBD90D873764A539D10"
"tools/redmod/tweaks/base/gameplay/static_data/database/items/weapons/melee/presets/preset_knife.tweak","29507","5E34D7437961EFDE9AC1081B2803BD9BE895D8CBF5CC6384113D907637F8CF64"
"tools/redmod/tweaks/base/gameplay/static_data/database/items/weapons/melee/presets/preset_knuckles.tweak","2780","7C98CE4B92C02621BC1CC326CBCEA1B555B6E62A0E7CB8E8896ABE99DBE977DD"
"tools/redmod/tweaks/base/gameplay/static_data/database/items/weapons/melee/presets/preset_machete.tweak","11188","AC78864B4E7687F64083C844718DC93FD39AF0FC20F44D64C6D7CBC0D95E3FA0"
"tools/redmod/tweaks/base/gameplay/static_data/database/items/weapons/melee/presets/preset_one_hand_blunts.tweak","14292","35F8E78BD87A1C8192E49B11CDD8659EE44383A9FBED1393242987A34BEE3CCD"
"tools/redmod/tweaks/base/gameplay/static_data/database/items/weapons/melee/presets/preset_shovel.tweak","2236","46E3FA0FFE6A67D71DB647A8B9F3E9BA16BED97F1BCCC0976A6E5A0BD8EAD0A0"
"tools/redmod/tweaks/base/gameplay/static_data/database/items/weapons/melee/presets/preset_wakizashi.tweak","40","6E503D62375D8A6C63963F5CB5FB91A5B6B363E038E57E60A2375164A8F64296"
"tools/redmod/tweaks/base/gameplay/static_data/database/items/weapons/melee/w_melee_000__fists_a.tweak","7130","63BF6EFC8686B988B16440FF9ABDF51656F05EB3FD939EE22F1FBC5477697980"
"tools/redmod/tweaks/base/gameplay/static_data/database/items/weapons/melee/w_melee_smasher__fists_a.tweak","1105","51DC7FE0F4996D82191A8268187D9624CF8D526750921FE7C28C55A32233493D"
"tools/redmod/tweaks/base/gameplay/static_data/database/items/weapons/parts/cyberdeck_abilities.tweak","30670","BFAE497AB3F48E8772472A21EB0F845D9F11DAF802C81066BB001300F1989C70"
"tools/redmod/tweaks/base/gameplay/static_data/database/items/weapons/parts/factions_mods.tweak","1061","A63ECE1476D7C8C36FEA8571517F9272B231B350475C47646EBFC0B6E20E9D99"
"tools/redmod/tweaks/base/gameplay/static_data/database/items/weapons/parts/iconic_mods.tweak","78603","FEC775E410E7046DBD6126B8F4C680F1F6DABFEB22DD046E5830DA8EBB8CF8C5"
"tools/redmod/tweaks/base/gameplay/static_data/database/items/weapons/parts/magazines.tweak","276","0D55FAF5391C353284DEFF61757BC4DD420738C5D1DD72D545247C4B542C0FDC"
"tools/redmod/tweaks/base/gameplay/static_data/database/items/weapons/parts/mods_abilities.tweak","127099","8CCFF56C9DAB5A81F061B74B61B5A9B06CA84EB1CEB51306181EB71E743C0AFF"
"tools/redmod/tweaks/base/gameplay/static_data/database/items/weapons/parts/mods.tweak","147866","FD6851E967D85765E90B2F37A0A2E1A4D95E1DE070456CE5A4E65979CE1D1C30"
"tools/redmod/tweaks/base/gameplay/static_data/database/items/weapons/parts/muzzle_attachments.tweak","1228","9C139F98693121650B211626827395B06EC7DC29BC979125277F916C82A520C7"
"tools/redmod/tweaks/base/gameplay/static_data/database/items/weapons/ranged/attachments/power_modules.tweak","25863","3BFC26F7D0ACCB2DAEBDA8B2E907A8EA9E3181DDD755AA922C2105C183DEF856"
"tools/redmod/tweaks/base/gameplay/static_data/database/items/weapons/ranged/attachments/scopes.tweak","31629","ED95F2868B8719867619986DD6165ECFC9EA7B26FC01212236951E0243A3B54F"
"tools/redmod/tweaks/base/gameplay/static_data/database/items/weapons/ranged/bases/base_handgun.tweak","15677","CD9630543A2CC4B78AB506A2E6289FB5342385206895C130199497B7EC01542A"
"tools/redmod/tweaks/base/gameplay/static_data/database/items/weapons/ranged/bases/base_lightmachinegun.tweak","9356","509B76F4BBF0EFBF61CE72EF1B199CE4C396324B0D641B8ED8CC6D3F67B85FDE"
"tools/redmod/tweaks/base/gameplay/static_data/database/items/weapons/ranged/bases/base_revolver.tweak","10547","4CAAACAD6656B886AA54EFDE760BB8A921933F5FDC71130357468AB9265C68B9"
"tools/redmod/tweaks/base/gameplay/static_data/database/items/weapons/ranged/bases/base_rifle_assault.tweak","15960","7647731FF5D4BB9729A1E5788438609867EA9EB447B2BC6A382421FDEBA41C8D"
"tools/redmod/tweaks/base/gameplay/static_data/database/items/weapons/ranged/bases/base_rifle_precision.tweak","11638","01C89A696679799CE127633BE1DD88BD6B52CB0ECF59E0233A0E01449215FB74"
"tools/redmod/tweaks/base/gameplay/static_data/database/items/weapons/ranged/bases/base_rifle_sniper.tweak","13085","B1B73D554E1953B64AAD81011E7CDB2A2387D362BD2DE730046C843EF57F5588"
"tools/redmod/tweaks/base/gameplay/static_data/database/items/weapons/ranged/bases/base_shotgun_dual.tweak","11685","CA147660B1B26D5309177C6B01E0F6BF49845C2775FFDAEA41BEFC685F61CB73"
"tools/redmod/tweaks/base/gameplay/static_data/database/items/weapons/ranged/bases/base_shotgun.tweak","14168","86A80FC9DF008B3E5F9C4DD0208BF32B8082D8CF09D12CB26AC28C1EA5E685F9"
"tools/redmod/tweaks/base/gameplay/static_data/database/items/weapons/ranged/bases/base_submachinegun.tweak","13257","149FCD8A87CD3A70B88190A38DDC7D83677C2A523767C9A74FB7D781C84B94F1"
"tools/redmod/tweaks/base/gameplay/static_data/database/items/weapons/ranged/bases/base_weapon.tweak","109964","CCC11277685D8619EB5ACC8E84FAFA6CD6C745A0A564B7536229AE8F6B4EA341"
"tools/redmod/tweaks/base/gameplay/static_data/database/items/weapons/ranged/custom/chimera_metalstorm.tweak","4655","18CB910EACD1C8A56F83D85EED828653707BEEF36C825AAEA31970A91B163745"
"tools/redmod/tweaks/base/gameplay/static_data/database/items/weapons/ranged/custom/custom_vehicle_weapons/generic_vehicle_weapons.tweak","10885","36667429D47B2111260C6EFECF8744DBB0FF016DDF8587FE66276FC0E11CC983"
"tools/redmod/tweaks/base/gameplay/static_data/database/items/weapons/ranged/custom/custom_vehicle_weapons/panam_vehicle.tweak","314","4EA04BE0F01277C5FD9716CC7D57CD4EF6AF2A15EEC06735049E97861A5FB546"
"tools/redmod/tweaks/base/gameplay/static_data/database/items/weapons/ranged/custom/delamain_launcher.tweak","2905","4922ECA150CF98B3161A3F0041FABB94083E2E3088091E407FD8F49F0F11ACF0"
"tools/redmod/tweaks/base/gameplay/static_data/database/items/weapons/ranged/custom/demo_boss_plasma_cutter.tweak","13654","B9FDD0523F8DB6769752302439D497C39DFDD59429ACA55F12E69D8DB827459D"
"tools/redmod/tweaks/base/gameplay/static_data/database/items/weapons/ranged/custom/drone_weapons/bombus_torch.tweak","2294","E7BB5090998AED58941B5004BA8AD218493366D96406B418B1EF3221C592B0F1"
"tools/redmod/tweaks/base/gameplay/static_data/database/items/weapons/ranged/custom/drone_weapons/griffin_rifle.tweak","2710","2EBCF48174BF5797951B09FD2236C8110A86C27EAD24FD95CB338819EC1A907C"
"tools/redmod/tweaks/base/gameplay/static_data/database/items/weapons/ranged/custom/drone_weapons/octant_autocannon.tweak","4311","1F32F12AFB78F736A999D30FA964A1EA13EEC8B06772FAAAF15FD89D0F37DE87"
"tools/redmod/tweaks/base/gameplay/static_data/database/items/weapons/ranged/custom/drone_weapons/wyvern_rifle.tweak","3644","9B97E702425C5334F549C41F683D211F4CADCED476E6FB8ABB2E5A1259F49CA2"
"tools/redmod/tweaks/base/gameplay/static_data/database/items/weapons/ranged/custom/militech_hmg/base_militech_hmg.tweak","15269","91F08F4B1F3D7F2B87C55A7B3E97F83D08A6BEEEE15C0A2D62A45FE5C576413D"
"tools/redmod/tweaks/base/gameplay/static_data/database/items/weapons/ranged/custom/minotaur_hmg.tweak","3873","781210F518EFD083B51EFA9DD68881883DC9E537C1E8CB7559982FE81EC2FCD7"
"tools/redmod/tweaks/base/gameplay/static_data/database/items/weapons/ranged/custom/minotaur_launcher.tweak","1901","9C4E872FE92CCF170B93FBDB73184E5A2669188DDCA315555AAFD671C9F796C9"
"tools/redmod/tweaks/base/gameplay/static_data/database/items/weapons/ranged/custom/panzer_weapons/panzer_weapons.tweak","5848","E657ADC4B72F48E2ADC05E6AD465A8FC2915D3476D65F223CF157F3DA2AD3721"
"tools/redmod/tweaks/base/gameplay/static_data/database/items/weapons/ranged/custom/samples.tweak","2014","8DF166972ABC5BB31B022546C760E294142592E1D4DE1B69B40F7D5391CDCFBC"
"tools/redmod/tweaks/base/gameplay/static_data/database/items/weapons/ranged/custom/smasher_hmg.tweak","2896","7B8A63AF354C59FC1226CE7802F7A85B60051FEFEF8061100D36B07341003075"
"tools/redmod/tweaks/base/gameplay/static_data/database/items/weapons/ranged/custom/smasher_launcher.tweak","8268","4C0843CDA3C5A467F3A7C029C238617C1DD1D039DC57AA65EE9C97A5D7BC2D1A"
"tools/redmod/tweaks/base/gameplay/static_data/database/items/weapons/ranged/custom/smasher_shotgun.tweak","3150","1BE8EDB4564DA4E388F0E0894A7A5A8A36669D73448CC32AD71793743AE67BC3"
"tools/redmod/tweaks/base/gameplay/static_data/database/items/weapons/ranged/grenadelauncher/base_grenadelauncher.tweak","8202","2A738BB552350A77798D280023F5A249E22E59D674F99D94FD72FA9B748BC967"
"tools/redmod/tweaks/base/gameplay/static_data/database/items/weapons/ranged/handguns/chao/base_chao.tweak","13685","3A157FF01EC2BFE7661162ADA2889A5DAE0567BF43EC85D04F95AEF6958C7B3C"
"tools/redmod/tweaks/base/gameplay/static_data/database/items/weapons/ranged/handguns/chao/preset_base_chao.tweak","14940","2805909812ED9C143C2141AA272F241F22375103C2A559416392D7A11318A5F2"
"tools/redmod/tweaks/base/gameplay/static_data/database/items/weapons/ranged/handguns/kappa/base_kappa.tweak","13520","E2AE25F5C22A320C6984B15CEA4F45E2B18626CBD7F16E5443E06DF402AF84E9"
"tools/redmod/tweaks/base/gameplay/static_data/database/items/weapons/ranged/handguns/kappa/preset_base_kappa.tweak","21968","B3E0945E23A7EF306ABBAE133FDEAD4E8F20FBA7AAFA626B8040E2F354121813"
"tools/redmod/tweaks/base/gameplay/static_data/database/items/weapons/ranged/handguns/kenshin/base_kenshin.tweak","11513","B9EC61F950E239F7EFBB836534056FEA346D806544DFD7A12F9B4E16881D5CA8"
"tools/redmod/tweaks/base/gameplay/static_data/database/items/weapons/ranged/handguns/kenshin/preset_base_kenshin.tweak","21174","88A5B2B3E6FC54CD10E14698EF5E5339DF069B3C106258D9F3CC58C86599B4FC"
"tools/redmod/tweaks/base/gameplay/static_data/database/items/weapons/ranged/handguns/lexington/base_lexington.tweak","9818","BD652C0D513F29E88A4AE1DED3FC87CD60D4203195770E15B039295FA6E624C8"
"tools/redmod/tweaks/base/gameplay/static_data/database/items/weapons/ranged/handguns/lexington/preset_base_lexington.tweak","32195","CA3BFED695BC6F7BBF03B0E5D1843A360EA316836A937A0926563E5E9956C26B"
"tools/redmod/tweaks/base/gameplay/static_data/database/items/weapons/ranged/handguns/liberty/base_liberty.tweak","8462","5F5E5BA997BDDF93C11013BB59A53A31EEAC5261ABCBC78008F8EC57D8CB3D8A"
"tools/redmod/tweaks/base/gameplay/static_data/database/items/weapons/ranged/handguns/liberty/preset_base_liberty.tweak","18503","7A6FCD97F973634505A1D4591348DB157AC58461CFBBD0D575A8461E6E9A1CBE"
"tools/redmod/tweaks/base/gameplay/static_data/database/items/weapons/ranged/handguns/nue/base_nue.tweak","9413","46CD3B69E47E5FA05D7E705E69865F6117A6A18E237869B0738993F7AB48F23A"
"tools/redmod/tweaks/base/gameplay/static_data/database/items/weapons/ranged/handguns/nue/preset_base_nue.tweak","24643","8EAC65BD40536B2D75948698D5ECFEECAC542126968B0B47273DC39FAB3E6766"
"tools/redmod/tweaks/base/gameplay/static_data/database/items/weapons/ranged/handguns/omaha/base_omaha.tweak","11352","964D1DA89CD2DE76D94781BB5DF44FB87948D49BB05384ED345D7435D7766674"
"tools/redmod/tweaks/base/gameplay/static_data/database/items/weapons/ranged/handguns/omaha/preset_base_omaha.tweak","14335","F79A0A0A57636E4A7D5F3012D8DA4089C3A0C4DF0BA06C4C9CFB31251CA7938B"
"tools/redmod/tweaks/base/gameplay/static_data/database/items/weapons/ranged/handguns/slaughtomatic/base_slaughtomatic.tweak","9785","B113DA63F3C805DDF153887A8E7E2053D06060A2D97D65F43D2CD32C4EAC3246"
"tools/redmod/tweaks/base/gameplay/static_data/database/items/weapons/ranged/handguns/slaughtomatic/preset_base_slaughtomatic.tweak","1068","9DC3F3493B0DCF1D89A67FA33F778A32EE58115CF8B928EAAFA60D7746EC5C80"
"tools/redmod/tweaks/base/gameplay/static_data/database/items/weapons/ranged/handguns/unity/base_unity.tweak","8405","FA5409BCD30848F2D8675CE002A94D465CF6D6D7DE56F936DAFEB2366AEC4125"
"tools/redmod/tweaks/base/gameplay/static_data/database/items/weapons/ranged/handguns/unity/preset_base_unity.tweak","16499","7686411ED315CA097909534E810043BC3241C08A781CF6D93ADE594A06F44F85"
"tools/redmod/tweaks/base/gameplay/static_data/database/items/weapons/ranged/handguns/yukimura/base_yukimura.tweak","13030","B649AFBE29AE8D0627992479BC916B0F4196EA64E4D54A0919AAD22FBF7F7F07"
"tools/redmod/tweaks/base/gameplay/static_data/database/items/weapons/ranged/handguns/yukimura/preset_base_yukimura.tweak","20160","48C229C4EBC31560EE86F846698479395912C8B850D75A96A6A06F07BB82C665"
"tools/redmod/tweaks/base/gameplay/static_data/database/items/weapons/ranged/lmgs/defender/base_defender.tweak","9001","FF32A17E88EA964726C6AC6549606B4527F42CC0ED2265042EA45A4F2E80A6E4"
"tools/redmod/tweaks/base/gameplay/static_data/database/items/weapons/ranged/lmgs/defender/preset_base_defender.tweak","8548","8683FADDA174A0031B01146688E0259847E1601836387A22B577293BBE8894B3"
"tools/redmod/tweaks/base/gameplay/static_data/database/items/weapons/ranged/lmgs/ma70/base_ma70.tweak","9156","13069EC1AED06AC06FDB1E6B32155E187EC977D8332E51D241B9E1F9325AE001"
"tools/redmod/tweaks/base/gameplay/static_data/database/items/weapons/ranged/lmgs/ma70/preset_base_ma70.tweak","9404","590A7DD081BC4319D51F24B52D76C3430145EF37B01D20DB397A50C9AAC02540"
"tools/redmod/tweaks/base/gameplay/static_data/database/items/weapons/ranged/revolvers/burya/base_burya.tweak","12011","A45F3E8C2D1A47E2BB25647F17011B35480CFA16061414CF4DE11BDA65BE5A8C"
"tools/redmod/tweaks/base/gameplay/static_data/database/items/weapons/ranged/revolvers/burya/preset_base_burya.tweak","20518","A9B8D03B53FCE993BEA045F02EC6221447538407BCE705BF52F3B765DC5CFA6F"
"tools/redmod/tweaks/base/gameplay/static_data/database/items/weapons/ranged/revolvers/crusher/base_crusher.tweak","9624","47DD0B7F42BBAB9299986BA3413F5762135C823DAB36157281781001BD75860A"
"tools/redmod/tweaks/base/gameplay/static_data/database/items/weapons/ranged/revolvers/crusher/preset_base_crusher.tweak","13412","82CEAB2C0E729E40C81A7599D47D8B2A616795E575A222BC90203D9CAEE54B93"
"tools/redmod/tweaks/base/gameplay/static_data/database/items/weapons/ranged/revolvers/malorian_overture/base_malorian_overture.tweak","9602","0A7E2A906CBDD47E024982F9E9B0C7C5B9590CCBD2E10B88D18C5A1D27E1711E"
"tools/redmod/tweaks/base/gameplay/static_data/database/items/weapons/ranged/revolvers/malorian_overture/preset_malorian_overture.tweak","24057","53BC97C008E42D961C8E0377D029FDD9FC8B2FCCF7B5395C4173598388FC0213"
"tools/redmod/tweaks/base/gameplay/static_data/database/items/weapons/ranged/revolvers/malorian_silverhand/base_malorian_silverhand.tweak","11212","A3A75E3D9B9D6341BFC02458285617D9542B0BD2A807DBEB8E9F113512C0B08D"
"tools/redmod/tweaks/base/gameplay/static_data/database/items/weapons/ranged/revolvers/malorian_silverhand/preset_malorian_silverhand.tweak","1533","04BB16D6A5D20C9BC14832E42DFED3091A6004D2D7C8C9928C7CE18FD06F1701"
"tools/redmod/tweaks/base/gameplay/static_data/database/items/weapons/ranged/revolvers/nova/base_nova.tweak","8834","4AE25075ECF73BFE18356B5202384A4158A1B93C34207C32BD3B9E809F76AB0B"
"tools/redmod/tweaks/base/gameplay/static_data/database/items/weapons/ranged/revolvers/nova/preset_base_nova.tweak","16108","1D67A85F82FABDD6B6A5D0593FFE55F59E1C142F8B311EF3351D0035ACD9D5C3"
"tools/redmod/tweaks/base/gameplay/static_data/database/items/weapons/ranged/revolvers/quasar/base_quasar.tweak","11181","9E7D923EB688382723BC1A31BE8C3684EB11FC4605A5C633E88778E9257D6019"
"tools/redmod/tweaks/base/gameplay/static_data/database/items/weapons/ranged/revolvers/quasar/preset_base_quasar.tweak","12819","3DBE1D2328D6003C5E7B795BA9D79EAB14FE3AB1F31173238A89A3BD53EC0DAC"
"tools/redmod/tweaks/base/gameplay/static_data/database/items/weapons/ranged/rifles/achilles/base_achilles.tweak","10759","8A0A95205E749C8432127EA270E162CEB4E1654E2E27BEBFF099E88CEE73070A"
"tools/redmod/tweaks/base/gameplay/static_data/database/items/weapons/ranged/rifles/achilles/preset_base_achilles.tweak","18617","77799445385267C4B5C5FBBCF5BF419A2A3E62F51F8B4F5923ABCCD6615BFF31"
"tools/redmod/tweaks/base/gameplay/static_data/database/items/weapons/ranged/rifles/ajax/base_ajax.tweak","8100","C66EBA5625DCADB78768C2159CD673B6254F152F545AF2295243D56F66C66045"
"tools/redmod/tweaks/base/gameplay/static_data/database/items/weapons/ranged/rifles/ajax/preset_base_ajax.tweak","15973","6C55EC3209C6B40794EB2A5526969F98082BA104767DFE0957E7FF542F421560"
"tools/redmod/tweaks/base/gameplay/static_data/database/items/weapons/ranged/rifles/ashura/base_ashura.tweak","14554","F5E1FAFC86BCB6F1B3A34F3CC9022E0A03F6BDDB299D44C6150AC15D00679F5F"
"tools/redmod/tweaks/base/gameplay/static_data/database/items/weapons/ranged/rifles/ashura/preset_base_ashura.tweak","9148","FFC4D4B6D4ACB1AC80E32830705684A98D4D6956AF7E21166F5AB211133C97F3"
"tools/redmod/tweaks/base/gameplay/static_data/database/items/weapons/ranged/rifles/copperhead/base_copperhead.tweak","8608","7983A93D35EFEE957A20FC281F1653CC8ED348D09BAE2A2EFAA4690C27098A4D"
"tools/redmod/tweaks/base/gameplay/static_data/database/items/weapons/ranged/rifles/copperhead/preset_base_copperhead.tweak","10480","AE04882204A5F9B3022AA77C763C0EC0284CC063F46DC2D661F15EF28F377983"
"tools/redmod/tweaks/base/gameplay/static_data/database/items/weapons/ranged/rifles/grad/base_grad.tweak","9366","D201157388B25C92B212CFBDAD6C0C087E527D65290B9A06722D94AAA6C51F6F"
"tools/redmod/tweaks/base/gameplay/static_data/database/items/weapons/ranged/rifles/grad/preset_base_grad.tweak","29968","913056F766CD37370D48673FE26163EC37A39D9EAEF4D466D71102A8AA39045B"
"tools/redmod/tweaks/base/gameplay/static_data/database/items/weapons/ranged/rifles/kolac/base_kolac.tweak","9319","143A1E9FF2264F4C0EA73970F29210714037582643BFAE224373C09E52142CB8"
"tools/redmod/tweaks/base/gameplay/static_data/database/items/weapons/ranged/rifles/kolac/preset_base_kolac.tweak","2738","CF6D14C67F4E6ADCE3446B54C689CA882478863DDF34CA091A8DB6874D7E80D3"
"tools/redmod/tweaks/base/gameplay/static_data/database/items/weapons/ranged/rifles/kyubi/base_kyubi.tweak","9151","E5EF6B78D4691835B660E98063343B31A9B15C6D702D38E60EF97379D1F16A30"
"tools/redmod/tweaks/base/gameplay/static_data/database/items/weapons/ranged/rifles/kyubi/preset_base_kyubi.tweak","17669","9F3161DC481DCD796BCA2E108F0672C45B8EE95CFA2129C79BD4C59BDC05B5A9"
"tools/redmod/tweaks/base/gameplay/static_data/database/items/weapons/ranged/rifles/masamune/base_masamune.tweak","8698","3013D09FA6A080C4B846457FC96B4E7F5CA156F999EA16A9E15198023F95B978"
"tools/redmod/tweaks/base/gameplay/static_data/database/items/weapons/ranged/rifles/masamune/preset_base_masamune.tweak","13364","5EF6E3FE88DD159C79BA745084885043F15EF021499E02DBBF164C5D5DF2D872"
"tools/redmod/tweaks/base/gameplay/static_data/database/items/weapons/ranged/rifles/nekomata/base_nekomata.tweak","11993","CA06CCF0ACD8EFF4E94BBBFC2AF83481920FF3E972D615DB665B85FE6EE25121"
"tools/redmod/tweaks/base/gameplay/static_data/database/items/weapons/ranged/rifles/nekomata/preset_base_nekomata.tweak","18197","6295E7869F77044A345153DE46838A8A9FB1FBD8E2A73771A09F719F99AB67C9"
"tools/redmod/tweaks/base/gameplay/static_data/database/items/weapons/ranged/rifles/pozhar/base_pozhar.tweak","11198","01EB95DC45BD7E0BEF4A3DC912E3997F09E1F32AA9EB07E39916D439FA11F981"
"tools/redmod/tweaks/base/gameplay/static_data/database/items/weapons/ranged/rifles/pozhar/preset_base_pozhar.tweak","13854","6CFD8F47D925D65C4F050ED7D83FBC95D7BC8D64CA6B30689E0FBED6A39B7721"
"tools/redmod/tweaks/base/gameplay/static_data/database/items/weapons/ranged/rifles/sidewinder/base_sidewinder.tweak","14060","9A480A8D9A442A1A85E8E24616C470C9DE1EB1ACF2B08C994C96236A14B6C49D"
"tools/redmod/tweaks/base/gameplay/static_data/database/items/weapons/ranged/rifles/sidewinder/preset_base_sidewinder.tweak","9348","A35D9BCDEBEFBAADBD41A7D327904139DA51C2610C4F9D1386A334FB877F095F"
"tools/redmod/tweaks/base/gameplay/static_data/database/items/weapons/ranged/rifles/sor/base_sor.tweak","9083","FE32D203229C26D163F52C32ABFA5EF136405BD779049B5BB0B71505F431B2BC"
"tools/redmod/tweaks/base/gameplay/static_data/database/items/weapons/ranged/rifles/sor/preset_base_sor.tweak","5895","F15604BAEA81535543309C1954F140C0E8DD617EC2816F7510BDEB530833EE46"
"tools/redmod/tweaks/base/gameplay/static_data/database/items/weapons/ranged/rifles/umbra/base_umbra.tweak","8825","AC6327D1A804D28EDE26A433D3D57ED51331EC0D9451E79AEF7C7F7519024528"
"tools/redmod/tweaks/base/gameplay/static_data/database/items/weapons/ranged/rifles/umbra/preset_base_umbra.tweak","9322","8FC87A963C32BDF9730A5B38E049307C932DD50B9C79EA4AC91CF31B8F935240"
"tools/redmod/tweaks/base/gameplay/static_data/database/items/weapons/ranged/rocketlauncher/base_rocketlauncher.tweak","8434","573026DA597572F7A8BD7467333E66D460D4F9C47E93320144596055744C24D7"
"tools/redmod/tweaks/base/gameplay/static_data/database/items/weapons/ranged/rocketlauncher/preset_base_rocketlauncher.tweak","2988","0EF11B0BDA2D4A02A60CDBAD30B24CF5FE6C3D4E939EA1A7B2053293D591CD9A"
"tools/redmod/tweaks/base/gameplay/static_data/database/items/weapons/ranged/shotguns/carnage/base_carnage.tweak","9602","26D4DDA3C9D11EA6C1B039AC1EB5DD3B2FAB6C1BA097D2ACB17E6AEA80173735"
"tools/redmod/tweaks/base/gameplay/static_data/database/items/weapons/ranged/shotguns/carnage/preset_base_carnage.tweak","12552","C622C344A9E8F6F99CE51EAF78E5E503491CEFAFE5BA0EAAD4A9E85B15782F7F"
"tools/redmod/tweaks/base/gameplay/static_data/database/items/weapons/ranged/shotguns/igla/base_igla.tweak","9065","837C861F0052646CD9452E34F13F37BCF1E06BCA0037B33121FDCD13E93FE921"
"tools/redmod/tweaks/base/gameplay/static_data/database/items/weapons/ranged/shotguns/igla/preset_base_igla.tweak","7725","A4C666440F6FD9E03D1C393FCE389D7E94B4DBC83E1FE3F0647F1A73C31E1850"
"tools/redmod/tweaks/base/gameplay/static_data/database/items/weapons/ranged/shotguns/palica/base_palica.tweak","13717","6B3D3C5DDBC4033894323B56512265CADF9EEF1D6F2B09F408FF8CE2414BAFF7"
"tools/redmod/tweaks/base/gameplay/static_data/database/items/weapons/ranged/shotguns/palica/preset_base_palica.tweak","2869","39E95165433648F60848130B5C373C5A5241CDF9F7255EFC34692CE2BAEEC571"
"tools/redmod/tweaks/base/gameplay/static_data/database/items/weapons/ranged/shotguns/satara/base_satara.tweak","10402","8B260FB1B0C53E0D311671FE8E260661D3B8F2415952B372378F927EBDB4939E"
"tools/redmod/tweaks/base/gameplay/static_data/database/items/weapons/ranged/shotguns/satara/preset_base_satara.tweak","6779","1AAE78028D970672789A47955577F49F29A07DDD1C909FE4D09A58CF9B566F20"
"tools/redmod/tweaks/base/gameplay/static_data/database/items/weapons/ranged/shotguns/tactician/base_tactician.tweak","9170","C648C775F0A745437320C82565959445305F9100D48CD5158A56D1A5ED57DA6D"
"tools/redmod/tweaks/base/gameplay/static_data/database/items/weapons/ranged/shotguns/tactician/preset_base_tactician.tweak","15513","8304D9EF9A418A352849F904C925ABD47DD08C4875AEBEEE0D63C2CDA6C038BD"
"tools/redmod/tweaks/base/gameplay/static_data/database/items/weapons/ranged/shotguns/testera/base_testera.tweak","10172","30230088760C5AF3A076A30275289440B5B7843CDD1739D63732D610E0458AB5"
"tools/redmod/tweaks/base/gameplay/static_data/database/items/weapons/ranged/shotguns/testera/preset_base_testera.tweak","8671","9BA8DBD70CDE16D6CA7647EB25375048D5FD19FAD5DC5A247476966FC40EC59C"
"tools/redmod/tweaks/base/gameplay/static_data/database/items/weapons/ranged/shotguns/zhuo/base_zhuo.tweak","13643","2BAC36BD9B94D7A287CE61D66828BAD968EF2E49FDA792F5C417745FE9132345"
"tools/redmod/tweaks/base/gameplay/static_data/database/items/weapons/ranged/shotguns/zhuo/preset_base_zhuo.tweak","13908","2B2493EBFF3CAB09FD6DFD3B790A7E29F2D11C18277039C511713137490CFA39"
"tools/redmod/tweaks/base/gameplay/static_data/database/items/weapons/ranged/submachineguns/dian/base_dian.tweak","12669","DB07826857B819DFE7FA52A3EF57CC5E8BFCFDACDEBBA512DB2DEE6FEB00490F"
"tools/redmod/tweaks/base/gameplay/static_data/database/items/weapons/ranged/submachineguns/dian/preset_base_dian.tweak","6387","48AF74760AEA0EAE10DF1B72791BA77BF62982A94DAD7A31D18204F5ECC99A61"
"tools/redmod/tweaks/base/gameplay/static_data/database/items/weapons/ranged/submachineguns/guillotine/base_guillotine.tweak","10531","2D0DF47C9411C1181F7AD33881960E81AA3EC4639AF651689050DB237BD98BE4"
"tools/redmod/tweaks/base/gameplay/static_data/database/items/weapons/ranged/submachineguns/guillotine/preset_base_guillotine.tweak","8594","D806815EB0F58C3AD41A4EB0BA329B7858A06CDB57A5C17450D26B07DF5ED9A7"
"tools/redmod/tweaks/base/gameplay/static_data/database/items/weapons/ranged/submachineguns/pulsar/base_pulsar.tweak","9151","7C57AD4AD28A11A1EA9E73D149A63B1BD57A7410A0779B9732F0BCC88AA7B984"
"tools/redmod/tweaks/base/gameplay/static_data/database/items/weapons/ranged/submachineguns/pulsar/preset_base_pulsar.tweak","6566","835BEEE936BFF92E4535E4F5268A3F616F3CC1BD7C4119CA2F5C9F36B3B0BB79"
"tools/redmod/tweaks/base/gameplay/static_data/database/items/weapons/ranged/submachineguns/saratoga/base_saratoga.tweak","9271","BD3CB0BF7A2ED4E369721CA85CC2D1E7480594128A4AFE823FE4EDEF0D67D5BB"
"tools/redmod/tweaks/base/gameplay/static_data/database/items/weapons/ranged/submachineguns/saratoga/preset_base_saratoga.tweak","16791","5A6D9402AB3EF9415F97CF6C96C98112C78215D58F0159972304754D7619D708"
"tools/redmod/tweaks/base/gameplay/static_data/database/items/weapons/ranged/submachineguns/senkoh/base_senkoh.tweak","12852","8C4FD702272E3CD6AB886B784B7F8C5BAAC924091A02DE1F983E87C3AAD750C6"
"tools/redmod/tweaks/base/gameplay/static_data/database/items/weapons/ranged/submachineguns/senkoh/preset_base_senkoh.tweak","9583","4ECA023185E4D89C6D3835262FDE8006141D3301CDCCD3B03890F250A66E6B8E"
"tools/redmod/tweaks/base/gameplay/static_data/database/items/weapons/ranged/submachineguns/shingen/base_shingen.tweak","16682","8959B741C8C6D38E19FFE4EE70FDE2A2E2013DC31B8AC8EA6E1C6DE699B80ABE"
"tools/redmod/tweaks/base/gameplay/static_data/database/items/weapons/ranged/submachineguns/shingen/preset_base_shingen.tweak","8761","7F255D38A1E66BB3BE84A8476AC123F1A14F2705C676218C88D5C0296B6E1CE5"
"tools/redmod/tweaks/base/gameplay/static_data/database/items/weapons/schema.tweak","2078","F3944C8E108632F104B79A5A1D969EAEB7D1DD9B87DCA7091091628140203B94"
"tools/redmod/tweaks/base/gameplay/static_data/database/items/weapons/smart_gun_config/configs.tweak","1832","699AB574D669ED6A9FFF17830AE3CCB3AEFD019DD3E36507608450908B5437EC"
"tools/redmod/tweaks/base/gameplay/static_data/database/items/weapons/smart_gun_config/schema.tweak","1087","20E0E9CF15FBF24993896115DEBFFC2D05057FA112C4B5278793BF5C9510BBE7"
"tools/redmod/tweaks/base/gameplay/static_data/database/items/weapons/weapon_base.tweak","3981","A6C736E4ADE8B1D34544092865228DFA6FFB74D06D9EC296A7E7E0D290EE0158"
"tools/redmod/tweaks/base/gameplay/static_data/database/items/weapons/weapon_blueprints.tweak","41938","45A3668A8D159B1AF49F1FC8B4AC533D3F760D4D4FCF48F70B9A9939904AA51F"
"tools/redmod/tweaks/base/gameplay/static_data/database/lookat_presets/base_values.tweak","43862","2ADE340478D080593C13B32697354C17D29DBAD0EE4B451BE4BCD05F33C69579"
"tools/redmod/tweaks/base/gameplay/static_data/database/lookat_presets/schema.tweak","891","74E16C34DB120A05DE98ECE936619E0DAF85BFBC9BD054FE5E65A4AA4FACFBE7"
"tools/redmod/tweaks/base/gameplay/static_data/database/loot/bosses_loot.tweak","2211","8A94C12D1949F3EB23C3092989D091E00DE1F7FFBC89F53382C8D88895645F48"
"tools/redmod/tweaks/base/gameplay/static_data/database/loot/ce/ce_loot.tweak","14454","15294A54425807B9BC10BCD1C0BFD74B10575C372AE4E25FEFA1A6C6F130D84A"
"tools/redmod/tweaks/base/gameplay/static_data/database/loot/container_types.tweak","1301","10147F8D6246151AB19C4A14259BF9C3BF03A760202925D70F5515F7F5DC5085"
"tools/redmod/tweaks/base/gameplay/static_data/database/loot/contextual/contextual_clothing.tweak","295","2CC2FBFA035D9C882597B5B7BDF3E7196A2FE02C3C4500821FB74D7C85D389B2"
"tools/redmod/tweaks/base/gameplay/static_data/database/loot/contextual/richness.tweak","170","D0CA7CCC6DC1A0D41E0DD9AF35C8319C7D1F18EA5BC82C4182369AE7950D0E78"
"tools/redmod/tweaks/base/gameplay/static_data/database/loot/controlled_loot.tweak","40880","DE4F6A1CF8DFDED00DA11F54FFEA646D338AF57403DFF7AF1F8686EBA618C115"
"tools/redmod/tweaks/base/gameplay/static_data/database/loot/cyberpsycho_weapon_loot.tweak","59361","581B305A17FCFF763257468C8EB8147EC992CC81D2467A1CE595368DF9CC37FF"
"tools/redmod/tweaks/base/gameplay/static_data/database/loot/districts/badlands/badlands_general.tweak","3842","E795BCBEC40B7F239090EAACA4C9B3183152337ED482CE4AF8C7D19AC6EC081F"
"tools/redmod/tweaks/base/gameplay/static_data/database/loot/districts/badlands/badlands_idyllwild.tweak","2630","82703CD67D1285A5D4BBF403E73255299F96080A8E70F76F1EDE136030831CB0"
"tools/redmod/tweaks/base/gameplay/static_data/database/loot/districts/badlands/badlands_indland_avenue.tweak","3753","81B771AE13F33151945F5D715ACC4260BC1D9983073AB0F6B8F9D39DF35F28A6"
"tools/redmod/tweaks/base/gameplay/static_data/database/loot/districts/badlands/badlands_yunque.tweak","2622","15ED53FE86BE0B595C42E2B1178AE5B0F78284D3CB73D71D29E0F40926F86D21"
"tools/redmod/tweaks/base/gameplay/static_data/database/loot/districts/city_center/city_center_corpo_plaza.tweak","3668","19EB44DCAB006F38E46729F7911FE64A39686E4380E2633F9ABDD03FC97F73D9"
"tools/redmod/tweaks/base/gameplay/static_data/database/loot/districts/city_center/city_center_downtown.tweak","3772","AC4A77CB62F93622DC1A0E3B78849C773353D274C47BAEA4388E711A7773F036"
"tools/redmod/tweaks/base/gameplay/static_data/database/loot/districts/city_center/city_center_general.tweak","2782","48E4CBCC193F889053CD9ED9FF70E966D8A046052E16BD513A9A4A3F24FDDD67"
"tools/redmod/tweaks/base/gameplay/static_data/database/loot/districts/heywood/heywood_general.tweak","422","C94AF99B5CC80EB4F276C2DA8B7856DBF0BB201D2AF1D39ADB095CE70E242E4C"
"tools/redmod/tweaks/base/gameplay/static_data/database/loot/districts/heywood/heywood_glen.tweak","3290","81C141E6310F572270F36F3D6C19205164B5466E78EFBB768C029DF18E2A473C"
"tools/redmod/tweaks/base/gameplay/static_data/database/loot/districts/heywood/heywood_vista_del_rey.tweak","4627","284390D211A58E74AC13DFBAD0D2EFE37050DA878B58E6D5CEEB5B4157F1B1B1"
"tools/redmod/tweaks/base/gameplay/static_data/database/loot/districts/heywood/heywood_wellsprings.tweak","3634","A23141C80ED312A986E102FFF43AA1C33C5B6EB9BFCB89934B160D839367ED45"
"tools/redmod/tweaks/base/gameplay/static_data/database/loot/districts/pacifica/pacifica_coastview.tweak","3526","3A901AC81F11720E910EB6D97F56CDB71CA9F394230A1FD11BBBD79207CCECBD"
"tools/redmod/tweaks/base/gameplay/static_data/database/loot/districts/pacifica/pacifica_general_contexts.tweak","28","4C104D87183A5E98CC8908DB356ABB3BDDC96E1C0C4195C59A6E528C93DF909A"
"tools/redmod/tweaks/base/gameplay/static_data/database/loot/districts/pacifica/pacifica_general_factions.tweak","28","4C104D87183A5E98CC8908DB356ABB3BDDC96E1C0C4195C59A6E528C93DF909A"
"tools/redmod/tweaks/base/gameplay/static_data/database/loot/districts/pacifica/pacifica_general_locations.tweak","28","4C104D87183A5E98CC8908DB356ABB3BDDC96E1C0C4195C59A6E528C93DF909A"
"tools/redmod/tweaks/base/gameplay/static_data/database/loot/districts/pacifica/pacifica_general.tweak","2852","D2032BAC997A69D42DC562C07FA9E3B3C383197208E3757099865F1F6B7EF873"
"tools/redmod/tweaks/base/gameplay/static_data/database/loot/districts/pacifica/pacifica_west_wind_estate.tweak","3344","8CA00699258E8B8D7260121571600EE1CD88CA6C8FAE242B0A29795C70B1660F"
"tools/redmod/tweaks/base/gameplay/static_data/database/loot/districts/santo_domingo/santo_domingo_arroyo.tweak","4688","3A49D5B98B1D14F0FD14FB6762C1079BA178D5401B729E8D94CB31B152292F5F"
"tools/redmod/tweaks/base/gameplay/static_data/database/loot/districts/santo_domingo/santo_domingo_general.tweak","4106","13522DC1247DA6DA63B938B311E58D20ED76397937A36550FC2846A09204FB4B"
"tools/redmod/tweaks/base/gameplay/static_data/database/loot/districts/santo_domingo/santo_domingo_rancho_corronado.tweak","5000","7E189E2592829E4F3A357978313A3BDC5263BC41E8C47DC000A803ED1CDF28BE"
"tools/redmod/tweaks/base/gameplay/static_data/database/loot/districts/watson/watson_general_contexts.tweak","417","3BF61C685262B5907B04037CB7A77736076EA7E5AD7AD5CE1A23A173F611640A"
"tools/redmod/tweaks/base/gameplay/static_data/database/loot/districts/watson/watson_general.tweak","3669","1621121551FD5F27C0C8231625FB32129DCA328F80159C648E5879A91C89FAEF"
"tools/redmod/tweaks/base/gameplay/static_data/database/loot/districts/watson/watson_kabuki.tweak","6087","E6442DBA4FAD980C43883BE4A45505A20CE22FE68A1C8F55FD5AA67F19D1AE33"
"tools/redmod/tweaks/base/gameplay/static_data/database/loot/districts/watson/watson_little_china.tweak","6052","7C8D5A195BC722DBB9FFA671227E742AAE0138C48024AD7F12E22821E4DA0B78"
"tools/redmod/tweaks/base/gameplay/static_data/database/loot/districts/watson/watson_nid.tweak","6192","E24B5DADAD3393C9585E7B3F4FF7740CEC3D90003E623C22A2FEF1E8B1CB8690"
"tools/redmod/tweaks/base/gameplay/static_data/database/loot/districts/westbrook/westbrook_charter_hill.tweak","4619","61074D226CCA3C74909099F5E75F16AFB08C0B44B14BCC0773034FDD60D4D8C0"
"tools/redmod/tweaks/base/gameplay/static_data/database/loot/districts/westbrook/westbrook_general.tweak","3660","93FDBF4F9284902B9D247F949E74ECF156F72BB4FB346D47BC016FBF34B64EFC"
"tools/redmod/tweaks/base/gameplay/static_data/database/loot/districts/westbrook/westbrook_japan_town.tweak","4552","012521675B174556ABF13AED2B782BAB8AF26A3365023172885ACC9F1BC41445"
"tools/redmod/tweaks/base/gameplay/static_data/database/loot/districts/westbrook/westbrook_north_oaks.tweak","4959","BE34BADAA0E41EEC782D5FFD989F055D94B8C27583EB9E5EE76A1E1DE9E69691"
"tools/redmod/tweaks/base/gameplay/static_data/database/loot/factions/6th_street_loot.tweak","4257","157165C1F2246923AED4CE6D5D421B751304B147D626951D422EA4865C3F0B0E"
"tools/redmod/tweaks/base/gameplay/static_data/database/loot/factions/aldecados_loot.tweak","2456","3F9F17D74762113AD9B8D4CFF61A88B8F8288A328607D9336F08D186B45F511B"
"tools/redmod/tweaks/base/gameplay/static_data/database/loot/factions/animals_loot.tweak","6013","2EAA5C71EF17A1AF59D0575F7B1810D619077A749B1ECCF389584360B32662BE"
"tools/redmod/tweaks/base/gameplay/static_data/database/loot/factions/arasaka_loot.tweak","9581","C23E49182C654A93E47CE390EA476FB05D1F038669DB1932F0DEF5538A7EF144"
"tools/redmod/tweaks/base/gameplay/static_data/database/loot/factions/faction_queries.tweak","4963","A47C44E238E27D0CF55900290F7EB5DAB496EC98BF4F6E8302F74C19F69C5C9E"
"tools/redmod/tweaks/base/gameplay/static_data/database/loot/factions/kang_tao_loot.tweak","844","C07495C5970E0A4E390F3427A670ADEBA22F4573B8DECD2C84C034EFA0A7A1D7"
"tools/redmod/tweaks/base/gameplay/static_data/database/loot/factions/maelstrom_loot.tweak","4262","24CFFDFBA047A9B1B40B6885A1DFD871D606060F1CF1B2F58999B482E747E2E0"
"tools/redmod/tweaks/base/gameplay/static_data/database/loot/factions/militech_loot.tweak","3307","2DAEFFB8DC82421BC3D17734550E6DDB08BFD81543C886A4E484598D1C9A0B7A"
"tools/redmod/tweaks/base/gameplay/static_data/database/loot/factions/moxies_loot.tweak","871","0CEE6EC62D045BA7A0267993478E79C0FA2C54092A5BF09B34B6850500FA4BD6"
"tools/redmod/tweaks/base/gameplay/static_data/database/loot/factions/ncpd_loot.tweak","28","4C104D87183A5E98CC8908DB356ABB3BDDC96E1C0C4195C59A6E528C93DF909A"
"tools/redmod/tweaks/base/gameplay/static_data/database/loot/factions/scavengers_loot.tweak","5353","8919B3852E474B2001938C23B27B49C318568CAAF48CF18A45BD5DF13173EA9A"
"tools/redmod/tweaks/base/gameplay/static_data/database/loot/factions/trauma_team_loot.tweak","707","4528EF27594E959335148BF767DF02BFEA9477E20E7C65004ECC461ED6048209"
"tools/redmod/tweaks/base/gameplay/static_data/database/loot/factions/tyger_claws_loot.tweak","7122","5DF87B03F498FE956061ACF2D7B2F1A24F13F656471F18CE1EEED5223B810425"
"tools/redmod/tweaks/base/gameplay/static_data/database/loot/factions/valentinos_loot.tweak","4983","70935BC552CBC3CDCCFF343882F3860A2733F9D3F128BA2286DB0B2AE288FE5E"
"tools/redmod/tweaks/base/gameplay/static_data/database/loot/factions/voodoo_boys_loot.tweak","3742","E807CCAAC73CBED2AAAA801AF3661E45531AB63C385D3E48CE12E1C843ED0CA8"
"tools/redmod/tweaks/base/gameplay/static_data/database/loot/factions/wraiths_loot.tweak","4027","BB03AF6D35C177224E44DC1821D91C8E0425EC18EB37380DC55C9858F21F3811"
"tools/redmod/tweaks/base/gameplay/static_data/database/loot/generic_loot.tweak","993","E27C1C8801D2FA9EAEF57DA3FEFBAF6060644E3816853C520E3CC01B1FB32105"
"tools/redmod/tweaks/base/gameplay/static_data/database/loot/generic_loot/attachments_loot.tweak","5815","E090AC2B427EC4316DCAB097927EF8827EEF834DFE1C8340F35CDE4E9B0F2911"
"tools/redmod/tweaks/base/gameplay/static_data/database/loot/generic_loot/generic_faction_loot.tweak","27067","D68CE509A5CFDCC4D1054D41959F030F5EDDAAEC75DDEBE6D2E4A01C683A6330"
"tools/redmod/tweaks/base/gameplay/static_data/database/loot/generic_loot/high_class.tweak","30253","C2AB3098C1000732A015823DCBB45517AB158C443BF9252AF1AF228F2E25304A"
"tools/redmod/tweaks/base/gameplay/static_data/database/loot/generic_loot/low_class.tweak","30183","84BB8D8788D90C0EC0C7A2504EA1660E858F7853BA0905F05A82AF9CBD924C6A"
"tools/redmod/tweaks/base/gameplay/static_data/database/loot/generic_loot/medium_class.tweak","31552","648A72C01C2DFC29BC3F97D92E9C738F92BA7E6552603B6D3802181255EEED8F"
"tools/redmod/tweaks/base/gameplay/static_data/database/loot/generic_npc_loot.tweak","6121","0CF10D1871A46AF64F421ADD9E3C29F5FFA158E7653D7EF3D88138BECB2E8217"
"tools/redmod/tweaks/base/gameplay/static_data/database/loot/generictokens.tweak","34","9D5043ADCF36C0463E24DFA63685C8ED999649AB712C3D8488DAC18537E50793"
"tools/redmod/tweaks/base/gameplay/static_data/database/loot/gym_ccl/weapons.tweak","2115","4FE607E20BAEFB27551C49F31EE6E20986B03B2C12574CD9FFDCE30F462DA182"
"tools/redmod/tweaks/base/gameplay/static_data/database/loot/gym_tech_gmpl/loottables.tweak","1045","DC86CCEC8E979BC645FD640C40ED83B74D64E8819EB08F3FFD51D159D88FEE29"
"tools/redmod/tweaks/base/gameplay/static_data/database/loot/gym_ui/loottables.tweak","1322","1C21415B5C1FE89CBBF081EB478FBA68CFDE3AC3BE50E9D211F597EF7073E8D1"
"tools/redmod/tweaks/base/gameplay/static_data/database/loot/item_pass_loot_tables.tweak","71940","892E139C34CF9AF320FF5F0BF39A50311D9B6EB067A0DF55E930F8D1F1A646B7"
"tools/redmod/tweaks/base/gameplay/static_data/database/loot/loot_prereqs.tweak","31979","8A61D0A3774F1F076E90582943465991CD2A02D8E20A7FAAD28CD2BC410EFCB1"
"tools/redmod/tweaks/base/gameplay/static_data/database/loot/lootsettings.tweak","289","49EF75DC3966E9CD8BA36ED50EA458D8B9CCA5CA3CD96DEA1FB3741B45DE3157"
"tools/redmod/tweaks/base/gameplay/static_data/database/loot/ma_npcs_rewards.tweak","9302","683BB6F4188701B4765CB30A5A2C9759064EF1DFD8F79FD3B1EDC879C152031C"
"tools/redmod/tweaks/base/gameplay/static_data/database/loot/ma/ma_loot.tweak","84157","5700FA1AB8DD69106E896A0FF5913ADEB7D1D926AD42FA4F3A566F00CD91BE77"
"tools/redmod/tweaks/base/gameplay/static_data/database/loot/main_quests/q000_loot.tweak","3030","6ED7243D5EDBBC3B73195AD91637631DB0B47ABEAC783DD09FED0A510C5C8D30"
"tools/redmod/tweaks/base/gameplay/static_data/database/loot/main_quests/q001_loot.tweak","6665","0126BB0675A3F2B510804CEA462C8F1F52CBAAF36770051DFF1D49E22EDECD0F"
"tools/redmod/tweaks/base/gameplay/static_data/database/loot/main_quests/q003_loot.tweak","2582","5E0A5BF5F0807BDC6D8A5244A913CC1E9FB95570E0CF2E687AEAB6804048FC49"
"tools/redmod/tweaks/base/gameplay/static_data/database/loot/main_quests/q004_loot.tweak","2302","65D380887ADC1BDBA5448C02BB0CBCC68BE00332F0E59B604F1CE8A9E38C6412"
"tools/redmod/tweaks/base/gameplay/static_data/database/loot/main_quests/q005_loot.tweak","1624","EFBD0A795FEB95FAC40598D457485E6B838267EA52463EC57B5705ACEAE2D6ED"
"tools/redmod/tweaks/base/gameplay/static_data/database/loot/main_quests/q103_loot.tweak","7564","FE57D92BEE9569520F1DE85487002C79FED5DCBF890C3C0E2A248FC5DD9C1243"
"tools/redmod/tweaks/base/gameplay/static_data/database/loot/main_quests/q104_loot.tweak","6634","ED66EB40EF7DCF0A2EB859891C4A66CA4639CD94B77198A0C79586E5D976CB6D"
"tools/redmod/tweaks/base/gameplay/static_data/database/loot/main_quests/q105_loot.tweak","7575","A30A81A323C903B53A26B06729C6AF3C48FB8F8B7BFAA5B28E10F662E8C2BE01"
"tools/redmod/tweaks/base/gameplay/static_data/database/loot/main_quests/q110_loot.tweak","5035","649721D615F0716531D3E17E485AF06DC8FB3463DCC6C855D6D249BEA1381CB4"
"tools/redmod/tweaks/base/gameplay/static_data/database/loot/main_quests/q112_loot.tweak","7178","E5E84143333B20674EAB2A88C7CE18BA2F90A1E1214FCFBC3C7B3D6D5664233D"
"tools/redmod/tweaks/base/gameplay/static_data/database/loot/main_quests/q113_loot.tweak","5252","8A2FCAC9CB61FD4D8324F04256D35E2669FE7F4A116BF62D87AA9F1B1055B57B"
"tools/redmod/tweaks/base/gameplay/static_data/database/loot/main_quests/q114_loot.tweak","6209","896EED35D914E8EB484CA7F6520E4C42651D5742E7031BBE1462C64E877B11CA"
"tools/redmod/tweaks/base/gameplay/static_data/database/loot/main_quests/q115_loot.tweak","3763","A5330AE2FBB96FE870907907919619CA4F0CAA865D8242A6A1B734C822490FDF"
"tools/redmod/tweaks/base/gameplay/static_data/database/loot/main_quests/q204_loot.tweak","321","F10C4D7D3F45B11C828BC44A9C5E3D41F3807356164ACFDC6D3A8D94169238E7"
"tools/redmod/tweaks/base/gameplay/static_data/database/loot/minor_activity_loot.tweak","170340","F1F085F5D03275613D151E16459A3A7AF369D3EA1FD59ED1A209E83D7A1FA735"
"tools/redmod/tweaks/base/gameplay/static_data/database/loot/ms/ms_loot.tweak","37308","D0E7A4723B63F896EB28453EB3703AEC52BE392C47BD9764FFC8A1BE8DA9882A"
"tools/redmod/tweaks/base/gameplay/static_data/database/loot/mws_loot_gang_retaliation.tweak","1490","C35CDAA4622F120C29C6EA80067D17F687E092D7696DF270E38DBEC00C12F232"
"tools/redmod/tweaks/base/gameplay/static_data/database/loot/quest_loot.tweak","18267","599C9503758ED8815711EB616A258BB2140C86CA4E2F52FDC217B36D31E70E9F"
"tools/redmod/tweaks/base/gameplay/static_data/database/loot/quickhacks_loot.tweak","85275","5A48E75E88261B603BACEBB92774231E07C1475D7754A85BC1A8A3412C666936"
"tools/redmod/tweaks/base/gameplay/static_data/database/loot/samples.tweak","106","DD2555CBA38A3B2CFB7ABEF09D613FA889C356A3A42902BF351F914BB2D002C8"
"tools/redmod/tweaks/base/gameplay/static_data/database/loot/schema.tweak","1941","000BAEEE883DF61DF1F5D23CAFBADB3555BAA4E32C51C2F008FEF9D4CA583585"
"tools/redmod/tweaks/base/gameplay/static_data/database/loot/side_quests/mq050_loot.tweak","1372","0F3D0E162D20906C8FCF320935B9795A45DB7ADD6232FF6EF6F61545F10D48C7"
"tools/redmod/tweaks/base/gameplay/static_data/database/loot/side_quests/mq057_loot.tweak","953","69F33C32E3DE0269E3BA7BF9D77E4EBC6A04DCA117B51DDF73250D1CB0CFEF53"
"tools/redmod/tweaks/base/gameplay/static_data/database/loot/side_quests/mq059_loot.tweak","401","125DD63E3A23E8FE540E2A224FCCEADFF28DDE8B7B8BFB429F27039764E5B94D"
"tools/redmod/tweaks/base/gameplay/static_data/database/loot/side_quests/sq004_loot.tweak","5655","72E2D2FB93A9E3A8B97AD1A0EEA72FC84F61A82C68F37FCB6C1836C55AA50C40"
"tools/redmod/tweaks/base/gameplay/static_data/database/loot/side_quests/sq006_loot.tweak","4089","BCCDDA86C9EB3BE689B23B58A0FC23F8667DABF9A65DBAEABF42EB017D97E2D8"
"tools/redmod/tweaks/base/gameplay/static_data/database/loot/side_quests/sq011_loot.tweak","2787","398E151BF325B79F449FD42D845FA20ACE165A584AB411C6476DE81B0D33755A"
"tools/redmod/tweaks/base/gameplay/static_data/database/loot/side_quests/sq012_loot.tweak","1918","9BFFF5B4C405E6A230FA18B61AD4B672C75E26E184111D7EC4EB05FBD0EB4866"
"tools/redmod/tweaks/base/gameplay/static_data/database/loot/side_quests/sq017_loot.tweak","2587","9B5B504675E44DB21CFF4F731DBE58D008ABB5A85D55878C13B892B57928A38B"
"tools/redmod/tweaks/base/gameplay/static_data/database/loot/side_quests/sq018_loot.tweak","994","96DE27D9C0832B2154557B8E99A789F1CB8F7E26F7C7563619F003B0249C6D8A"
"tools/redmod/tweaks/base/gameplay/static_data/database/loot/side_quests/sq021_loot.tweak","4271","A872C12D70E41A899B62A57616ADFAF1E2E2C9EDE289736EA4240E553CE36811"
"tools/redmod/tweaks/base/gameplay/static_data/database/loot/side_quests/sq023_loot.tweak","1224","0E347DBCAD32A5E9E2478752E7FC24292425E84D90EE31084DF4A8791ABDEE69"
"tools/redmod/tweaks/base/gameplay/static_data/database/loot/side_quests/sq024_loot.tweak","1369","4DD05EAB311DFE61AF1B3E04FA0BC3A0FC8FB16C436EC1EE0C8D2417B4ADDE60"
"tools/redmod/tweaks/base/gameplay/static_data/database/loot/side_quests/sq025_loot.tweak","2244","4C968345903DEB5D61E9ABF38A82379860065B634A207D786798FF5F6F350108"
"tools/redmod/tweaks/base/gameplay/static_data/database/loot/side_quests/sq026_loot.tweak","1708","B034C61F09CA094D64C1FF62A0125B4438C4B1877EA7B8C8F2D159E9079BC5E0"
"tools/redmod/tweaks/base/gameplay/static_data/database/loot/side_quests/sq027_loot.tweak","2098","8521F94AEAD43BB1D1C03EE196A8B9EB5191B97152C9B3AE7E2340DC1B98A649"
"tools/redmod/tweaks/base/gameplay/static_data/database/loot/side_quests/sq028_loot.tweak","517","B8EEC2CAD4CEB4057A217FF6414FE806F2C22F731B7A653DEF2C7A10AA624E2C"
"tools/redmod/tweaks/base/gameplay/static_data/database/loot/side_quests/sq030_loot.tweak","887","33D7AF254F0A85E5AA0341D8998E9F1FFC483B5B6ED2615D550A90164AE10E01"
"tools/redmod/tweaks/base/gameplay/static_data/database/loot/side_quests/sq031_loot.tweak","5560","921916AA506E92CA0F9FA897E152D600184B71769A0939F8A9A58B26AEBB0C47"
"tools/redmod/tweaks/base/gameplay/static_data/database/loot/specific_loot.tweak","91614","8B6E4DDF91E7C74043F2C84DDD2DA83A25E0DD70A7220EE1C6965BC5BA6E71E4"
"tools/redmod/tweaks/base/gameplay/static_data/database/loot/sts_loot_gang_retaliation.tweak","2758","D251B6197EB196DE8ECACC25A3050A6CB5C7605D81B2E089274E9E47851D809E"
"tools/redmod/tweaks/base/gameplay/static_data/database/loot/sts_loot.tweak","23714","16935023ABA967CBAF9B2EABF8FA70344645C50B8E26FA8BA1E2BE779099E65E"
"tools/redmod/tweaks/base/gameplay/static_data/database/loot/sts/kabuki_07.tweak","691","7D1BE080E7A4E46DDDE75612F2CBA2422F4031554B600632566ADC4418CAB0A1"
"tools/redmod/tweaks/base/gameplay/static_data/database/loot/sts/sts_loot.tweak","32924","DA67B6CEDD7C6AEB51703235D31909DD4F5A0BE7BB02ACFD92C049E3860F0507"
"tools/redmod/tweaks/base/gameplay/static_data/database/loot/vending_machnes_loot.tweak","1450","D90EA06EEBB7CF13C5EFD1F4B20C5F1070977B007B9E311E8BFE4D30DA27BD68"
"tools/redmod/tweaks/base/gameplay/static_data/database/loot/vertical_slice_loot.tweak","862","FE318C6581B8051F6C9A4773A7AB267BA49B191A796008B7035DAEE5C3C22710"
"tools/redmod/tweaks/base/gameplay/static_data/database/mappins/mappins_poi.tweak","2265","82E9EC7FA8AA061D1F3D72AFFF4C4410C74EA163F08B369FBCBAE734F46D699B"
"tools/redmod/tweaks/base/gameplay/static_data/database/mappins/mappins_racing.tweak","443","50DED39AA5C697EA17F7856D8AD4C3F5DB84F82ECC5A2A762BCED557135938C9"
"tools/redmod/tweaks/base/gameplay/static_data/database/mappins/mappins_ripperdoc.tweak","2324","850E349DCF2FA2DDB1DDB62581EBC0FC4538FC339F9060BAD631A11EA55CA37E"
"tools/redmod/tweaks/base/gameplay/static_data/database/mappins/mappins.tweak","8985","558DD292093F164D3398943D02A37976F87CAB48FE595992FAE81895335D807F"
"tools/redmod/tweaks/base/gameplay/static_data/database/mappins/phase_enum.tweak","335","D962A132B8AA679064E258D91C724A1E1F00BE275A22EBDD0F2D8DD00477F0FD"
"tools/redmod/tweaks/base/gameplay/static_data/database/mappins/schema.tweak","796","C9C0ED7B8A5E44A165014C38BFBDB1F1F04C311517D6AE7FA40718F4885D80CF"
"tools/redmod/tweaks/base/gameplay/static_data/database/mappins/variant_enum.tweak","14098","486765F333C111378B6F24BC0528DAB2306B5B655DA52D2C5997D5A54B22E2C9"
"tools/redmod/tweaks/base/gameplay/static_data/database/materials/materials_schema.tweak","53","6201D06A267F8F7F2E295BDF98B139312C45E34FF93805D4D1CC62AFA3FAD887"
"tools/redmod/tweaks/base/gameplay/static_data/database/materials/materials.tweak","1297","275F93CE5022540D4C8A4FE37B3E5FF367C9105CF369038C6DBCEF408905469A"
"tools/redmod/tweaks/base/gameplay/static_data/database/minigame_v2/minigame_v2.tweak","14086","56D27CB73841522841D0B412C3A521A00884EBD5D06E9FC077233ABB65DC961A"
"tools/redmod/tweaks/base/gameplay/static_data/database/minigame_v2/schema.tweak","1903","371E088F2BCDAA51B000B0C548C850B79BD7C6DD5398DF75BF15BA3821F39EF7"
"tools/redmod/tweaks/base/gameplay/static_data/database/minigame_v2/traps.tweak","1351","A158C0CCFAAB266E2C9028674F742C17CCD921B7D4B69260685729197CA153A3"
"tools/redmod/tweaks/base/gameplay/static_data/database/minigame/enums/schema.tweak","57","51BE770D63708A037E4E165893A43F6E09B5C335B685039D92942F931F98DDD8"
"tools/redmod/tweaks/base/gameplay/static_data/database/minigame/enums/traptype.tweak","188","4711661F7C48C7C9CE300E4DC101DDB7E3CA9E8CC52BD6D465249D7C49E31618"
"tools/redmod/tweaks/base/gameplay/static_data/database/minigame/minigame.tweak","2394","9DA02914836CA224FF035F7A8CE8B4371AD0F1A631AE4D334B7681414C053E5D"
"tools/redmod/tweaks/base/gameplay/static_data/database/minigame/schema.tweak","885","8C3C0424826E4470A13C83E29DDA82D751FE1AAA00FE5592D4EFF47A277C2CE7"
"tools/redmod/tweaks/base/gameplay/static_data/database/movement_params/base_values.tweak","8881","43D8672E21588B952BF02CDD07767F7DD6B5A61C00580415E9FB81F6B3504F7B"
"tools/redmod/tweaks/base/gameplay/static_data/database/movement_params/schema.tweak","251","6FF3B49C0C1C5C3DABCFE4B8813E5908E706CCD7BAA5231AD356BC64D38F3702"
"tools/redmod/tweaks/base/gameplay/static_data/database/multiplayer/records.tweak","1825","E0BF53FB5052101433A3C0E58A606B61E40781E0A4CF17F7A40AE8FB977B4517"
"tools/redmod/tweaks/base/gameplay/static_data/database/network/network.tweak","9613","FD791756F292A42A4AC7329C3CC8EA902183E14E5950FA8C77357CE44DB38DA1"
"tools/redmod/tweaks/base/gameplay/static_data/database/network/schema.tweak","1253","EB7DF3BA971EFAFEB0C4C8725F34885BE3B8704B4B50C3A00C178C42BC3AED34"
"tools/redmod/tweaks/base/gameplay/static_data/database/new_perks/base_values.tweak","17910","B8A56EBAD0B6AA3CB8800B996A1D58E4E3C972493930935E1418AC537E3BD9C8"
"tools/redmod/tweaks/base/gameplay/static_data/database/new_perks/body_new_perks.tweak","54492","8BDDF6295AAD89527311485D96707DE8508EB5F178F0CE6A81D0F0A55CE475CB"
"tools/redmod/tweaks/base/gameplay/static_data/database/new_perks/cool_new_perks.tweak","58892","86E0B6E94CBBC4D804FB4C24CA4BB5D3E18FDF29453DC1C22316234BCF2CC151"
"tools/redmod/tweaks/base/gameplay/static_data/database/new_perks/espionage_new_perks.tweak","12694","86553EE1AF9FD6614B2AB96ACA0C5D26AB7180CEBCF55FED1BD5F179CD6189F8"
"tools/redmod/tweaks/base/gameplay/static_data/database/new_perks/intelligence_new_perks.tweak","57281","A51D7925800BC64F912FA7F47F55B17AD958ECF4049AA537D253E52A5674B659"
"tools/redmod/tweaks/base/gameplay/static_data/database/new_perks/reflexes_new_perks.tweak","61104","484A63A9759C26DC3F09D386739D517D20237FA0D6CB3168442F2CA0CB66FB9B"
"tools/redmod/tweaks/base/gameplay/static_data/database/new_perks/schema.tweak","1518","30F009829FCB123C479D796795B5D6854B86EB4EBA81257FFC1C9DAEAF5FB320"
"tools/redmod/tweaks/base/gameplay/static_data/database/new_perks/tech_new_perks.tweak","62211","0778B68F58F9FC7A9282B9E4F9AFBFDD1074CCB6579903685EDCB13A2D3591DC"
"tools/redmod/tweaks/base/gameplay/static_data/database/object_actions/action_categories.tweak","2271","2D6B9E4647B733889C205BD30D0BB0620FD5290DE8A3FB607B4954B392B6A27B"
"tools/redmod/tweaks/base/gameplay/static_data/database/object_actions/action_restriction_groups.tweak","1012","BD8EFDDA60F82012947F3911927B2B74D11986148AB0DA199BD0524E546EBD44"
"tools/redmod/tweaks/base/gameplay/static_data/database/object_actions/ai_quick_hacks.tweak","20853","03A84983CA74E21EF9C1CFBBE4D44DB119237450521CD46C6FBCBF2F620B3DC1"
"tools/redmod/tweaks/base/gameplay/static_data/database/object_actions/boss_actions.tweak","463","BC3A745D3B13B2F63E60C37DF1F260EDDBF7BE353C050427AE6FAB558B917F90"
"tools/redmod/tweaks/base/gameplay/static_data/database/object_actions/cyberware_actions.tweak","13509","D144972F58316D973E7837F98C91334711E2F25797BCA28445B211C2897BF39C"
"tools/redmod/tweaks/base/gameplay/static_data/database/object_actions/defeated_actions.tweak","315","EE15971C5A88102DEB925D06B4567A9B62773839ECDABE30A6C71E677A33270E"
"tools/redmod/tweaks/base/gameplay/static_data/database/object_actions/device_actions.tweak","25065","1C31E3F8C4001FAEE23E88C46FE592A1D344E56755F39901AA5FB0B6DB76853F"
"tools/redmod/tweaks/base/gameplay/static_data/database/object_actions/devicehacks.tweak","1332","B47135AFD9EA1D4AC9E635DF08C3808FB87812375E586B81F5545C340BE4E2CD"
"tools/redmod/tweaks/base/gameplay/static_data/database/object_actions/flathead_actions.tweak","696","B94B5465C94C5E544EB8127E61D395D51E74934925C23EBA9051F065460E1E57"
"tools/redmod/tweaks/base/gameplay/static_data/database/object_actions/hack_categories.tweak","1361","81D770FDC80EF57A65B64299A33008BFD78242726F58B1BB96FE6FAA762CAA0F"
"tools/redmod/tweaks/base/gameplay/static_data/database/object_actions/item_actions.tweak","1542","85545080DFCB3DA1BE117CD246A4CA4ADE3BD65A416FD5817212B1E5845112B0"
"tools/redmod/tweaks/base/gameplay/static_data/database/object_actions/minigame_actions.tweak","23300","A09595E4FFE09CAF3A29428EC931A3C9CA6279D24ED8C4F9AB64098AFC1E73A5"
"tools/redmod/tweaks/base/gameplay/static_data/database/object_actions/object_action_types.tweak","574","7D46BFCF5D46FD68AB866A5B3878202263694FBE4D5AE32F17B3320374B46E5D"
"tools/redmod/tweaks/base/gameplay/static_data/database/object_actions/payment_actions.tweak","875","8D74CF1BDEA9FDF178E20D509D89FF72024E0F5590DA9FCA7E12CE7B84FCDD72"
"tools/redmod/tweaks/base/gameplay/static_data/database/object_actions/pick_up_body.tweak","2134","E2D54650935B7EF4E84A4D27D0FDCD031F7D41151C5B54B6B52A9E4D2118641C"
"tools/redmod/tweaks/base/gameplay/static_data/database/object_actions/puppet_quick_hacks.tweak","221158","6829917C96186CC19C427CAD90327982D91A930E90AD07D021A23D7B2020FAEC"
"tools/redmod/tweaks/base/gameplay/static_data/database/object_actions/references.tweak","432","FEE0B5CAB0D9E725E69F4555354EA295919F4815BB16FD843429470C59C4E49C"
"tools/redmod/tweaks/base/gameplay/static_data/database/object_actions/schema.tweak","2910","049D20CAB4321477F3D499C57E35D04FA4E6931A2BD47D7D23C0F7C412109647"
"tools/redmod/tweaks/base/gameplay/static_data/database/object_actions/scrap.tweak","2345","579877B14C8B6D382CCCF02E915CD7225E12E6FC989AFDDB53C42A1A0C288A35"
"tools/redmod/tweaks/base/gameplay/static_data/database/object_actions/takedowns.tweak","19383","6D415BF0EF7924C1B99576B4EF38830F8BD481CA72E8DD29ED6991AE252A5ED4"
"tools/redmod/tweaks/base/gameplay/static_data/database/object_actions/talk.tweak","2739","FF7A01C4B3C0EAD44C17C1AEF3D02B85BEB1DE852420123BB8D139198DF304B3"
"tools/redmod/tweaks/base/gameplay/static_data/database/object_actions/vehicle_actions.tweak","13816","2CD1020172D621A58832EAE0E6DA2DDA0CC55E42539936C7BC4BEB84F9F8CE3E"
"tools/redmod/tweaks/base/gameplay/static_data/database/perks/all_traits.tweak","4145","9DA0809906DE66DD5B735961E7028BA768F90EF6577A6B93EAEE9F1513071B63"
"tools/redmod/tweaks/base/gameplay/static_data/database/perks/athletics_perks.tweak","7835","EA357751DD63D5D222EAA2442DEB6A16EEDB5B2FF653C5AA9D61AFB1EF317BDA"
"tools/redmod/tweaks/base/gameplay/static_data/database/perks/base_values.tweak","29","9DCAD3CE17C44A76E2646ED55FCD1E7AF04708DBD5EC64CB5626D45CC3F2404C"
"tools/redmod/tweaks/base/gameplay/static_data/database/perks/blades_perks.tweak","10018","A100B4CFE3C3864156C665FFD69AEFA829D72CBE41B2C87A5E83E9282E8257F4"
"tools/redmod/tweaks/base/gameplay/static_data/database/perks/brawling_perks.tweak","9163","B9B51D68B1B40149FB75088D002F28992A765C89BFEEE491CDC15231482700CA"
"tools/redmod/tweaks/base/gameplay/static_data/database/perks/coldblood_perks.tweak","7561","9C0A5969B27E5F4CC9BE44D877B07C03B528AA69B16E80ACD6B9559B55910E50"
"tools/redmod/tweaks/base/gameplay/static_data/database/perks/combat_hacking_perks.tweak","8091","9538D67835743B624884DA1A12CD5CA379F2416D2D319A81042C5133A7932DB9"
"tools/redmod/tweaks/base/gameplay/static_data/database/perks/crafting_perks.tweak","6770","276152094E9787E726A46F271C56875EA20BF314A42A7D5A1007D413EF363BE7"
"tools/redmod/tweaks/base/gameplay/static_data/database/perks/engineering_perks.tweak","7767","FEE8F5AE1F4CEC66AB740AAFA7294BE0E96A08A50512C02E4B8E33299FE68ADE"
"tools/redmod/tweaks/base/gameplay/static_data/database/perks/hacking_perks.tweak","7524","3DF38C2AB0DD14B0195FB7B4FD3D71044420B8CE10157F26822AF73F36EF6D2E"
"tools/redmod/tweaks/base/gameplay/static_data/database/perks/handguns_perks.tweak","8661","D600A4276BB0B0C0A4D15BE68EFE0B4EF30C64AE4EEEBA64CC7C81BF710B753B"
"tools/redmod/tweaks/base/gameplay/static_data/database/perks/hit_prereq_conditions.tweak","4707","05D6E5E8A58F75A4B223414E36912762B1384D57C993E2EFF09A255B900423A4"
"tools/redmod/tweaks/base/gameplay/static_data/database/perks/perk_groups.tweak","419","E6BF52422B9258174D63299441393969056D507286D05E0C03DBA23D4F18C8CA"
"tools/redmod/tweaks/base/gameplay/static_data/database/perks/perks_helper_records.tweak","24671","8892FC1EA0B7E76E4CFDBE263284827CB4807FA2F6EC17033C23EA1E70495E40"
"tools/redmod/tweaks/base/gameplay/static_data/database/perks/perks_utility.tweak","454","2ACAB14AB1EDF1151144E18974515A88D99218051D6641BABB0DD0EDF122F26C"
"tools/redmod/tweaks/base/gameplay/static_data/database/perks/rifles_perks.tweak","8885","3303486ABF108843E8D1F7450CC4F9A467271CBE9A618A46A68B34EA9F2D5D88"
"tools/redmod/tweaks/base/gameplay/static_data/database/perks/schema.tweak","1480","DC09AEE94133ABE239E2CA9DF61A624ECFEAFE4DEC2793C2B966CC63D7E9540D"
"tools/redmod/tweaks/base/gameplay/static_data/database/perks/shotguns_perks.tweak","8422","5B970D3C298B364EDF2B3805D4D5EF4F9EC0008E1374EFD1A8481AE7545ABFD3"
"tools/redmod/tweaks/base/gameplay/static_data/database/perks/stealth_perks.tweak","12663","66FDB06394B99BAAE70B8382B7B7A933419B4E5A27B67D2933659FE69B858383"
"tools/redmod/tweaks/base/gameplay/static_data/database/personalities/base_values.tweak","60568","AE1DDB1F646E61EE0F4C347C855E3A130C18B9EDD504911ABA5E9E91345D54DE"
"tools/redmod/tweaks/base/gameplay/static_data/database/personalities/rule_outputs_base_values.tweak","2633","F7D29B44EF9B55BB30860BAC5F34F020162FF01F4735EE8B786D2B35FF289DB9"
"tools/redmod/tweaks/base/gameplay/static_data/database/personalities/rules_schema.tweak","278","5E57EF94F842B939B5E61F2A17418D735B04254AA8754519929E7076ABC51D41"
"tools/redmod/tweaks/base/gameplay/static_data/database/personalities/schema.tweak","700","27C8021ED0007E74C022169E2278B1FC9C62CB289F9FE0A45F04E3401B9E5F45"
"tools/redmod/tweaks/base/gameplay/static_data/database/photomode/backgrounds.tweak","1889","E8A0C833B502F9F5C6947A97C074B253A712D30F4C00312F09C809FE13EFE289"
"tools/redmod/tweaks/base/gameplay/static_data/database/photomode/effects.tweak","12469","1F98AEDEC87BF5645D4DBAEF608E4F787B9BDAE58020ABE8E015E445522C23E5"
"tools/redmod/tweaks/base/gameplay/static_data/database/photomode/faces.tweak","1613","D7B19B923D363F9C932354C41D548F4C0DDDE93411A0E43A10BA77CF0AD5BBEC"
"tools/redmod/tweaks/base/gameplay/static_data/database/photomode/frames.tweak","40440","93AA63FFCFA8049D33778D6CCA78F0B9E975BC0ED008E2876A124D2625547435"
"tools/redmod/tweaks/base/gameplay/static_data/database/photomode/npcicons.tweak","10887","87321ACE25716134AE6C921A798B3E03161EF050E878D868236BE7B4251CE2D7"
"tools/redmod/tweaks/base/gameplay/static_data/database/photomode/posecategories.tweak","522","FA3E97DCAC1CC14010094C990AAE349D88CE2AF8EFB719903B8D3621221030E2"
"tools/redmod/tweaks/base/gameplay/static_data/database/photomode/poses.tweak","63161","972428EBA1F033EFF37136FD19568FD11E4B7A7984E62460A2EDE3E81E80E087"
"tools/redmod/tweaks/base/gameplay/static_data/database/photomode/schema.tweak","1325","7A49BD729829463D6DAC1F5BD03EF5823411A9AF48FBFA27E4032F9074EB5DD4"
"tools/redmod/tweaks/base/gameplay/static_data/database/photomode/stickers.tweak","72576","1019F925CEFE950215F888546B383409D20B1661B66398A1C5E01977B9503A0C"
"tools/redmod/tweaks/base/gameplay/static_data/database/prereqs/ai_prereqs.tweak","4494","7212A825729D2758891A8AF5D73C5FAA6CE39D561226971AC55C612A1CBBBF4C"
"tools/redmod/tweaks/base/gameplay/static_data/database/prereqs/devices_prereqs.tweak","1351","4480EEF144CB89099C7DCE24FD2FD45753EDCEC712A903427BB95641D8E17BDD"
"tools/redmod/tweaks/base/gameplay/static_data/database/prereqs/hit_prereq_condition_types.tweak","2897","F46624C659C003F17188B486569E17C44A243E91E54046801FDB1FEBA1743F83"
"tools/redmod/tweaks/base/gameplay/static_data/database/prereqs/hit_prereqs.tweak","1484","FD70BE6AB1114370772DD83B7AFC0A1FBC89D9D4A79181CEA82B6FCEDA5A8ABF"
"tools/redmod/tweaks/base/gameplay/static_data/database/prereqs/item_prereqs.tweak","12169","0DD925F774B6004DBF0D8FD45F65C9D8EB93B50330177BFFFDEFB39573DBD61A"
"tools/redmod/tweaks/base/gameplay/static_data/database/prereqs/player_prereqs.tweak","1319","9B6FC87154FCE91635C850ADD2A3985012C5FE7906894768881E5CF8D1B59851"
"tools/redmod/tweaks/base/gameplay/static_data/database/prereqs/psm_prereqs.tweak","2546","715EE220014A31697F09E4DC4CAA44664A33C6D5990E87BD551BDE86FE5C6F9D"
"tools/redmod/tweaks/base/gameplay/static_data/database/prereqs/quick_hack_prereqs.tweak","12612","947907DBF8D5A25B3BC794525E905E3C6577E7772AB02584AD941A5F5C9508FA"
"tools/redmod/tweaks/base/gameplay/static_data/database/prereqs/rpg_prereqs.tweak","9258","028AC92B969FBC1072B50B8AFF7A63E8F8EEB2D0D3E006355F8724BD16225EF3"
"tools/redmod/tweaks/base/gameplay/static_data/database/prereqs/schema.tweak","3497","C9C455511093363F353515B81C5897CAEB4C8397161B1B236CE8EA3E683026F6"
"tools/redmod/tweaks/base/gameplay/static_data/database/prereqs/simple_prereqs.tweak","3381","EEECBD89643C022CF2BD25DD593DADA283CD67E902555E4E0A26DE5B21BA85CE"
"tools/redmod/tweaks/base/gameplay/static_data/database/prereqs/ui_prereqs.tweak","289","97CAB9DB11E4660D0C08CA0F0E97D503401216C1C8BBBF2E19ABDF3772C8C2F9"
"tools/redmod/tweaks/base/gameplay/static_data/database/prereqs/vision_mode/vision_mode.tweak","31","9FA167832CC0B601C9C46AECD8BE3DD5FAC677D0279F4DDC8E4AF36646C46A8F"
"tools/redmod/tweaks/base/gameplay/static_data/database/prereqs/weapon_mods_prereqs.tweak","3326","89F9D082F2B3C53AF4351A32801D98664150EB0F637A30D309627B2CEBD6FFDD"
"tools/redmod/tweaks/base/gameplay/static_data/database/prevention_system/car_chases.tweak","3634","0DB968542437517A4DD79A9537135D3CEA30CD996EF88A4B4EA56D5E5D033EC5"
"tools/redmod/tweaks/base/gameplay/static_data/database/prevention_system/prevention_system.tweak","2252","88FFA3F8BCE6B58F6783A8CCA2F3F7524429B15D35B1E4DA2CEA042AE63A0DCE"
"tools/redmod/tweaks/base/gameplay/static_data/database/proficiencies/base_values.tweak","54203","CA5209DB9218E90FF152F2571014D21018DDDC3C14E468315BCC5D3937A1CB1E"
"tools/redmod/tweaks/base/gameplay/static_data/database/proficiencies/development_points_base.tweak","551","B424324EF2C53DBF5BCB8C2BFCF1453F866AAB48362531C70A7849C0B3ADF251"
"tools/redmod/tweaks/base/gameplay/static_data/database/proficiencies/schema.tweak","941","A15811842364763F52138F09785CF5DA4A36CC4D47785AD448D12AF4E558BD15"
"tools/redmod/tweaks/base/gameplay/static_data/database/progression_builds/base_values.tweak","256049","9BA55F9ED231BDA183888EFA0205B6E392628DC21869CF67D52F87F85D15D4E5"
"tools/redmod/tweaks/base/gameplay/static_data/database/progression_builds/builds_items.tweak","70472","B81CD6EF48E26A69151147EA8D9DFFA3CC1EC5D93F36E19EF5EA77073DF66D2F"
"tools/redmod/tweaks/base/gameplay/static_data/database/progression_builds/schema.tweak","1844","953889A2DF38566CBF1645C4FB4B60E22DF66E26EC5242D5ACCBA3EA08573EEF"
"tools/redmod/tweaks/base/gameplay/static_data/database/progression_builds/set_values.tweak","97592","703190AA317E5A16EE1A8CDB0A1080003846BE3C7BE9C0CA0D1C6B3FFEBA0345"
"tools/redmod/tweaks/base/gameplay/static_data/database/props/misc/q005.tweak","176","DF9970005E83FD56C8A784CB5E1077AE2E561BCD7DADE0D76DEFB74D506B67BF"
"tools/redmod/tweaks/base/gameplay/static_data/database/props/misc/q105.tweak","3880","ACD63BF2CBC754C92EA1FFC21B1760992F0AD89C620CB71513D9E741FDB29A02"
"tools/redmod/tweaks/base/gameplay/static_data/database/props/misc/q201.tweak","2531","DE53103C49B980ECFAEE157CBDD1437A35B55DC6CE5CFEE55B6F883D3C5B6A6F"
"tools/redmod/tweaks/base/gameplay/static_data/database/props/misc/samples.tweak","360","411CA268A21E7F3F133C641CE19EAF57D4CDD82733EA6DD49907AF11D663B2B3"
"tools/redmod/tweaks/base/gameplay/static_data/database/props/misc/sq023.tweak","3201","9F15629B3F5A6350D5D9A2C8AB3B051C53657DF456BA63069144D30C9CC9C073"
"tools/redmod/tweaks/base/gameplay/static_data/database/props/misc/ue_props.tweak","1084","B6857BC02F313DB91E94A5641F3797B3555BEF062405EB9418112E405798AC9F"
"tools/redmod/tweaks/base/gameplay/static_data/database/props/quest/dlc6_apart.tweak","1268","59A08F5FC805D278169CE2F9EABA67AB2213F5EBBAA887190C0A113E40CEAF73"
"tools/redmod/tweaks/base/gameplay/static_data/database/props/quest/ma_std_rcr_11.tweak","264","BFA5FC3857A3728A8EF75ACF7DB6CB98420E22014EB6354DC3A81F545B144CC5"
"tools/redmod/tweaks/base/gameplay/static_data/database/props/quest/mq001.tweak","220","E654FBC5F02DFCC138DD0DD5865F98EC95F1CB1F355951F533AA9EB8B32FA28C"
"tools/redmod/tweaks/base/gameplay/static_data/database/props/quest/mq007.tweak","382","E589BFE34716715E987C8CB0FB23E6285E62473EB4B4E00E66B4C2031121C2ED"
"tools/redmod/tweaks/base/gameplay/static_data/database/props/quest/mq008.tweak","222","9066EC763458209783F320C2DFD09A09C7495220B647B84C5990EDD63EB9AE86"
"tools/redmod/tweaks/base/gameplay/static_data/database/props/quest/mq011.tweak","197","196406B7DC48E6CB2AF7D6B01729D109C70F4B249C75E807BF10728B3B401D34"
"tools/redmod/tweaks/base/gameplay/static_data/database/props/quest/mq016.tweak","178","0213A3FBC6D2E4C20DE73BFA1BB1A8248C1CE44AFB8040BD4328C0526575FC53"
"tools/redmod/tweaks/base/gameplay/static_data/database/props/quest/mq017.tweak","174","7E5FD9575D2034F3B00718B8DB9F60220B248C73AAB8D74A4BEC10F83CC0E36B"
"tools/redmod/tweaks/base/gameplay/static_data/database/props/quest/mq019.tweak","381","F1E333DC14CA85CCA3B3A7F9A14032C4796A897E712D99B41018A933C1F11970"
"tools/redmod/tweaks/base/gameplay/static_data/database/props/quest/mq021.tweak","198","A27743EC111E2907CF9C48697456AAC460036B539B64E15B4368F67B5465A9A9"
"tools/redmod/tweaks/base/gameplay/static_data/database/props/quest/mq024.tweak","157","EE30ADC16F30ED6E0E417A5D3384EA5E4990C39235C0BC76CBC0E2E279BC1793"
"tools/redmod/tweaks/base/gameplay/static_data/database/props/quest/mq026.tweak","211","BE7C4C15FF8AB9C4971151A09509E6320EF9B1932645B31608BC98EF9D3488F8"
"tools/redmod/tweaks/base/gameplay/static_data/database/props/quest/mq029.tweak","181","51B68D53612DE836D7B6ABA93AE1709CC65B9F11248070F914A208B5397162AE"
"tools/redmod/tweaks/base/gameplay/static_data/database/props/quest/mq033.tweak","195","302129F193D053507A16DD1FE0972A6DEB277F286BA81EE216AB320F50D3AD29"
"tools/redmod/tweaks/base/gameplay/static_data/database/props/quest/mq037.tweak","384","60475748CE2822334C7A9D29CFE937BA082ECF54C8EAD51CB6E7C5AB8A29BDD3"
"tools/redmod/tweaks/base/gameplay/static_data/database/props/quest/mq040.tweak","190","198A3500CE54942A0C31C42B48777D436BD3B38176E4CF2767E4D41D506781AC"
"tools/redmod/tweaks/base/gameplay/static_data/database/props/quest/mq055.tweak","214","ED14BB4EAAE592B068095A94D3D713971840F42E0BC1F75B9002D29DF12484CC"
"tools/redmod/tweaks/base/gameplay/static_data/database/props/quest/q000.tweak","11821","5C0333C8FFFE137433B199D8EA0BA1C88450882CEBA489751F7C887F9D5C671D"
"tools/redmod/tweaks/base/gameplay/static_data/database/props/quest/q001.tweak","4425","D59D576B402D6A35AD0E6E49ADC74BA15182405E41F80E9AAD5548336AB93B17"
"tools/redmod/tweaks/base/gameplay/static_data/database/props/quest/q003.tweak","1376","BE21EFFA5459280AE1A686C2E0F8983157891DC7FB98717FF069955E0677897C"
"tools/redmod/tweaks/base/gameplay/static_data/database/props/quest/q004.tweak","2989","CF0AFBE0B84FA69DF2E634CBC281A5758FAB816778D8851C105368EEC1CAD144"
"tools/redmod/tweaks/base/gameplay/static_data/database/props/quest/q005.tweak","1127","EFDBE450DF43915226FCA15A1754A9EE4845471D63260F374C2F5E245B797751"
"tools/redmod/tweaks/base/gameplay/static_data/database/props/quest/q101.tweak","3609","4DFA0035B5509DF04A39F0D9CE07351860B471F712CCCE9F3446562DB7D8F46B"
"tools/redmod/tweaks/base/gameplay/static_data/database/props/quest/q103.tweak","2335","324C7A32FEBBF871536238DB212C1963692EA6C82AE9E686D0C06DCF48813BAC"
"tools/redmod/tweaks/base/gameplay/static_data/database/props/quest/q104.tweak","2607","275305AE16856E0481021B07F38281BE4A27C2A8258A1045E41D9D673BF5F3BB"
"tools/redmod/tweaks/base/gameplay/static_data/database/props/quest/q105.tweak","2864","C63C6FE926A39E329A8D97E93A970E3E8BC2DE78A39422E370D9A2901452172E"
"tools/redmod/tweaks/base/gameplay/static_data/database/props/quest/q108.tweak","3782","FE29810856C18263829AB1FFFF0239F7359ACC54FB291FD77A6406507ABBA936"
"tools/redmod/tweaks/base/gameplay/static_data/database/props/quest/q110.tweak","2424","6F786B9D2482BBE4359A0AC04213751E432ABA1612B60FC6DBD973A947CF1F6A"
"tools/redmod/tweaks/base/gameplay/static_data/database/props/quest/q112.tweak","2670","890C0EFA113F7DDC4E4B6E77D5699944250BCC4513B5C0178871D62425185B8C"
"tools/redmod/tweaks/base/gameplay/static_data/database/props/quest/q113.tweak","761","787D2A978A6A159BF1C4FE8265ABBEFA45AE60418836FAF8BF018554A39FC7DB"
"tools/redmod/tweaks/base/gameplay/static_data/database/props/quest/q114.tweak","2330","34E27E94C62095E3D7D51686DFDF7C8307433088EA5A99634E847480D64EF016"
"tools/redmod/tweaks/base/gameplay/static_data/database/props/quest/q115.tweak","2101","D9C7529A045A15B0C84C0AD6DAE7A943FB23AB04AD10E25C8A8C325E6DD6345B"
"tools/redmod/tweaks/base/gameplay/static_data/database/props/quest/q202.tweak","605","5B1AD71DB2A42348403F46239F03A96CEFF02A11F40B61028B77A9195D000734"
"tools/redmod/tweaks/base/gameplay/static_data/database/props/quest/q203.tweak","1371","11E36D518BC43DBBD020A4A886F00A186208C23200124ACCF689A70DE192C6F1"
"tools/redmod/tweaks/base/gameplay/static_data/database/props/quest/q204.tweak","2789","AB29D5D760E36C90FBFE59482CBADF35675FF1BE29F300EF005AF7C1B2BBFADF"
"tools/redmod/tweaks/base/gameplay/static_data/database/props/quest/sq004.tweak","816","628B4C7E7F10AFC342C9CE7C6655A59B2502EF3E70F9348C704F579E86A00D12"
"tools/redmod/tweaks/base/gameplay/static_data/database/props/quest/sq011.tweak","3963","73A22F656CCEC5916735D226E70E8345127535809685093EA8B34851F134DE37"
"tools/redmod/tweaks/base/gameplay/static_data/database/props/quest/sq012.tweak","1343","EAE16BCC616C69DD3ECA2695DA529DBFED15D1647EE1CA62DCDA66DB5204975A"
"tools/redmod/tweaks/base/gameplay/static_data/database/props/quest/sq017.tweak","865","253472712F04FCED51EA84D74085C33E3D342E9E5C2EA6B10428827B42EC6CA5"
"tools/redmod/tweaks/base/gameplay/static_data/database/props/quest/sq018.tweak","2063","EA7793D07162FE61F04E1CAF42D8CBD691DCBF99EED3BF3CCED332305A5FB188"
"tools/redmod/tweaks/base/gameplay/static_data/database/props/quest/sq021.tweak","4137","C34374DB3CD2339A0D3159F531196A26EE75C0E55E6D8BF3E854F1B49FA99734"
"tools/redmod/tweaks/base/gameplay/static_data/database/props/quest/sq024.tweak","212","C30F9CE28306B1AA7C6B355B591B0EC54B1A3EEFE99A0713DDC0CE7D89E2419A"
"tools/redmod/tweaks/base/gameplay/static_data/database/props/quest/sq025.tweak","753","C874575CE2DC98A947C56B5957C023297F07F7C7C4AECB287568423D665C4CE1"
"tools/redmod/tweaks/base/gameplay/static_data/database/props/quest/sq026.tweak","1247","608B504DC203FFDCCEBDB467D180FCB9C8085FA7FDEFCB2C69D5613533D014AC"
"tools/redmod/tweaks/base/gameplay/static_data/database/props/quest/sq027.tweak","1214","B407ABFAFE8E057505AF5E0EB7D7C76202300AF6D8B7A302C276D804037C74CF"
"tools/redmod/tweaks/base/gameplay/static_data/database/props/quest/sq028.tweak","2836","C4AB4A985D8DB287556EC732EE8E0A72F872AE007F6FA61A19384B3496453889"
"tools/redmod/tweaks/base/gameplay/static_data/database/props/quest/sq029.tweak","2352","A9263CEFDDA8A5408265B2C4BA97183978B71BA5D115C4F3DBA1FBAF0C8ECB73"
"tools/redmod/tweaks/base/gameplay/static_data/database/props/quest/sq030.tweak","2039","26D705A7F9D96F57D5E6A826BDAA17CBE896CE4C4A62975CC47B452B3FB2EFFC"
"tools/redmod/tweaks/base/gameplay/static_data/database/props/quest/sq031.tweak","1227","C0BF57CBBE7A4E0E00A3B4A3F432B5295D95C70A41E5ADEE75E312AD32714575"
"tools/redmod/tweaks/base/gameplay/static_data/database/props/quest/sq032.tweak","1037","84CF70E6B86418A4FAD365E29677E1D2DC430286900906292D916329D6FDD78E"
"tools/redmod/tweaks/base/gameplay/static_data/database/props/schema.tweak","93","E41E77D913E0560522842FF61AA6D9D5FC96589ED6C22E544505694C0F8B743B"
"tools/redmod/tweaks/base/gameplay/static_data/database/purchase_offers/apartmentoffers.tweak","797","862974F96336839797FB2CA932E193C01B5E1633B41524E1D8E88AFEC04F7D14"
"tools/redmod/tweaks/base/gameplay/static_data/database/queries/ammo_queries.tweak","427","38D05E5B5FE2F83A0125085DA74735B35BD7D2F8D87511BF90678A9A9CDF588A"
"tools/redmod/tweaks/base/gameplay/static_data/database/queries/clothing/context_clothing_queries.tweak","6107","944CCA7FB78DF6B9238998A45AF2886D75B1A623B492DB3B9CCCC0406691970A"
"tools/redmod/tweaks/base/gameplay/static_data/database/queries/clothing/general_clothing_queries.tweak","1515","4D1A8837A47AF46EA0A72D82B82BBF6F75412AE358D274315694BA90613E43D2"
"tools/redmod/tweaks/base/gameplay/static_data/database/queries/clothing/type_clothing_queries.tweak","2309","9D163FB6CC11015D1202ACC878F2AEF2095E7B23537AFC100DB8547228C28D2E"
"tools/redmod/tweaks/base/gameplay/static_data/database/queries/consumables_queries.tweak","2399","52C34FAFAB0DE105D82FD2FC71B06FD4A42432E31ED16A799AAA1A1E389185E7"
"tools/redmod/tweaks/base/gameplay/static_data/database/queries/crafting_materials_queries.tweak","444","B9D5028A22DE2CA9FF34BF678AFE94FF2749C65C91AC994B66C5324F4203822B"
"tools/redmod/tweaks/base/gameplay/static_data/database/queries/cyberware/arms_cyberware_fragments_queries.tweak","29","E52EA9AEA29F2E4CD7AFFF3ADC8F1A6A808F1EAF58EA9CFCC83A64413EF3807F"
"tools/redmod/tweaks/base/gameplay/static_data/database/queries/cyberware/kiroshi_fragments_queries.tweak","122","B972FE7AD55F3F8C26423DEF95BEC0B070BC06EBF5686314F508C49600CB9933"
"tools/redmod/tweaks/base/gameplay/static_data/database/queries/cyberware/system_replacement_fragments_queries.tweak","1593","471A8E882A6287E453D37B5CBF38DE82264756002C5EF15DA02EFB4B6B0FCE25"
"tools/redmod/tweaks/base/gameplay/static_data/database/queries/gadgets_queries.tweak","164","5E1311EDD87FC392E87C239611E9719309E3F323BE17C09DBD2176E7838C6295"
"tools/redmod/tweaks/base/gameplay/static_data/database/queries/melee_weapon_queries.tweak","828","D14809045363ABA5AFEA665D42C1F0A938F437E54D3E79B7E34D960FB53FC2D7"
"tools/redmod/tweaks/base/gameplay/static_data/database/queries/misc_queries.tweak","5571","F129A54998130108B2AF3C1120FF67D700F2E5821795FD559281DB765234784A"
"tools/redmod/tweaks/base/gameplay/static_data/database/queries/parts_queries.tweak","13664","E5BE15C5BC192F131574EF7D683A64606DCD013C2D0CAA58C6B3ABAB92D21B26"
"tools/redmod/tweaks/base/gameplay/static_data/database/queries/quickhack_queries.tweak","1306","179D22150CC9BFB2150BD0F00075188B19A89AECED7835E451C2E250F0BE767D"
"tools/redmod/tweaks/base/gameplay/static_data/database/queries/ranged_weapon_queries.tweak","3989","8594902DD3BE8EB3BCB8FF1EB651FC86201F31C8C138A7DD85A44B7B7AB86049"
"tools/redmod/tweaks/base/gameplay/static_data/database/queries/recipes_queries.tweak","8854","45DE83B2A63363B8168ECC0248BAF84D2C3AE2EC19965F9C34A656DA98F7A378"
"tools/redmod/tweaks/base/gameplay/static_data/database/queries/schema.tweak","308","4E05991619F879BF67D285D982466282D7832C0650F6D656842307EB348D83E7"
"tools/redmod/tweaks/base/gameplay/static_data/database/queries/weapon_attachment_queries.tweak","29","E52EA9AEA29F2E4CD7AFFF3ADC8F1A6A808F1EAF58EA9CFCC83A64413EF3807F"
"tools/redmod/tweaks/base/gameplay/static_data/database/quest_rewards/achievements.tweak","2277","29E0E923762134177FB6EB5958CB2450E688340DA9F6F692D7618CC7B2F5E242"
"tools/redmod/tweaks/base/gameplay/static_data/database/quest_rewards/bounty_rewards.tweak","23276","A54128AF2CFCCFFFEF0613772743A4B50320278CA643FEC0A9DA3D759FD2E869"
"tools/redmod/tweaks/base/gameplay/static_data/database/quest_rewards/ccl_rewards.tweak","2372","1FE78EDE69884F500A946D61678C5C13E8B59C30B7FF38FAEC7E7C8D0076C0BA"
"tools/redmod/tweaks/base/gameplay/static_data/database/quest_rewards/dynamic_events.tweak","8763","E1A7A7C582DBC3D1CD4EF29AEA09CCF5C480769764719ABC7E2ED91E2D425B20"
"tools/redmod/tweaks/base/gameplay/static_data/database/quest_rewards/main_quests.tweak","24961","9D55CDBF0534C1CA8E3C740EC30B2289361B6D45CFE0B3D5367F5D31F7F3AC97"
"tools/redmod/tweaks/base/gameplay/static_data/database/quest_rewards/minor_activities.tweak","339636","1E68DCB520EE2444A4CD5D4255839BF63639A4F3F8633D98A55F5D3CC6FF00B9"
"tools/redmod/tweaks/base/gameplay/static_data/database/quest_rewards/minor_quests.tweak","47377","B89BE38D480D3D8F512282D92B45565EA69FCC0495D818590FABA6B692F6C79F"
"tools/redmod/tweaks/base/gameplay/static_data/database/quest_rewards/photomode_rewards.tweak","3314","3376845940945FDC3BE34ABFD62E0102A25039090BC50E3F05EAA9FF8A1E7E82"
"tools/redmod/tweaks/base/gameplay/static_data/database/quest_rewards/rewards.tweak","3252","65285EDC0015840AE5F42E3B7630D03DCFA24DD725101FFAF7B98CF83E9B679D"
"tools/redmod/tweaks/base/gameplay/static_data/database/quest_rewards/rpg_action_rewards.tweak","10363","408FCFB4F5BB292AAEA48CA4A34D142F6273FE11A944F46EC9490F91DB1BE244"
"tools/redmod/tweaks/base/gameplay/static_data/database/quest_rewards/schema.tweak","974","599E00815142DF76F8DC78BA09E5CF97DF2A28BE5CBE2327A00A5A9C1DD8AE33"
"tools/redmod/tweaks/base/gameplay/static_data/database/quest_rewards/side_quests.tweak","35307","4180F1E7DD28EA163BC87A02A43F4AE49E0163F2EAF8D5AD8F06CA553641042F"
"tools/redmod/tweaks/base/gameplay/static_data/database/quest_rewards/street_stories.tweak","123912","C171AE5F4D4D62311CDBB25E6BCE7E5032F1DE99F7FABEEFD7F08BD3D9E9C687"
"tools/redmod/tweaks/base/gameplay/static_data/database/quest_rewards/trainer_rewards.tweak","10867","5E950BABED161381DC7CCB69F890E4D64CE62D1090592FB68326F2CD9192F176"
"tools/redmod/tweaks/base/gameplay/static_data/database/quest_rewards/vehicle_metaquest.tweak","6333","54B37F60BA69B3B6406277E11CEE68B885AFD5DB2C8559822A08356788AC3D1E"
"tools/redmod/tweaks/base/gameplay/static_data/database/quest_system/quest_system.tweak","515","FD553F99D7FA8BC2A6311F9F1C6F8275E00A11839E792302BFFF9A9695ED866B"
"tools/redmod/tweaks/base/gameplay/static_data/database/quest_system/schema.tweak","335","4221CAAE9216A1DDD8CF625C50F825462BF275A8D29A1079AA509E2D7DABD9D8"
"tools/redmod/tweaks/base/gameplay/static_data/database/readables/generic/generic_readables.tweak","52789","51754CCBC7F6209396E4E2377899974F2286AB5CD99190431C2B2B0C88F63637"
"tools/redmod/tweaks/base/gameplay/static_data/database/readables/main_quests/q000.tweak","815","8763313B07A74579968E8F3D774C78E9750F1C2AFC50FFF8C346CE4A84CDE4CD"
"tools/redmod/tweaks/base/gameplay/static_data/database/readables/main_quests/q003.tweak","583","4D636AC4540B72B8640AE36ED9997C71E3519C7A3A135A7B25D26DB212F223AF"
"tools/redmod/tweaks/base/gameplay/static_data/database/readables/main_quests/q103.tweak","979","BEB7C5B27977DC69B78EBD4B445B479FC15252A5DDAB1552CE8D9ED0FDB0F5BB"
"tools/redmod/tweaks/base/gameplay/static_data/database/readables/main_quests/q104.tweak","518","921130BA8FC3B7D16C33F64BF3BAB4550463483DC9F95B49BA16427B293BF29F"
"tools/redmod/tweaks/base/gameplay/static_data/database/readables/main_quests/q105.tweak","767","4EF9F8A43EA5284CD07F7ACE913ECCC59633A0D26B052F8A3A7D76B44B1C44F8"
"tools/redmod/tweaks/base/gameplay/static_data/database/readables/main_quests/q110.tweak","949","C62EC9B5F381C419007331EE3D6A454C7407D83BF59961D0B0ADFFB060F1D58A"
"tools/redmod/tweaks/base/gameplay/static_data/database/readables/main_quests/q114.tweak","722","2C610B6476028FF636113FF966EA82DABA8B464005109C721ADC443CF2787E93"
"tools/redmod/tweaks/base/gameplay/static_data/database/readables/main_quests/q115.tweak","873","C240F9268344A5663DAB1F1DA4E3281735A5A01FF221A2367F9707E2D4DEA06B"
"tools/redmod/tweaks/base/gameplay/static_data/database/readables/main_quests/q116.tweak","248","621BB6CB687462A3DBF6F26E9525FF01FFC1EC33FAC6F1CA34C24B31CA80FA6C"
"tools/redmod/tweaks/base/gameplay/static_data/database/readables/main_quests/q204.tweak","314","7631A53C91EEE10A53EA7CAD238D87A9A1518CAD480032D9580ACC6C30E42000"
"tools/redmod/tweaks/base/gameplay/static_data/database/readables/minor_activities/ma_readables.tweak","146809","D5C6366F6B0DAFC0FF345D3958C8468A3F058373F5049D273B78BB9AC02D78AA"
"tools/redmod/tweaks/base/gameplay/static_data/database/readables/minor_quests/mq001.tweak","41","D04A78CF4A916494F40AED609C26073F195C4DE3B33B668204FDF755E7C80955"
"tools/redmod/tweaks/base/gameplay/static_data/database/readables/minor_quests/mq006.tweak","269","3F69C715FA506CC8DAE19C8375688D1532B2990234C93AB6E8A5F324DF8A290D"
"tools/redmod/tweaks/base/gameplay/static_data/database/readables/minor_quests/mq018.tweak","252","44D891424EC79784875D98A904BD58CE749FAF277D01B70AE3E06BEEE694A2B6"
"tools/redmod/tweaks/base/gameplay/static_data/database/readables/minor_quests/mq024.tweak","971","00EAB304B75E6130F328CD0F54271DCDB6E307F99273FDF2B046996F87D04B94"
"tools/redmod/tweaks/base/gameplay/static_data/database/readables/minor_quests/mq025.tweak","270","0B581043DC0AAC8B0BC770923ED62F728C0463229CCC64668DAC898646A98B5C"
"tools/redmod/tweaks/base/gameplay/static_data/database/readables/minor_quests/mq026.tweak","445","1598975EEDFABA84D04EB4628E425FD86011D05EC28DDCACE362ACBD5891429A"
"tools/redmod/tweaks/base/gameplay/static_data/database/readables/minor_quests/mq028.tweak","676","288B9A404B4B0DB491A346C2C7E40AEC02BA9E96D8F49A5CCEDF3DA12F99F875"
"tools/redmod/tweaks/base/gameplay/static_data/database/readables/minor_quests/mq029.tweak","738","CAB7659E218D76C2C092F0309D2F02891ACBED81D6ED736D9121F9AB606ED590"
"tools/redmod/tweaks/base/gameplay/static_data/database/readables/minor_quests/mq030.tweak","41","D04A78CF4A916494F40AED609C26073F195C4DE3B33B668204FDF755E7C80955"
"tools/redmod/tweaks/base/gameplay/static_data/database/readables/minor_quests/mq034.tweak","336","6ADEB45A3C7BFCC14F2915D34801221B7CBA116732FE0510E54BD679F140D7CB"
"tools/redmod/tweaks/base/gameplay/static_data/database/readables/minor_quests/mq049.tweak","747","17EAA2C0DE8BA54EB6947263CE3EDAEBEB9E0D7D8D91DDB9DA72E592F7FF8FFF"
"tools/redmod/tweaks/base/gameplay/static_data/database/readables/minor_quests/mq055.tweak","1905","96BD170E9D59F975670BA7BEA8F1CAE3A036052D4958642AB5A5A41F1C135882"
"tools/redmod/tweaks/base/gameplay/static_data/database/readables/minor_quests/mq057.tweak","689","F723FB92E6996413BAB301F39E96F90E73D3206F836C6AA42D0125AEF2486D57"
"tools/redmod/tweaks/base/gameplay/static_data/database/readables/minor_quests/mq058.tweak","493","9ACE5C0892D9B30E33F4D26994BC582B5E5C356D9259541CFEE604A1DAFC23F9"
"tools/redmod/tweaks/base/gameplay/static_data/database/readables/minor_quests/mq059.tweak","870","7FDF8E8C7A745D80DA0E678E4921D0654D3858F8F23F2AEE381489A38141094A"
"tools/redmod/tweaks/base/gameplay/static_data/database/readables/minor_quests/mq060.tweak","933","FB548D818C89887D812A24D1A27D4EF80D34D3411A18BCA544FFBD3A4B9A36A2"
"tools/redmod/tweaks/base/gameplay/static_data/database/readables/side_quests/sq001.tweak","41","D04A78CF4A916494F40AED609C26073F195C4DE3B33B668204FDF755E7C80955"
"tools/redmod/tweaks/base/gameplay/static_data/database/readables/side_quests/sq004.tweak","303","779CF17BB4ECE86BFD1B0EA4CD36417923612D3801088062824879E9031F1D78"
"tools/redmod/tweaks/base/gameplay/static_data/database/readables/side_quests/sq006.tweak","265","775E3EFFFF27F5146DD1E9982728BF04BD8E49E9CC37C7E0567FB64C0F64C1F3"
"tools/redmod/tweaks/base/gameplay/static_data/database/readables/side_quests/sq011.tweak","41","D04A78CF4A916494F40AED609C26073F195C4DE3B33B668204FDF755E7C80955"
"tools/redmod/tweaks/base/gameplay/static_data/database/readables/side_quests/sq012.tweak","499","8E10F5C4F6466C06EA636A688F14FD000EDB65F7513D9434D050DD24FA87BB09"
"tools/redmod/tweaks/base/gameplay/static_data/database/readables/side_quests/sq023.tweak","515","6A975331FA0BB4DD413750292CD518FB5080ED061304A056183F85314B29EF6E"
"tools/redmod/tweaks/base/gameplay/static_data/database/readables/side_quests/sq024.tweak","691","17FCC866925C6EE26CDCA71658C41C2A274C98295DFC8460EB499A3CD0456C87"
"tools/redmod/tweaks/base/gameplay/static_data/database/readables/side_quests/sq025.tweak","41","D04A78CF4A916494F40AED609C26073F195C4DE3B33B668204FDF755E7C80955"
"tools/redmod/tweaks/base/gameplay/static_data/database/readables/side_quests/sq026.tweak","1009","8F7C55F5A334630223958A2662AB38137B432EA9A4A0172E0F2D3F35F7915735"
"tools/redmod/tweaks/base/gameplay/static_data/database/readables/side_quests/sq027.tweak","920","D019D6BFBBAE8858CFE0BC9B48FEE41752C9CEA8D495CCD7C9A88AE2A86EBF81"
"tools/redmod/tweaks/base/gameplay/static_data/database/readables/side_quests/sq030.tweak","285","D498981DAA6D96E9A23BA997CB65C6250346014F64D6F3820754E902202BA293"
"tools/redmod/tweaks/base/gameplay/static_data/database/readables/side_quests/sq031.tweak","327","9722A6075F64D4B925A952D24587C8F2B6AB1E65CB2D1C542B47B59792A20B27"
"tools/redmod/tweaks/base/gameplay/static_data/database/readables/street_stories/mws_gang_retaliation_readables.tweak","1343","D7C8A502B84C877963C3EC300E54000FC64438D87576852FA009C28A8D570044"
"tools/redmod/tweaks/base/gameplay/static_data/database/readables/street_stories/sts_gang_retaliation_readables.tweak","2584","260A56AD94DD846B049E642A8D7754C87F17A7735B8223C8B509FE40E928904A"
"tools/redmod/tweaks/base/gameplay/static_data/database/readables/street_stories/sts_readables.tweak","32716","D4BD45E2940ADB183BDFB171A2B8E2B343D64916F4805C502B66D3224BE240E7"
"tools/redmod/tweaks/base/gameplay/static_data/database/readables/world_stories/mws_readables.tweak","2101","A7208A51B5F75FE5CAC0516818F23BE325B961F76FEA6B550011F6712A1F9E74"
"tools/redmod/tweaks/base/gameplay/static_data/database/rpg_actions/base_values.tweak","366","061373F214A5E2ED5C9587C4101119846036FD42748FAA317726373D8E872A47"
"tools/redmod/tweaks/base/gameplay/static_data/database/rpg_actions/schema.tweak","124","2C80DF3B489B6F246DD4CA0F6514AE64DE2393112E1473E84F5ED8FD5415128C"
"tools/redmod/tweaks/base/gameplay/static_data/database/rpg_data/schema.tweak","206","A5332B656AD2C16627537B6368151220999863AAADD58B9A149B2FE55EA5445C"
"tools/redmod/tweaks/base/gameplay/static_data/database/scanning/main_quests/q000.tweak","805","97EC34DC5DFAA3E4268DC2AB61137AA27B627F3E0564808754A3A726D9AE7A5C"
"tools/redmod/tweaks/base/gameplay/static_data/database/scanning/main_quests/q001.tweak","1561","B8C275AC52174402AD0E3E92C38FE6A2B8E06BB5F36B2DCD19AD6C37288028D9"
"tools/redmod/tweaks/base/gameplay/static_data/database/scanning/main_quests/q003.tweak","5940","78676C09A99EBF794EB776414E2A4FD4AACC9F3313D16D56A99CD925730F72F0"
"tools/redmod/tweaks/base/gameplay/static_data/database/scanning/main_quests/q004.tweak","13151","DB26CB2BA7A129F49CEEB08005E2785C3BA17E9FE9CDF2BD340EF479BF156D60"
"tools/redmod/tweaks/base/gameplay/static_data/database/scanning/main_quests/q005.tweak","4161","BFCC82C32E34FB3243B599B0C673918F371C350EF1A8C8C71E46ED2E40AC6482"
"tools/redmod/tweaks/base/gameplay/static_data/database/scanning/main_quests/q101.tweak","1556","87777D6DA0338C963A19B20C4CF08E66AC62DE28D53F7DF3CFBCB96836896372"
"tools/redmod/tweaks/base/gameplay/static_data/database/scanning/main_quests/q103.tweak","2183","62EE82952CAA49AEF7F6566516C7EFB5F2AE14FD44482CD5AEEFBDE8558F8BEC"
"tools/redmod/tweaks/base/gameplay/static_data/database/scanning/main_quests/q104.tweak","7599","0194B609BF985EB59FBE429AAA4B2787397803627A2B7D9B9FDD7094A3584EBA"
"tools/redmod/tweaks/base/gameplay/static_data/database/scanning/main_quests/q105.tweak","28528","75EE6C4645B8938A2C3BC99F0AB21C19A11061000280D4B11BAA1EFB510ECC1D"
"tools/redmod/tweaks/base/gameplay/static_data/database/scanning/main_quests/q108.tweak","172","6C8D9C0DFAA776625C9DE7E63E0B100E5CDECD20DF06E8CF90A158CC50A18C38"
"tools/redmod/tweaks/base/gameplay/static_data/database/scanning/main_quests/q110.tweak","2600","C6E41C782A1FE26A53342EECE785C230DD9ABB582549C8AB7AA9C817D9FDCA0E"
"tools/redmod/tweaks/base/gameplay/static_data/database/scanning/main_quests/q111.tweak","1768","1987B0C18C10E835001F31B84DE378095A01F9977345975E41852D226943706F"
"tools/redmod/tweaks/base/gameplay/static_data/database/scanning/main_quests/q112.tweak","8104","0DD67429A260E3F85F088D62E6C04B73233F2347DCB0665548D626477205C36C"
"tools/redmod/tweaks/base/gameplay/static_data/database/scanning/main_quests/q113.tweak","1563","587E4941D35B0D97DF2A9C4E1858F2BCF76EE7FFDDA812955FBBEBBECB89CCD5"
"tools/redmod/tweaks/base/gameplay/static_data/database/scanning/main_quests/q114.tweak","4790","B75B56A30F7AAD612DC3F5BA997E4990B843B0028B88C29E644336C88CB785FF"
"tools/redmod/tweaks/base/gameplay/static_data/database/scanning/main_quests/q115.tweak","1307","BA5CA9C0592CDB2FE4B96DC0F01E7C186D95DD6020CCF9B67163ADC9F91B311E"
"tools/redmod/tweaks/base/gameplay/static_data/database/scanning/main_quests/q116.tweak","191","60FE9E1AEEBB0C223187155261557A378209359F9784A9DD55932A652596C4EA"
"tools/redmod/tweaks/base/gameplay/static_data/database/scanning/main_quests/q200.tweak","2006","7297DFECAF25F13F58354AA1C675A3CF27731A596E0417BA876FBF2C89684D11"
"tools/redmod/tweaks/base/gameplay/static_data/database/scanning/main_quests/q201.tweak","3387","9B3D548D424AFD82DF52A330A09600DF0A718206BDFA4AE439EFBDB249BC88A5"
"tools/redmod/tweaks/base/gameplay/static_data/database/scanning/main_quests/q202.tweak","172","59EDCED0DA8A1DB5CA68B1A76065A70EFF16528021CEB562236DFA573A62B016"
"tools/redmod/tweaks/base/gameplay/static_data/database/scanning/main_quests/q203.tweak","636","6F1BB7CD03FD3C5C29413BE3F07EFAFE67444B11B9AF8F0C510ECAF88672464D"
"tools/redmod/tweaks/base/gameplay/static_data/database/scanning/main_quests/q204.tweak","8565","2BED498762AAA1A40EC1DF6EE31335D533CF949D5ED3E9B678D166988AE6AF58"
"tools/redmod/tweaks/base/gameplay/static_data/database/scanning/mini_world_stories/mini_world_stories.tweak","2121","F41C43289161A2DE8255D849DC93656A5915E5FFFE7ADC21441FA064FB9252E4"
"tools/redmod/tweaks/base/gameplay/static_data/database/scanning/minor_activities/ma_bls_ina_07.tweak","1362","BB21951D5D126CFAA21F8290B4981CAFE715A673C814FF3BD342EDD1FE08A07E"
"tools/redmod/tweaks/base/gameplay/static_data/database/scanning/minor_activities/ma_bls_ina_se1_08.tweak","805","2BA0B95DA6BCDFD68323FCF87C6A964C6384575CAF51D7430A4D736CDF224464"
"tools/redmod/tweaks/base/gameplay/static_data/database/scanning/minor_activities/ma_bls_ina_se1_22.tweak","1337","89A7CE5D988AD762FF1039B93F8387D59C8A488A38ED1C9A7CB8F1E8106C87DE"
"tools/redmod/tweaks/base/gameplay/static_data/database/scanning/minor_activities/ma_cct_dtn_03.tweak","571","F6D9344C806FC848D6C7D7FDF330775008597F05ABA1CBA4DBEB98F38D6D0C0A"
"tools/redmod/tweaks/base/gameplay/static_data/database/scanning/minor_activities/ma_cct_dtn_07.tweak","451","B0E23F2D9C407E5F7B94ABDEAB0A464504FE940F1738AEDE1E7D7D7820BED5A1"
"tools/redmod/tweaks/base/gameplay/static_data/database/scanning/minor_activities/ma_hey_spr_04.tweak","2831","11D8521A01705F84F0BF08DDF4DD57BF6A2D160A1262EB8D6CDC0C4E7BFBC076"
"tools/redmod/tweaks/base/gameplay/static_data/database/scanning/minor_activities/ma_hey_spr_06.tweak","419","D30EEF2FBBD172F5B01E9A1B977CBD385357BCE050BFC9AD833BBFFE9F6EA671"
"tools/redmod/tweaks/base/gameplay/static_data/database/scanning/minor_activities/ma_pac_cvi_08.tweak","3930","A9F73CE9F7ECF7AEA0C263E420F9583E1198581FB5AD9C777C39238A51CCEAA8"
"tools/redmod/tweaks/base/gameplay/static_data/database/scanning/minor_activities/ma_pac_cvi_15.tweak","443","250628BF63A8B8C9680CB75A70535DE610D29DC37A7C01E67302FDD3C8EB3EFE"
"tools/redmod/tweaks/base/gameplay/static_data/database/scanning/minor_activities/ma_std_arr_06.tweak","419","15665541B1A442791851CAA2BB3599C5FA28C74569EF7F944F9D429F61114AB1"
"tools/redmod/tweaks/base/gameplay/static_data/database/scanning/minor_activities/ma_std_rcr_11.tweak","1937","14F0590C811B52D5D8F09A619321DA12B571B8E3206F88A511C1A27D30F74480"
"tools/redmod/tweaks/base/gameplay/static_data/database/scanning/minor_activities/ma_wat_kab_02.tweak","806","B693C01B7D4161CE5AF46B5989095FCE31AC7A701CCF2C30F813ABD74F5926E7"
"tools/redmod/tweaks/base/gameplay/static_data/database/scanning/minor_activities/ma_wat_kab_08.tweak","419","0C31CF5D3C17242449D902B4D02CDA2339BC102BCD811DEF83E4CBD9864552C8"
"tools/redmod/tweaks/base/gameplay/static_data/database/scanning/minor_activities/ma_wat_kab_10.tweak","248","1833260835D0CCB21004E32360633AD9CA6CB639FAF3913C0C6AB5D280358D11"
"tools/redmod/tweaks/base/gameplay/static_data/database/scanning/minor_activities/ma_wat_lch_06.tweak","775","2372DE55E17941F8209308B2D3F5C4F411A2F494BEAC29622DE0D3269732B4E8"
"tools/redmod/tweaks/base/gameplay/static_data/database/scanning/minor_activities/ma_wat_nid_03.tweak","945","58340F4ADF25392271F66894C21D5A62C3B4556DAB9889841334A429F2E015BC"
"tools/redmod/tweaks/base/gameplay/static_data/database/scanning/minor_activities/ma_wat_nid_15.tweak","3440","314ABFAEDDDE13F7E34AF8335442B8D5D205B5EF134BEE73DC32E851588E8FAF"
"tools/redmod/tweaks/base/gameplay/static_data/database/scanning/minor_activities/ma_wat_nid_22.tweak","419","C8B09B83F545321E817B381D8D2075AB82F152B0C04C5858F2D84DBE36D3688E"
"tools/redmod/tweaks/base/gameplay/static_data/database/scanning/minor_quests/mq001.tweak","1923","FD549D700F8E32812036FBE7344C3D4E7293694990B3C9D1DA37AB27B29D9DCE"
"tools/redmod/tweaks/base/gameplay/static_data/database/scanning/minor_quests/mq002.tweak","676","E959DC85C7E88EEC3B678C955AA71D2A28090C4AB4DC14045E0D055BC2918DDD"
"tools/redmod/tweaks/base/gameplay/static_data/database/scanning/minor_quests/mq003.tweak","2131","B0F10577A3B79C1B90F97DC585DD0C9CDB281D161A275C92D67CF5A3E090540D"
"tools/redmod/tweaks/base/gameplay/static_data/database/scanning/minor_quests/mq005.tweak","652","F6B3ABF8765683FD3B51AFD44CBAB63656F609CBB28DC735CF3ED126B466D88C"
"tools/redmod/tweaks/base/gameplay/static_data/database/scanning/minor_quests/mq006.tweak","740","70D87A3C6E3053C39B398E7A7A79D89B9D3D55DF742545383FCA213EE0C48023"
"tools/redmod/tweaks/base/gameplay/static_data/database/scanning/minor_quests/mq010.tweak","195","147AD681CA27D36DBD76AE8CBA925E9B8C7CDEE6CAA5DF801E6A65A46EAA40E3"
"tools/redmod/tweaks/base/gameplay/static_data/database/scanning/minor_quests/mq015.tweak","334","7B285254DA47C3C614208B972FCF9B873CB5F19519E450E0956304D95D9543ED"
"tools/redmod/tweaks/base/gameplay/static_data/database/scanning/minor_quests/mq016.tweak","664","17DB2162275E648DAF52A6A4B7DD36899DCB5A6AC87B43994D68E9E7D2331996"
"tools/redmod/tweaks/base/gameplay/static_data/database/scanning/minor_quests/mq018.tweak","1840","AC9689861D7FB6E889F479CA9034F1787CA43C783B86A9A5F8BABD7B0B91D270"
"tools/redmod/tweaks/base/gameplay/static_data/database/scanning/minor_quests/mq019.tweak","177","F86C7F4A2CA47D53BF2BD444DB3A50C90ABF58095F1B9F466AC9E819674DB7EA"
"tools/redmod/tweaks/base/gameplay/static_data/database/scanning/minor_quests/mq021.tweak","501","B8321FA106A5F01718DF778D62C46E67CDB379BE03A4AB3526F6CE032233DCD1"
"tools/redmod/tweaks/base/gameplay/static_data/database/scanning/minor_quests/mq025.tweak","921","01AF4CE33FF8FBF9429D03529156482D34D70ADE7AB8D28E9EC3A722CBE5CC81"
"tools/redmod/tweaks/base/gameplay/static_data/database/scanning/minor_quests/mq029.tweak","1577","2D833EBB7D2B6037C062952D7F93997205320CAD54A9B6C07BE8F82D5E5354E6"
"tools/redmod/tweaks/base/gameplay/static_data/database/scanning/minor_quests/mq033.tweak","5344","2E73062F5C2F271C62C961E42CE88E0936AC3107F8FECCB8B17F230B678C5011"
"tools/redmod/tweaks/base/gameplay/static_data/database/scanning/minor_quests/mq038.tweak","201","32B8F47AC25CBB9F0F136A0A0301D4FC8B3573CBB0A41BCCADB08D72342F80DC"
"tools/redmod/tweaks/base/gameplay/static_data/database/scanning/minor_quests/mq039.tweak","539","DD285DDA5A1AB147697259F9358C5C1CD9E085C5A5038396F7BC0C87673BA321"
"tools/redmod/tweaks/base/gameplay/static_data/database/scanning/minor_quests/mq042.tweak","519","0F79361FB69C9DE54FA74B6E23BB671DA111799CD5C9126D83E7D86032316BFE"
"tools/redmod/tweaks/base/gameplay/static_data/database/scanning/minor_quests/mq055.tweak","2270","EA9DCD73835E6442F2C42C0617E001C79175778B85B5D1888B097D8732492E63"
"tools/redmod/tweaks/base/gameplay/static_data/database/scanning/minor_quests/mq057.tweak","296","C42A50BDC243A98F423711D36E2DE40B5666E051333E0FFD582761313B2832EC"
"tools/redmod/tweaks/base/gameplay/static_data/database/scanning/minor_quests/mq059.tweak","4278","163EEA2CC899CB9133D8AE03C2CE28E5F7DD60A6866DABE02D50B6C7B1C46CE5"
"tools/redmod/tweaks/base/gameplay/static_data/database/scanning/minor_quests/mq060.tweak","4164","22896D2D4A412C8264BCFCCB908C6932A30D5CBAEF68A07EF330EFFD1B874358"
"tools/redmod/tweaks/base/gameplay/static_data/database/scanning/scanning_clues.tweak","819","CF1B036672F9C9E8134975D358118399D481132D35568A1C257697F414A67EE1"
"tools/redmod/tweaks/base/gameplay/static_data/database/scanning/scanning_device_custom_data.tweak","6584","9E91936C1DC4976E221F900EF1FB43E4052B636A4D87A55CF5E78702C8636552"
"tools/redmod/tweaks/base/gameplay/static_data/database/scanning/scanning_device_descriptions.tweak","2129","9DD4B95DB0514E38D2289D548443FC0F308DD0CC1039AE33132C7ADA0B22966D"
"tools/redmod/tweaks/base/gameplay/static_data/database/scanning/scanning_device_gameplay_actions.tweak","13922","F5E64D2507EB9BA14026353261D2B2B3BEA99BD33AB18FE13B763B043763327C"
"tools/redmod/tweaks/base/gameplay/static_data/database/scanning/scanning_device_gameplay_roles.tweak","13989","FF70B50DF766EF16C72AE72C352DA4998E082E11ADF2358DF4C150B76981CDB1"
"tools/redmod/tweaks/base/gameplay/static_data/database/scanning/scanning_devices_test.tweak","3117","EE7B10AE4D99C3E61938213A261B2DCE27869074E43959B97E21356FFD74BF41"
"tools/redmod/tweaks/base/gameplay/static_data/database/scanning/scanning_devices.tweak","5990","CA27ED4F89C114A2B4DA76A070FF9F44C0FF9D5622A1E104EE85A3F2A031DBFF"
"tools/redmod/tweaks/base/gameplay/static_data/database/scanning/scanning_e3.tweak","23","8153F55CC25D4E8B29F59C3B8E42289343A47884979A0C761BECAE83C88476B5"
"tools/redmod/tweaks/base/gameplay/static_data/database/scanning/scanning_npc_custom_data.tweak","40","96F63C55FEA4FD985F55968BA37B9DC015FFE0A32123037683960C83E6CBF592"
"tools/redmod/tweaks/base/gameplay/static_data/database/scanning/scanning_npc_descriptions.tweak","1905","7B65328DCA0DF2D8D7CF8731FB7CBE12FF85A23BD1CD6647DB826FFCFC45F8C3"
"tools/redmod/tweaks/base/gameplay/static_data/database/scanning/scanning_npc_presets.tweak","1294","4BA3FAF66FC26468A4D9034590AA500A820102035FFF921E5DC37F45ABF6A5FE"
"tools/redmod/tweaks/base/gameplay/static_data/database/scanning/scanning_npc.tweak","11327","CB4796316622D5C870FD31CB79AF4DAEAB3565850232B860F9F63B41DD01D75C"
"tools/redmod/tweaks/base/gameplay/static_data/database/scanning/scanning_weakspots.tweak","1257","F25166D4609116950CDA31C034AB65F6647D6330BDD15FE7E626165B92BD3E33"
"tools/redmod/tweaks/base/gameplay/static_data/database/scanning/scanning.tweak","9810","775C97B78625B0E4B420F277D73EEF06E528C48CB58E5BEAB5ABE54836EF89A5"
"tools/redmod/tweaks/base/gameplay/static_data/database/scanning/schema.tweak","877","A0E89F891665AD055A8EA114AA9031A75FA43EE92D31C254DBB3BA05FBF2FC28"
"tools/redmod/tweaks/base/gameplay/static_data/database/scanning/side_quests/sq001.tweak","191","0FB2066F05D0D14AEB5C2B3A70341104A91135C84D93DD2FA422657BC0AA7D87"
"tools/redmod/tweaks/base/gameplay/static_data/database/scanning/side_quests/sq002.tweak","173","0E00C4197318C5CB42F9F0014DFB8F4ACE8DA432FEAEFBB1484E67E8570DEF37"
"tools/redmod/tweaks/base/gameplay/static_data/database/scanning/side_quests/sq004.tweak","2038","E3E4C97BE38E825E772BE88F4DC9797491ED3D2BB2A72F25DD0FAD762AEEF9E0"
"tools/redmod/tweaks/base/gameplay/static_data/database/scanning/side_quests/sq005.tweak","744","37EE09B0A1D6BB0C24D23B919CB634894CAD0AC43302D42413D313FF5173724B"
"tools/redmod/tweaks/base/gameplay/static_data/database/scanning/side_quests/sq006.tweak","9295","286AEC9B7E20F75E63AA9A62A9F618F17080AB5B18A6DBE7A4C4C47A466A9288"
"tools/redmod/tweaks/base/gameplay/static_data/database/scanning/side_quests/sq009.tweak","370","6687E9679D06A8967DAB68ED6522BBD0E2B851814C686C4146C1863662A42270"
"tools/redmod/tweaks/base/gameplay/static_data/database/scanning/side_quests/sq011.tweak","6292","B829FD2B240E99E3E8CD08F6623A68455D812C9A8092B6DD05AEB1E10B740AA5"
"tools/redmod/tweaks/base/gameplay/static_data/database/scanning/side_quests/sq012.tweak","2603","B4CA4F5E57CC2578DDD549B6F1BEDC3E57D874D78BB9887935A0309692E9B454"
"tools/redmod/tweaks/base/gameplay/static_data/database/scanning/side_quests/sq017.tweak","1111","5D70A6FC26F32177E598F936D72A6758A0D9D7F70222DD0F0FC6F993D498B44A"
"tools/redmod/tweaks/base/gameplay/static_data/database/scanning/side_quests/sq018.tweak","3970","EEB7A3129BF5EAE03CAB10105D0097A35EE23FBBABA2E9985547C8DB363E307B"
"tools/redmod/tweaks/base/gameplay/static_data/database/scanning/side_quests/sq019.tweak","2171","CBC3F66AE738FEA4516ADD0A0EC7D11EEBE86D477DF9FE1A7D7A6B0D82B6F9FF"
"tools/redmod/tweaks/base/gameplay/static_data/database/scanning/side_quests/sq021.tweak","21718","3E6CAB33E1AF3CA200C60B621F9BF7A860D31E146536B1C0110112A2457A6FF0"
"tools/redmod/tweaks/base/gameplay/static_data/database/scanning/side_quests/sq022.tweak","686","FD50ED27BD5BFD08EA422CE305BAA2D035D282145DA2EB54C9041F3D41B8F545"
"tools/redmod/tweaks/base/gameplay/static_data/database/scanning/side_quests/sq023.tweak","173","AAF878C270C5221848650364BF57200672C7487C40589E118B884CE7C36D683C"
"tools/redmod/tweaks/base/gameplay/static_data/database/scanning/side_quests/sq024.tweak","173","7C28C11F2A3D96ED63C317161983F693B794F3276E5C9B57652D6EC4275E0E14"
"tools/redmod/tweaks/base/gameplay/static_data/database/scanning/side_quests/sq025.tweak","4384","AEC6DC60157C2C11D51A6783AB6FB923E460424FDEAFA85D2D8C32711819A7DC"
"tools/redmod/tweaks/base/gameplay/static_data/database/scanning/side_quests/sq026.tweak","5002","806C0C195811A49CABAA9B7876EC0DB16A2B4AB67B37D56E6A4742C6C17679EE"
"tools/redmod/tweaks/base/gameplay/static_data/database/scanning/side_quests/sq027.tweak","5121","5182BC06D0B637FDD827457CC071C9EB1EF4B95501ACD6E9D1D1735ECD301192"
"tools/redmod/tweaks/base/gameplay/static_data/database/scanning/side_quests/sq028.tweak","32","2E169D7BA1CACEC318862604FC933A70CB23715E924BDE6055732B23C7E90D4B"
"tools/redmod/tweaks/base/gameplay/static_data/database/scanning/side_quests/sq029.tweak","1000","2A8BA99C8E3744217052DD77D06FAA44877517BBC95D8EA8B2AE83C8A5679DA4"
"tools/redmod/tweaks/base/gameplay/static_data/database/scanning/side_quests/sq030.tweak","3789","C5FD4D718DC04FD9EB11F0AEDF74377C163A9AA3B171C046CA7E8C89FF61CE20"
"tools/redmod/tweaks/base/gameplay/static_data/database/scanning/side_quests/sq031.tweak","4026","50EB16C31DDA4181CD3C59DC007D011ACD2E19650838EA329DC09E838D999BF5"
"tools/redmod/tweaks/base/gameplay/static_data/database/scanning/street_stories/street_stories.tweak","18526","69D6C8AA9138D5B92CA59634CDCA4A124AC3B71AD469F344354D70E8DD8EFDDA"
"tools/redmod/tweaks/base/gameplay/static_data/database/scanning/street_stories/sts_bls_ina_04.tweak","2554","75C6ED5979D3971776FAE348BBB74D26916B4C08111D2292A3A0725D7750BC71"
"tools/redmod/tweaks/base/gameplay/static_data/database/scanning/street_stories/sts_bls_ina_05.tweak","371","9FA83BEE122A83FD1D15C7B2212A1AEBB2164309F916A7E8F5211F56EE255764"
"tools/redmod/tweaks/base/gameplay/static_data/database/scanning/street_stories/sts_bls_ina_06.tweak","1333","BE084EDE85F8E4F1FA81AE9DE81BCA0E2EF10C7828F45E42280EE35A6FF1C2EF"
"tools/redmod/tweaks/base/gameplay/static_data/database/scanning/street_stories/sts_bls_ina_08.tweak","502","4DA6CC9AEA0B6A9E55A687F401887C83AC80DE4A48E3E0A06E935118BBEC0D44"
"tools/redmod/tweaks/base/gameplay/static_data/database/scanning/street_stories/sts_bls_ina_09.tweak","457","5715DF6E5DA7F8FC45D8B6479BA415576D24B770B429F57E911A7B8E19EF21B8"
"tools/redmod/tweaks/base/gameplay/static_data/database/scanning/street_stories/sts_bls_ina_11.tweak","1611","0A42CEA41C5AED27D9AE976AC49186FD48F6CCBEDCED0FF3A5449D36CE7BF42A"
"tools/redmod/tweaks/base/gameplay/static_data/database/scanning/street_stories/sts_cct_dtn_01.tweak","2151","54394F4E9D61CA9551ABEB604B3771FCE7557ACCC3883EFAC7935B7B9F980F2A"
"tools/redmod/tweaks/base/gameplay/static_data/database/scanning/street_stories/sts_cct_dtn_04.tweak","645","44B8C2D052E86E34648A0061CB0A21EB6A431E51E831781117A6CCF1100194CC"
"tools/redmod/tweaks/base/gameplay/static_data/database/scanning/street_stories/sts_hey_arr_08.tweak","1004","9473AFF97BCA34E379ED73E314F2887B21D4C4F2FD62933DCF58F5A709A39888"
"tools/redmod/tweaks/base/gameplay/static_data/database/scanning/street_stories/sts_hey_arr_11.tweak","2570","896B3BECAACCE31E63D15FB09E4BDBC668E65C661296A2697792483803792AF3"
"tools/redmod/tweaks/base/gameplay/static_data/database/scanning/street_stories/sts_hey_arr_12.tweak","195","FCF2AA34EA5CF97F0C014C1F10DC92B1F89650587557FB8C091BD8B6F8890E95"
"tools/redmod/tweaks/base/gameplay/static_data/database/scanning/street_stories/sts_hey_gle_05.tweak","2341","BEA57864BB4FA5296778B5D850042E8D10F1A4F5E8D8D07B33DA2F439A8D49ED"
"tools/redmod/tweaks/base/gameplay/static_data/database/scanning/street_stories/sts_hey_rey_06.tweak","1486","F5D9BEF0C9CAE24B118E04EF886036210F22C3349411FAA004DCA7DD57AC45F4"
"tools/redmod/tweaks/base/gameplay/static_data/database/scanning/street_stories/sts_hey_rey_08.tweak","1623","3CD7A10BDDE7C70B5EA804478C16FFE94761EFE1B4B08F5AB1692ECF09B6041F"
"tools/redmod/tweaks/base/gameplay/static_data/database/scanning/street_stories/sts_hey_rey_09.tweak","713","DDB823D51FCA06E175A18B4217F0AE983D18680F929B2184E95872AF8DD4F33F"
"tools/redmod/tweaks/base/gameplay/static_data/database/scanning/street_stories/sts_hey_spr_01.tweak","1275","7562092AE8AE64FA7F2C28E2E536DD7AC5674A037519081DC72BD30DAD55B745"
"tools/redmod/tweaks/base/gameplay/static_data/database/scanning/street_stories/sts_hey_spr_04.tweak","1059","295EA73A5A083A2F4D4E253AC490468E90D61C6D8D7EBD6B5CD9A5CE80EDE99C"
"tools/redmod/tweaks/base/gameplay/static_data/database/scanning/street_stories/sts_hey_spr_06.tweak","803","1E855A875A7CACB21E78FEB2CF9E73B17EBCC4AE9D97BC1F67F0430A130ED714"
"tools/redmod/tweaks/base/gameplay/static_data/database/scanning/street_stories/sts_objective_conteiners.tweak","2781","2989CB83F8F0874D0A777874C52338995A5EED86E76D0784A21DD6BCA96581C5"
"tools/redmod/tweaks/base/gameplay/static_data/database/scanning/street_stories/sts_pac_cvi_02.tweak","2591","3554A877E93CCBA80B8CF505C49A71F102BFE95EE8C810829B1C0AA4C48B7322"
"tools/redmod/tweaks/base/gameplay/static_data/database/scanning/street_stories/sts_std_arr_01.tweak","1824","EEB09564DD637DC0FD58316437549D9393DA97CBFB664E205EB0F4AD6428E6D2"
"tools/redmod/tweaks/base/gameplay/static_data/database/scanning/street_stories/sts_std_arr_06.tweak","1362","EEB6BD08D6579787E762F8D38A8EAC81E97C92B1E5D58F76EEF17027FD9A062D"
"tools/redmod/tweaks/base/gameplay/static_data/database/scanning/street_stories/sts_std_arr_12.tweak","193","E6C97E18FF52E38AE97317A04D25597D63F852C78CA8EDA6F488624E7D44B14D"
"tools/redmod/tweaks/base/gameplay/static_data/database/scanning/street_stories/sts_std_rcr_03.tweak","911","323469F18693874784D33B5F7FCF3622C7B21445C062860A5A8F5E797C5892BC"
"tools/redmod/tweaks/base/gameplay/static_data/database/scanning/street_stories/sts_std_rcr_05.tweak","747","98392316BC49AA88850D0BA57309A44B3C98B9C898C932DEB378A047FBE48A21"
"tools/redmod/tweaks/base/gameplay/static_data/database/scanning/street_stories/sts_wat_kab_02.tweak","2072","CD039AA49A8BBE142E7494D0325B657CF0F38526D57925A66D5001A59DE8802B"
"tools/redmod/tweaks/base/gameplay/static_data/database/scanning/street_stories/sts_wat_kab_05.tweak","334","3998863EA593CB1C2363BEEFD9E9F715B99143D8A990C3ACE0C6CA48F7EF3BFE"
"tools/redmod/tweaks/base/gameplay/static_data/database/scanning/street_stories/sts_wat_kab_06.tweak","215","AE4DDE11C212BCDBC019CB947B638E8BFC64D9366F088989B2B8786F4E8BFB7B"
"tools/redmod/tweaks/base/gameplay/static_data/database/scanning/street_stories/sts_wat_kab_09.tweak","1059","52E4E162566DA66CD5AC1864149D363769639F12FD7A10167A46C6DEB5CA2291"
"tools/redmod/tweaks/base/gameplay/static_data/database/scanning/street_stories/sts_wat_lch_03.tweak","414","CF611F06F088226D8F4CC1C33557E7E97F04270AA66623403793D59182AB36B8"
"tools/redmod/tweaks/base/gameplay/static_data/database/scanning/street_stories/sts_wat_lch_06.tweak","217","544369CB93527582ADB5CD82A5539A0FEF8C12E3EC1D2D6730A9B84FE378E719"
"tools/redmod/tweaks/base/gameplay/static_data/database/scanning/street_stories/sts_wat_nid_03.tweak","1095","3159226D3FEDF600FCC14D967C3F67F4FF0867A1693DBCCDF0779B4D675C5021"
"tools/redmod/tweaks/base/gameplay/static_data/database/scanning/street_stories/sts_wat_nid_06.tweak","2551","DF2DD410025708510DBE1E5BC4705586D601D7FF856B803D4D8B553E0E6BEDCB"
"tools/redmod/tweaks/base/gameplay/static_data/database/scanning/street_stories/sts_wat_nid_07.tweak","843","F4EC9F5DC77475F9F36A337CDF33D2E4F6A3ADC3CBC3067ED782A388C6EE8E6F"
"tools/redmod/tweaks/base/gameplay/static_data/database/scanning/street_stories/sts_wbr_hil_01.tweak","503","EC2EE7F2A890196F715ACB91BB4CEF7E4E7C0CE4014B73E53E222032CEF51AC3"
"tools/redmod/tweaks/base/gameplay/static_data/database/scanning/street_stories/sts_wbr_hil_06.tweak","1333","43E05EF601385E7872C8398C04847E0F35D3B9E1E9AF33236A259BF076F3052E"
"tools/redmod/tweaks/base/gameplay/static_data/database/scanning/street_stories/sts_wbr_jpn_05.tweak","1303","EB649CDC242059A2B22D0A233E599A43CA9D823FCBB0D3E205D424B675F1B772"
"tools/redmod/tweaks/base/gameplay/static_data/database/scanning/street_stories/sts_wbr_jpn_07.tweak","2135","4529B80DFAF057ADD40EF0C94AFA3587315EA7AB343448188C772162A2081505"
"tools/redmod/tweaks/base/gameplay/static_data/database/scanning/street_stories/sts_wbr_jpn_13.tweak","751","08BDEA105C2877551702518CB293AD60267522D957DF047A407B5A8E17C61386"
"tools/redmod/tweaks/base/gameplay/static_data/database/scene_system/scene_system.tweak","865","E3D728CA4638B120535455244CC0342CD19184F245DACA95A673162CBA0A64A1"
"tools/redmod/tweaks/base/gameplay/static_data/database/scene_system/schema.tweak","131","DC65F21864D7A64C920B6D61074BDFE46E6BFE32F5630A0D618D41CDBCB05737"
"tools/redmod/tweaks/base/gameplay/static_data/database/screenmessages/advertisement_slogans.tweak","33089","8A4643F24486071427249E03EB08938338DDBF82E28E23E0D5F351F2C11297BD"
"tools/redmod/tweaks/base/gameplay/static_data/database/screenmessages/backgroundtextures.tweak","1830","616611A1BEC2EABB64FFBA836982D79EEB7282FA46D955A3E0FAD45631A974D4"
"tools/redmod/tweaks/base/gameplay/static_data/database/screenmessages/city_fluff_lcd_screens.tweak","58905","082D832E2B2AAECC70434494E5C205442EF69278CA92ADB3827A0ED5A5FA8507"
"tools/redmod/tweaks/base/gameplay/static_data/database/screenmessages/city_onscreens_groups.tweak","19270","FBEF69FDB66E92C8CD5101D7A5709024B29FC48097D3EC1598843E8309516D4B"
"tools/redmod/tweaks/base/gameplay/static_data/database/screenmessages/city_onscreens_quest.tweak","3001","74F5138A61BD74790EB1E21BFC9BB13FA97DCB98BFAB7C0779EE75D4F0DF35DF"
"tools/redmod/tweaks/base/gameplay/static_data/database/screenmessages/city_onscreens.tweak","166969","D556F3F400F4BB19EB2B6D0BAEA8C939712A648EBCEA66CD82BA2F40E0826F1F"
"tools/redmod/tweaks/base/gameplay/static_data/database/screenmessages/lcd_screens.tweak","7047","348D25AE4DB56C99E39A86DD06CD58BC0BC4312E85F576DA37A602D3B3646825"
"tools/redmod/tweaks/base/gameplay/static_data/database/screenmessages/messages.tweak","26592","672A99D044F871F5554DA5A80C7C3C67ABBF4108881703D6EC29B37E177273D1"
"tools/redmod/tweaks/base/gameplay/static_data/database/screenmessages/messagesgroups.tweak","207","DEF05B3C17C0155E973DB88253613D9D967CEABE10FA46223C0EDE28317F4762"
"tools/redmod/tweaks/base/gameplay/static_data/database/screenmessages/number_plates.tweak","460","9FC23CE4FA7BDD7A828F7590E7B013188390BAE7F2F9E8750C6486E4CD6C3DA9"
"tools/redmod/tweaks/base/gameplay/static_data/database/screenmessages/quest_lcd_screens.tweak","1558","DD2CB9015D84CCC7FFC63759B0F4A08A66862DB6AB4C535C5D29952B4AB3F853"
"tools/redmod/tweaks/base/gameplay/static_data/database/screenmessages/schema.tweak","736","0B9C8FF37867EC771A4B3578D04CBC2184C93C9146E682C452A842E7438D03F4"
"tools/redmod/tweaks/base/gameplay/static_data/database/sectors/schema.tweak","411","C954457894FDCF952C60F2D26797D7F676ABF4E6C034B852F68FA498C20470D6"
"tools/redmod/tweaks/base/gameplay/static_data/database/sectors/sectorselector.tweak","500","D2BD7C4FE1FDB4E0D2252F7A26F973753895AB596DB2F585752C5E024D2A14DF"
"tools/redmod/tweaks/base/gameplay/static_data/database/senses/base_values.tweak","32090","57D9F9AC3BB874111EFA180C4F4AA90FB4A0E35B3B42AA7FA87EE78B46608E30"
"tools/redmod/tweaks/base/gameplay/static_data/database/senses/customs.tweak","323","B70DA32ABE2CACC9F1439840F74FFEC79B855BEF5620BB56122F89677BD4FFCD"
"tools/redmod/tweaks/base/gameplay/static_data/database/senses/schema.tweak","1171","072E9706B9A81BBE777E81B9D53314FFA9FBAE54F9CA16D91D3B440EA6CDA894"
"tools/redmod/tweaks/base/gameplay/static_data/database/stat_pool/base_values.tweak","9990","9F04EAC1FB80479B2E054C68A4FB9E8EDCD639CD9815C4FB7D54886C7BD3C74D"
"tools/redmod/tweaks/base/gameplay/static_data/database/stat_pool/cyberware_statpools.tweak","37","07DA5FDA0F92148B90C5DBF5DEBD882FA3EED35364F25C31B687D50C2CCC59E8"
"tools/redmod/tweaks/base/gameplay/static_data/database/stat_pool/device_stat_pools.tweak","96","D8AD1A596C1719FFA3999344BEC3646006785262B772C9D314E9146DFF083FA3"
"tools/redmod/tweaks/base/gameplay/static_data/database/stat_pool/schema.tweak","789","A1E9902715E0C9B1F4182BD68A1394E1D426192C4E5E3435ADA5E6F138311934"
"tools/redmod/tweaks/base/gameplay/static_data/database/stat_pool/status_effect_stat_pools.tweak","908","A80D3032F275D981B60FEEF84D48D41B313DB5B813C0618F2A804C022717DC06"
"tools/redmod/tweaks/base/gameplay/static_data/database/stat_pool/vehicle_stat_pools.tweak","361","6DABC724941F9DD0C60FD58A0423C55CEAEFC8AA757C38B962A4D70219B02006"
"tools/redmod/tweaks/base/gameplay/static_data/database/stat_pool/weapon_statpools.tweak","3969","44463A0B9581B396DF84E0DDCF4E51045B191B986880147354534963A40A9FCF"
"tools/redmod/tweaks/base/gameplay/static_data/database/stats/attributes.tweak","1338","73E92AFD85011DBD756B4306262B4CB5E58C755B95893C6ACA144DF4BD1AE2BA"
"tools/redmod/tweaks/base/gameplay/static_data/database/stats/base_values.tweak","57442","7C36217F20895CE55B51B22B5ADD8D34340A08595A0FDBA6A16312E4C22EA7BF"
"tools/redmod/tweaks/base/gameplay/static_data/database/stats/calculation_stats.tweak","2391","2068152842DACFC62F69827B6C9A71D98897B2B544280D164EB9409F0C045559"
"tools/redmod/tweaks/base/gameplay/static_data/database/stats/crafting_stats.tweak","2749","F7DDC798E811826E5288E28A4631A96F414645D0AD760EB7D5A4660651E4D6DF"
"tools/redmod/tweaks/base/gameplay/static_data/database/stats/cyberware_stats.tweak","24026","77772914A5D3CD3773CC102E7D9051AA5341AB6B80AB005C7C0B09F704EFAE18"
"tools/redmod/tweaks/base/gameplay/static_data/database/stats/damage_types.tweak","15913","16F5B0E3615E15D37E2D12D3979A2D30DD5D5688B8C65CC3E1DFF04C22753112"
"tools/redmod/tweaks/base/gameplay/static_data/database/stats/defensive_stats.tweak","19203","21DBF5101597401DFE1C6843E545B0133B7E6BD6746F5CBF860BFD8086DF51F3"
"tools/redmod/tweaks/base/gameplay/static_data/database/stats/flags_values.tweak","35574","74696152C58254245452BBA7E194AC52D2522FF922E900C5186513F652E00927"
"tools/redmod/tweaks/base/gameplay/static_data/database/stats/global_values.tweak","2234","73A5C56608511CBFF1689B1F939412ECE4AAA424ECCDCF9C7DE39D844FB8CD91"
"tools/redmod/tweaks/base/gameplay/static_data/database/stats/hacking_minigame_stats.tweak","4707","6208A172F9DDA69CB49A815A3209B6A4D6FCCB3D221D5586F2282E4598879A24"
"tools/redmod/tweaks/base/gameplay/static_data/database/stats/immunity_stats.tweak","2358","7B81F2E75EE91A1EBC8E05387FAF98AC5D35AA29F615D62BB67A56391F6553CC"
"tools/redmod/tweaks/base/gameplay/static_data/database/stats/improvement_relation.tweak","490","AC623387890A615D080CA83EE72836B57CE73B7211A2A6C307167EF3FC427B09"
"tools/redmod/tweaks/base/gameplay/static_data/database/stats/locomotion_stats.tweak","2272","8CA03045C443820DD118FF5CBB00387D82DCC5D0C0F21B36EBDBE8366B65FDA9"
"tools/redmod/tweaks/base/gameplay/static_data/database/stats/personality_stat_values.tweak","2449","2C90ED9E903CD1DC26321A3911E9AE0CFDDD15680C6DE57CBC4366C069D381CF"
"tools/redmod/tweaks/base/gameplay/static_data/database/stats/schema.tweak","2307","24F279BF9F2727AEDB7F01415335977441A4FDFE23A8761714749BE3E63CC1CF"
"tools/redmod/tweaks/base/gameplay/static_data/database/stats/skill_stats.tweak","3546","12E4E5F76F122DA8774C3761A71DF22AB6B4AFE5B88A42D65AD8720A4EF9BA52"
"tools/redmod/tweaks/base/gameplay/static_data/database/stats/stat_groups/hitreaction_threshold_modifiers.tweak","6690","079A99F92EB869101C79C071C96CED065460DAAEC57195BA28F5DC89D233C987"
"tools/redmod/tweaks/base/gameplay/static_data/database/stats/stats_lists.tweak","988","78828DA828316EB196538E3782E422D847090E9B53E29240D97E2F85B3B5A5C5"
"tools/redmod/tweaks/base/gameplay/static_data/database/stats/status_effects_stats.tweak","4134","3C7D9EFF122610919C85FFAA661E48552F3811E82D6A93A0075D4640A0269DF4"
"tools/redmod/tweaks/base/gameplay/static_data/database/stats/trait_stats.tweak","939","DA108D932C6C84D703DAADFEB6C69D5B2E9207BD05B955F8A1B160D2553BDAFA"
"tools/redmod/tweaks/base/gameplay/static_data/database/stats/weapon_mods_stats.tweak","5542","C67F036E6B14BDDF059D84B1F3B60AB4C22A66A0908B67BBAFA76FD924DBFCA4"
"tools/redmod/tweaks/base/gameplay/static_data/database/stats/weapon_stats/melee_stats.tweak","2943","2EBBBC697B3AD275593D9A3B72C74767B17105972756B7EDBF4B6D5772533678"
"tools/redmod/tweaks/base/gameplay/static_data/database/stats/weapon_stats/npc_weapon_stats.tweak","1119","71F0B4E7304871767479D348118234E1F859D1092218439CD6E54CB0B9113660"
"tools/redmod/tweaks/base/gameplay/static_data/database/stats/weapon_stats/placement_stats.tweak","2426","993DE382EA8AFD7DD322C302FCB295DE22D7A4D6AAE830E591252B3C58BEDFFC"
"tools/redmod/tweaks/base/gameplay/static_data/database/stats/weapon_stats/recoil_stats.tweak","19959","317946674ADCBB281DA97FF58F38C4C1C59CEFBD564686BB3F66C20DD01AC86C"
"tools/redmod/tweaks/base/gameplay/static_data/database/stats/weapon_stats/smart_gun_stats.tweak","27676","42854237C42A632B009D72623DD698500601C09CA988E25305CF32F91D853FF6"
"tools/redmod/tweaks/base/gameplay/static_data/database/stats/weapon_stats/spread_stats.tweak","11112","9DB60CB26BA056E9BB35B1128427CE4AB61EEADD1FDC25241290DEA31D70B2A6"
"tools/redmod/tweaks/base/gameplay/static_data/database/stats/weapon_stats/sway_stats.tweak","4899","1BF6A87BA79F5498CBC23907B89A09F2F80C6186336F2CD0D322295C2F72B308"
"tools/redmod/tweaks/base/gameplay/static_data/database/stats/weapon_stats/weapon_flags.tweak","1440","43D28D8440F8B93FACDFBEAD053FA9FFAF1D6F1D2BF0F14314D3F402A2240387"
"tools/redmod/tweaks/base/gameplay/static_data/database/stats/weapon_stats/weapon_stats.tweak","37743","6022537E20ADF49DFBC2D639B5109268561B8B20EAD7214B946315384124E710"
"tools/redmod/tweaks/base/gameplay/static_data/database/status_effect/adam_smasher.tweak","16643","74A1D0898054CB3A10B87D8CD322A47E4F1D2D1A5B6EAE522C2EC22CFC3C0235"
"tools/redmod/tweaks/base/gameplay/static_data/database/status_effect/base_values.tweak","739","92468C46BF15BD1F00C655706EEFA30CC551D7B44420E065972C130E4D6AF720"
"tools/redmod/tweaks/base/gameplay/static_data/database/status_effect/berserk.tweak","10718","3715715A1035DDD125BC641FAA96F54B99432226B062BF54FE1BB73C14E6F109"
"tools/redmod/tweaks/base/gameplay/static_data/database/status_effect/bleedings.tweak","15388","97F77E9DAA509E2F13889AD2F32EF53CC34BE4712292E673F0030EDEC1626E11"
"tools/redmod/tweaks/base/gameplay/static_data/database/status_effect/blindings.tweak","22024","C219873BF03C4C224A791FDDBF0DE34C0D9FB4A7F259A3D836B2288FDB3DBECB"
"tools/redmod/tweaks/base/gameplay/static_data/database/status_effect/breathings.tweak","4665","1A28F6F3ACF09F60E988E8172A813529BF0E3E719D90B2670F8AD4DEE58C5503"
"tools/redmod/tweaks/base/gameplay/static_data/database/status_effect/breserk_advanced.tweak","10473","75271D77C20EACC1ED1A35BCCC35FDA917F2E6C7E99644A70265192CC9E0FC55"
"tools/redmod/tweaks/base/gameplay/static_data/database/status_effect/burnings.tweak","36388","E3C8AD34780B2174AA392F9D33F9839F1A299D1170F8E71675FD6A027DCF0A04"
"tools/redmod/tweaks/base/gameplay/static_data/database/status_effect/camos.tweak","11029","39DB9CD7216226DD04DF10195323F0980F55D19531224E6347A9B2D18B19CB8F"
"tools/redmod/tweaks/base/gameplay/static_data/database/status_effect/character_develpoment.tweak","65026","9F55687CC13C884106E0E37FB85C812BADD1AD4137C169325D45788319E3D15B"
"tools/redmod/tweaks/base/gameplay/static_data/database/status_effect/chimera.tweak","12906","ADD05AC9D246766ECC0145147E705F4C1874FF2A2872D1A3D47722A1687F1DEE"
"tools/redmod/tweaks/base/gameplay/static_data/database/status_effect/combat_stim.tweak","4159","584690EB0718FC1D040CB0D9717053B4670A97800331312ED2E69BB5C94118F2"
"tools/redmod/tweaks/base/gameplay/static_data/database/status_effect/cripplings.tweak","17080","EF1C7452C142A303B16DA83C354B111B6C72AB69690D825C4DF3BFC4608A6705"
"tools/redmod/tweaks/base/gameplay/static_data/database/status_effect/custom.tweak","12464","4020D26E47E4D66AA9317C5DE114608260081FBB6C6E2178E35B154AAB3083AA"
"tools/redmod/tweaks/base/gameplay/static_data/database/status_effect/cyberpsychosis.tweak","8224","301C648BC4F8B461714EC57AC4459E36EDFF7C64923FEB53A5F498A57076F795"
"tools/redmod/tweaks/base/gameplay/static_data/database/status_effect/cyberware.tweak","4577","03FBB47B2ADF6C90EA94FC77956BF796411FDE5B51EADC2E9DDC992684A093BB"
"tools/redmod/tweaks/base/gameplay/static_data/database/status_effect/deafenings.tweak","3475","864200A4D5341D40F4ECBA5E6BFB6E0A3C0955441763B420BF177162334CD1B6"
"tools/redmod/tweaks/base/gameplay/static_data/database/status_effect/dodge.tweak","2010","B8911CED786333F0B27FDF420A34EE7173ED0DCA098E81EFB3CE2347F6BD1BA9"
"tools/redmod/tweaks/base/gameplay/static_data/database/status_effect/electric_shocks.tweak","9720","030A31D669B77031959769F7C6C9A96C9C7217769310F55C44E65AFF228C39E4"
"tools/redmod/tweaks/base/gameplay/static_data/database/status_effect/emp.tweak","25641","4FF3D804712E0DA343A9A80423DFA21604F2F3E44BC9D9DD221FB95AE9A30F6B"
"tools/redmod/tweaks/base/gameplay/static_data/database/status_effect/enemy_netrunner.tweak","28447","8EE8BFCD8B70289F79CCEF425358F95C5B6F252F3BD4909185D7F29B22F8DCDF"
"tools/redmod/tweaks/base/gameplay/static_data/database/status_effect/equip_statuses.tweak","908","63FC6A1CBE31141E4FC9577416D2F9BD5A6E2874FF281CFA83C48DCFEDD77C2E"
"tools/redmod/tweaks/base/gameplay/static_data/database/status_effect/johnny_sickness.tweak","5061","5D71B4018BAA9522BB962A5362DB01D48F99FB02321517022AEC103F7BBB0323"
"tools/redmod/tweaks/base/gameplay/static_data/database/status_effect/kerenzikov.tweak","1128","B84DB7DBD234C5D3B6E83F7CD49D566E97D99C008C01DE7C823C5CBE01B55FA4"
"tools/redmod/tweaks/base/gameplay/static_data/database/status_effect/knockdowns.tweak","6695","5A18259DB0540734D4CF121C6BB2B52E6343D604A34F93F47F284C1B28E337A6"
"tools/redmod/tweaks/base/gameplay/static_data/database/status_effect/kurt_boss_status_effects.tweak","6452","26284AD87C52B0E5CBCEA4565D873668A409605AB78D21C271EAFB675E76ABD6"
"tools/redmod/tweaks/base/gameplay/static_data/database/status_effect/minotaur.tweak","3225","C0DC59A7EF6CDB29504577C26B67BC6CFB579EAB914DFEDE8E2FFF8434814F80"
"tools/redmod/tweaks/base/gameplay/static_data/database/status_effect/misc.tweak","54903","BABCD51CE74AB1F558B5222E6C64E2FA5EB600D93F67CE3C21F7AE242FFA6707"
"tools/redmod/tweaks/base/gameplay/static_data/database/status_effect/netwatcher_hack_stage_1.tweak","2017","61F0374413BFCFE21349AEFF608EF059C92993833FD59740230432172F328416"
"tools/redmod/tweaks/base/gameplay/static_data/database/status_effect/new_perks_status_effects.tweak","59765","89A1AA6D6251FDAB5CE3485D0D83A428069EEB79EC7430EF137DE46767313A89"
"tools/redmod/tweaks/base/gameplay/static_data/database/status_effect/oda.tweak","12411","ED6FAD97C1AB247A153D98BB6B1CA595B83709A3CD76BC4D14718FD5E7937A0E"
"tools/redmod/tweaks/base/gameplay/static_data/database/status_effect/pain.tweak","921","21A2AE41BA51F48D6DA44E60C39FAEE886AB109BB6C55970B3646AB158CFCF73"
"tools/redmod/tweaks/base/gameplay/static_data/database/status_effect/player_cooldowns.tweak","28504","4500A0F846D9FD9FB36A5563B7A0CC10730F2C5FC962087158DEF69725D0F394"
"tools/redmod/tweaks/base/gameplay/static_data/database/status_effect/player_gameplay_restrictions.tweak","42865","03D6F2A6DDBC348D5E2465F89B17CCA5619B8AB7431A7540BD1C2006B256D54C"
"tools/redmod/tweaks/base/gameplay/static_data/database/status_effect/player_housing.tweak","3109","D4C2975167676D61B89A5471835823412AF0EC13B106EB469EB99A6E875FE6DF"
"tools/redmod/tweaks/base/gameplay/static_data/database/status_effect/poisons.tweak","40021","57093789AC4AFB0D9C5B951EFCE1D4C313D0AEC5D6837371FFA6B6BBB7419D08"
"tools/redmod/tweaks/base/gameplay/static_data/database/status_effect/prevention_system_status_effects.tweak","1042","F5EF8DB37D2373D85859F1EC15AE0FB6E4D2B615BC37E03395CCDF16F655C055"
"tools/redmod/tweaks/base/gameplay/static_data/database/status_effect/quest_custom.tweak","9998","958372E697AF2F2BD12D321D6A7EBF9A8E80FDE40AAE2B7F5E2C23081F733DAF"
"tools/redmod/tweaks/base/gameplay/static_data/database/status_effect/quickhack_status_effects.tweak","135533","8E7356DDD6A611B7F474E93833BE54A9F34F63D5AD51BC8A2DDC51AF42585AAE"
"tools/redmod/tweaks/base/gameplay/static_data/database/status_effect/reconattack.tweak","7497","E208404869BAEEF751D31309C7FCACF68C68811717956F51351418F1472D4A2D"
"tools/redmod/tweaks/base/gameplay/static_data/database/status_effect/regens.tweak","2558","2D0B660D9D41AD87A00D01482F55C0600BF37C4293F45EC4A9935D4BFAC45063"
"tools/redmod/tweaks/base/gameplay/static_data/database/status_effect/royce.tweak","4917","E5FE99E3D9108E8EC0A88D6BA6E05668DA62FFD829AC128146849207AA5B2BD2"
"tools/redmod/tweaks/base/gameplay/static_data/database/status_effect/sandevistan.tweak","6555","6F7F09B97C26F2DC322BBB8F001F4B9BC874BED5AF763570235B41CEB6A225DD"
"tools/redmod/tweaks/base/gameplay/static_data/database/status_effect/sandstorm.tweak","1876","715984229F7F74342ED6E6955A95DBE4148324A5923027F1370F23851839E37E"
"tools/redmod/tweaks/base/gameplay/static_data/database/status_effect/sasquatch.tweak","5008","75BF589D6077F3DD997C9C1388F9530C3597542B69CA43ECA715B43C9D1C8A46"
"tools/redmod/tweaks/base/gameplay/static_data/database/status_effect/schema.tweak","3497","012C91D940548A057B91DE6CF0DEA255A7DBAF03AA3A7EBB9002A59E6A838268"
"tools/redmod/tweaks/base/gameplay/static_data/database/status_effect/skill_passives_buffs.tweak","8040","8142445877F28C68F945D2C37555C23B6D5BA41BC817B188E96F1B95EDFC4696"
"tools/redmod/tweaks/base/gameplay/static_data/database/status_effect/smart_targeting.tweak","1155","A7CFEAC473553BE91944582EE9C68D49AAFB42EBCA4D6AC7583513A137B044FC"
"tools/redmod/tweaks/base/gameplay/static_data/database/status_effect/staggers.tweak","1576","824108D88B2A9C225124F70DE85CD3C611D13E4817D18A35E466F10C4ABC2599"
"tools/redmod/tweaks/base/gameplay/static_data/database/status_effect/stat_buffs.tweak","58192","CC9CFFED30CA199C0798668F9318A4818C30D68F0F9DC60C2B2956378DD4D9BE"
"tools/redmod/tweaks/base/gameplay/static_data/database/status_effect/stat_debuffs.tweak","8363","989957B8BE9D4BEEF9A0FFA806B0430FC2090BFEBACF852986790EAC8CCA29EE"
"tools/redmod/tweaks/base/gameplay/static_data/database/status_effect/status_effect_ai_reactions/behavior_flags.tweak","496","A10302839C8515F08AE3204A1010F53C1E508EDE1F0DDF197053614D17F777B8"
"tools/redmod/tweaks/base/gameplay/static_data/database/status_effect/status_effect_ai_reactions/behavior_types.tweak","332","6CE90E20106D1909B67A526B77E46629D9A19D8671C493CB9C2CA47DC8BC1767"
"tools/redmod/tweaks/base/gameplay/static_data/database/status_effect/status_effect_types.tweak","6584","EE9DF467EE87964648D41CBB6479D8EBFD0F152381730D7952A6984940D03B17"
"tools/redmod/tweaks/base/gameplay/static_data/database/status_effect/status_effect_variations.tweak","331","30D4C4FC3F4B6767204EC2113F5E0B73D2AA36661CC68721B409DA835A7B917E"
"tools/redmod/tweaks/base/gameplay/static_data/database/status_effect/stuns.tweak","15333","FFBACE2727EF94722684021AB2A23568CA8EEDE7482F76D76F52563F9490C266"
"tools/redmod/tweaks/base/gameplay/static_data/database/status_effect/time_dilation.tweak","30055","6EC27553B399712023BA9663F7894A7E6A019AE0A9FAB4A8C9B36C61C7EBC5FA"
"tools/redmod/tweaks/base/gameplay/static_data/database/status_effect/trainer_buffs.tweak","322","1ED9B3DCF6B3661CA85CFA02AA4CFC6097CD0B85CA76D6770D734D2785013F85"
"tools/redmod/tweaks/base/gameplay/static_data/database/status_effect/visibility.tweak","372","13A6184E60A63303082E8398B07E4395D1163C9DA6C4E7C1E62899EFA771C21A"
"tools/redmod/tweaks/base/gameplay/static_data/database/status_effect/weapon_mods.tweak","114812","20E6095A6C6E9EEA6AF0EC453926CC6FC59EEBE4D55B7574FDDFA2D69412048E"
"tools/redmod/tweaks/base/gameplay/static_data/database/status_effect/workspot_effects.tweak","5993","AA61F13009EECBA0311790BDC6319784DA06DA026B46EAD4C68A4338E28F8785"
"tools/redmod/tweaks/base/gameplay/static_data/database/stimuli/schema.tweak","615","FF0559DAAD02375E9B82A3EA1661C0D0C32144B14377AED3C4E73842F9294CC2"
"tools/redmod/tweaks/base/gameplay/static_data/database/stimuli/stimnames.tweak","4792","E6346657B1DFFF133398E71747946C95C6F7AD20840480166DFBBBB2E5F091B7"
"tools/redmod/tweaks/base/gameplay/static_data/database/stimuli/stimpresets.tweak","19454","F6A6F5A39336556749883D41A695919AAA045D4736D044680E3E3AA2D53C18F6"
"tools/redmod/tweaks/base/gameplay/static_data/database/street_signs/higway_signs/city_center.tweak","878","9D8D6F241561251EA7F8B78B0F76EFDED9AF38C44ED831324E791480D55C8612"
"tools/redmod/tweaks/base/gameplay/static_data/database/street_signs/higway_signs/heywood.tweak","1189","9CF93C937F00B0760401B71C1A26B95D850A8E56E66C5895C6073D0B063F7493"
"tools/redmod/tweaks/base/gameplay/static_data/database/street_signs/higway_signs/night_city.tweak","463","22457AB07CC5C197D956198E132191378DA8FDECE30D9D61E5585C1B61DE8D23"
"tools/redmod/tweaks/base/gameplay/static_data/database/street_signs/higway_signs/norcal.tweak","856","07E4320FF96C04582D5622E9B3BCA375597B3EDE4DB6CD86CFA9402EBF48973F"
"tools/redmod/tweaks/base/gameplay/static_data/database/street_signs/higway_signs/pacifica.tweak","896","19D734A2F5F7365B4E2153BC1D48FC1B8A633DD35DF234939CC99C5EE4344C64"
"tools/redmod/tweaks/base/gameplay/static_data/database/street_signs/higway_signs/rocky_ridge.tweak","469","E73DB02853168D554362C33277D645C0D1947606CA564BC231D16406C2E288AB"
"tools/redmod/tweaks/base/gameplay/static_data/database/street_signs/higway_signs/santo_domingo.tweak","904","45E8B903A882403F7EA46EC49A7D076D49D25CB954AD70D3B68835BA74A4906E"
"tools/redmod/tweaks/base/gameplay/static_data/database/street_signs/higway_signs/socal.tweak","499","61592EF944A16B2700E55B4C9ACE7CEC283ABD5840DC69340B4EEB6DE1C7CB9C"
"tools/redmod/tweaks/base/gameplay/static_data/database/street_signs/higway_signs/watson.tweak","1599","9D2D671F51CD4BB7F810EE2FEADC9D8E78150249938AE797D9F69DC7F6FD534A"
"tools/redmod/tweaks/base/gameplay/static_data/database/street_signs/higway_signs/westbrook.tweak","1235","38AEC6FB035A1983D61E88B41C50B65B0CA2F94AF8D058C4EC8D7F0C64829AC7"
"tools/redmod/tweaks/base/gameplay/static_data/database/street_signs/metro_stations/metro_stations.tweak","2715","5DC4367C66663482C48FC7EC8574A8BED392BCCFE529B566BC984C09D9627E5C"
"tools/redmod/tweaks/base/gameplay/static_data/database/street_signs/schema.tweak","1038","4B96681215575C96EC4494E664F41DBCA498FFE3E804F20A182AB4DF3286CBE3"
"tools/redmod/tweaks/base/gameplay/static_data/database/street_signs/signs/empty.tweak","137","CF22B7135E260FF557BB870DBEA572592BA4E32D0F1B36D2FDC08D502A4FD3A3"
"tools/redmod/tweaks/base/gameplay/static_data/database/street_signs/signs/information_signs.tweak","1926","EC0D1B8E86BE62863C3B01DC321566FC51A74F97C408333928B47E7A2E25CC76"
"tools/redmod/tweaks/base/gameplay/static_data/database/street_signs/signs/situational_signs.tweak","673","230538C2468A726B98F480EEDD80A73A5126B7E284C858EDFAE4BED6306DC24E"
"tools/redmod/tweaks/base/gameplay/static_data/database/street_signs/signs/warning_signs.tweak","146","20E875F77092FFC9CCD874F516A62FD59B80A778F787DC775FB4074FDC623C52"
"tools/redmod/tweaks/base/gameplay/static_data/database/street_signs/signs/warrant_signs.tweak","1490","A79726FDEBF288156A75D2ECE9037EE02549852440776E2CD9C3AE3B6ACC4FA9"
"tools/redmod/tweaks/base/gameplay/static_data/database/street_signs/streets_names/arasaka_waterfront.tweak","1228","2209A711377FE08BC5D68E912BCBBDC82C6FF9BDA81C70FCF9C1C95D2D4B81F9"
"tools/redmod/tweaks/base/gameplay/static_data/database/street_signs/streets_names/arroyo.tweak","2655","C1A3BC281A7F7D0E87802F5A648A008DA920D7A6425F9788ABE9F240302FDA14"
"tools/redmod/tweaks/base/gameplay/static_data/database/street_signs/streets_names/badlands.tweak","1610","CB1196B3126D1E21D9491E4824DD477E8541414AE1286BC6177170AF554EBD59"
"tools/redmod/tweaks/base/gameplay/static_data/database/street_signs/streets_names/charter_hill.tweak","1212","187B0998E32A2967B82A902EC3C6C232C07AA15503D3720C3364684DF6B2BE37"
"tools/redmod/tweaks/base/gameplay/static_data/database/street_signs/streets_names/coast_view.tweak","969","1801EDEE6ACA488EBD9CFEDFA2A04675D5C655FFEA1AC15D91D22B5D310D7F10"
"tools/redmod/tweaks/base/gameplay/static_data/database/street_signs/streets_names/corpo_plaza.tweak","962","BE1048386F0CD7BD63CC6932D7BAE613B109D44674C3BFDCD38A7843250D537D"
"tools/redmod/tweaks/base/gameplay/static_data/database/street_signs/streets_names/downtown.tweak","1510","13B080032D31302AEEF2585A83AF22CEC94BEF30C41DD2239A2F7FE0FD288C4E"
"tools/redmod/tweaks/base/gameplay/static_data/database/street_signs/streets_names/glen.tweak","1323","60F91FD1EBA0678411F78CB773473B8A1D6B408F25ADD19178819D1FCBDB39F7"
"tools/redmod/tweaks/base/gameplay/static_data/database/street_signs/streets_names/japan_town.tweak","2039","5CAFF9F83980166D64733D46162DCF2C3A1C61629EA4C0BD67FFBF1E076E892B"
"tools/redmod/tweaks/base/gameplay/static_data/database/street_signs/streets_names/kabuki.tweak","1834","876CD11276E521DD8041CC33A709DC6DBC5DAA718E99361B99796F75110709EB"
"tools/redmod/tweaks/base/gameplay/static_data/database/street_signs/streets_names/little_china.tweak","2958","808A390DD187F8408AEDF5E17DDB4AECAB85458330A5FA1AB48C7B0EE62ECDCF"
"tools/redmod/tweaks/base/gameplay/static_data/database/street_signs/streets_names/north_oaks.tweak","882","5ED4021069AC2CC1035F4957EF29BC39B95BF13BE32EFA74D8BA039A4B23E2BC"
"tools/redmod/tweaks/base/gameplay/static_data/database/street_signs/streets_names/northside_industrial.tweak","2517","AE18938922DA61F1E843A7F1728F3013A2D4F7967B1B13C190612BA0C76D3382"
"tools/redmod/tweaks/base/gameplay/static_data/database/street_signs/streets_names/rancho_coronado.tweak","2853","434308CDAB0E18229B542266DB7F119869D650FDD804CF0C653FEF785F95F8F3"
"tools/redmod/tweaks/base/gameplay/static_data/database/street_signs/streets_names/vista_del_rey.tweak","1586","50BF471EBE0DE3444FC7B98BCD77084D71EF77457BD2321D2304CBB1D0206AC2"
"tools/redmod/tweaks/base/gameplay/static_data/database/street_signs/streets_names/wellsprings.tweak","1320","2040BBA3008738DCC0F625EE3C47FE3C5FC2AF8F38B1B81CB1C098090883891D"
"tools/redmod/tweaks/base/gameplay/static_data/database/street_signs/streets_names/west_wind_estate.tweak","748","8AF0BE49D713D4CB5CE9CD76CC75259343162C4365F81B90866C9D6545A93433"
"tools/redmod/tweaks/base/gameplay/static_data/database/targetingsystem/general.tweak","416","51B305D86FD36F4EA0F97F5313392FE018A205C7EC54C824AD2E6939F4B22890"
"tools/redmod/tweaks/base/gameplay/static_data/database/test_records/item_pass_weapons.tweak","7618","B2C8CD16A128CABCCA6BC58132B0960F15094AF388C8211F1685B43D962E81FE"
"tools/redmod/tweaks/base/gameplay/static_data/database/test_records/test_attacks.tweak","693","895B87725D756CBE29979038BD178B81AFE0AD0E124196BC8B8DD4F4331F71A2"
"tools/redmod/tweaks/base/gameplay/static_data/database/test_records/test_characters.tweak","16970","974CBFFA7206FD4D94514670E5FC833D2135BE2C7E39F90BE4897FDBE0AE8EAE"
"tools/redmod/tweaks/base/gameplay/static_data/database/test_records/test_clothing.tweak","235","8328CF0150FE06F36836A17CC413B418AD3D3A7AA04B809E46DC3CD38E138373"
"tools/redmod/tweaks/base/gameplay/static_data/database/test_records/test_faction.tweak","2565","9F32A96AA81F9DB1F1EBFE8A6B88C6556833F4EC094475324B0C43A95EF04935"
"tools/redmod/tweaks/base/gameplay/static_data/database/test_records/test_loot.tweak","15871","0E5BBACE7602F7E9CD393BC05F335969890DABE97A59E32E230FF8728D8A01F5"
"tools/redmod/tweaks/base/gameplay/static_data/database/test_records/test_records.tweak","106958","27F8CBCD59EE18E53EDA2676E4488C9AFAF2DBAFB6427FF6AF0A13821E682F62"
"tools/redmod/tweaks/base/gameplay/static_data/database/test_records/test_stat_pools.tweak","278","6775EE9C5972E67A0B45AB08535C10658F0F71EDB42B32283348886626392A41"
"tools/redmod/tweaks/base/gameplay/static_data/database/test_records/test_status_effects.tweak","3543","66A6C3319C131112147CD77522B29FF24CE2179DE8219088B55C3AA758C5E99A"
"tools/redmod/tweaks/base/gameplay/static_data/database/test_records/test_weapons.tweak","2902","8E3BBACF412EF9025C1A9F2A845615C0316D46A4841B6B08F7FD1790ACE16465"
"tools/redmod/tweaks/base/gameplay/static_data/database/test_records/testrecordscorpo.tweak","14691","F9C15A6A5976085A7A5B3FBC4EFB50DFBB54FA971A85941B41182B0B37DB4301"
"tools/redmod/tweaks/base/gameplay/static_data/database/test_records/testrecordsgang.tweak","22635","C017BD289A1FF13CFB7B1A2E8A3DEDD1A75E4AAFA9029F9311130C496F186F58"
"tools/redmod/tweaks/base/gameplay/static_data/database/ui/character_creation/attribute_presets.tweak","2725","4BBB11ED3BBFF32890DC1A2BD0570A319053759CE8D2774BBD2B79075DCE36CB"
"tools/redmod/tweaks/base/gameplay/static_data/database/ui/character_creation/general_values.tweak","1157","BE5FC1D30F80B19D60A75EA7A1F334D9B9F47EB55F76EFC9D22C323D495335D8"
"tools/redmod/tweaks/base/gameplay/static_data/database/ui/character_creation/options_icons.tweak","49245","73EB128A3BB752447BE88642815F41DAA4BA65EF0BA64180C3AC38B2BB212F75"
"tools/redmod/tweaks/base/gameplay/static_data/database/ui/character_creation/schema.tweak","277","A4EC587D5C95736E3EB1656B8F0018B013D1435B0D10CCB8363ECABC50FC2B8D"
"tools/redmod/tweaks/base/gameplay/static_data/database/ui/character_customization/character_customization.tweak","323","2ADD63819CEC9982407427D08E2EBE67BE14B12A8D8EE26E7BAB64F2A22DD49C"
"tools/redmod/tweaks/base/gameplay/static_data/database/ui/character_customization/character_randomization.tweak","4411","53C7C3C62633A7788BF1A756D2672C57711621CCF788EB4E8C9DE279494556B1"
"tools/redmod/tweaks/base/gameplay/static_data/database/ui/character_customization/schema.tweak","430","1C55B58119551E714E1C628BE46DD8287BB48162EEC43DE626973E5CC99E0563"
"tools/redmod/tweaks/base/gameplay/static_data/database/ui/choice_caption/choice_ui_icon.tweak","16803","3363681D7ABEEBEFFEE13B8C6EE954F5C8E27FB7C963271307C04C95AF8F3AE9"
"tools/redmod/tweaks/base/gameplay/static_data/database/ui/choice_caption/choicecaptionparttype.tweak","394","48EF54BD99C4CC635355599DA942CCF3C8DCC96B76061D89FB7751C8CCDEE978"
"tools/redmod/tweaks/base/gameplay/static_data/database/ui/choice_caption/icon_part.tweak","22728","5691A3C410CAB3E244BC238667DBBDFF7EE45A4A2597F02369BFED85C6184E3B"
"tools/redmod/tweaks/base/gameplay/static_data/database/ui/choice_caption/schema.tweak","535","D0B43823E9E2E6E69CB9B443C6526153994593DA25715D4109DB3B3B376E952D"
"tools/redmod/tweaks/base/gameplay/static_data/database/ui/choice_caption/tag_part.tweak","791","3AFCF5B91DBBBC6B288C68C336CBD3E6F307547F302D836FCEFE8B93DBDC77E5"
"tools/redmod/tweaks/base/gameplay/static_data/database/ui/crosshairs/crosshairs.tweak","3650","A783A3CDEBD29AA91A578DD4B7E77946BBD3E749365A9298539DCE9FE2EA5D20"
"tools/redmod/tweaks/base/gameplay/static_data/database/ui/crosshairs/schema.tweak","69","10E1C6C2F4188CFE616260F31CAE674DB8363BF73AF02F8D90F18AD51DD1367F"
"tools/redmod/tweaks/base/gameplay/static_data/database/ui/devices/definitions.tweak","122","3D3DD9ED69ABE744DFDE110D0550D667B9B9F0EDDCBCB22D7C548FA999535423"
"tools/redmod/tweaks/base/gameplay/static_data/database/ui/devices/devices_computers_presets.tweak","575","BB7A9A1D24A7552AA3E8DB741C52E05AB3E8D26332F71A580EAED12CA6F9871C"
"tools/redmod/tweaks/base/gameplay/static_data/database/ui/devices/devices_computers_ui_style.tweak","341","19DC009DB5BFEEC91B9313D61FD52B9910891AEFFB662D79E44BC90C7F842DC9"
"tools/redmod/tweaks/base/gameplay/static_data/database/ui/devices/devices_computers.tweak","711","E313E5F80D6E1975D7F080AFA4EF3A0B56FDE07D83D908BC1F3DDD3E0F71F48A"
"tools/redmod/tweaks/base/gameplay/static_data/database/ui/devices/devices_icons.tweak","3414","329B25E59651FFACF18EE9143AE647DEA22C95F6E8B3864DFAEC648EC7DE7010"
"tools/redmod/tweaks/base/gameplay/static_data/database/ui/devices/devices_terminals.tweak","1251","5913976C5AC25EFC17CF7A488E4C196C328FDB6211BF2EA27280958BEDFF4736"
"tools/redmod/tweaks/base/gameplay/static_data/database/ui/devices/devices_ui_definitions.tweak","17837","D5247344BF86AEF379AB41F747794DC5C707121382E56A1CA6440CB333B13D70"
"tools/redmod/tweaks/base/gameplay/static_data/database/ui/devices/devices_ui_ratios.tweak","365","3E160C58A27B6723295E915A12BE4A1A5F14AB2DB4E928667EC615BFF62C5C26"
"tools/redmod/tweaks/base/gameplay/static_data/database/ui/devices/devices_ui_styles.tweak","428","0FC63142643515C4891121B84F497A64A4A5E21E0BCE83CA76E702F5FA075CAC"
"tools/redmod/tweaks/base/gameplay/static_data/database/ui/devices/devices.tweak","0","E3B0C44298FC1C149AFBF4C8996FB92427AE41E4649B934CA495991B7852B855"
"tools/redmod/tweaks/base/gameplay/static_data/database/ui/devices/schema.tweak","1420","521DFE795488E11A82EF16DB68A4E1EAF695A8A2E885764206DDAC74D6C58761"
"tools/redmod/tweaks/base/gameplay/static_data/database/ui/dpad/dpad_ui_data.tweak","488","99161C64560941C151E8BD3DB70F826C7C3BE51D5439621362345BDF2D368C32"
"tools/redmod/tweaks/base/gameplay/static_data/database/ui/dpad/schema.tweak","68","E6ECE6A349989B511D6E8BFD8B7EA4438D2D08E0E07929994B5471A25CCE8AF9"
"tools/redmod/tweaks/base/gameplay/static_data/database/ui/elements/schema.tweak","349","CA186E511A2BD76506846B7C824926C567B6B4CD4CEA9197158F0E65FF417CBF"
"tools/redmod/tweaks/base/gameplay/static_data/database/ui/elements/ui_elements.tweak","1715","33CEA63890D196DCBC7E3BDC87B0BDB814EEEE9941767DDB517703FE951B5405"
"tools/redmod/tweaks/base/gameplay/static_data/database/ui/icons_generation/generator_context.tweak","218","0432CBC284543F06CEC725C0B73A29F239B99F2BF5895332236008B46E697578"
"tools/redmod/tweaks/base/gameplay/static_data/database/ui/icons_generation/generator_puppets.tweak","319","2F8427EF4790A1444B96F4470E9B2471570FA46FB016D256F68B94E2E2A08956"
"tools/redmod/tweaks/base/gameplay/static_data/database/ui/icons_generation/schema.tweak","115","4E197473076D477793FCD251DB4884469D1D4448999886D3B5F05EA18BB9A21E"
"tools/redmod/tweaks/base/gameplay/static_data/database/ui/icons/abilities.tweak","10733","4DF5E5571977DB39C5A67AC44FEC0A611F91665C6B27444323D7DF59ABC3DD75"
"tools/redmod/tweaks/base/gameplay/static_data/database/ui/icons/archetypes.tweak","4436","E900542BC5DC49C1FFB9D6B8C7CC13200940A88D0C90B858C9405F20184800FA"
"tools/redmod/tweaks/base/gameplay/static_data/database/ui/icons/assets_fullscreen.tweak","86391","F83B24CD7F60DDEC51CEB8B4AFB0FC5E65180B549498448DD0C6A0E23045535F"
"tools/redmod/tweaks/base/gameplay/static_data/database/ui/icons/assets_preview.tweak","66356","FCCC63EDB2AACDD26B91360A2B67C6333EAE8182A36D4CF78DCDD72FBE2BC285"
"tools/redmod/tweaks/base/gameplay/static_data/database/ui/icons/attributes.tweak","867","7D94B572C252D2B4DB70E719D776E0472B7C3769FC492A0BBA3A56BECC0B41DC"
"tools/redmod/tweaks/base/gameplay/static_data/database/ui/icons/avatars.tweak","17205","6913F1283048A12C9E36B2D37B9F24E57084845B1E8BA8F7053858FE55BD467B"
"tools/redmod/tweaks/base/gameplay/static_data/database/ui/icons/damage_type_icons.tweak","835","D6BCFAA1D49C3D7A667E5309D0CE3A0CF592A0566892AD31311506561D8F6E4D"
"tools/redmod/tweaks/base/gameplay/static_data/database/ui/icons/filters.tweak","3645","7DE665499483C6B72FB13B89EAF2773A79F986973C59F513613AF254FABC3784"
"tools/redmod/tweaks/base/gameplay/static_data/database/ui/icons/generated/items_icons.tweak","1060853","2964AD428F053F55C395B11D6EBC1EE09482BBD37D76A45FC4CD6FB7F5396B76"
"tools/redmod/tweaks/base/gameplay/static_data/database/ui/icons/hud_weapons.tweak","15473","8B3A84F0DE5E90ECF0792B320DC95636E925509E4A4979932A572611C66D41A8"
"tools/redmod/tweaks/base/gameplay/static_data/database/ui/icons/icons_censor_flags.tweak","536","3F09259DA4B88D483919F74F56C49FCCDBCEB4AF4B7A525C56677F6CBAB3A7B9"
"tools/redmod/tweaks/base/gameplay/static_data/database/ui/icons/icons_censored.tweak","3482","625AE9E017DB0F64E39EEB857C6508FD1079921339DB87D303C023F1F63EF1B9"
"tools/redmod/tweaks/base/gameplay/static_data/database/ui/icons/item_icons.tweak","2715","64D121D2383364E497AD1608D9DA782C3E7740458B039F732A24E8E69DA6D1C5"
"tools/redmod/tweaks/base/gameplay/static_data/database/ui/icons/journal_districts.tweak","20294","4EAD0455CD6D527018045417D8CD13EDAF44C3F45B0BA83FE8EF4E0C0A94714F"
"tools/redmod/tweaks/base/gameplay/static_data/database/ui/icons/journal_images.tweak","373","8DA40AF7CAFB7119300C1203C4AC5DF54B7FA17F449504954150801FA098C35C"
"tools/redmod/tweaks/base/gameplay/static_data/database/ui/icons/journal/codex_links.tweak","1461","78264DFE429DD1A15F1F25A0D9DC8B2674920CEB8E1C22DE320BD39ED41CFA81"
"tools/redmod/tweaks/base/gameplay/static_data/database/ui/icons/journal/example.tweak","563","286D8A52CFDEE5A6AEB1B4D4D47C97A75D36D8592C71459F4C8CE94E30CE324A"
"tools/redmod/tweaks/base/gameplay/static_data/database/ui/icons/journal/messages.tweak","3375","B3DBBF2D039D6A73623A25A1B1A24C82FBC3BC74689227A83B456E494BC15447"
"tools/redmod/tweaks/base/gameplay/static_data/database/ui/icons/looting_shadow_icons.tweak","4864","B589A5254C63AF52C576349210FDDC32B7B2A45740FA489AF71D5C90834ADB3D"
"tools/redmod/tweaks/base/gameplay/static_data/database/ui/icons/manufacturers.tweak","2972","36A41DA6C18998CD8558D540C12CBE3CD21B1182675CCAB49B70866D73ED2382"
"tools/redmod/tweaks/base/gameplay/static_data/database/ui/icons/misc.tweak","1165","74DD682905C27F12F4DB12752F9B936B16B48526DEB7A8337BE5343C88D3C708"
"tools/redmod/tweaks/base/gameplay/static_data/database/ui/icons/new_perks/new_body.tweak","1752","A2F1B82F694819A2EBEAA2495519D3C75B04801C1F18313BB3CE03289AAE23AF"
"tools/redmod/tweaks/base/gameplay/static_data/database/ui/icons/new_perks/new_cool.tweak","2086","6CF9EF6C0B73A66697D0F2B5B8BC1F16C953C540DA2820E5D682FE35239B95D9"
"tools/redmod/tweaks/base/gameplay/static_data/database/ui/icons/new_perks/new_intelligence.tweak","1704","F8D673700279ED02A3666BED9103EC105A8E290088E3A6C39AC508BAE386021A"
"tools/redmod/tweaks/base/gameplay/static_data/database/ui/icons/new_perks/new_reflexes.tweak","3250","D7FC936772D0EA3F193276651D73D221049CFB6F6C217A977B7FC2897EBA0C48"
"tools/redmod/tweaks/base/gameplay/static_data/database/ui/icons/new_perks/new_tech.tweak","892","1ED4659ABE781C709B45EBC3F6554184E798D32C6F48876C42593665286ED4D1"
"tools/redmod/tweaks/base/gameplay/static_data/database/ui/icons/new_perks/relic.tweak","1672","886AE8EEFABA2FD6EF7C1C018772CD64CAF9D44EE877380BD43C2E4AE90B730D"
"tools/redmod/tweaks/base/gameplay/static_data/database/ui/icons/perks/athletics.tweak","3933","AC80B469B51E5CB1BC746E71BE31D92E61B65F4034DC72518AF4E28FC8A6E45E"
"tools/redmod/tweaks/base/gameplay/static_data/database/ui/icons/perks/blades.tweak","3880","947868BD4FF9A0355D9783AA9DFEA255B3ADFD5179CC7706B6283F9F4531FA50"
"tools/redmod/tweaks/base/gameplay/static_data/database/ui/icons/perks/brawling.tweak","3530","2C86D8BD98E3F543C04CA228D966A1A0FF77054E658B8FAF4B0AC854D9E7BBA5"
"tools/redmod/tweaks/base/gameplay/static_data/database/ui/icons/perks/coldblood.tweak","3575","87294F30AEFD522B2CC08E315B5D9218B82E13953A7F984467A83C02DC305F44"
"tools/redmod/tweaks/base/gameplay/static_data/database/ui/icons/perks/combat_hacking.tweak","4010","EF350F06F1AE418AA1C0B4CB0BAF947B7BCF382F8C51FA4A98F61033B5C699F3"
"tools/redmod/tweaks/base/gameplay/static_data/database/ui/icons/perks/crafting.tweak","3180","D63A18DF284258087E91A3E140E928B2750A76E682F230278FC67916AAAFBBC2"
"tools/redmod/tweaks/base/gameplay/static_data/database/ui/icons/perks/engineering.tweak","4012","1C16361E386D9366EFF61B6C197EE6D3BEDA45CF2248037D59444779398C5FE8"
"tools/redmod/tweaks/base/gameplay/static_data/database/ui/icons/perks/hacking.tweak","7445","817C48B7CD3C2EC0A5D744FEB8342D383344FEA2D97656BC5C09B97675999401"
"tools/redmod/tweaks/base/gameplay/static_data/database/ui/icons/perks/handguns.tweak","3431","FBBCEC7F6D03A72BE1B9415CE9C724316F595E8E041D2A49A28EE4A9D886D747"
"tools/redmod/tweaks/base/gameplay/static_data/database/ui/icons/perks/rifles.tweak","3317","CF7AF9082290CB92034CD0B955F540FECC05819367F5FA5F4D5CE7CB5A8F20C3"
"tools/redmod/tweaks/base/gameplay/static_data/database/ui/icons/perks/shotguns.tweak","3443","09B9C75D12DC8F69FC9F9250FD8CC79137A61E87B3E75F329863208014C0FE29"
"tools/redmod/tweaks/base/gameplay/static_data/database/ui/icons/perks/stealth.tweak","4853","0B0B99001CD983D47A6546C2C06437ACFF459B89AD726BAC85611276EC4A4B4E"
"tools/redmod/tweaks/base/gameplay/static_data/database/ui/icons/perks/traits.tweak","1075","8033945366FCE6344A978A2AC429DFAEBFBA03564994D9DB148F463CDE62CD30"
"tools/redmod/tweaks/base/gameplay/static_data/database/ui/icons/perks/weapon_groups.tweak","1417","C1AAD26BA8549E426D49C8D89439A1B635516780BCDA067E121B6E3620B7FEB1"
"tools/redmod/tweaks/base/gameplay/static_data/database/ui/icons/quest_assets.tweak","516","1D67373249DC857A8EAA01A2A8A350B13EA424605AEB08EEFF9FC75DCDC4A6A1"
"tools/redmod/tweaks/base/gameplay/static_data/database/ui/icons/quickhacks_icons.tweak","6089","CBB427948FD56D570B2DF381444214636EE65635ADAC74BF607AD9E4DAA7AAA7"
"tools/redmod/tweaks/base/gameplay/static_data/database/ui/icons/radio_stations.tweak","2352","85270840A033A3F4D28DC4C62F58A500235A9890F39103BAA7B7A021A6D07A43"
"tools/redmod/tweaks/base/gameplay/static_data/database/ui/icons/schema.tweak","383","556671E3B8B481B0D106AD503B2406F2BD52BA1D3136A0D4E35964AAA599C269"
"tools/redmod/tweaks/base/gameplay/static_data/database/ui/icons/shadow_icons.tweak","3533","C169222B3FC7F88A823FA99D246DC57DE78CB10F6ADE83E40401D68BA94A17CB"
"tools/redmod/tweaks/base/gameplay/static_data/database/ui/icons/skills.tweak","2527","316B0EB8962A38B0E17B2CBB639A0A9D204AA7BB308B4B4A78C86694A6C63410"
"tools/redmod/tweaks/base/gameplay/static_data/database/ui/icons/status_effect_icons.tweak","13218","271EF54273809083E3B67602C02CAAC37C68BB1CA54C105D301A8A148B5DFE14"
"tools/redmod/tweaks/base/gameplay/static_data/database/ui/icons/sts_assets.tweak","7515","A808643D10DB27AE9ECCAC34C6BD46D4831C8788DEEDD8914E3D9E3B14EE3A30"
"tools/redmod/tweaks/base/gameplay/static_data/database/ui/icons/tarot_cards.tweak","8052","B5E3DD0EB5AFD17A37AB414D5C5E3152C8A1937823B03AAA38A21961260B8B2D"
"tools/redmod/tweaks/base/gameplay/static_data/database/ui/icons/vehicles_customization_preview.tweak","30713","90B2C14C812FA1B9FBD45739BA9B26F0ABDFA67688C535A1AB3F69C1CE0F2FE3"
"tools/redmod/tweaks/base/gameplay/static_data/database/ui/icons/vehicles_customization_unique_templates.tweak","61699","459FA3F82108ED41651D73E85C679EC36A9B17C7578FB4AFBC5860EE6F59C785"
"tools/redmod/tweaks/base/gameplay/static_data/database/ui/icons/vehicles.tweak","19140","E7A898068516C58ACC15095A73B5323CAF7210044CB59CB8B37D4B42FA7A0C85"
"tools/redmod/tweaks/base/gameplay/static_data/database/ui/icons/vulnerabilities.tweak","1523","C30DA48E6049BDB23AB91C7733DEA62A5CDEB57525ED50657DD5843CA0265045"
"tools/redmod/tweaks/base/gameplay/static_data/database/ui/icons/wardrobe_icons.tweak","408","089044B674C4064E6D0980E1C19CF460FE450ED9330624105E0292F0B256FEAA"
"tools/redmod/tweaks/base/gameplay/static_data/database/ui/icons/weapon_type_icons.tweak","4070","FA79BE4D2C28D673CD60FDA93544CA1BF21B268CA3B534B9B94E9E669C54DA5A"
"tools/redmod/tweaks/base/gameplay/static_data/database/ui/internet/schema.tweak","136","EB8DE3F8458800439E442446C8D60EB46ABDA5F27F0889B719F704AF31CC7BAA"
"tools/redmod/tweaks/base/gameplay/static_data/database/ui/internet/web_records.tweak","348","847ED702C48F266676F2867AD1E23F1F235EEA79AD93F58AA111CD81FFE65E5F"
"tools/redmod/tweaks/base/gameplay/static_data/database/ui/items/crafting_map.tweak","122","5684E69B77C91EA7325D8E6A1413343849610266F7F227132A50EFB276BF9872"
"tools/redmod/tweaks/base/gameplay/static_data/database/ui/loading_screen/initial_loading_screens.tweak","2402","17C7A80CB63AC13512C3A4F7B0C266EAFF045F00B5B76BFD18413F75DAE6BF9B"
"tools/redmod/tweaks/base/gameplay/static_data/database/ui/loading_screen/schema.tweak","668","EEE8FB6237A773D6B7E13270258545C9DBF273DC67442A2029FB4A9885AFD752"
"tools/redmod/tweaks/base/gameplay/static_data/database/ui/mappin_ui/mappin_icons.tweak","7648","812D1631C6FB652E4DCF5690E9B2A113AFC32DF2DA63CB3B083E331CA991DF6D"
"tools/redmod/tweaks/base/gameplay/static_data/database/ui/mappin_ui/mappin_ui_animations.tweak","1114","40FA3AF3BA7A19A1374F492027C22917E0744D94A09BB9C232A312E811BB0B60"
"tools/redmod/tweaks/base/gameplay/static_data/database/ui/mappin_ui/mappin_ui_clamping.tweak","188","69C311ABF7EF9212CD689C2AADC8C4586788EC631DAC99134D767DCFA211AAFF"
"tools/redmod/tweaks/base/gameplay/static_data/database/ui/mappin_ui/mappin_ui_runtime_profiles_map.tweak","259","FB4EA7AC03D56B49C149807B238B31335CDC7FD0A501BC5299D12B752ED55C26"
"tools/redmod/tweaks/base/gameplay/static_data/database/ui/mappin_ui/mappin_ui_runtime_profiles_minimap.tweak","816","1C16791934199679E16B92E5F23F0393B7188151F1143C335D1997A9E6868AD9"
"tools/redmod/tweaks/base/gameplay/static_data/database/ui/mappin_ui/mappin_ui_runtime_profiles_world.tweak","2512","F6F12FEC10D376E47B0912E8B5F92C0D45D7EFCEA15CBE1FA8FE9C9A39E3A866"
"tools/redmod/tweaks/base/gameplay/static_data/database/ui/mappin_ui/mappin_ui_runtime_profiles.tweak","88","ED96BF8D4FA8E310645BB29345167A98DE67826B26F6D97AA90925E59F218F5B"
"tools/redmod/tweaks/base/gameplay/static_data/database/ui/mappin_ui/mappin_ui_spawn_profiles.tweak","578","F5A78E8F4A0B319A5D6A92994EAE9BEF21E065E38E49BD45EACF695E390800EA"
"tools/redmod/tweaks/base/gameplay/static_data/database/ui/mappin_ui/mappin_ui.tweak","3073","9052A85668F5CEF5B23F23F23D12523022050DF5F616E3AE7B7288252A8E7E5A"
"tools/redmod/tweaks/base/gameplay/static_data/database/ui/mappin_ui/schema.tweak","3586","43E0DB0EB001B6AF3BFB8AB0B7E1EE2FDF4FCEA489B49A802DAC1A8260CC1C3F"
"tools/redmod/tweaks/base/gameplay/static_data/database/ui/npc/nameplate.tweak","910","0976E595B08644196A1E1C1D1FFFE8851E4A0B1ACAA7A6E35830C0E3A29C8190"
"tools/redmod/tweaks/base/gameplay/static_data/database/ui/npc/schema.tweak","282","2C128FDDC3BE82F66A4F46CC1E1BE45C82E6FC9949484BFA9E30557BCA72C5A0"
"tools/redmod/tweaks/base/gameplay/static_data/database/ui/quest/hud_presets.tweak","3499","FE9074C37DD98EC5241023FD9A2087D98C189FEE567349AB9E08A6A3F10DEE25"
"tools/redmod/tweaks/base/gameplay/static_data/database/ui/quest/schema.tweak","69","D271BF22F598EB20F3D4422CA269273C83AC13F7191AE38E444897D36D74205F"
"tools/redmod/tweaks/base/gameplay/static_data/database/ui/radio/radio_stations.tweak","2036","C262402EC3A381FD8D11EEA75AB180E9BC510438952EA4F8A9223C13948264E9"
"tools/redmod/tweaks/base/gameplay/static_data/database/ui/radio/schema.tweak","109","540102D4C74D05A0EAB70D17435703A56BC2D3E94620CD2ED0A4F04D26644038"
"tools/redmod/tweaks/base/gameplay/static_data/database/ui/stat_maps/base_values.tweak","2719","F088B55953EFF5C6B846387EDE29A7666DDAA2409F522EB414B0BC87192600A0"
"tools/redmod/tweaks/base/gameplay/static_data/database/ui/stat_maps/inventory_items_types.tweak","3184","15EF83167D8312A1CEC62AE4BFF67D0B254DA53807F19953313F2E389B455F5B"
"tools/redmod/tweaks/base/gameplay/static_data/database/ui/stat_maps/inventory_items.tweak","10447","92D31C3CE271A1FA63ECC3C341F394C45CA27738225811DE103D9BED8386C878"
"tools/redmod/tweaks/base/gameplay/static_data/database/ui/stat_maps/schema.tweak","220","1F25263C3E260C9F0CFB982AAF1FDFEC8C1C12DF89FBAADFC3CDA9D2F8E7080A"
"tools/redmod/tweaks/base/gameplay/static_data/database/ui/street_cred_fake_map.tweak","1002","B641368F9BD8EFABB45FFD45C396C15C9D475435F18569135ABC332549474DAE"
"tools/redmod/tweaks/base/gameplay/static_data/database/ui/tutorials/tutorials.tweak","184","0DBB1367E09065DDF2ED56E8387F5F03140D28B4040C7B9D5AA6FBD75141B3DD"
"tools/redmod/tweaks/base/gameplay/static_data/database/ui/weapons_tooltip/schema.tweak","110","3AFE5790792EA7E0621FC6F979BDA3ACF81724547826859F73BDAD90EE21219B"
"tools/redmod/tweaks/base/gameplay/static_data/database/ui/weapons_tooltip/weapons_tooltip_data.tweak","409","64C31E8F6AEB9E77BDA8893B489AAD09E3E89AAC371A5FC7F924EA8CD2774B23"
"tools/redmod/tweaks/base/gameplay/static_data/database/ui/world_map/schema.tweak","2199","65AEBA0D8766DEF647AC88482B2AC5836F602BF90AF093A2604B68AAE2646B7B"
"tools/redmod/tweaks/base/gameplay/static_data/database/ui/world_map/world_map.tweak","18228","9986689D38E8E0745099DC99C7C7287DABFDB7762AB516D5C13DE4838709745D"
"tools/redmod/tweaks/base/gameplay/static_data/database/vehicles/archetypes/ai_driving_model.tweak","2594","652FDB96E13C48AB8B2F5B74B2A7B7A1BAB2EB65BE147E5D3E888D6B3F8540CD"
"tools/redmod/tweaks/base/gameplay/static_data/database/vehicles/archetypes/car_driving_model_presets.tweak","46523","2C3794E5907CCCCB60D45A1F63FF65C77C4334151ABBA4F311B2C43F3CE43E9F"
"tools/redmod/tweaks/base/gameplay/static_data/database/vehicles/archetypes/car_engine_presets.tweak","23689","71B91DA70ED1E1D522B036CA2B13B1622DD849908B1924D4A4AE61F0AEB4EDF7"
"tools/redmod/tweaks/base/gameplay/static_data/database/vehicles/av.tweak","3817","3980A7A9C45D91A65F641490A1DD539066611631BEDB902702EB7BFD55E37F2F"
"tools/redmod/tweaks/base/gameplay/static_data/database/vehicles/avs/av_camera_drone.tweak","194","3BF11F1AD800A4E3A1378B44B0CD4BCAF067564CD558D40261B270C6AEFD7AF1"
"tools/redmod/tweaks/base/gameplay/static_data/database/vehicles/avs/av_zetatech_octant.tweak","231","A5F8A5EBF136EA1CD4D7EF13A4650A55580300AE85146934FBE26EB51E67047B"
"tools/redmod/tweaks/base/gameplay/static_data/database/vehicles/base_vehicles.tweak","35786","B14868A91C72C5071416912F89251A9DE628F5A669BAB4BD19D8CC72CFE9EA70"
"tools/redmod/tweaks/base/gameplay/static_data/database/vehicles/bikes/v_sportbike1_yaiba_kusanagi.tweak","10598","CA81CB287BAE716BD52125493D4B87E48E43F73BB178F096312DD33F37CF0582"
"tools/redmod/tweaks/base/gameplay/static_data/database/vehicles/bikes/v_sportbike2_arch.tweak","9928","A0DD6453B5934900FC4DBB28BDE3BAD5619BEE176FE487478DA2AE0A9412ED97"
"tools/redmod/tweaks/base/gameplay/static_data/database/vehicles/bikes/v_sportbike3_brennan_apollo.tweak","8945","15C3D04DF60D20281F1570FD5B237CEDAFDE1B46C7365AF5933F508A04770587"
"tools/redmod/tweaks/base/gameplay/static_data/database/vehicles/camera_setups/default.tweak","91229","79891C3AE29BC2F9E4A8B60F15BF69CE7678C9AD1D12105860A21FFE7299DBD3"
"tools/redmod/tweaks/base/gameplay/static_data/database/vehicles/car.tweak","51","F7AE9A7ABD19FAC164D34035BCF943BBA808A459026E21B7A8B4E139F8D1A075"
"tools/redmod/tweaks/base/gameplay/static_data/database/vehicles/cars/v_sport1_herrera_outlaw.tweak","17620","7E3B7D7C78708CB80945F282F337474FE5755DCA049E4BDCFC370A854A129684"
"tools/redmod/tweaks/base/gameplay/static_data/database/vehicles/cars/v_sport1_herrera_riptide.tweak","26099","06FACEEE17BB08E912BA5420D6CCD1557254003C4ABF9DD1E35558783BE239D9"
"tools/redmod/tweaks/base/gameplay/static_data/database/vehicles/cars/v_sport1_quadra_sport_r7.tweak","59571","CAE7C022D387F319421F28EA430E6D52683B30F220B6B83B614BA67CC277CA4F"
"tools/redmod/tweaks/base/gameplay/static_data/database/vehicles/cars/v_sport1_quadra_turbo.tweak","27061","FD71B50DB5AF7C00EBCC331FA91238199148DA9D0B059BD0D935847F4A4609CA"
"tools/redmod/tweaks/base/gameplay/static_data/database/vehicles/cars/v_sport1_rayfield_aerondight.tweak","19262","BBAFEFC5E840EE5D78114809325C25429961E82D1036AC7C8815E8F7CBD1CC8A"
"tools/redmod/tweaks/base/gameplay/static_data/database/vehicles/cars/v_sport1_rayfield_caliburn.tweak","29294","D0C2708133CAE70505364A0283B987A6B5327FF621181712A3D533FFA3F06EB9"
"tools/redmod/tweaks/base/gameplay/static_data/database/vehicles/cars/v_sport1_yaiba_semimaru.tweak","18023","1BE141F90432B18B4672470B9C244FB6186046B9F6C1A5F9AE676C220C9D4E3A"
"tools/redmod/tweaks/base/gameplay/static_data/database/vehicles/cars/v_sport2_mizutani_shion_nomad.tweak","16014","0124D38140D97B581F43A33217440502154015A6051378112B41AA3D6D592A88"
"tools/redmod/tweaks/base/gameplay/static_data/database/vehicles/cars/v_sport2_mizutani_shion.tweak","28928","9CD123B95B2790B8A5FECF5192A450C312BF40E5D84920964530168D78B6FC72"
"tools/redmod/tweaks/base/gameplay/static_data/database/vehicles/cars/v_sport2_porsche_911turbo.tweak","14087","9A3F9EEB769843DFE0357B733F9C01AD230FBEECED1118963BCC4C7385025526"
"tools/redmod/tweaks/base/gameplay/static_data/database/vehicles/cars/v_sport2_quadra_type66_nomad.tweak","17458","24BAF8B28B3BFC5AA531B3163E1CCB5055F2F5A06CA54C3144C036DB9D7B3273"
"tools/redmod/tweaks/base/gameplay/static_data/database/vehicles/cars/v_sport2_quadra_type66.tweak","54465","4DC25FEE3CB6D2F2F4CEC5A93F9F98D2E040DD107778971F4DA32452014BD2A0"
"tools/redmod/tweaks/base/gameplay/static_data/database/vehicles/cars/v_sport2_villefort_alvarado_hearse.tweak","16785","0213EE113090DBD9BCE6049899919C65FA62368B06AD11165482B9B29D7C3122"
"tools/redmod/tweaks/base/gameplay/static_data/database/vehicles/cars/v_sport2_villefort_alvarado.tweak","28839","75163E2C90D16B947BF183FFA50C9DE3B46190551FA6D14AADB2FE550054C34E"
"tools/redmod/tweaks/base/gameplay/static_data/database/vehicles/cars/v_sport2_villefort_deleon.tweak","26061","142AE817734A072E44ABA5C6EAF00E4528BAB568A5A9980285143C6FDF7DE67A"
"tools/redmod/tweaks/base/gameplay/static_data/database/vehicles/cars/v_standard2_archer_bandit.tweak","13370","D89DE5A0B8F6C5663851755AEFA7D2441C1AE74754CB78386E23C5CDF7E196BC"
"tools/redmod/tweaks/base/gameplay/static_data/database/vehicles/cars/v_standard2_archer_hella.tweak","44187","542EC2AA56241CAF8B8E92EA862FE8C258F4155469E1C1A92C32ED4AC1157B9E"
"tools/redmod/tweaks/base/gameplay/static_data/database/vehicles/cars/v_standard2_archer_quartz_nomad.tweak","11767","C0EECE5E5045AD46AA35277B87041434C4E142BEBFB065F7C67162A022B3F833"
"tools/redmod/tweaks/base/gameplay/static_data/database/vehicles/cars/v_standard2_archer_quartz.tweak","47922","1929A7B5E4B90BE2C3AB0A9D7BBC4C6C2A9E11F2435D478DAC849E36C4B5B4E5"
"tools/redmod/tweaks/base/gameplay/static_data/database/vehicles/cars/v_standard2_chevalier_thrax.tweak","19582","13A76921E233A65B0012F9FB1E31613879E04D2AE683D66F01E8ACE07F9E2ED5"
"tools/redmod/tweaks/base/gameplay/static_data/database/vehicles/cars/v_standard2_makigai_maimai.tweak","32591","056BC89C8E6D13496A8AA53CEF53EE7933D3124D38605B0C6BEC79F686BFA46F"
"tools/redmod/tweaks/base/gameplay/static_data/database/vehicles/cars/v_standard2_mizutani_hozuki.tweak","37312","0E0FBF42D302320A3CBAD0428EFC9093F9AE4D2E837C086DFF4B860E272B1584"
"tools/redmod/tweaks/base/gameplay/static_data/database/vehicles/cars/v_standard2_thorton_colby.tweak","26614","1038E5AC7164C1FEA7A7F9459629368AFD8239A27BF2E5771F2514861D8E478A"
"tools/redmod/tweaks/base/gameplay/static_data/database/vehicles/cars/v_standard2_thorton_galena_nomad.tweak","15004","100881053C065DD7F39DBB53C653EB1CE313097547D87C16CF3780A160219062"
"tools/redmod/tweaks/base/gameplay/static_data/database/vehicles/cars/v_standard2_thorton_galena.tweak","32649","FC188DCDFA0A01331420446093F9BC028C1863FD0014733AC3C8411C75016AB9"
"tools/redmod/tweaks/base/gameplay/static_data/database/vehicles/cars/v_standard2_villefort_cortes_delamain.tweak","1614","46C21190A6C84900E935D580465534EDB380002E030FEAF36EE73401C93F6A46"
"tools/redmod/tweaks/base/gameplay/static_data/database/vehicles/cars/v_standard2_villefort_cortes.tweak","34288","8791AB68E61E45FFCCFD3B09E3D4A45635577BF173F388E7B4E99C271954DA29"
"tools/redmod/tweaks/base/gameplay/static_data/database/vehicles/cars/v_standard25_mahir_supron.tweak","31795","C6BF12A35EE889A6F5267997F15EB18883F7DEA389713C0475C8E21AEDDBCD94"
"tools/redmod/tweaks/base/gameplay/static_data/database/vehicles/cars/v_standard25_thorton_colby_nomad.tweak","13671","2C6500383BBF5B7B1A1A565A96219545675A26D5CAFB065F47A7521CC7A503C6"
"tools/redmod/tweaks/base/gameplay/static_data/database/vehicles/cars/v_standard25_thorton_colby_pickup.tweak","31407","09B8666689452E256E44EF6C8645A067DA97281B11ACBE5F1ED3B2609A196E45"
"tools/redmod/tweaks/base/gameplay/static_data/database/vehicles/cars/v_standard25_thorton_merrimac.tweak","40917","A55DD401212CDC7EAE0053AED80B35B73DE7FB75E11E4B5611557B0640B6AAC3"
"tools/redmod/tweaks/base/gameplay/static_data/database/vehicles/cars/v_standard25_villefort_columbus.tweak","19455","C0394B1BF38727D385BE3E4566EE3834BA93063C780F074FAB70382A5425268B"
"tools/redmod/tweaks/base/gameplay/static_data/database/vehicles/cars/v_standard3_chevalier_emperor.tweak","29054","A254E11DB243720995A4566380821B8E2881EAB0AF1192EF93FECFF39D813355"
"tools/redmod/tweaks/base/gameplay/static_data/database/vehicles/cars/v_standard3_mahir_supron_kurtz.tweak","12413","5AC27CFB98FDC6F0F0176CDD4CD1B811B15785D6D6A5D38E5380643389556A3D"
"tools/redmod/tweaks/base/gameplay/static_data/database/vehicles/cars/v_standard3_makigai_tanishi.tweak","31963","E60A0F89FB0232DA1C4EEA0684E63DE3086A932843DA21A3F94558A43D527C47"
"tools/redmod/tweaks/base/gameplay/static_data/database/vehicles/cars/v_standard3_militech_hellhound.tweak","10790","5B0B29006FD53D0D91B07D7B6418CC14034573997FF1818B59B3098733128180"
"tools/redmod/tweaks/base/gameplay/static_data/database/vehicles/cars/v_standard3_thorton_mackinaw_nomad.tweak","15270","82CF20AD5FA187F77EEB670669327BB1D0A3E43BB6C822AFE54EC80610622FCD"
"tools/redmod/tweaks/base/gameplay/static_data/database/vehicles/cars/v_standard3_thorton_mackinaw.tweak","46939","98498A5095D07EC4A632682D0D6F4B23BA22A8BE833245D204AB43A01E01B3E2"
"tools/redmod/tweaks/base/gameplay/static_data/database/vehicles/cars/v_utility4_chevalier_centurion.tweak","21511","0FCAB8D920F92642BEE3E2D0160CC381E9CC89CF8D054986BA39806F6243EC72"
"tools/redmod/tweaks/base/gameplay/static_data/database/vehicles/cars/v_utility4_kaukaz_bratsk.tweak","11987","29D6023317F4A2D44C633A5F1BC0D47F91719F75F2F9900E6E83D0B9E58B3F01"
"tools/redmod/tweaks/base/gameplay/static_data/database/vehicles/cars/v_utility4_kaukaz_zeya.tweak","10976","5D5A90B43250B5FE2AB526B38B108DCCAABC6404D1CB38D9EDCCE7A79E9CD69D"
"tools/redmod/tweaks/base/gameplay/static_data/database/vehicles/cars/v_utility4_militech_behemoth.tweak","9133","9ECC1DD0FBD835C5884840D8177B73DE23522846C297354B928725F0295C8B93"
"tools/redmod/tweaks/base/gameplay/static_data/database/vehicles/cars/v_utility4_thorton_mackinaw_bmf.tweak","8544","7F918D7C43B40F2D27A0BABB00BAF8760CF3DF52FEA953710984534292DB628B"
"tools/redmod/tweaks/base/gameplay/static_data/database/vehicles/demo_vehicles.tweak","1894","533856F9E6801D6DE829EE2AB774DCF14B6E01B36748014C4E139084AA35D2AA"
"tools/redmod/tweaks/base/gameplay/static_data/database/vehicles/drive_alerted_setup.tweak","141","F782B583BD9F7495C6B08FE61CD0951D3E35D84F12D060E6C00CF5403F3B6E61"
"tools/redmod/tweaks/base/gameplay/static_data/database/vehicles/drive_helper_types.tweak","781","0666B2B3CE32B1705E736502162D8BB475B95A2642BEB02A7BBEF9E73376D82D"
"tools/redmod/tweaks/base/gameplay/static_data/database/vehicles/drive_helpers.tweak","2183","128054E2CFBC9CC354EBF5968296083A5FBB1FB32CAD22F24AD951B7369F4DED"
"tools/redmod/tweaks/base/gameplay/static_data/database/vehicles/drivers_list.tweak","1289","4B7019E4BE68BC42DCC46A7302046D6F48E9F9A7961C5CE9A9AE3CD74AA57CE2"
"tools/redmod/tweaks/base/gameplay/static_data/database/vehicles/driving.tweak","3863","0C780DFFB34E34480BAABAA2B2E7D649C65F25BF9E2B53278A8E70BC5FCC570D"
"tools/redmod/tweaks/base/gameplay/static_data/database/vehicles/fx/vehicles_fx_collision.tweak","7909","B803FF81602CFA2E5641BBECB68813A9BA90B1980D84C1FFE4871B8D6AF45FD4"
"tools/redmod/tweaks/base/gameplay/static_data/database/vehicles/fx/vehicles_fx_schema.tweak","1202","703EB078EF1CF1A3721D82DE60536A0DA260F15E1BDE12924E12BB8CB0D054D9"
"tools/redmod/tweaks/base/gameplay/static_data/database/vehicles/fx/vehicles_fx_wheels.tweak","51265","DF1E804E2D4995860DB3E899960D4F925BF68E02B71539E65A0EB1134B469A21"
"tools/redmod/tweaks/base/gameplay/static_data/database/vehicles/fx/vehicles_fx.tweak","1337","026F5895AF0D55E34450BF97C22C7DD2BD5B8856590B50BC283EBCA4E40D3C42"
"tools/redmod/tweaks/base/gameplay/static_data/database/vehicles/is_hackable.tweak","187","90C7A8E88F39BD6E6D2005031C8DC2C49B610996E839E03CF156EA73F0821A1C"
"tools/redmod/tweaks/base/gameplay/static_data/database/vehicles/main_characters/primarycharacters_vehicle.tweak","3184","6A94AD2B0E6EF969C75DD94DBD753821C549A9B867B0D387E6869329C0A04717"
"tools/redmod/tweaks/base/gameplay/static_data/database/vehicles/main_characters/secondarycharacters_vehicle.tweak","2022","F4632DB3732DB0D8F2F9667D9323E3A55453236F2291D8C8449EF4FE4EBC3450"
"tools/redmod/tweaks/base/gameplay/static_data/database/vehicles/main_characters/tertiarycharacters_vehicle.tweak","692","884100217A2123CD42414561184D7F5ED618C17240E7DC9CBF284215371E8737"
"tools/redmod/tweaks/base/gameplay/static_data/database/vehicles/motorcycle.tweak","51","F7AE9A7ABD19FAC164D34035BCF943BBA808A459026E21B7A8B4E139F8D1A075"
"tools/redmod/tweaks/base/gameplay/static_data/database/vehicles/open_world/autodrive.tweak","103","8BDB430FC5C5CC8965E6E37FEE0B86DB55FFC9BA625601CDD6F41DD95687CB8D"
"tools/redmod/tweaks/base/gameplay/static_data/database/vehicles/open_world/minor_activities/ma_bls_ina_se1_22.tweak","306","30BF8EDB50193A95B9EC816E2E44AC39C222F7949B17BF55E5DB75AB4E71FF37"
"tools/redmod/tweaks/base/gameplay/static_data/database/vehicles/open_world/minor_activities/ma_cct_dtn_03.tweak","147","ABDA7A4C2042C3561AC19E1F9548882EFD1131978A26BEBAB59B22402E16E6DF"
"tools/redmod/tweaks/base/gameplay/static_data/database/vehicles/open_world/minor_activities/ma_hey_spr_12.tweak","223","2509976A3A58A44F94F941D44C66A820D54FF6F606CAE1694F7374C21EB7122E"
"tools/redmod/tweaks/base/gameplay/static_data/database/vehicles/open_world/minor_activities/ma_pac_cvi_08.tweak","738","7405F2444EBD4F136AC68EE1A5C98D6EF486392E60A18460E6A8CDBEEE4FCC3E"
"tools/redmod/tweaks/base/gameplay/static_data/database/vehicles/open_world/minor_activities/ma_wat_lch_03.tweak","122","C60524D4026F01E3431781788D95193A8C8A289BF3062D818BEFBFBCDBBF49C9"
"tools/redmod/tweaks/base/gameplay/static_data/database/vehicles/open_world/openworld_av.tweak","633","051A45979AA242903D844D21FF3DC1AB6C28746137935A27FFCB3BA6E26D31DF"
"tools/redmod/tweaks/base/gameplay/static_data/database/vehicles/open_world/ow_vehicles_generic.tweak","29811","AADA2D9FFE6DBF94F7CC89798129C6A1D97BDD4B384FF03EFA64F7FA6A4DABB8"
"tools/redmod/tweaks/base/gameplay/static_data/database/vehicles/open_world/police_system.tweak","176","0F8936BC92708B3E371644D564F92F024C3BEC367E221862D7887719595FF12A"
"tools/redmod/tweaks/base/gameplay/static_data/database/vehicles/open_world/street_stories/ow_fixers_vehicles.tweak","590","D8E9E0D93F3B77F364C2ADECADE210991C01E82D18E1159361EAC8A99EC45B1E"
"tools/redmod/tweaks/base/gameplay/static_data/database/vehicles/open_world/street_stories/sts_bls_ina_04.tweak","348","E4108997FF5C0E3360C6A954803D8DFAF53922C7A2D5A7F349354CE3DE621C1C"
"tools/redmod/tweaks/base/gameplay/static_data/database/vehicles/open_world/street_stories/sts_bls_ina_07.tweak","367","590285CADE03FD8CD5F876F169ED8D7D2798A16C624459B0753D2274E0712416"
"tools/redmod/tweaks/base/gameplay/static_data/database/vehicles/open_world/street_stories/sts_bls_ina_08.tweak","344","E2EE121D011C1FD2E1462AFA13A8549C2FDFCCD705A51F7E230EDEC425234366"
"tools/redmod/tweaks/base/gameplay/static_data/database/vehicles/open_world/street_stories/sts_cct_dtn_04.tweak","503","C6F07AAA6C6C385463AC01FA04A86AE6B4AF260393AED4BD669E9DB1213C338D"
"tools/redmod/tweaks/base/gameplay/static_data/database/vehicles/open_world/street_stories/sts_hey_gle_06.tweak","212","D477360CEF4C3B3157264CE0BA4A81F12A02E711EE68B75D1A8EF7A83B366B6C"
"tools/redmod/tweaks/base/gameplay/static_data/database/vehicles/open_world/street_stories/sts_hey_spr_03.tweak","120","AD91ADCF8B342C2462419941278A688F1FF2C08A904AFEBB94B6282D16E7CA8A"
"tools/redmod/tweaks/base/gameplay/static_data/database/vehicles/open_world/street_stories/sts_pac_cvi_02.tweak","197","98DEA8C9741F48DB9AAB153647976B292A01BF929113A39504B2732B16C3B575"
"tools/redmod/tweaks/base/gameplay/static_data/database/vehicles/open_world/street_stories/sts_std_arr_05.tweak","197","EA67B51AD3CB4FA6985283133D7114216234F32712EAD2D92B3FFC25A7AF839B"
"tools/redmod/tweaks/base/gameplay/static_data/database/vehicles/open_world/street_stories/sts_std_arr_06.tweak","520","552E5D7ED8E7383C227AA4DBA05D5B13DFB87B4E786E9D8A6C571AEC1CDEAB41"
"tools/redmod/tweaks/base/gameplay/static_data/database/vehicles/open_world/street_stories/sts_std_arr_12.tweak","1054","2A5241387830F5077BFAA9855D77E89463A8516E281C699A8F7DED6A11D766E2"
"tools/redmod/tweaks/base/gameplay/static_data/database/vehicles/open_world/street_stories/sts_std_rcr_01.tweak","117","CDB26DF016216CC1E2EFB57F1EA728D0C16E06B79708A51590916E41CB069FA2"
"tools/redmod/tweaks/base/gameplay/static_data/database/vehicles/open_world/street_stories/sts_std_rcr_03.tweak","114","34E4FE08CC4FBF7929937FD4EE9F6E4E70C6559AA76D46FE303B45DCD1A008D7"
"tools/redmod/tweaks/base/gameplay/static_data/database/vehicles/open_world/street_stories/sts_wat_kab_02.tweak","216","67ABC65BA8C7FD720E6144BB42B513FCCAE20D3DBC2B71F0EFB8F1DB81B08EF7"
"tools/redmod/tweaks/base/gameplay/static_data/database/vehicles/open_world/street_stories/sts_wat_kab_04.tweak","209","4659E3B075798B052583048F321936718977BE4E4090E7EF918BB06619BA8BDA"
"tools/redmod/tweaks/base/gameplay/static_data/database/vehicles/open_world/street_stories/sts_wat_kab_102.tweak","251","9D329C05388C5EF57196D948F8DC4883F5A3E9FFCF5563E951C7BE9DA330CE8D"
"tools/redmod/tweaks/base/gameplay/static_data/database/vehicles/open_world/street_stories/sts_wat_nid_02.tweak","245","E924FDF6715AFD4D3C4C4B50DA1B3CA1F257791070FD3BDBE233C8E6EEA78839"
"tools/redmod/tweaks/base/gameplay/static_data/database/vehicles/open_world/street_stories/sts_wbr_hil_06.tweak","222","D1455CC84877E2D19DD21A5EA123ECE1BEAFE391C84AE7C685B91D6A817C1A6A"
"tools/redmod/tweaks/base/gameplay/static_data/database/vehicles/open_world/street_stories/sts_wbr_jpn_01.tweak","115","9D81F987014E397D10F7DEA51D295096CB3096111AE8CA292F8C32162D68D096"
"tools/redmod/tweaks/base/gameplay/static_data/database/vehicles/player_vehicles.tweak","58005","5161FB84D00B93B8CE75103F5ED4B7757E6BE74DC8E2ABFC132D3AED481D6625"
"tools/redmod/tweaks/base/gameplay/static_data/database/vehicles/prevention_vehicles.tweak","10011","DFB2C79FCC267238160B428343E62843197341C951C9E0B23ACF90820EFB9A92"
"tools/redmod/tweaks/base/gameplay/static_data/database/vehicles/quest/ma_bls_ina_se1_08.tweak","271","DF2D0C04EB2E2ACFA19BA9097A7DC98ECDFF4BE7EB4FDDE96DA29750B54F8560"
"tools/redmod/tweaks/base/gameplay/static_data/database/vehicles/quest/mq001.tweak","715","8F5F58C739474CB9002C1F8111C4CDC02DB730ADEC39DEBC2BE2B5EBDDD13241"
"tools/redmod/tweaks/base/gameplay/static_data/database/vehicles/quest/mq005.tweak","648","3D0FC26DF31908E3B7901B374F0590B61B5FCD21E0B123AB31D7984FB0872D6A"
"tools/redmod/tweaks/base/gameplay/static_data/database/vehicles/quest/mq006.tweak","455","EE668E5EB2C3EE10E5F346B9504836ECF2D316BA77CF6BB36D789286B341B184"
"tools/redmod/tweaks/base/gameplay/static_data/database/vehicles/quest/mq013.tweak","270","1CCEA68297CA146293183AB8F9C643E39019980C9A6F48247E3BEF2AFE8C69A8"
"tools/redmod/tweaks/base/gameplay/static_data/database/vehicles/quest/mq017.tweak","357","015F8FA75843C5FA4F06CD3D64E848076A8665E00F5D8FAE0E324F348A8E06CD"
"tools/redmod/tweaks/base/gameplay/static_data/database/vehicles/quest/mq026.tweak","358","B5EE4BEF962650B4A62606C01F6299A278A5A996FCB5E434F14E80159D1F51BF"
"tools/redmod/tweaks/base/gameplay/static_data/database/vehicles/quest/mq027.tweak","295","F7BC1B437BDAF80854DB4F81479F494F4CDF2E3B5396F85D7D9C3B6BFC196A5C"
"tools/redmod/tweaks/base/gameplay/static_data/database/vehicles/quest/mq030.tweak","400","58D85B1191DF5E64E58715A8AF71E4B811C06DE607F3F035BAFC4772E9115FB1"
"tools/redmod/tweaks/base/gameplay/static_data/database/vehicles/quest/mq038.tweak","162","5138DFD2A4329A37B8112BD5652901E71B721B8BAC27034D682029C6FE09F56D"
"tools/redmod/tweaks/base/gameplay/static_data/database/vehicles/quest/mq056.tweak","190","0AEEE4B0245800B290BE1FE5DAC2DC0A15B8A897A44EAD60AF241C3285E224F1"
"tools/redmod/tweaks/base/gameplay/static_data/database/vehicles/quest/mq057.tweak","212","A6F4D8639A769FF2EC1A03F6241C9FEE891C2B7CCE8A9C9CA75310A609569748"
"tools/redmod/tweaks/base/gameplay/static_data/database/vehicles/quest/mq059.tweak","230","234BEB7D1C24FB3BB242A452F789AE49223ABDFF22BCE3ECB981B9E58AA0F2EC"
"tools/redmod/tweaks/base/gameplay/static_data/database/vehicles/quest/mq060.tweak","3198","9B1E330CA91717BAA13AA0B42FEF152396AE930EA04F6AD7DB3256437CB3AEEF"
"tools/redmod/tweaks/base/gameplay/static_data/database/vehicles/quest/mws_bad.tweak","1330","520A71F8C0B3A07675E2EBF0E2C3381B63354348CFD5D4D87267C78B9A043A96"
"tools/redmod/tweaks/base/gameplay/static_data/database/vehicles/quest/mws_cc.tweak","617","BEA811E5171B83BC9F8FD4E663517EEFBBC4CD4D692B95F10BAE333A76645DA7"
"tools/redmod/tweaks/base/gameplay/static_data/database/vehicles/quest/mws_hey.tweak","42","75A01C7CEAF4D04A8F9A2B05F8C58D129F3BA16E452C76106E1B9CD9612A4503"
"tools/redmod/tweaks/base/gameplay/static_data/database/vehicles/quest/mws_pac.tweak","407","6CDCE8B028AA9B354C559E3B70369C7D67E9A8FACE41512C8C4AC870E1F10BC9"
"tools/redmod/tweaks/base/gameplay/static_data/database/vehicles/quest/mws_san.tweak","516","D48A4BE8908B11B07B6E6D1C2D3D49C98AB158BC637D0CCA7BB80254A49EEAC2"
"tools/redmod/tweaks/base/gameplay/static_data/database/vehicles/quest/mws_wat.tweak","1561","8BD7034C3221F33A7CDBBC900DA9B54D706EE2C9D717278879266859C7BF9629"
"tools/redmod/tweaks/base/gameplay/static_data/database/vehicles/quest/mws_wes.tweak","42","75A01C7CEAF4D04A8F9A2B05F8C58D129F3BA16E452C76106E1B9CD9612A4503"
"tools/redmod/tweaks/base/gameplay/static_data/database/vehicles/quest/q000.tweak","36618","4222F026476F81397D6A6D642D3A92A27F0E1BB5CA730571822965437384B1EB"
"tools/redmod/tweaks/base/gameplay/static_data/database/vehicles/quest/q001.tweak","2079","7A9487C4E7F88C9BAD85F3720C12984F5D43905BE6A7505ADA2155A0EA4205B3"
"tools/redmod/tweaks/base/gameplay/static_data/database/vehicles/quest/q003.tweak","1025","4229C961FB4C72B2AB44747FA7FEBB57383C795779FD4AE40B0248C6AA28892E"
"tools/redmod/tweaks/base/gameplay/static_data/database/vehicles/quest/q005.tweak","1136","01B9B3725B533915FBD82A9EA21ECD459CEBFAE7FE21D86409939ACE5FF345E9"
"tools/redmod/tweaks/base/gameplay/static_data/database/vehicles/quest/q101.tweak","3245","B7F24E92873FAE112F97D8553115B751CA37E0D35278C091879FCC053936A47D"
"tools/redmod/tweaks/base/gameplay/static_data/database/vehicles/quest/q103.tweak","669","463289A7BF5809C9B6E162EE574F9FCC066A08DB2010F216243F5E0CB292C1AF"
"tools/redmod/tweaks/base/gameplay/static_data/database/vehicles/quest/q104.tweak","4002","D4D01F47852B79FCF67B9EED9425B010B4DFF7ACAF3F327775CDC175701E9592"
"tools/redmod/tweaks/base/gameplay/static_data/database/vehicles/quest/q108.tweak","1030","52DFCD972F10C07AE7D378B9A2FEAD53DBAAB8157C370C7DA324CFD9D44DE1B1"
"tools/redmod/tweaks/base/gameplay/static_data/database/vehicles/quest/q110.tweak","2972","4CDC679CDA380601172CFD5FE735B53288652980C078E9DB1CC1752AE3837886"
"tools/redmod/tweaks/base/gameplay/static_data/database/vehicles/quest/q111.tweak","120","242A3D113D2B75209040C4A4B3F2C2C719ABBC3C20310B5DF43DB59AB5A514A8"
"tools/redmod/tweaks/base/gameplay/static_data/database/vehicles/quest/q112.tweak","4291","F0DACE307C083C2FE978F700503C2F3DFA3BFF49128226A10807B1F85255AEA5"
"tools/redmod/tweaks/base/gameplay/static_data/database/vehicles/quest/q113.tweak","387","116683A9785F8AE73EF0A42D980AA7C07EB61BDDE4664014E58D7E1B8AF3D3BB"
"tools/redmod/tweaks/base/gameplay/static_data/database/vehicles/quest/q114.tweak","10658","61D99548829E843CD643FF959E7279FDAD0B61769996BC3C1A5E5DFC9908F662"
"tools/redmod/tweaks/base/gameplay/static_data/database/vehicles/quest/q115.tweak","904","56FBC569F863CEDCE5B6D6113095810028B30B5035F50671F6E31126E32CD264"
"tools/redmod/tweaks/base/gameplay/static_data/database/vehicles/quest/q116.tweak","259","401C631149F811D0F14BFAB3443A370DEBCD0A2ECA8047B837D24C053766441E"
"tools/redmod/tweaks/base/gameplay/static_data/database/vehicles/quest/q201.tweak","210","2E5E6AB72B855D59F61D24067BD76B79FE517E45FC292483735DF3BDF3284853"
"tools/redmod/tweaks/base/gameplay/static_data/database/vehicles/quest/q202.tweak","367","6E4808CA708B8099FD72F31A74E3ABA234AC2F603B8B49F3F2686B1047E2970F"
"tools/redmod/tweaks/base/gameplay/static_data/database/vehicles/quest/q203.tweak","360","A7EAFD613A4BD37088FB51D7AC5D8F5CC434A6279B549E090D9FB2F7CBF9C392"
"tools/redmod/tweaks/base/gameplay/static_data/database/vehicles/quest/q204.tweak","849","7F364C3353F6FCCBB77069844B0A0556C88646AFC2AAF35873EC0D9BDF7B8B05"
"tools/redmod/tweaks/base/gameplay/static_data/database/vehicles/quest/sq003.tweak","209","D9A8C260E5F36600A7C78C2878CF84C0860C66067FFCDA60D156B7A8ED3EDC65"
"tools/redmod/tweaks/base/gameplay/static_data/database/vehicles/quest/sq004.tweak","4106","C30DA7E940DA749A8F2F2270A8DE470CBCBEFFB4737AEB391FC9145A48C9F74C"
"tools/redmod/tweaks/base/gameplay/static_data/database/vehicles/quest/sq006.tweak","859","07A7526098D33879786E059EDB547F5626F9F24E6A094A3F90BA05395F2A2E4C"
"tools/redmod/tweaks/base/gameplay/static_data/database/vehicles/quest/sq011.tweak","746","CC2736A83E3CD82DF4A285E418B96F2FA8EAA5DAC926B964E184B7CCB3C39708"
"tools/redmod/tweaks/base/gameplay/static_data/database/vehicles/quest/sq012.tweak","459","809026AA5D32B3D30052240A993F5DAE4887E4303D1BF1ED64EF78937FFB97C8"
"tools/redmod/tweaks/base/gameplay/static_data/database/vehicles/quest/sq017.tweak","458","6520A85BA526F79F1AE51642169057F1E2B98C84EC664EECBC987D142F6094AB"
"tools/redmod/tweaks/base/gameplay/static_data/database/vehicles/quest/sq018.tweak","252","D91757D96FC27E6DB9C90255A9EFF1E137259C9DFA37EE4FB78DE6830934A7A0"
"tools/redmod/tweaks/base/gameplay/static_data/database/vehicles/quest/sq021.tweak","1011","39935512B1C57E02B36D06F71D594377359E9C3361445DE387FB2F411C2AEEF4"
"tools/redmod/tweaks/base/gameplay/static_data/database/vehicles/quest/sq022.tweak","248","358D5066EFC3E9B966F8A289B5B15B06411973CA53090F72A4CD5D2AFDB4ECCE"
"tools/redmod/tweaks/base/gameplay/static_data/database/vehicles/quest/sq023.tweak","1137","7BB44164C4E32540CF74194757FCBDD7B1F01DA7CEA84BAEF2F637C02660575E"
"tools/redmod/tweaks/base/gameplay/static_data/database/vehicles/quest/sq024.tweak","1165","899DC9264A0B4787BACE2A78247CB11F80464AD4EF6DDF08DE58D5B3595CA73F"
"tools/redmod/tweaks/base/gameplay/static_data/database/vehicles/quest/sq025.tweak","1902","FB64F32F8FEED346A16DEA16ACB81CB05B61493D35AD82327D4BCCAE2DDF0F20"
"tools/redmod/tweaks/base/gameplay/static_data/database/vehicles/quest/sq026.tweak","263","60FBD194A64B9405A356F5EF7F2B0FAD4FFBF0BD51191EF318BDE71A8B93FCD0"
"tools/redmod/tweaks/base/gameplay/static_data/database/vehicles/quest/sq027.tweak","3371","6F9EB84F0C020FD6F67A0B8F7B5B712F83E06C37B4A1363000F25D17128298FF"
"tools/redmod/tweaks/base/gameplay/static_data/database/vehicles/quest/sq028.tweak","510","9DE1D795E1537906BE4D4A8F392F0F4A02297E74E07083B083389E728C04701A"
"tools/redmod/tweaks/base/gameplay/static_data/database/vehicles/quest/sq030.tweak","335","742FDC435D970588895916F0DB64EAEC716AED848310E9A836FB4786A90F673C"
"tools/redmod/tweaks/base/gameplay/static_data/database/vehicles/quest/sq031.tweak","237","360FF3B372FB6791F27EACCB08DE660DA618AC1114A49351936F9B639060A1A0"
"tools/redmod/tweaks/base/gameplay/static_data/database/vehicles/quest/ue_vehicles.tweak","357","5F8B196D107D1D0551DBAA2409BF1A79225705054080ADC57CE4FB155836703C"
"tools/redmod/tweaks/base/gameplay/static_data/database/vehicles/random_passengers.tweak","12017","DA07F3C99670EFDA61F7E6D8989E106046AA44EFF041DB0CB940BB372367230D"
"tools/redmod/tweaks/base/gameplay/static_data/database/vehicles/samples.tweak","268","0AB31F404E198AE3861E511AAD2D281D88E6F8577604A6E5AF487B6FE5796ABB"
"tools/redmod/tweaks/base/gameplay/static_data/database/vehicles/schema.tweak","30347","D154F25ADDDE49B90FAB224BFC7A65FC2821057AF2691845F1C722399DAD418F"
"tools/redmod/tweaks/base/gameplay/static_data/database/vehicles/special/v_kaukaz_z71_aras.tweak","2118","70350AFEA3126D9E2AD9C3083120CCE72AC12530F88E766C5F15B1A94BC2DE51"
"tools/redmod/tweaks/base/gameplay/static_data/database/vehicles/special/v_mahir_mt28_coach.tweak","2369","A331565F26B81DB5A1EC5533430F30F2558C9E673C8E93BF3D7996243F7B1D44"
"tools/redmod/tweaks/base/gameplay/static_data/database/vehicles/special/v_militech_basilisk.tweak","6931","823A8B82E5E2F4C3A743360190E4CFA9F9FF51EEF313E49BAA4EA781A855EC54"
"tools/redmod/tweaks/base/gameplay/static_data/database/vehicles/stat_presets.tweak","2999","AA15026D4BBC04D6B0E703371A013A98F4FF0AA50003F505FE6224FDBEF9993A"
"tools/redmod/tweaks/base/gameplay/static_data/database/vehicles/summon_setup.tweak","1023","84F349C71D5366F71392E70BD0AC974EC96A4F4DD297B83FCE4E58A51D5E8FE0"
"tools/redmod/tweaks/base/gameplay/static_data/database/vehicles/surfaces/base_surfaces.tweak","592","A7FFE3301E70529DC356C85EAE100544420462E2EF7056C640A403DA10793C28"
"tools/redmod/tweaks/base/gameplay/static_data/database/vehicles/surfaces/bikes/default_friction_maps.tweak","1036","94329EC9601F1025DB19A6D0FAAB2FC8DE109B7283358FD1FA9B42A41B35D019"
"tools/redmod/tweaks/base/gameplay/static_data/database/vehicles/surfaces/bikes/default_friction_presets.tweak","1056","1F38F16F34E363EEAB64B9D7BD66638C511732E774DE1CBF20CFFAD47110DDDD"
"tools/redmod/tweaks/base/gameplay/static_data/database/vehicles/surfaces/cars/ai_friction_maps.tweak","419","30F082F8B4FE1231900F12F241F4735F82A8DEA8BB936FEDEAF6BFBE17F53085"
"tools/redmod/tweaks/base/gameplay/static_data/database/vehicles/surfaces/cars/default_friction_maps.tweak","4072","6F48092772F1ED7E9801CF0ADAF1AF96E0BC4AC6C23D0EFFDD6593FD91BF12C3"
"tools/redmod/tweaks/base/gameplay/static_data/database/vehicles/surfaces/cars/default_friction_presets.tweak","1843","8E314143992EDC3D203CEE8D5BC42AC4B12FB9DE720A691AA3E2E5A0C5C4D5CB"
"tools/redmod/tweaks/base/gameplay/static_data/database/vehicles/surfaces/cars/nomad_friction_presets.tweak","2075","92840CA6F0555A99203E8353B6C3DCF969030DDBEC71506B8FB5F6622CEF2286"
"tools/redmod/tweaks/base/gameplay/static_data/database/vehicles/surfaces/cars/sport_friction_presets.tweak","1425","33AFCB45BCF4FE694B7D1A59A3B910E3F49D75F2D59F0ECDCEAA10F88A85D692"
"tools/redmod/tweaks/base/gameplay/static_data/database/vehicles/surfaces/cars/truck_friction_presets.tweak","685","56CE5BE95A33542B9D4B77B096965DD06CFFB40F29D4E43905DCD01AFC316068"
"tools/redmod/tweaks/base/gameplay/static_data/database/vehicles/surfaces/schema.tweak","824","4FD46AA6F6BFD3F3FE3F99E3DD2F65AFCAA32F73B54F76A8AB74824A31BD5AEC"
"tools/redmod/tweaks/base/gameplay/static_data/database/vehicles/test_vehicles.tweak","642","48ECD833C7B95C8302BE462F518486C6EB82E3EAF03D980694C57C57D407B83B"
"tools/redmod/tweaks/base/gameplay/static_data/database/vehicles/traffic_suspension.tweak","669","3687B1DF87226401253CB7FFFB5DC4CDD6F9AF3BAE1639CD3F59989F33CA8A38"
"tools/redmod/tweaks/base/gameplay/static_data/database/vehicles/vehicle_collisions.tweak","734","860A75F1F3427BB90461900A64C6EA9F980B98506D67AFFFC5C40C7A4E0E5EFA"
"tools/redmod/tweaks/base/gameplay/static_data/database/vehicles/vehicle_customization_preview.tweak","15283","65FB70195D93DD588AAC3C4F6B5B5D02F64498D3970150D66E16C3E20052C13F"
"tools/redmod/tweaks/base/gameplay/static_data/database/vehicles/vehicle_destruction.tweak","325","974E9B99E9F9D86AC94A0C2C30272A9C08AE4713F8D4DA24F1DA2D6B7A822C21"
"tools/redmod/tweaks/base/gameplay/static_data/database/vehicles/vehicle_drivercombattypes.tweak","693","3609898AC9357AE2F6A87F122439C03F0C81CD7D42ECF2AF74B2E3DFC914CB50"
"tools/redmod/tweaks/base/gameplay/static_data/database/vehicles/vehicle_list.tweak","5219","EC35684B67AD442F03931E454676F2713F203422DBE3B51B89F750791FA36F42"
"tools/redmod/tweaks/base/gameplay/static_data/database/vehicles/vehicle_manufacturers.tweak","1291","CE06B650439F6883602EB398DFD84DE6741F789D0A4AC49448CE0EDCE58AE64B"
"tools/redmod/tweaks/base/gameplay/static_data/database/vehicles/vehicle_models.tweak","1415","C013231F54BEC00DDF47E1CD9C1424B084716866BB8D3F58E41CBFCC53687505"
"tools/redmod/tweaks/base/gameplay/static_data/database/vehicles/vehicle_racing.tweak","192","C2FCD2A694FDCD6F32A3F811921051EED906D25EC1328FD894D16809D5E68ACE"
"tools/redmod/tweaks/base/gameplay/static_data/database/vehicles/vehicle_types.tweak","180","7FF53A31547A13F21CECE3DDF8286344904BEAC48F007865CD134F4995B1A4D8"
"tools/redmod/tweaks/base/gameplay/static_data/database/vehicles/vehicle_unlock_types.tweak","232","711FB701AB0B442F9549A19232DA26397E4A7050B8653A399CA792D63082CE9C"
"tools/redmod/tweaks/base/gameplay/static_data/database/vehicles/vehicleoffers.tweak","18570","2429C222BF99B3FA806BE27DDF045CF61EE8BF390C5687EAC9FAA5256D59456E"
"tools/redmod/tweaks/base/gameplay/static_data/database/vehicles/weapons/panam.tweak","454","87DD6716195CA36B89A9588EEE9A4BE93164CBF0EF410EB0DA46BE25E03649E0"
"tools/redmod/tweaks/base/gameplay/static_data/database/vehicles/weapons/panzer.tweak","1680","E8A2773765EF8947975A02185D6282A6E07A8220717772904A3DA1C209A90ABB"
"tools/redmod/tweaks/base/gameplay/static_data/database/vehicles/weapons/vehicles.tweak","2745","62B9006B3BD1D4CC5B580D16FE217969A90CFAADF0551015461C6381FE66D154"
"tools/redmod/tweaks/base/gameplay/static_data/database/vendors/armorsmith.tweak","1568","A29A1EF656AB55B173637B0D3FE39376963FB07373EE3BE282608B14E1B98595"
"tools/redmod/tweaks/base/gameplay/static_data/database/vendors/base_values.tweak","12821","BB288723CB599F3F5616DE52046D2CB90D043BC2086CD7D8F78691A9DB28EB62"
"tools/redmod/tweaks/base/gameplay/static_data/database/vendors/clothingshops.tweak","71176","B003C525FDC27B9CD5FF89325C0CEE0845D6D18572DD6B55E796EBE16C16A871"
"tools/redmod/tweaks/base/gameplay/static_data/database/vendors/cyberwarestores.tweak","1182","D8B04F625651E449839B531DFB140FAC86BBCEA74515A899C696D48110BDC92A"
"tools/redmod/tweaks/base/gameplay/static_data/database/vendors/dynamic_stocks.tweak","312","25F176A447ED2261C468C0197B90FD4884FD43391FD6C96B21E650D78EFD759E"
"tools/redmod/tweaks/base/gameplay/static_data/database/vendors/fluff_vendors.tweak","14002","4142AEAA400E1130B4425BA7EA1A5143FB5DA3A3DFC1E815B8E6AB30C3518710"
"tools/redmod/tweaks/base/gameplay/static_data/database/vendors/foodshops.tweak","190308","9319C40B75D6ED538F9A186E0C0D5CBD88B65165D76945C48A05B7CB220B46FF"
"tools/redmod/tweaks/base/gameplay/static_data/database/vendors/gunshops.tweak","322015","540824EA3B25D840FB8FC20A5039ED82F1355CBD16CE2D0C95ED4CF481A6DF59"
"tools/redmod/tweaks/base/gameplay/static_data/database/vendors/junkshops.tweak","13659","F2E7B3218B3A1C9D101744B26D3AADFF254768E49E4607455E0BF84BF80A2425"
"tools/redmod/tweaks/base/gameplay/static_data/database/vendors/medicstores.tweak","13411","02533F05120CF4AA013B527EB885DF65255E81D082F662BF17C49D3BDF20B4A3"
"tools/redmod/tweaks/base/gameplay/static_data/database/vendors/ripperdocs.tweak","118966","79CB0FAAE12213DC497D9C7CC9A3B98CC7C421F422F372E2EEC2CF3346C9F1F0"
"tools/redmod/tweaks/base/gameplay/static_data/database/vendors/samples.tweak","220","64C97138278FDB64CAD8A1F0BB81EE803BCAE80A812ABFEA2CABB1AE3A728446"
"tools/redmod/tweaks/base/gameplay/static_data/database/vendors/schema.tweak","1554","808CB3F1A4AD7211CC0D98B693CADFBBA8513EC1DCCA5B56189CBA0B38A4AD32"
"tools/redmod/tweaks/base/gameplay/static_data/database/vendors/skilltrainers.tweak","127704","D5E799B1557BD6885D591A69D7D3DB47DB8634B987432A719EC150A158D58B81"
"tools/redmod/tweaks/base/gameplay/static_data/database/vendors/techstores.tweak","10594","89A38367EF28E2723FC6897810EEB81DB512EDCB35FA81840DCC9161234FF157"
"tools/redmod/tweaks/base/gameplay/static_data/database/vendors/vendingmachines.tweak","17098","F2119C4D52A2BA0117FE317775E0601554B5C99BC31853647EACE89F59174249"
"tools/redmod/tweaks/base/gameplay/static_data/database/vendors/vendor_types.tweak","2134","BC6B6D31167AC11E0EAE6D535EABDDD688C05BCCC72E273D3ABFB043FAF28314"
"tools/redmod/tweaks/base/gameplay/static_data/database/vision_mode/schema.tweak","983","9DB97A3EC578C5C8C42B7B635232F669992931CDF2617DFC7CFE8D2B7991534C"
"tools/redmod/tweaks/base/gameplay/static_data/database/vision_mode/vision_modules_test.tweak","2526","2C404FF71DF1EEF9A7B86BCE781044782E12016D80C075514693020D6B95F678"
"tools/redmod/tweaks/base/gameplay/static_data/database/vision_mode/vision_modules.tweak","6679","AF0B82F1FDD4A6BB724E4D4999E0DE1D7FDB66E27492FC4B3CF18CFB19F3172B"
"tools/redmod/tweaks/base/gameplay/static_data/database/weakspots/base_weakspot_stats.tweak","594","0BDC0050BE1D81F28ACBEECDF153D57E728A70A7D3C3C17E1BF670ACD87F263B"
"tools/redmod/tweaks/base/gameplay/static_data/database/weakspots/base_weakspots.tweak","25634","C4448E42DCE0A6A642136D48A486703A10982139EFDAEE4A51D922C8DE2D5F21"
"tools/redmod/tweaks/base/gameplay/static_data/database/weakspots/effectors/on_destroyed_effectors.tweak","187","3095BB41AB5C9C0DC7E026E25DD35EE34ED970C70AFC02E5FE503327A912F3A4"
"tools/redmod/tweaks/base/gameplay/static_data/database/weakspots/schema.tweak","211","5A2B57E9032DCFC0839F584CBFF35DD135C0DBC137EB1D07164DB7BB931FF3CE"
"tools/redmod/tweaks/base/gameplay/static_data/database/weapons/evolutions/base_values.tweak","400","2E7BD08C344F45E51B133575A608BC11770E01005EF162B1DF34E88330895161"
"tools/redmod/tweaks/base/gameplay/static_data/database/weapons/evolutions/schema.tweak","61","AF316A1CA4065D0056D4479B06979C204C4CBEE2C4DB54DBBD724E3CB608A60B"
"tools/redmod/tweaks/base/gameplay/static_data/database/weapons/fx_packages/fx_actions_type.tweak","199","6923E18D58F027188B3B994DF8F26972FD579F63D1B81D2BC743C4E034FEC940"
"tools/redmod/tweaks/base/gameplay/static_data/database/weapons/fx_packages/fx_actions.tweak","1115","2C98141534526DF9BF0978BA3171AE98D9DE040EAD3C6AEBECC28B77E93DC4F9"
"tools/redmod/tweaks/base/gameplay/static_data/database/weapons/fx_packages/fx_pack_ar_firearms.tweak","4860","65C3DFF719A2D36E4F978DEB56249B28F63E99ECB45C79D486F9E7CEB5CBA848"
"tools/redmod/tweaks/base/gameplay/static_data/database/weapons/fx_packages/fx_pack_base_values.tweak","26375","C73648DDEB4972AE118372A360A7DFE25358B83F723B38F234C1111B4DE49278"
"tools/redmod/tweaks/base/gameplay/static_data/database/weapons/fx_packages/fx_pack_melee_weapons.tweak","87531","D28A52CCB9AB21AE8F30162670C295678ECDA8D8ED5504DD4B73161E177348D5"
"tools/redmod/tweaks/base/gameplay/static_data/database/weapons/fx_packages/fx_pack_power_weapons.tweak","52325","415C848D0B7C0A85738ADFD2B87E479E2E85EB690ED69A067FB037E458217161"
"tools/redmod/tweaks/base/gameplay/static_data/database/weapons/fx_packages/fx_pack_retro_arcade.tweak","5590","5F9FC0702E477F501DE5ED7C1432A78461EA201349F9B985E02B6431187D5575"
"tools/redmod/tweaks/base/gameplay/static_data/database/weapons/fx_packages/fx_pack_smart_weapons.tweak","27164","415122EB5EB30839BAA9F80F61A71ADC79A4218F71B75A6AD9CBADA3F56903DD"
"tools/redmod/tweaks/base/gameplay/static_data/database/weapons/fx_packages/fx_pack_tech_weapons.tweak","47812","F616C2DFF2EFE583BA5DDBE096D2F95F025C7D5DA11339D696AA1EF103CB47AA"
"tools/redmod/tweaks/base/gameplay/static_data/database/weapons/fx_packages/fx_packages_settings.tweak","740","937E9285D9B40D59465E10C271889220D895089C8F7BAEE1EA116F1ACF79EE44"
"tools/redmod/tweaks/base/gameplay/static_data/database/weapons/fx_packages/schema.tweak","10182","55ED6C70DF1B4CBFED24E4F4468E4E7D2212A01B68179C5E52E8FDF09673D583"
"tools/redmod/tweaks/base/gameplay/static_data/database/weapons/manufacturers/base_values.tweak","164","A36CC8378354A7D30DD340BCA6D661F0277A860C4B11711850BC9E6522F5F6F6"
"tools/redmod/tweaks/base/gameplay/static_data/database/weapons/manufacturers/schema.tweak","64","FA53BB67DF2CD107C571D56E83E445E605CD46F18FAB72DDB303CF36EF63CF4C"
"tools/redmod/tweaks/base/gameplay/static_data/database/weapons/trigger_modes/base_values.tweak","331","18D550F6E4AF1A577649FEC3A094C5E946B65743044E7FE0EBF262FA42B096AA"
"tools/redmod/tweaks/base/gameplay/static_data/database/weapons/trigger_modes/schema.tweak","57","9C807B215780079D17480870BC91C4AE04ABB4E926B69B65ADE42960052D75E6"
"tools/redmod/tweaks/base/gameplay/static_data/database/weather/schema.tweak","76","1F1A0F416241456AD3E789EFC1E2F42955EFC1E6D955778FCA203DE99ACD9DD9"
"tools/redmod/tweaks/base/gameplay/static_data/database/weather/weather_presets.tweak","636","8C7C91206B739E5913018611C143079BFA471794D2732EBFC001FEC893C92913"
"tools/redmod/tweaks/base/gameplay/static_data/database/workspots/actions.tweak","275","54ACD8AF7554C8FEC096FAAD64EEDD74F77FD7CCFA462758CD384534B6291568"
"tools/redmod/tweaks/base/gameplay/static_data/database/workspots/reactiontype.tweak","569","16347BA3A45DE40A14FF0B5C42EBAEDC15BAF16D02E30C31D8065B32C9DA36A3"
"tools/redmod/tweaks/base/gameplay/static_data/database/workspots/workspotaction.tweak","90","184547B1E192D63B806D31FEDA6C4BF58316445AB74AB30EDA9F908CF603F63E"
"tools/redmod/tweaks/base/gameplay/static_data/database/workspots/workspotcategories.tweak","394","B171ED452BB710E79B8758C50116B8399C8831042B8B232240F727A1E33AB042"
"tools/redmod/tweaks/base/gameplay/static_data/database/workspots/workspotcategory.tweak","88","98DF588DE964AB2BF1A2C1AE3E7202D087F6BD8EE811E5FB054AD2A390B5811B"
"tools/redmod/tweaks/base/gameplay/static_data/database/workspots/workspotreaction.tweak","69","F240859C580AC03B5AE8AFB47F0D5076BC9D5CC76F3136BF806C0F930F5813AD"
"tools/redmod/tweaks/base/gameplay/static_data/debug.tweak","107","ACF4BF65669F7D714455A0350E6683DF58D652968CC4F9D6A026AC7CF714E1C8"
"tools/redmod/tweaks/base/gameplay/static_data/input/sensitivity.tweak","399","4E2810367D765C612426C65DA32B7C46883D6DA662EE96F42D751A1F6B5B3C7A"
"tools/redmod/tweaks/base/gameplay/static_data/items.tweak","84","E13E24932F68149B7C132306A1DCF7B246A3D9D9AC55EC0FB794714D67524C5F"
"tools/redmod/tweaks/base/gameplay/static_data/levelassignmentconfig.tweak","86","914661B7EFB43CB9353328653C4427831600FEF03EFD7D18D1A7F16C75E5A750"
"tools/redmod/tweaks/base/gameplay/static_data/npc/cover_selection/cover_entry_jackie.tweak","3520","6F8F41B16AE317DE0C732409CCC44A96778A54C965287FD150D053BEE5F36CE9"
"tools/redmod/tweaks/base/gameplay/static_data/npc/cover_selection/cover_entry.tweak","12238","51A0A06C456C45BE56C2806DF18011A5D178B2D376F2621E1F1B06841B8D1C80"
"tools/redmod/tweaks/base/gameplay/static_data/photomode.tweak","293247","59F5C82C158D713A320E0E9146537DE8DEC2EAF57F509BB77EA2BFCFA1DF58CC"
"tools/redmod/tweaks/base/gameplay/static_data/player_state_machine/aliasdefinitions.tweak","349","0FB94A884ABCE92460120B13F25F3042867E013CD031F0CCB0FD406AE060E584"
"tools/redmod/tweaks/base/gameplay/static_data/player_state_machine/braindancecontrols/statebase_braindancecontrols.tweak","241","52FD6FD07408ED2B64278026C84EFD981CEF7A2BFB39A699F3A7C0F90A7904DA"
"tools/redmod/tweaks/base/gameplay/static_data/player_state_machine/braindancecontrols/statemachine_braindancecontrols.tweak","501","CDC4E4C7A44D926B926C0C247EC8A3B989680814A6C675622301417D07EEA788"
"tools/redmod/tweaks/base/gameplay/static_data/player_state_machine/carriedobject/statebase_carriedobject.tweak","162","FB34AB757AE6E050B89B2FAB837D7464194D559AE62DF99812BE36167C95EE10"
"tools/redmod/tweaks/base/gameplay/static_data/player_state_machine/carriedobject/statemachine_carriedobject.tweak","2653","074AAF58A962EEA86C16B8F36A1F0BDDFD77CE87FCD9DD3BDCC43F08C1CD7506"
"tools/redmod/tweaks/base/gameplay/static_data/player_state_machine/combat/statebase_combat.tweak","108","30919CCE5365D45625F514A4EAD3318CEE017CC9E357926957CB95BC0153F927"
"tools/redmod/tweaks/base/gameplay/static_data/player_state_machine/combatgadget/statebase_combatgadget.tweak","185","98150530C344699B8D1B0D079C5239B399B0D3375C14EFAAEBB717B8995C34FE"
"tools/redmod/tweaks/base/gameplay/static_data/player_state_machine/combatgadget/statemachine_combatgadget.tweak","2167","D6C61CC610F2CC80E37F77C7847966F059966E47015887C4E0A411CC1AE4A457"
"tools/redmod/tweaks/base/gameplay/static_data/player_state_machine/comdevice/statemachine_comdevice.tweak","505","B2523D15C5EF4A1FA56CF82F7AEC654D52D39173107AB778EDB00B7B9B546DFB"
"tools/redmod/tweaks/base/gameplay/static_data/player_state_machine/consumable/statebase_consumable.tweak","116","93BDF30532468792FA514D819F90ADE23D4A6E4BB6BFD507814ADA704C2206B8"
"tools/redmod/tweaks/base/gameplay/static_data/player_state_machine/consumable/statemachine_consumable.tweak","502","5327BEC98C6E2FB5EAF61C169E2FC8F38498110DB30FABAC9C742B673E96881C"
"tools/redmod/tweaks/base/gameplay/static_data/player_state_machine/coveraction/statemachine_coveraction.tweak","557","83A5868BE523EA84931509A4C33D4D846DBCB799AC367386536EC8C109AA5528"
"tools/redmod/tweaks/base/gameplay/static_data/player_state_machine/cpo/statemachine_lookatpreset.tweak","5832","E250CF61B8E791D3573BF67D31FB7EA78DC9B17D4DB8E7D842CF4A772873D64A"
"tools/redmod/tweaks/base/gameplay/static_data/player_state_machine/crosshair/statebase_crosshair.tweak","299","48A24B46F1275D26C3719F4E2C03FEF848DB00030C1BE21A648EB004DBCD1C11"
"tools/redmod/tweaks/base/gameplay/static_data/player_state_machine/crosshair/statemachine_crosshair.tweak","4794","5BFCAED659E482C8966C5FE516F94D76D9E8D106734D0038E1AA4BC30A219AB0"
"tools/redmod/tweaks/base/gameplay/static_data/player_state_machine/equipment/statebase_equipment.tweak","113","55375F1198D60671A695D3C5CCC3B8FBAC1B7713A502AFD42FF1FD529C7EA549"
"tools/redmod/tweaks/base/gameplay/static_data/player_state_machine/equipment/statemachine_equipment.tweak","1998","26021DE3A6822A0518A61A9CBC05F16541E1F24212AFDCA97E50DA028FACE929"
"tools/redmod/tweaks/base/gameplay/static_data/player_state_machine/finisher/statebase_finisher.tweak","209","6C6C410C8F68C2D8D697DE8E7DEBC8AA099F72EE8F9CD9996DBE86A8E5DE8D4D"
"tools/redmod/tweaks/base/gameplay/static_data/player_state_machine/finisher/statemachine_finisher.tweak","1233","EB1A893D2785092F43F41DD8CC1E765A47CEDD22A8EBDE15244FB0A430F36B45"
"tools/redmod/tweaks/base/gameplay/static_data/player_state_machine/highlevel/statebase_highlevel.tweak","203","15EA87D9FD8AC97113FDFCA816E3C232258045BF5EAFB9B9400108D67266DC37"
"tools/redmod/tweaks/base/gameplay/static_data/player_state_machine/highlevel/statemachine_highlevel.tweak","5739","4D501533E2972EC0C69033854AA158D5C12DFAD881FFE38C0C6B14F23AEE6DD6"
"tools/redmod/tweaks/base/gameplay/static_data/player_state_machine/inputcontext/statemachine_inputcontext.tweak","10566","3CCA7F3EEE5440CE9F02286CF3443FEBDBA5AB2CC7CF3E60686F54EFDD2384AE"
"tools/redmod/tweaks/base/gameplay/static_data/player_state_machine/lefthandcyberware/statebase_lefthandcyberware.tweak","130","678563A5D0789DE94018A3965D27A53852D03C9BB3F5FADBA34C3D9E86D2FD2F"
"tools/redmod/tweaks/base/gameplay/static_data/player_state_machine/lefthandcyberware/statemachine_lefthandcyberware.tweak","3505","591B0DFA5E49F05B1A60ED2FE2EE34F2CAF0A60D38AEF1A0D7493F2A032623ED"
"tools/redmod/tweaks/base/gameplay/static_data/player_state_machine/locomotion/statebase_locomotion.tweak","2309","9DE25CB2C69EA10B73D3C3B1E6C932FAAFE357C20376E3A6D79BB6C98B1ABF0C"
"tools/redmod/tweaks/base/gameplay/static_data/player_state_machine/locomotion/statemachine_locomotion.tweak","26884","1AB08F354E31151BD8FE5594F7D27923C6C87A2800F37FAB4ECEC90F6446C705"
"tools/redmod/tweaks/base/gameplay/static_data/player_state_machine/locomotionbraindance/statebase_locomotionbraindance.tweak","905","F3DA6C06D221E115D43DDC00312A37367D35A4B4D2136F6344A038648B95BE3E"
"tools/redmod/tweaks/base/gameplay/static_data/player_state_machine/locomotionbraindance/statemachine_locomotionbraindance.tweak","1042","976FD8D0A28520A4F9511CFFFB2B42109FE3B8F482103ADB5EF96783DDCBC6B5"
"tools/redmod/tweaks/base/gameplay/static_data/player_state_machine/locomotionlowgravity/statebase_locomotionlowgravity.tweak","1323","EF1AEE356BBB9815FEAF9AC13CABD3A002BFE92094B0D1C7130D670DDC2D55F1"
"tools/redmod/tweaks/base/gameplay/static_data/player_state_machine/locomotionlowgravity/statemachine_locomotionlowgravity.tweak","6116","FE76434D330D6627F1600116632D523F5BB62853E22C4C54951C10A0D01067A2"
"tools/redmod/tweaks/base/gameplay/static_data/player_state_machine/locomotionswimming/statebase_locomotionswimming.tweak","1015","3DB238F9A39F424724A580A4253974951CAE4FAE1F3BF862C2406C0C1CFB875E"
"tools/redmod/tweaks/base/gameplay/static_data/player_state_machine/locomotionswimming/statemachine_locomotionswimming.tweak","7066","F963F36FE5C9229F80F69C3A74BF79F777544689CEE5324BC58D33E4E4074E4D"
"tools/redmod/tweaks/base/gameplay/static_data/player_state_machine/locomotiontakedown/statebase_locomotiontakedown.tweak","668","D47DE6D98543F33132EA72F996C547BD84BC8AF12C8673BD28D58CC267951420"
"tools/redmod/tweaks/base/gameplay/static_data/player_state_machine/locomotiontakedown/statemachine_locomotiontakedown.tweak","7141","C521E57EE4E7F4001975DFD8A3EDBF46E1D1D84657046ABBC7B4CCF0226195B8"
"tools/redmod/tweaks/base/gameplay/static_data/player_state_machine/locomotiontier3/statebase_locomotiontier3.tweak","1387","FFA8536909B39B1DEFA621A36AF6AF2FD2B5E8F3D1CBDE29815490873C10D49C"
"tools/redmod/tweaks/base/gameplay/static_data/player_state_machine/locomotiontier3/statemachine_locomotiontier3.tweak","928","06056E2FFB00C12193A9020F44EB1A33A4DF29AEA94E1A356F0E06CC354F842B"
"tools/redmod/tweaks/base/gameplay/static_data/player_state_machine/locomotiontier4/statebase_locomotiontier4.tweak","1387","FD7C96481033DDC0D6B853544702558413E354D4501EF5D0CE04666F2E86B59D"
"tools/redmod/tweaks/base/gameplay/static_data/player_state_machine/locomotiontier4/statemachine_locomotiontier4.tweak","787","A11CA6FA2F3B4DD15ED57AE1FF851CFA7BF721553E748BB4609C9CC0D841978F"
"tools/redmod/tweaks/base/gameplay/static_data/player_state_machine/locomotiontier5/statebase_locomotiontier5.tweak","1387","CCE16C879A87D742103BF82E6CE40008906D8AF9DFCED8031C1C9CE0573104A5"
"tools/redmod/tweaks/base/gameplay/static_data/player_state_machine/locomotiontier5/statemachine_locomotiontier5.tweak","819","E74FF1118314836345ACFC7CE31123BEA504EBDF00C8D0AAA278FCE5D71C5E41"
"tools/redmod/tweaks/base/gameplay/static_data/player_state_machine/melee/statebase_melee.tweak","161","B2D3E525447B4E0D78F27B7E0ED922C1C33EB83F54F9D6D0189F24CAADC18176"
"tools/redmod/tweaks/base/gameplay/static_data/player_state_machine/melee/statemachine_melee.tweak","14488","3D7096ECF314693640BBCFADF74F38DF7EA15B0C0BC41F83704D19C53BAB0577"
"tools/redmod/tweaks/base/gameplay/static_data/player_state_machine/minedispenser/statebase_minedispenser.tweak","122","51233C4AA4D89016BDDDD66BCEBD93F431A7C22652D89FDDF39FCF761756EE54"
"tools/redmod/tweaks/base/gameplay/static_data/player_state_machine/minedispenser/statemachine_minedispenser.tweak","884","6A30B56D6147D5EB27A71D3EDF753722E61796376ED33A20EEB78BB0C63C7E3F"
"tools/redmod/tweaks/base/gameplay/static_data/player_state_machine/non_production/statemachinelist_ondemand.tweak","410","2FB36BA2A2BBEBD621A19DB42B8CDC7766F13429BEC3D6988C68012F8829D822"
"tools/redmod/tweaks/base/gameplay/static_data/player_state_machine/non_production/test/statemachine_testone.tweak","1202","EA6DB095F6A191EE77E45F871CDC9E53A8F1EFEEA775661D25F3CBC763CBA421"
"tools/redmod/tweaks/base/gameplay/static_data/player_state_machine/non_production/test/statemachine_testtwo.tweak","501","451CA00BBCE26E7068287343953025A640D9797BE5E821ABEAC8B6DE8339A7D1"
"tools/redmod/tweaks/base/gameplay/static_data/player_state_machine/non_production/weaponcontrol.tweak","607","3BA0FA9D409B003515B7BDCFF9BF13DFA9E51DA54CB7FF81E153EAB3A7355BF6"
"tools/redmod/tweaks/base/gameplay/static_data/player_state_machine/quickslots/statebase_quickslots.tweak","111","97477F909850648F41A30D845F7BF3C79E08802D9756AE3C9B58CBD7D74CB91E"
"tools/redmod/tweaks/base/gameplay/static_data/player_state_machine/quickslots/statemachine_quickslots.tweak","2230","FB3E99699AB41D176B9EBF22FDD937D8A63C90EC95E15B241BE97D841B4A9892"
"tools/redmod/tweaks/base/gameplay/static_data/player_state_machine/reaction/statebase_reaction.tweak","112","16676CB19A3822CB6F9137AA9271A979DCACBA0D0003AA52330DDA647009648C"
"tools/redmod/tweaks/base/gameplay/static_data/player_state_machine/reaction/statemachine_reaction.tweak","468","BDE8079E5E0FB587D36D00869C6888AC03B6A44D262CE05E55B00E715374C7CD"
"tools/redmod/tweaks/base/gameplay/static_data/player_state_machine/scenesfastforward/statebase_scenesfastforward.tweak","126","919E4A63FC61B6A02541A84E1E393F09E55EE9C788EF9B85C310024EE00DD5FD"
"tools/redmod/tweaks/base/gameplay/static_data/player_state_machine/scenesfastforward/statemachine_scenesfastforward.tweak","976","8A1374C2C12D88E3C9F2016ACCE7C75E8969F268E94A20D78F2AB0F60CAD12E5"
"tools/redmod/tweaks/base/gameplay/static_data/player_state_machine/sniper_nest/statebase_snipernest.tweak","211","BD5058F2A1494811A3A90B996B44E133DAE4566FBCC73FB5A4D5297CB63411C4"
"tools/redmod/tweaks/base/gameplay/static_data/player_state_machine/sniper_nest/statemachine_snipernest.tweak","605","5E07CC26856D5876C9EE90EAB9E9CC6DB2C66A8B3C9B2687BFF40B966A014BC8"
"tools/redmod/tweaks/base/gameplay/static_data/player_state_machine/stamina/statebase_stamina.tweak","114","3D1807339BBEEFCADBCA43FB6AB5443216C9AE34318AE743E1DD53D1D0C417E1"
"tools/redmod/tweaks/base/gameplay/static_data/player_state_machine/stamina/statemachine_stamina.tweak","686","F5758C60EBE0325AD83B991E000A8384D60BA14158622724A83F8D2F186D43CD"
"tools/redmod/tweaks/base/gameplay/static_data/player_state_machine/statebase/statebase.tweak","501","33352D66DB697F7E023D22DEE25B5EDE6B1804FF1ECAE2EA999E8AB57DCD6B6F"
"tools/redmod/tweaks/base/gameplay/static_data/player_state_machine/statemachinedefinitions.tweak","17006","610EF9F997EECEB89C4CE2790D16A095EC63B56E989D0FEAC2AE296C4FDEAB57"
"tools/redmod/tweaks/base/gameplay/static_data/player_state_machine/statemachinelist.tweak","3018","FB854738E14304A45DA77BF41BD15E4355BD59F3C52F0BA56C8D961CCA1265A2"
"tools/redmod/tweaks/base/gameplay/static_data/player_state_machine/test/testfive.tweak","641","AB4B6273D578984220DE79E7694B164E7A6039E58C5B2413E0C5A04508E05762"
"tools/redmod/tweaks/base/gameplay/static_data/player_state_machine/test/testfour.tweak","641","3ED5608F8E080483E55CEF0C9D99371E66C8A311AF1B42DA953F8C0323E9DDF0"
"tools/redmod/tweaks/base/gameplay/static_data/player_state_machine/test/testthree.tweak","648","80D3BDD981E7409B70151554D248DDE7B267E61822FDCF9CBAA3065AB42A8771"
"tools/redmod/tweaks/base/gameplay/static_data/player_state_machine/timedilation/statemachine_timedilation.tweak","1386","2300C6936425FA0AE5F2E4123DB4DE435C32CD8A9EA1AF0CD3F58E483332C633"
"tools/redmod/tweaks/base/gameplay/static_data/player_state_machine/turret/statebase_turret.tweak","207","D023A8834CB5BF64C2841604B0F3CEC273100EAF213C19A8F36FAF514456CC6C"
"tools/redmod/tweaks/base/gameplay/static_data/player_state_machine/turret/statemachine_turret.tweak","610","734A69DD81DE84D0623FAC5A467346C4A4DE59B6A2739E6CEBA56B4A7CB4D959"
"tools/redmod/tweaks/base/gameplay/static_data/player_state_machine/upperbody/statebase_upperbody.tweak","165","F9A7ECF428322D53D569F956A6AEE897DB664121C8354B1D0E37A2352E510218"
"tools/redmod/tweaks/base/gameplay/static_data/player_state_machine/upperbody/statemachine_upperbody.tweak","4034","3DF120DC0DB8C7A2C931F94FA732F9E39657C3E6FF67CC769E264AD7E48B796C"
"tools/redmod/tweaks/base/gameplay/static_data/player_state_machine/vehicle/statebase_vehicle.tweak","210","605187F51FA599A6DEB3F2A87DDD7EC8093C07232BDD400D3DCE41D8CB1B6DBF"
"tools/redmod/tweaks/base/gameplay/static_data/player_state_machine/vehicle/statemachine_vehicle.tweak","6655","C00D72D32314E1B17444C7005C9CAF7B2884B2DDA7FA9D3F676F43C5C7E5C534"
"tools/redmod/tweaks/base/gameplay/static_data/player_state_machine/weapon/statebase_weapon.tweak","108","F0C88112EE4C8942B9D84B9FB924B21402A776D78B78DDC0628385CB7CE98386"
"tools/redmod/tweaks/base/gameplay/static_data/player_state_machine/weapon/statemachine_weapon.tweak","7566","8ECEB7C97074D857257F8F4DDEC6A8B790B73DBEDCBF6213A1887B3914239310"
"tools/redmod/tweaks/base/gameplay/static_data/player_state_machine/zoom/statebase_zoom.tweak","108","199FB7FDBE87DCF1864ED9B9FF965ACD73F7B80A64C3A034ABFA743F2306FF6D"
"tools/redmod/tweaks/base/gameplay/static_data/player_state_machine/zoom/statemachine_zoom.tweak","2655","4AF4818A4015A76DACC4977CE4C6E2B6FC093BC0E80922D74A5BDB917B30629C"
"tools/redmod/tweaks/base/gameplay/static_data/player.tweak","9767","1688BFB0F7CD4093B790373F3401D0443AA15774438FADA6376EA9A309905699"
"tools/redmod/tweaks/base/gameplay/static_data/rpg_constants.tweak","1690","21C2FD49737440DBBED2A645D96A462ED5114288D087CE384AA1ED6BC24230AD"
"tools/redmod/tweaks/base/gameplay/static_data/rumble.tweak","3751","5E27F72C2F8526261A44142B32F109A2410BA2B0AC446444B68083A31AC647B3"
"tools/redmod/tweaks/base/gameplay/static_data/scene.tweak","117","9BC94C67B10918E788825E9CF1F36795CBD935607E874B774BD59758446C77A2"
"tools/redmod/tweaks/base/gameplay/static_data/test.tweak","306","04D0E70D79385AC51BC46F1DD56C9555922745DF835A314691171A0EC20D31D9"
"tools/redmod/tweaks/base/gameplay/static_data/time.tweak","3535","46DD34735C93A4E27EB65DF12CB299940482A1F3E08ED44A3681159CF6C56888"
"tools/redmod/tweaks/base/gameplay/static_data/vehicles/ai.tweak","154","C1153F2805AD636BB7EA1F5638660700A1D9FA1435E609D0C3DDF6B96BE9216C"
"tools/redmod/tweaks/base/gameplay/static_data/vehicles/autopilot.tweak","290","41B5D6C8D5D8935BDF300D1CD97C80736DE28AD8D9BC143F4BB6D6EA5BF58987"
"tools/redmod/tweaks/base/gameplay/static_data/vehicles/common.tweak","2938","082F19186E135A096D0A3E652EDA9AF80771C0BE3934289A9F5FD2750ED0BCD6"
"tools/redmod/tweaks/base/gameplay/static_data/vehicles/destruction.tweak","123","9F53EA30785CF6D320B1E7D1D665BD6E6C0D09006BD5DD7604FC3C0950ED5540"
"tools/redmod/tweaks/base/gameplay/static_data/vehicles/honking.tweak","221","B2BDBB99BE66AF05C6C0FE530ECF39884DB6A441256D19BC8CB731497E1183A6"
"tools/redmod/tweaks/base/gameplay/static_data/vehicles/lights.tweak","147","E6F03EA40BBB45207FB644FEB151959C61F63D5279E6840C08F982775B7C0758"
"tools/redmod/tweaks/base/gameplay/static_data/vehicles/traffic.tweak","274","CFD81B13C55AA8401CBD3B26366133ED955F3DBBABA370931CAABD86FC88BD25"
"tools/redmod/tweaks/base/gameplay/static_data/weapons.tweak","2025","EFFCD2EDCEAE2526A65A71480FBC04E689478FAA5ABC88D1B17E5E2BA6779B58"
"tools/redmod/tweaks/ep1/gameplay/static_data/database/advertisements/brands/casino_adverts.tweak","1782","2DB962B2689BBC1FF8EA958B9618DD5F6BC94ED8D8A5A2C8CF8900F798FDF4E4"
"tools/redmod/tweaks/ep1/gameplay/static_data/database/advertisements/brands/impulse.tweak","709","66717B4347CA7105C87300F4056CFD04A156214CECDF29E011CB02F60308A0B5"
"tools/redmod/tweaks/ep1/gameplay/static_data/database/advertisements/brands/montana.tweak","981","089C31852445BB4BCB2F289B6916893243C55CC34E52C9BAAC1445672755220D"
"tools/redmod/tweaks/ep1/gameplay/static_data/database/advertisements/brands/palladia_center_billboard.tweak","251","2A102098D10FB889E9FCE0213C029B48C7E0CE4F3E7ADA051A790D5FED275F76"
"tools/redmod/tweaks/ep1/gameplay/static_data/database/advertisements/brands/q304_monitors.tweak","788","5A1BA2E450D57B0C280F0F758D785F642EB0E28BFE11F8C68ED11ED6786FA197"
"tools/redmod/tweaks/ep1/gameplay/static_data/database/advertisements/brands/terra_anatomicon.tweak","1463","C40DA2D2E1692BA549584E8480B3A24D373E21E85B460EBCB5C8774BB6CB820F"
"tools/redmod/tweaks/ep1/gameplay/static_data/database/advertisements/brands/terra_digimmortal.tweak","1492","CA2E863F15930A4606335D0268225E57FE6C71CB7FADE4DC7BA48DAFF2A8C00C"
"tools/redmod/tweaks/ep1/gameplay/static_data/database/advertisements/brands/terra_esa_explorer.tweak","1485","9A886322B6F1259CA9904D8E0B410C592F2631DB1C7B7282899CFC4B42BC9167"
"tools/redmod/tweaks/ep1/gameplay/static_data/database/advertisements/brands/terra_organitopia.tweak","1456","0AE9F35E4D1B982A212DC550EA0017237E1DD113DE330CF5E24C920862ECBA7D"
"tools/redmod/tweaks/ep1/gameplay/static_data/database/ai/actions/packages/factions/bosses/ayo_zarin.tweak","3197","73B9FD84774DD108EF41756A3FFAE66313E0071B0B32F1A0533F179ED655256B"
"tools/redmod/tweaks/ep1/gameplay/static_data/database/ai/actions/packages/factions/bosses/boss_items.tweak","150","592316973156970C0CF3F48E731FDB48BC56A40055387BEA570D5913C4D5A849"
"tools/redmod/tweaks/ep1/gameplay/static_data/database/ai/actions/packages/factions/bosses/cerberus_boss.tweak","20290","C3C90840AB344CC660CA883727DA9272B6F8808966D96DFA96BF21D25A6BEE5C"
"tools/redmod/tweaks/ep1/gameplay/static_data/database/ai/actions/packages/factions/bosses/jurij.tweak","4778","661C120BDDB8509657E2D2A66946302F8FEE09106B75989E0184EE2CDB751036"
"tools/redmod/tweaks/ep1/gameplay/static_data/database/ai/actions/packages/factions/bosses/kurt_krauser_boss.tweak","140549","7ECC4784639BC875768C016381F6D9D784B8D8863645D627809B298DC57FE825"
"tools/redmod/tweaks/ep1/gameplay/static_data/database/ai/actions/packages/factions/bosses/max_tac_boss.tweak","11815","92EF6D54C12C212AF695871F40F1264BDD656D4A4CA0FD18534195836145221E"
"tools/redmod/tweaks/ep1/gameplay/static_data/database/ai/actions/packages/factions/bosses/militech_chimera_boss.tweak","59","4321CB420BBCD79757A3D6C54594414A9557B0CE685E794E9611A62B27D4865F"
"tools/redmod/tweaks/ep1/gameplay/static_data/database/ai/actions/packages/factions/bosses/ribakov_boss.tweak","50497","E4FA60C9384903043DA40E311D90ABD09E9DF08EADE893060940DB21697705A3"
"tools/redmod/tweaks/ep1/gameplay/static_data/database/ai/actions/packages/factions/bosses/wagner_bodyguard.tweak","28728","4C728969FF85490111BAEE2E281B0AAE5048ADCF1AF4865B46CF18497CF667F4"
"tools/redmod/tweaks/ep1/gameplay/static_data/database/ai/actions/packages/factions/custom/prevention_barghest.tweak","3873","B0084C0BF89FD629E8F13D33A50A2D12E8382A550E9946191A0B5DD567CD042C"
"tools/redmod/tweaks/ep1/gameplay/static_data/database/ai/actions/packages/factions/gang/kurtz.tweak","3908","A7A48C2A59C04F80674A2635169525FD07EBE8B1067E41B86916E40A4D1C2AC2"
"tools/redmod/tweaks/ep1/gameplay/static_data/database/attachable_objects/attachableobjects.tweak","1083","224B68546AC7717C048D84D8B1CD2DA02F9F4CFD08F56234AE216F5E72F736A4"
"tools/redmod/tweaks/ep1/gameplay/static_data/database/attack/bullets.tweak","1556","2EED96C1B1B4400C73D8AC1C6B4FD3ACC3D5772DBD2990FE1B63EB5B4E70843F"
"tools/redmod/tweaks/ep1/gameplay/static_data/database/attack/device_attacks.tweak","3194","8DBAC1E23CB87D185B08C044592E5618D336D30F24E91B4C1AF1BE37C5249F34"
"tools/redmod/tweaks/ep1/gameplay/static_data/database/attack/npc_attacks.tweak","7802","2D999175E485C03F3A53536496E803E98167D7A86E73A2480F34764A1531D502"
"tools/redmod/tweaks/ep1/gameplay/static_data/database/attitude/attitudes_ow.tweak","6799","F3BD3B0E4253CC71F2251F1DDC08440AC5E500C22F5905CBC90E1B2B0A2FF0BA"
"tools/redmod/tweaks/ep1/gameplay/static_data/database/attitude/attitudes.tweak","15626","BF35CF7E653B3182F337AB51BDC8035B7EDE92CBC14F14D06C4C186F18295B04"
"tools/redmod/tweaks/ep1/gameplay/static_data/database/bounties/bounties.tweak","1198","F6EB5BA7267E20CF0D9E78A34CE972C1DA1866253455D15549926B1AA2134F29"
"tools/redmod/tweaks/ep1/gameplay/static_data/database/bounties/bounty_draw_tables.tweak","47","20C1881DBFE27B310A7DFF02124192BA4D04F53904C84F15B434B8C63AEA20FE"
"tools/redmod/tweaks/ep1/gameplay/static_data/database/bounties/transgressions.tweak","243","89BE0D1DCC25462FE04D9924CFD88CDF5D17C73857C998AD8647ED0844266322"
"tools/redmod/tweaks/ep1/gameplay/static_data/database/characters/npcs/records/ethnicities/ethnic_names_ep1.tweak","193764","EE09423405C8540D87EDB5ACBA8E4796023478082FAE856D6D0CA808A88882F2"
"tools/redmod/tweaks/ep1/gameplay/static_data/database/characters/npcs/records/gameplay/bosses_ep1.tweak","18996","09A06A9E88E14DF47B6FDBFF03F73456643769FA781F9AAF679E9E65E965382A"
"tools/redmod/tweaks/ep1/gameplay/static_data/database/characters/npcs/records/gameplay/ep1_placeholder_minibosses.tweak","8936","95C1CD1D5653B98FE77424BD8EA8825F6C3627737BEC8A5862D32433CBA5C414"
"tools/redmod/tweaks/ep1/gameplay/static_data/database/characters/npcs/records/gameplay/fx_debug_npc_weapons.tweak","2242","E9FCB8E3986309A4BBA59774388D800F251621D1A48ADDD963570427BE2AF4EB"
"tools/redmod/tweaks/ep1/gameplay/static_data/database/characters/npcs/records/gameplay/kurtz_militia.tweak","29661","2650715B62EF51D577D8F860EAE601F4FA1F572769A99AA2F9BC913A39553D79"
"tools/redmod/tweaks/ep1/gameplay/static_data/database/characters/npcs/records/gameplay/prevenetion_system.tweak","14151","78604476D88C3E17E9ED280E0273B9ADA460E0FC00281E158E68F3227A82A02F"
"tools/redmod/tweaks/ep1/gameplay/static_data/database/characters/npcs/records/gameplay/scavengers.tweak","62923","4BC45AB86FE3BA3AA5F280359A00B160F75994993BEA455D032A059105240845"
"tools/redmod/tweaks/ep1/gameplay/static_data/database/characters/npcs/records/gameplay/scrappers.tweak","15767","13C211A2C3489191E99E58BF0A738ABAC973CDC8EEF81DC21ED3B74003D11210"
"tools/redmod/tweaks/ep1/gameplay/static_data/database/characters/npcs/records/gameplay/voodoo_boys.tweak","12152","A12C93664D7D1558BEFBB76B72B7CA4DCCA229EA414C293594CD15925B44FE48"
"tools/redmod/tweaks/ep1/gameplay/static_data/database/characters/npcs/records/openworld/crowds/ep1_communities.tweak","31979","D22A0C98FF8D1BE1E84F58627B38C7CD5C24F10A6A8A82A15671FCEA79992C03"
"tools/redmod/tweaks/ep1/gameplay/static_data/database/characters/npcs/records/openworld/dynamic_events/dynamic_events.tweak","3700","270A33629EBE49D423F2AE859C8A10A410E6EF06B6075AB586A2BE91F9AABFA2"
"tools/redmod/tweaks/ep1/gameplay/static_data/database/characters/npcs/records/openworld/encounters/boulevard_av.tweak","9408","6CA4EF22C46FDBCCDBC03D58C9716E7122271B98711AB05AA27E5580B85AAE85"
"tools/redmod/tweaks/ep1/gameplay/static_data/database/characters/npcs/records/openworld/encounters/combat_tower.tweak","2509","4517D93CF6C86F8C7FD94467C0173A3351C12337D27B4A67D554AD2C0E9B3D3A"
"tools/redmod/tweaks/ep1/gameplay/static_data/database/characters/npcs/records/openworld/encounters/combat_zone_gate.tweak","2566","8BEED7C8F4961DD84AFFE4BA73C8EC5B20B6F278D2D723CAB905FD5A484BC354"
"tools/redmod/tweaks/ep1/gameplay/static_data/database/characters/npcs/records/openworld/encounters/container_zone.tweak","9868","72092CFE46BED204495CACE20FEEA2705C7846D2001C1ABDCEEFD2C16429386D"
"tools/redmod/tweaks/ep1/gameplay/static_data/database/characters/npcs/records/openworld/encounters/cyberjunkies.tweak","16203","89E0708B5AA9ACC8F282CADED322502F971D64A1A35CD8078C809731CC1785D0"
"tools/redmod/tweaks/ep1/gameplay/static_data/database/characters/npcs/records/openworld/encounters/high_peak.tweak","9605","434A9821BF571DD056C0BAC2E291ED9431469E1C037CD606ADB8DD0F1C40806C"
"tools/redmod/tweaks/ep1/gameplay/static_data/database/characters/npcs/records/openworld/encounters/hill_park.tweak","12420","5A401A20D16A4EE023DFB83741D947A030382D33FC6BA81A906C5739621DF26C"
"tools/redmod/tweaks/ep1/gameplay/static_data/database/characters/npcs/records/openworld/encounters/monument_av.tweak","9408","79BECC4D6775E67455CEF054D8079BF073FF43FB6F38FE65D8F8AEA7CD07CA6C"
"tools/redmod/tweaks/ep1/gameplay/static_data/database/characters/npcs/records/openworld/encounters/prevention_system_dogtown_dispatch.tweak","401","C7EB4CDD9D3DEF24D290DD8160208A010CB1124D8FD742948E7AC4542DDA26C5"
"tools/redmod/tweaks/ep1/gameplay/static_data/database/characters/npcs/records/openworld/encounters/stadium.tweak","9408","3EF5A7B37D97940B9E4FFB997C16FFF99E7A99DA101CD9F58D77066293867DE9"
"tools/redmod/tweaks/ep1/gameplay/static_data/database/characters/npcs/records/openworld/encounters/we_ep1_01.tweak","19730","AC4522F17D05795F8674C6F331AE0FB58FEA2C67B1B7927CA68ADCDA6F36CD6A"
"tools/redmod/tweaks/ep1/gameplay/static_data/database/characters/npcs/records/openworld/encounters/we_ep1_05.tweak","6148","DBA9CAEBA13108AA06156883B22D3164DABE2A94FAF8699D387066D6EDB34C49"
"tools/redmod/tweaks/ep1/gameplay/static_data/database/characters/npcs/records/openworld/encounters/we_ep1_17.tweak","1265","5EBD40C2F7042249608A415D7ECFD2171BCF8FB66B0E54787EA289472F2687FD"
"tools/redmod/tweaks/ep1/gameplay/static_data/database/characters/npcs/records/openworld/ep1_vendors_additional.tweak","4960","8E97A0715C3D2084B7DB6D515058820B07043858D1D767F44B57D059D7B4BEE1"
"tools/redmod/tweaks/ep1/gameplay/static_data/database/characters/npcs/records/openworld/ep1_vendors.tweak","8462","58D4476924246CF967AB8DC7A281ABA809A42B1336CFBEFAD8A451977E850DA2"
"tools/redmod/tweaks/ep1/gameplay/static_data/database/characters/npcs/records/openworld/minor_activities/ma_virtual_shootout.tweak","2759","4D11C518415A8920D0718E92C00874FBFA4C2406BC51A1764F99B62DC179BF71"
"tools/redmod/tweaks/ep1/gameplay/static_data/database/characters/npcs/records/openworld/sandbox_activities/sa_ep1_airdrop.tweak","388","52E56B94EEC5DBC1D5EE876D3FFC1AA2386538B380C3989299E11757AE57F10C"
"tools/redmod/tweaks/ep1/gameplay/static_data/database/characters/npcs/records/openworld/sandbox_activities/sa_ep1_courier_introquest.tweak","2727","33DF74EEF19C5D4625465C58475CAAF31DF7B98B25107B9DABB88F818F62EEC5"
"tools/redmod/tweaks/ep1/gameplay/static_data/database/characters/npcs/records/openworld/sandbox_activities/sa_ep1_courier_loop_enemies.tweak","25898","2ABFA5C93B1BD54554B4154217002CD21AB9F65AB8A9442B05890AD692E67F08"
"tools/redmod/tweaks/ep1/gameplay/static_data/database/characters/npcs/records/openworld/sandbox_activities/sa_ep1_courier_loop_expanded.tweak","4490","21287A915A8D80AD89D644D1DAD12E36ADAACF3CC0F0F5E6F8DDFF69104EA87F"
"tools/redmod/tweaks/ep1/gameplay/static_data/database/characters/npcs/records/openworld/sandbox_activities/sa_ep1_courier_loop_garage_worker.tweak","559","6CAC80C79E2687B06FED1FB08681F7354C9326BD720A4D0A3E38A38DA04A67EA"
"tools/redmod/tweaks/ep1/gameplay/static_data/database/characters/npcs/records/openworld/sandbox_activities/sa_ep1_courier_outroquest_vehicle.tweak","622","A401270755C3018FD10C1A4C687EEBFB9B90A2D9DCC5AE688AF1A2D483FE304E"
"tools/redmod/tweaks/ep1/gameplay/static_data/database/characters/npcs/records/openworld/sandbox_activities/sa_ep1_courier_outroquest.tweak","4793","5657FFFBCA380F429164EF8ECE4C0B0E987634F29C06B1CDB0A60242B43FDCAB"
"tools/redmod/tweaks/ep1/gameplay/static_data/database/characters/npcs/records/openworld/sandbox_activities/sa_ep1_courier_random_vehicle.tweak","21293","F0BA0FF386F823FF529FBE63FED194856B38BC010214466EE8DE58C25DC2AF52"
"tools/redmod/tweaks/ep1/gameplay/static_data/database/characters/npcs/records/openworld/street_stories/npcs_sts_ep1_10.tweak","6144","3C1E68794E6A61726F524AB19514D61D97A6D286EDC51AFAB3A02E9F45B6DC1B"
"tools/redmod/tweaks/ep1/gameplay/static_data/database/characters/npcs/records/openworld/street_stories/sts_ep1_01.tweak","13404","F75C1D969B1F9CA20FD0279BDEF6F3884CB09728171C715ABC7D502C09CC76BB"
"tools/redmod/tweaks/ep1/gameplay/static_data/database/characters/npcs/records/openworld/street_stories/sts_ep1_02.tweak","2264","8A9DF70986229391D732F8602C27A7779E7205D687CD3E4DB9B0B2856BC110B3"
"tools/redmod/tweaks/ep1/gameplay/static_data/database/characters/npcs/records/openworld/street_stories/sts_ep1_03.tweak","9653","ECAA6CE4B9014801A47C67742F3743D6837732DDE6788E7C886813CD920A319A"
"tools/redmod/tweaks/ep1/gameplay/static_data/database/characters/npcs/records/openworld/street_stories/sts_ep1_04.tweak","5982","7B29E1F88962EED80763A5798FEAF916629F71559C40B40A45C5A1367536BEA9"
"tools/redmod/tweaks/ep1/gameplay/static_data/database/characters/npcs/records/openworld/street_stories/sts_ep1_06.tweak","38290","706F7C2E4A9677076F3689081E62BE1A520C26F66983AD0145CBAD0F7A786AF3"
"tools/redmod/tweaks/ep1/gameplay/static_data/database/characters/npcs/records/openworld/street_stories/sts_ep1_07.tweak","15866","F6951E2EC9AF38B2D9AC2E8B0FEA5E98D1B114089536EB5D193DBF6D4F3F7B52"
"tools/redmod/tweaks/ep1/gameplay/static_data/database/characters/npcs/records/openworld/street_stories/sts_ep1_08.tweak","25071","D19C09EC3D0180DAD77083789119A2C6B3B882685EE3A212CF96935A376D2560"
"tools/redmod/tweaks/ep1/gameplay/static_data/database/characters/npcs/records/openworld/street_stories/sts_ep1_12.tweak","9166","0A2EA43E57E09559780A418F07BE4EABBDF45A7CF6DFF84D800AB3D261B11A36"
"tools/redmod/tweaks/ep1/gameplay/static_data/database/characters/npcs/records/openworld/street_stories/sts_ep1_13.tweak","17643","A13CB5E65672C667BD3E54D4A15DFB371809F2402A29E73CCABA622783050F00"
"tools/redmod/tweaks/ep1/gameplay/static_data/database/characters/npcs/records/openworld/street_stories/template.tweak","44","CF16555BC0660DA66A2D74E8C5ACE6D66B5BAFA67D74F6FD6660557240BCD022"
"tools/redmod/tweaks/ep1/gameplay/static_data/database/characters/npcs/records/openworld/world_stories/mws_characters.tweak","5005","3DF3233D0B9A4C13AD63EF0D1605F360E1A0058F5A0A27149BAD0A8E430B3456"
"tools/redmod/tweaks/ep1/gameplay/static_data/database/characters/npcs/records/openworld/world_stories/mws_vehicles.tweak","1943","23A16AD5A639DF725F33419DEA51F930B615EAB05A7BEE253383DCCDB396FEB9"
"tools/redmod/tweaks/ep1/gameplay/static_data/database/characters/npcs/records/openworld/world_stories/wst_ep1_10.tweak","297","EA356B6B716709542F5FE34B3FDBF66B1EF891F96C6FDD928943B6BCC705FA2E"
"tools/redmod/tweaks/ep1/gameplay/static_data/database/characters/npcs/records/openworld/world_stories/wst_ep1_12_13.tweak","584","C135D9EE746590BA15658411A188E4835E4B9141699F8672D4D712BED9DA9568"
"tools/redmod/tweaks/ep1/gameplay/static_data/database/characters/npcs/records/openworld/world_stories/wst_ep1_17.tweak","467","15750C5E55FC2D0BD0ED0CD80F554CC157C91237AE78D6F30E09D53EA1E773F4"
"tools/redmod/tweaks/ep1/gameplay/static_data/database/characters/npcs/records/openworld/world_stories/wst_ep1_ctz.tweak","2355","A816291AA4E3759E91A606726EFBF3FDE810E62CA897B8A2FBD888498F5E3200"
"tools/redmod/tweaks/ep1/gameplay/static_data/database/characters/npcs/records/quest/main_characters/primary_characters.tweak","7964","6540F3318517B496FB8A1A4237A0C912D00C349C7CBA4CB0C2217BF898194587"
"tools/redmod/tweaks/ep1/gameplay/static_data/database/characters/npcs/records/quest/main_characters/secondary_characters.tweak","3430","35707D855362CA67B55A907C0938765D60002C31D2333E0AA33633ABABC11C6D"
"tools/redmod/tweaks/ep1/gameplay/static_data/database/characters/npcs/records/quest/main_characters/tertiary_characters.tweak","9501","7717EFD3ADC7B71EC4700EDB406113C1CE0C66E1D4010B6C3DBE054BA18D636B"
"tools/redmod/tweaks/ep1/gameplay/static_data/database/characters/npcs/records/quest/main_quests/q301.tweak","28227","512717CA884BB3369156C518E61001112A52A74E1718C8A7BF0E6270FBAB21F9"
"tools/redmod/tweaks/ep1/gameplay/static_data/database/characters/npcs/records/quest/main_quests/q302.tweak","24985","ECF09DD85653AC21B2BC9CA61C6831595DFC48B234BE42C20494207BB4EDC73E"
"tools/redmod/tweaks/ep1/gameplay/static_data/database/characters/npcs/records/quest/main_quests/q303.tweak","64613","B128CE243B081A56730E3C0A75487AAE465A9317C262715EEEDA984E8555D730"
"tools/redmod/tweaks/ep1/gameplay/static_data/database/characters/npcs/records/quest/main_quests/q304.tweak","29736","5E3F273F5D1DEE0F8E748C1BCB96C85B3D1D6A93E5F0A69939775346FBA7A040"
"tools/redmod/tweaks/ep1/gameplay/static_data/database/characters/npcs/records/quest/main_quests/q305.tweak","41016","B80D0BA53D5F4B330C4C9B98452AC61278B5C9EEFDA6B240666E677AF5C85B78"
"tools/redmod/tweaks/ep1/gameplay/static_data/database/characters/npcs/records/quest/main_quests/q306.tweak","31642","0DA8D0A165512797D5D8C15D0436929BA0F2A1B97F4AC2A17A42458AB03D5A6B"
"tools/redmod/tweaks/ep1/gameplay/static_data/database/characters/npcs/records/quest/main_quests/q307.tweak","5307","3DE333CFECEB180D70217BDDC48E25E8DA5ADCE93B2DA5BF21FE1F3599D6D2B2"
"tools/redmod/tweaks/ep1/gameplay/static_data/database/characters/npcs/records/quest/minor_quests/mq301.tweak","9832","843495C44FA3C3EA22B2056E2EC3D8305E2013909021F406FF09128F8E691C3F"
"tools/redmod/tweaks/ep1/gameplay/static_data/database/characters/npcs/records/quest/minor_quests/mq303.tweak","6052","4925F3B57CFD4F72445B8E35265E8C330141518DD479AE01C9BF3E5B4A84F8C4"
"tools/redmod/tweaks/ep1/gameplay/static_data/database/characters/npcs/records/quest/minor_quests/mq304.tweak","19474","F4B1BF5485FC9469F76707D66EE468213B9438E1204FD7031F464000A4617906"
"tools/redmod/tweaks/ep1/gameplay/static_data/database/characters/npcs/records/quest/minor_quests/mq305.tweak","519","01C4E53F84E913DBA31E0C29B52D7A3E2FBD7A16EC864188BB9E195E6A6F281E"
"tools/redmod/tweaks/ep1/gameplay/static_data/database/characters/npcs/records/quest/minor_quests/mq306.tweak","6382","E6FC82DBE6248DD6F9F75BBD19BE76C0BF77CB24245ABA79F0ED5DD42F480001"
"tools/redmod/tweaks/ep1/gameplay/static_data/database/characters/npcs/records/squads/squads.tweak","543","E29E7369E9A45FA1D184A646F44AD7F6FEC5B86246E6BCF2F388672538C4845A"
"tools/redmod/tweaks/ep1/gameplay/static_data/database/content_assignment/vehicle_assignments.tweak","1772","26EEA4B9554F8EB980F2AB6AF88986A1D66627FE67FEBCE9754D65F559F31B43"
"tools/redmod/tweaks/ep1/gameplay/static_data/database/devices/base_records.tweak","426","523D287BF2A6FE7E7BB1A2095D3EF0BED208C377C407A5B37BC5DB54A18188DA"
"tools/redmod/tweaks/ep1/gameplay/static_data/database/devices/device_ui_definitions.tweak","681","A8859EFE07304A9DE629B0C579418D0F74E15C2E1210DD530CB4A00BA5807E90"
"tools/redmod/tweaks/ep1/gameplay/static_data/database/devices/fx/moving_platform_fx.tweak","748","7B27C46A6BB86D256F4D532CE9FB8538B37E287531319723BDEF1FD6A7BE1FEF"
"tools/redmod/tweaks/ep1/gameplay/static_data/database/dynamic_spawn_system/dynamicspawnsystemdata.tweak","34870","F9BDCB0B202D624CD2A46CA873068B1EDE927DBAD0B8C89C2897FDF3CB1A3442"
"tools/redmod/tweaks/ep1/gameplay/static_data/database/effectors/custom.tweak","484","CDCBF86E28D7EAA62D121EBA6EF16832ED39EEAA9415588307E7D9BB99EA9472"
"tools/redmod/tweaks/ep1/gameplay/static_data/database/environment/damage/particles_damage.tweak","1872","98BFDF2E05106929A57DFCFA44B53EC37F41D70607C71EA1908FF9C06C1F8B54"
"tools/redmod/tweaks/ep1/gameplay/static_data/database/factions/factions.tweak","853","A3C9810DD7C2B245EB70B6BEE9F5900AB2E3A2791694AE61C80121EA91F6F574"
"tools/redmod/tweaks/ep1/gameplay/static_data/database/fast_travel_bink_data/screen_data_definitions.tweak","1608","73A88ED1E93EC026EB9323B782BD460BD48181F835B12CF04634ACD5CEDFFE60"
"tools/redmod/tweaks/ep1/gameplay/static_data/database/fasttravel/districts.tweak","820","2352AE4388FF7241112A3B256424F28432E10D56A5CB5F1067E343F90FAB6E84"
"tools/redmod/tweaks/ep1/gameplay/static_data/database/fasttravel/fasttravelpoints.tweak","1210","CF3F4B985271BF1156BCAB3FAEE030614B85DBD06FBF163F05C60DCA948B9C66"
"tools/redmod/tweaks/ep1/gameplay/static_data/database/fasttravel/preventiondata.tweak","52643","5D0183E1947C0DFDCA99A5DF95BDF622E878672B8EB822C143D0497924AFC4D3"
"tools/redmod/tweaks/ep1/gameplay/static_data/database/interactions/ep1_interactions.tweak","808","978FA06B634B60D4E83EBE92056AD322BF93CDC6CD8DF7E45738F0B8F793F64B"
"tools/redmod/tweaks/ep1/gameplay/static_data/database/items/clothing/ep1_quest_clothing.tweak","10571","7F0D65D6BA33FE96B146DE5CD7DCEEF7F1991B770C58EFE998471873FB4F8332"
"tools/redmod/tweaks/ep1/gameplay/static_data/database/items/clothing/face/mask.tweak","3537","566D3A78DB9CACBC56D7B5232781BD66D3AE2A65965B45A589FF9D9564CB54A1"
"tools/redmod/tweaks/ep1/gameplay/static_data/database/items/clothing/face/tech.tweak","4357","996F038008363D41A1D0C7ECF79CC470B087585CABCAA7CA9764B010C35E5A69"
"tools/redmod/tweaks/ep1/gameplay/static_data/database/items/clothing/feet/boots.tweak","3223","C61C0BC0B340B840B879A1A2921E22F5D542F779D06AEAC718F3C6B348FAC0AC"
"tools/redmod/tweaks/ep1/gameplay/static_data/database/items/clothing/head/balaclava.tweak","3208","7237BB5446DDA0647C90F573695DB64F9C0A3BEE8B981ECEBBECA7B1E752427B"
"tools/redmod/tweaks/ep1/gameplay/static_data/database/items/clothing/head/hat.tweak","4799","B5C053D79F36ABEE696070762A923FDC3146F222A2058DC483514EA43CC8AE2C"
"tools/redmod/tweaks/ep1/gameplay/static_data/database/items/clothing/head/helmet.tweak","16661","D8356324E01808B564F0295BD9035D9502AB96763A30ACF95B7A8070CCD37A19"
"tools/redmod/tweaks/ep1/gameplay/static_data/database/items/clothing/inner_chest/jumpsuit_tight.tweak","3149","A022446781C55A139804D9869F068DA4BB27193870D1496AB7438C477F7FB40C"
"tools/redmod/tweaks/ep1/gameplay/static_data/database/items/clothing/inner_chest/tshirt.tweak","3732","B427657EC4CF7D4EB3ECC3C05A46D52986C5B0A8A818518FE25FF90600638AE7"
"tools/redmod/tweaks/ep1/gameplay/static_data/database/items/clothing/legs/pants.tweak","11746","55397CC31F07C04A57AB1DE1C9EB2F9EDDA72DDFBB91D88FE4722F214DF3C2C0"
"tools/redmod/tweaks/ep1/gameplay/static_data/database/items/clothing/outer_chest/coat.tweak","6071","CDE84DBB8EA0EAF44B94BBD9CF2ACAA3D0BAF5C1D763E0DEAD92049B4E2D2542"
"tools/redmod/tweaks/ep1/gameplay/static_data/database/items/clothing/outer_chest/dress.tweak","6613","7B1FDF1B0729546836016C7BE8BBE89A50F80AD38DDE8A971EC65E35EB724BB4"
"tools/redmod/tweaks/ep1/gameplay/static_data/database/items/clothing/outer_chest/formal_jacket.tweak","3865","01E85F943D85FA9C0DE7C9D51DECFE08E4FCD92531A0C44A54E9B174207A6DB3"
"tools/redmod/tweaks/ep1/gameplay/static_data/database/items/clothing/outer_chest/jacket.tweak","13148","7B3CA324507466130D8906057F9BEEE9B1992C8F0A48B9F065AB31D5A6DAF935"
"tools/redmod/tweaks/ep1/gameplay/static_data/database/items/clothing/outer_chest/vest.tweak","11644","EB456C064E4B0A4531CECE861364E4AFAE4E41B158F4FF2102EC79C1F88317F2"
"tools/redmod/tweaks/ep1/gameplay/static_data/database/items/misc/ep1_animation_items_crowd.tweak","271","7A8457E8DF766F07836FB7B8EFE8A99781F2742900C8BF1BFFC7317B761C1AF6"
"tools/redmod/tweaks/ep1/gameplay/static_data/database/items/misc/ep1_animation_items.tweak","900","2AA3F4D040D65844E0F400C9C36D8551BB2FC709C56697123F4396B6EFCEF5AC"
"tools/redmod/tweaks/ep1/gameplay/static_data/database/items/open_world/ep1_keycards.tweak","2892","827F694318F4F831BB34D51A28D896CE84D3705CE44D970A41FA3173AD3764CD"
"tools/redmod/tweaks/ep1/gameplay/static_data/database/items/open_world/ep1_ma_items.tweak","1743","20947EC50E5BAF2E112CC9E2609D14E309DC7A9F543D2111B0C93F40A48177E0"
"tools/redmod/tweaks/ep1/gameplay/static_data/database/items/open_world/ep1_mws_items.tweak","319","FDE6336590ABA54DE2EDAF789ACE3D4B240F801DD1D573491C5B35B8793F9C41"
"tools/redmod/tweaks/ep1/gameplay/static_data/database/items/open_world/ep1_sa_items.tweak","1471","8A1D8E73DBB45F4097CF73F5BED928418F8F9ABF790C431A784CA16A27205579"
"tools/redmod/tweaks/ep1/gameplay/static_data/database/items/open_world/ep1_sts_items.tweak","7138","24C46B744DF7E463BCD91301388FA380974B053365D307CCB58AEDB2FB8A7631"
"tools/redmod/tweaks/ep1/gameplay/static_data/database/items/quest/ep1_keycards.tweak","2427","5BA90EBA80C165BE5930AB48B0B748FD8AC7FD48C74C2749B3FA467A4E5502D7"
"tools/redmod/tweaks/ep1/gameplay/static_data/database/items/quest/ep1_quest_items.tweak","11482","4FE69DDA3D324ED8A1EA2BF86C8FFB1FD6526BDF4B04A56D014D8C52388C28D7"
"tools/redmod/tweaks/ep1/gameplay/static_data/database/items/weapons/melee/boss/cerberus_base_weapon.tweak","622","83BF236029BE00B6DFCC9FE6E98FDE9AD47EA1C38DB9065E59C5029AF84D9609"
"tools/redmod/tweaks/ep1/gameplay/static_data/database/items/weapons/melee/presets/preset_knife.tweak","1699","A5AA9580DCDBF786210C7BF39E2F5B46FA80128258F65464485EBFE3BBC1B655"
"tools/redmod/tweaks/ep1/gameplay/static_data/database/items/weapons/ranged/attachments/scopes.tweak","1165","1995FE259FCB6DB79D40A6D047E96983C1E8BDB778A34727C6BD44017377B208"
"tools/redmod/tweaks/ep1/gameplay/static_data/database/items/weapons/ranged/custom/q304_tank_turret.tweak","3433","FEC8CC396B7753724A2FBB568DBDEA0EDB52C97E225B437530E2DB0C1765EA98"
"tools/redmod/tweaks/ep1/gameplay/static_data/database/items/weapons/ranged/grenadelauncher/authority/base_authority.tweak","9448","D912B57481552CCE79FE1F2999B8EEB9D78FE192F6AF62BCE8D65F13EEB01252"
"tools/redmod/tweaks/ep1/gameplay/static_data/database/items/weapons/ranged/grenadelauncher/authority/preset_base_authority.tweak","830","A4F34FD335FD9770379D0AAB1161686B30659AF5BC51C1F114EF6C9EA541B1EF"
"tools/redmod/tweaks/ep1/gameplay/static_data/database/items/weapons/ranged/handguns/grit/base_grit.tweak","11380","CF3EA0B196E84AD23C54C4EC4AA3E1DFE9B14A9CF976868EAD37B219A079951D"
"tools/redmod/tweaks/ep1/gameplay/static_data/database/items/weapons/ranged/handguns/grit/preset_base_grit.tweak","10900","111C66ED44C96562E051D8A431AB78E04914123D8F3F8B69FD9005D5AB5037DB"
"tools/redmod/tweaks/ep1/gameplay/static_data/database/items/weapons/ranged/handguns/ticon/base_ticon.tweak","12338","78C2106812E721F50F373AE5005F188E07F8ED29211BEF7852402AD83439294F"
"tools/redmod/tweaks/ep1/gameplay/static_data/database/items/weapons/ranged/handguns/ticon/preset_base_ticon.tweak","7997","AAE33E09A4845E0AE37F416AAEA9E36C4FAA7CB537BC3CDB55B5B538D3F0505F"
"tools/redmod/tweaks/ep1/gameplay/static_data/database/items/weapons/ranged/revolvers/metel/base_metel.tweak","9530","22C698B573CD056E84A0865BFD2DC6A7D8C95F513DE1313188375316ED87E1F5"
"tools/redmod/tweaks/ep1/gameplay/static_data/database/items/weapons/ranged/revolvers/metel/preset_base_metel.tweak","13305","C96BFAFF27CF2887A3F4935D2D07037E0360BD8B61D9A423611BDEDDFEDDFA39"
"tools/redmod/tweaks/ep1/gameplay/static_data/database/items/weapons/ranged/rifles/hercules/base_hercules.tweak","15043","E0D26B4CBF859624516EC9E1D9C5892AD234DE22EB6E17B9D404FEA4E796653D"
"tools/redmod/tweaks/ep1/gameplay/static_data/database/items/weapons/ranged/rifles/hercules/preset_base_hercules.tweak","4488","9ED13DAD9A01D3A366304538CA24A8B6BCA82AB73B8C1D74D2C56DC3F5FC4237"
"tools/redmod/tweaks/ep1/gameplay/static_data/database/items/weapons/ranged/rifles/osprey/base_osprey.tweak","9818","AC87870474D240DC132DB0A9FB3E1A06A836D7308DF078B5B843D59C0F972DAB"
"tools/redmod/tweaks/ep1/gameplay/static_data/database/items/weapons/ranged/rifles/osprey/preset_base_osprey.tweak","4630","B500C4054E4A20D39D3E8FBA74368A3C43C8D25EB337F2E18AFF9D32905B54BF"
"tools/redmod/tweaks/ep1/gameplay/static_data/database/items/weapons/ranged/rifles/tech_sniper_rifle/base_tech_sniper_rifle.tweak","11308","B11EEF8D66A4C889662C54B99DCF5F145C9C8E847E00C74E3F350202F126C576"
"tools/redmod/tweaks/ep1/gameplay/static_data/database/items/weapons/ranged/rifles/tech_sniper_rifle/preset_base_tech_sniper_rifle.tweak","11163","DE6574EFABB680224E6EF0E08561FBB608F609459E308F9D709C92B6486BA17D"
"tools/redmod/tweaks/ep1/gameplay/static_data/database/items/weapons/ranged/submachineguns/borg4a/base_borg4a.tweak","9835","542B6C28DB1E6018AF5318F4D509FDDE6ABEEA4069BA5E8A3563390490FBC374"
"tools/redmod/tweaks/ep1/gameplay/static_data/database/items/weapons/ranged/submachineguns/borg4a/preset_base_borg4a.tweak","10732","1005E3C3B9363748989BBA912ADFBD6D4B929D6B5152BEB767D2B694876EFAA5"
"tools/redmod/tweaks/ep1/gameplay/static_data/database/items/weapons/ranged/submachineguns/warden/base_warden.tweak","12583","2E584C121A2052A805C9469B122997BFB11949C92D711B6F4115DBFFAA4CFFE1"
"tools/redmod/tweaks/ep1/gameplay/static_data/database/items/weapons/ranged/submachineguns/warden/preset_base_warden.tweak","22010","F9A67DBE2A6B4DD3D9B57E7F7F3EB236A6CBF53A580C94E4667EAB6D3C8FD632"
"tools/redmod/tweaks/ep1/gameplay/static_data/database/lookat_presets/base_values.tweak","680","DC9C962EE2898829D1898AAFFBBE5CD74D9C8453ABD6496DDC8C9D456A205990"
"tools/redmod/tweaks/ep1/gameplay/static_data/database/loot/ep1_airdrop_loot.tweak","48795","16D05D4FB02E382476919AAC3646F9FCA4B73B9BA015053255B5D92090FC95CD"
"tools/redmod/tweaks/ep1/gameplay/static_data/database/loot/ep1_cyberjunkies_loot.tweak","6303","85C32B61A6237E3C1CA2E7C425C2255F004F644C7D7E6D6F56E078FABD3145DD"
"tools/redmod/tweaks/ep1/gameplay/static_data/database/loot/ep1_de_loot.tweak","286","65DDF73FE240A5FCD214F0951D2F421D2EB72E71E1D0FFABE8AC8B6A8A961D88"
"tools/redmod/tweaks/ep1/gameplay/static_data/database/loot/ep1_mws_loot.tweak","869","6696BC5FB5CA1B8E1A6A4BCCEABD9FFA29D8BD03CAFDD3979FA858122E56DA4B"
"tools/redmod/tweaks/ep1/gameplay/static_data/database/loot/ep1_ow_loot.tweak","20788","BF64C2634E8F6B91C2FCBB150E0BB5346A71FCD90A6F39A704C623D3869878EE"
"tools/redmod/tweaks/ep1/gameplay/static_data/database/loot/ep1_quest_loot.tweak","15966","5C8C031C99D31CC988401C5DF3DF2AF6C5D3B3FB4AC1DA23FC3F35ACAD42A8D3"
"tools/redmod/tweaks/ep1/gameplay/static_data/database/loot/ep1_sa_loot.tweak","11443","81800D59B11CC0ADA18A19D758D84725BA1F948E39775C7305162ABE0F96A79F"
"tools/redmod/tweaks/ep1/gameplay/static_data/database/loot/ep1_sts_loot.tweak","26470","9262EBD69AC439612E75487C91A81B0725FCFC011D1795AB075BF4DFFA0FD160"
"tools/redmod/tweaks/ep1/gameplay/static_data/database/loot/ep1_we_loot.tweak","17054","8AF6C4AA96AFF4AB4B4D0E616D707D4BDB303A17E763E158B2ACB7CA75833F7E"
"tools/redmod/tweaks/ep1/gameplay/static_data/database/loot/ep1_wst_loot.tweak","10015","01CC9C2ABDB93BD16FC7333781371BF581786F2EDF4B2407F663BFDAC3738258"
"tools/redmod/tweaks/ep1/gameplay/static_data/database/loot/kurtz_militia_loot.tweak","3444","EA117DB2079E76FE551EB9B506E85676F97705DF0650F7D3C21679720E51D6B5"
"tools/redmod/tweaks/ep1/gameplay/static_data/database/mappins/mappins_poi.tweak","549","6CABC02F551E12E3A356B780AA2680EA063088BF83CCBA6586B6A178F687F10E"
"tools/redmod/tweaks/ep1/gameplay/static_data/database/minigame_v2/ep1_minigame_v2.tweak","2112","888C71FF47D4BFBD96648CBE40494B79FADEA549ED5A7AD05FF174418CEDD71E"
"tools/redmod/tweaks/ep1/gameplay/static_data/database/object_actions/ep1_minigame_actions.tweak","849","93EDE1FE97FF3F9F253E28A1C251015DD774931D42EF53A07D129D76EADFF2C9"
"tools/redmod/tweaks/ep1/gameplay/static_data/database/progression_builds/base_values.tweak","1118","D545CD1BB90E654B91D6BA48B9324D01840CF2AC2C6E68D49C80A12738E170FC"
"tools/redmod/tweaks/ep1/gameplay/static_data/database/props/quest/ep1_vendors.tweak","236","162CD1E86A6ADD75E7548EEA94CF38CCC7C7F8B8426CDF0F73EBE667FEF66BE3"
"tools/redmod/tweaks/ep1/gameplay/static_data/database/props/quest/miniworldstories.tweak","384","15C6A32F9687A5457515BEEBC5AFD494FF85EE420343408F75B3242D0F64B5A0"
"tools/redmod/tweaks/ep1/gameplay/static_data/database/props/quest/mq301.tweak","313","58229DA9BC5FCC1AA27AB1A8D5F8BB02859D9C60DDEA7BC70404F690E66EE7A8"
"tools/redmod/tweaks/ep1/gameplay/static_data/database/props/quest/mq303.tweak","273","5D09878FC370F8E019ED78D450AA434691DD67BA732CD7999110382593B60369"
"tools/redmod/tweaks/ep1/gameplay/static_data/database/props/quest/mq304.tweak","649","DB32B785DEDE1674EEB176F446D699FC121A46BD0141D8637B2FA46A3204B0D4"
"tools/redmod/tweaks/ep1/gameplay/static_data/database/props/quest/mq305.tweak","520","C9172AEEFE32CE840BA26BEC6B78771A5F677B97B97CB32EAAEC9184D4F173BB"
"tools/redmod/tweaks/ep1/gameplay/static_data/database/props/quest/q301.tweak","5041","B05F63FBA281FC086D48285ABA8C0918197FD9BDFECDCE80AB928776138F6AED"
"tools/redmod/tweaks/ep1/gameplay/static_data/database/props/quest/q302.tweak","5004","B02AD3695B1575927F71A839906EA9AFECA98CFCAFB29A265ABE6BDB3CA531D1"
"tools/redmod/tweaks/ep1/gameplay/static_data/database/props/quest/q303.tweak","8288","8DCA3D61F0E71F6AFF85F7BA9F56CBDB88338CDB8AF4EF4188D994B3AC2F555C"
"tools/redmod/tweaks/ep1/gameplay/static_data/database/props/quest/q304.tweak","5527","0DF53D15CC52645023D4DF2902245141F97FF8EE8EE03EF14BAD750E0FC3A050"
"tools/redmod/tweaks/ep1/gameplay/static_data/database/props/quest/q305.tweak","6571","079B5D36FDBBFDB369C17B223D93ACC860C8294CF85A49ADF0DD61A8C6F13757"
"tools/redmod/tweaks/ep1/gameplay/static_data/database/props/quest/q306.tweak","2445","3DF540C9A9332753C8A4B4B72F6E176BAE72CEBA40FA4A404F933F3563FA2479"
"tools/redmod/tweaks/ep1/gameplay/static_data/database/props/quest/q307.tweak","991","A5E2A013E84CBE525DA73423DDF8C10E258E865311A751F51C7887073D727059"
"tools/redmod/tweaks/ep1/gameplay/static_data/database/props/quest/sts_ep1_03.tweak","243","4837A80E7D263D40216E6CCDD5FE5C719E77E6293C9592C8EE122807A2ECECF0"
"tools/redmod/tweaks/ep1/gameplay/static_data/database/props/quest/sts_ep1_04.tweak","217","C875E7223AED36B6EA849E83031D3B14CC1A1D8706E97CECA3F6BB108B784F5D"
"tools/redmod/tweaks/ep1/gameplay/static_data/database/props/quest/sts_ep1_07.tweak","176","FBF3447E51A1761D64B9086956F41CD43F464ED32D8CE57014B17F7540CA9F0C"
"tools/redmod/tweaks/ep1/gameplay/static_data/database/props/quest/sts_ep1_08.tweak","613","761C4EE039B342F9E586FA4BB1116AC4E257ACAA6063838FD4906189DA4C7A20"
"tools/redmod/tweaks/ep1/gameplay/static_data/database/props/quest/sts_ep1_10.tweak","173","20EACCF00F1E4CD02A806C7566EC4DF9400BB53BE6A1C4EFF2D130C282D0926D"
"tools/redmod/tweaks/ep1/gameplay/static_data/database/props/quest/sts_ep1_12.tweak","191","1E94BDDFB267AA7A75A03B0654CA0C1831F7DCE241CE57F3810EAA581617BB35"
"tools/redmod/tweaks/ep1/gameplay/static_data/database/props/quest/sts_ep1_13.tweak","1049","932EC26503361C0082C13AC469021D21609456D1453CA89318F42B3C742BE670"
"tools/redmod/tweaks/ep1/gameplay/static_data/database/quest_rewards/bounty_rewards.tweak","2491","C219EEB3A6AC263B06972D148F526506FB123676181C069ACCF2B6327E333419"
"tools/redmod/tweaks/ep1/gameplay/static_data/database/quest_rewards/main_quests.tweak","21506","6938A25E6FB083733B2D42C885CEE69AF4197C86C003B4BC8A5FCCE55D3BE2B4"
"tools/redmod/tweaks/ep1/gameplay/static_data/database/quest_rewards/minor_quests.tweak","13972","0E8D4F631A0D7DAFD2A14C4E1EB358EDE5956FB304F96B2AB7384193131C1A96"
"tools/redmod/tweaks/ep1/gameplay/static_data/database/quest_rewards/sandbox_activities.tweak","6264","4AD91BED1F562E19145EC3293DB17801A2A61FEC1BD43926A32B776F837B2AB9"
"tools/redmod/tweaks/ep1/gameplay/static_data/database/quest_rewards/street_stories.tweak","12745","0628A30786BA05392B36702D254C81504517DC3B18AC3347405A7A5C1EA3E231"
"tools/redmod/tweaks/ep1/gameplay/static_data/database/quest_rewards/vehicle_metaquest.tweak","2479","36DFF593EAC09AFCEE946CF470FCA9C11D3B0AE4B300107F2F3E1CE000BDB42D"
"tools/redmod/tweaks/ep1/gameplay/static_data/database/readables/dynamic_events/ep1_de_readables.tweak","327","DB793D079052D641DB531EAA7EF064B7DBADAD8AB9367061A9D12E9B14C92AE2"
"tools/redmod/tweaks/ep1/gameplay/static_data/database/readables/generic/ep1_generic_readables.tweak","9224","DF6E16D5CD3AA68C4A1842E821CEDB2C6E1204C5781063B69A3C5C5E6DE95689"
"tools/redmod/tweaks/ep1/gameplay/static_data/database/readables/main_quests/q301.tweak","4279","3020C6AC0D97159D28D59D5278962E0A9A261F4E1C50F8BACDE5EAEAB77F512E"
"tools/redmod/tweaks/ep1/gameplay/static_data/database/readables/main_quests/q302.tweak","3482","6E2E069A2F19693558146C8D24D6107203A1C6D1F7568AE4E8B5F1A8FF202D79"
"tools/redmod/tweaks/ep1/gameplay/static_data/database/readables/main_quests/q303.tweak","3983","303AECB1D52EA559291231A68008DAB4C0BD6104A7955BEBABFDB183934FF143"
"tools/redmod/tweaks/ep1/gameplay/static_data/database/readables/main_quests/q304.tweak","2546","144AC0C172B461BA21C0094FC2549F17C616F432232966F01006531298A0253A"
"tools/redmod/tweaks/ep1/gameplay/static_data/database/readables/main_quests/q305.tweak","3754","8A72D8D4270305550CDC86AFB046B8D1D45401A72A84EBA5EFD9C09723DAD2C8"
"tools/redmod/tweaks/ep1/gameplay/static_data/database/readables/main_quests/q306.tweak","7936","400A599C724ABC4F0C7B2503DDDE1C84D1D172FB7C1B1756E6F7A6D3EC64A7E8"
"tools/redmod/tweaks/ep1/gameplay/static_data/database/readables/main_quests/q307.tweak","923","365B016CA7B36A4BF22333EB00820D202A509C384EB231A0F06CC0E26ADAF039"
"tools/redmod/tweaks/ep1/gameplay/static_data/database/readables/minor_quests/mq301.tweak","1225","7B07FA2B47993886E6E275E5F84CA76F16A557617098AC95C9CEC19183147251"
"tools/redmod/tweaks/ep1/gameplay/static_data/database/readables/minor_quests/mq303.tweak","1525","028AE72013FDD260A8CA4E6C46536747FBDD27222184B30C931F783B6107892F"
"tools/redmod/tweaks/ep1/gameplay/static_data/database/readables/minor_quests/mq304.tweak","5008","07E99BA43D5997B8A57DFB5DC81FCB07D708D4BAF25415FFC2C99C6400EC41FC"
"tools/redmod/tweaks/ep1/gameplay/static_data/database/readables/minor_quests/mq305.tweak","2544","DE6FD4326848CC47A3249771B7C8DC0813A8A6DC245B3E3C04E9AF23AE28AF23"
"tools/redmod/tweaks/ep1/gameplay/static_data/database/readables/minor_quests/mq306.tweak","910","A0946705DF4ACB6896FE9BC0475E940AE305FC0557F114C9FF5A98B124BE386C"
"tools/redmod/tweaks/ep1/gameplay/static_data/database/readables/sandbox_activities/ep1_sa_readables.tweak","14523","1E0FD32FA7981646DA23F5D52E93CE7F7B16BEF287578A493BDA65DCFBEEDA1A"
"tools/redmod/tweaks/ep1/gameplay/static_data/database/readables/street_strories/ep1_sts_readables.tweak","20148","EE20510B011D96CE0D1E956DC055D25E8656563A0BE2CEF9B3CA9A582F00BBA9"
"tools/redmod/tweaks/ep1/gameplay/static_data/database/readables/world_encounters/ep1_we_readables.tweak","4563","F65E92E57D42522FA7D9413374C1236FB1EEED124D9F0EDA8866959B70AD353C"
"tools/redmod/tweaks/ep1/gameplay/static_data/database/readables/world_stories/ep1_wst_readables.tweak","10313","BC6F8DC039BDC863A8F4898E2A58166C26E57BC643B41155A97326D269ED62E1"
"tools/redmod/tweaks/ep1/gameplay/static_data/database/scanning/ep1_scanning_device_description.tweak","1347","58E4C24347A8A2B1642108C1DBF275717D79223524F38933C1304E4B46694FDF"
"tools/redmod/tweaks/ep1/gameplay/static_data/database/scanning/ep1_scanning_npc_description.tweak","8875","D26613B2BBD541F752744E906B1EF994134AF300760EE4E8EA0BDEF507846365"
"tools/redmod/tweaks/ep1/gameplay/static_data/database/scanning/ep1_scanning_npc_presets.tweak","135","888DFF16797AADDFCB939524CFE08098730CB2E6EF31BA4E6992C00BDB1F0D2C"
"tools/redmod/tweaks/ep1/gameplay/static_data/database/scanning/main_quests/q301.tweak","16232","48F9609F3A505C54148824EA3EF132A23D7FADB9377E403FB7863DC92DC1750C"
"tools/redmod/tweaks/ep1/gameplay/static_data/database/scanning/main_quests/q302.tweak","14334","64CABBE07564DE3AAE349CFCA4A63DCF3D8F9189EA12CF346A9EE6B0CBBB37C4"
"tools/redmod/tweaks/ep1/gameplay/static_data/database/scanning/main_quests/q303.tweak","2760","410592060A7B286EE51D5BFEA7E4FEB1F5A9C43968385DFACBF9AF0BA506373E"
"tools/redmod/tweaks/ep1/gameplay/static_data/database/scanning/main_quests/q304.tweak","2518","F8684BF90F7FBBE0B3319E7EA8C5F0A7BC719BCF04B22737A86A8B621FE981C9"
"tools/redmod/tweaks/ep1/gameplay/static_data/database/scanning/main_quests/q305.tweak","11034","610BFB49B2966DBA3BE8C722DBEBF9259D9A9F70EB670231DF086E4B8CFBA7FA"
"tools/redmod/tweaks/ep1/gameplay/static_data/database/scanning/main_quests/q306.tweak","7971","6224AFC466E48298FED4B55E5E20A45395A6C864C2CF7DB3FE5086C208A1D60B"
"tools/redmod/tweaks/ep1/gameplay/static_data/database/scanning/main_quests/q307.tweak","1237","E10A50D35D0BF175D047C4B3E2508574999FC858E350E208A1592C431A4984BB"
"tools/redmod/tweaks/ep1/gameplay/static_data/database/scanning/minor_quests/mq301.tweak","1663","FCFFA66DF76B639F1279FFB38706AAA9E36AB8879671C7439E849EF76C021310"
"tools/redmod/tweaks/ep1/gameplay/static_data/database/scanning/minor_quests/mq303.tweak","4716","C3FDC8856F2C70A105D2C581FFCDADB64F9CF49289B70CB7D3ECEB104AC2EC64"
"tools/redmod/tweaks/ep1/gameplay/static_data/database/scanning/minor_quests/mq304.tweak","945","E1176B6F0191DAA21AA61E2A6FE569E251EDEB3FDCBE71349340B665EE93A800"
"tools/redmod/tweaks/ep1/gameplay/static_data/database/scanning/minor_quests/mq305.tweak","9821","43DF98B889341EDD583C8590B4EF4441A4B7302523C80C32B53EFF8C3B811F65"
"tools/redmod/tweaks/ep1/gameplay/static_data/database/scanning/minor_quests/mq306.tweak","539","5EB6C0215564C242DC90DA105B6746AFD8BE9729723EB171E871E174B7462513"
"tools/redmod/tweaks/ep1/gameplay/static_data/database/scanning/sandbox_activities/sa_ep1_airdrops_clues.tweak","6119","20E01C8CEC4DF59EB64D73F2C49FC55CFB16A8F1CA291594B875F769DDB9325E"
"tools/redmod/tweaks/ep1/gameplay/static_data/database/scanning/sandbox_activities/sa_ep1_courier_loop.tweak","288","338E70EF59D3EC71D63ED64B0AF09350EA91599289F7BC785AC1943954BDD44E"
"tools/redmod/tweaks/ep1/gameplay/static_data/database/scanning/sandbox_activities/sa_ep1_courier_outro.tweak","2725","7F824F583AFD9A55F980C5E7292B686A765C29EC0E67BE70807F15250881B262"
"tools/redmod/tweaks/ep1/gameplay/static_data/database/scanning/sandbox_activities/sa_ep1_cyberjunkie_clues.tweak","5515","C8DD0469647480F3EF70B53B56486694A23234D77E2AB5114E21E9473870F0E3"
"tools/redmod/tweaks/ep1/gameplay/static_data/database/scanning/sts/sts_ep1_01.tweak","1625","66D8EB75887F811210986519ABECB2B997E2FD73720C80C51CD08A0F44693D9F"
"tools/redmod/tweaks/ep1/gameplay/static_data/database/scanning/sts/sts_ep1_03.tweak","8480","C700A124A0B1B0881E104066D0B609548F7BE08643EBCAB6A6F617D39AEC9277"
"tools/redmod/tweaks/ep1/gameplay/static_data/database/scanning/sts/sts_ep1_04.tweak","32","2E169D7BA1CACEC318862604FC933A70CB23715E924BDE6055732B23C7E90D4B"
"tools/redmod/tweaks/ep1/gameplay/static_data/database/scanning/sts/sts_ep1_06_clues.tweak","358","B9172FEEB4330FA24BD89EC77B05DCF5DE5F95CCA61912321B73B1C7053B2CAD"
"tools/redmod/tweaks/ep1/gameplay/static_data/database/scanning/sts/sts_ep1_07.tweak","842","F3D21BADB11C65877F4330FC2E7BCE1B7165FEE0744FC413168EDC863AAFA475"
"tools/redmod/tweaks/ep1/gameplay/static_data/database/scanning/sts/sts_ep1_08.tweak","1331","97164EFBCBCFD1E2848EA44A0B12BD8A89CEB44ED13910D709547CA580670106"
"tools/redmod/tweaks/ep1/gameplay/static_data/database/scanning/sts/sts_ep1_10.tweak","557","63CCD3B514C9BFCF490D420B3B356353E68F2CCA7F76584C4BE083EBEEB05162"
"tools/redmod/tweaks/ep1/gameplay/static_data/database/scanning/world_encounters/world_encounters.tweak","1659","B76BA87D6B7329135C546ED74378E4C006AB23C2F8C78CD26C60DDE869C6EE78"
"tools/redmod/tweaks/ep1/gameplay/static_data/database/scanning/world_stories/world_stories.tweak","3157","A4AE20E0E59CC79EBF40FB4850A21F191D10B14B896FABB8AFA55C878A753009"
"tools/redmod/tweaks/ep1/gameplay/static_data/database/screenmessages/backgroundtexutres.tweak","352","CEF27F3417BD436A57BEFBEA6F63A898FF53345E74CAD182018A2C72B34D0357"
"tools/redmod/tweaks/ep1/gameplay/static_data/database/screenmessages/lcd_screens.tweak","2555","C647E58A30790CC0A3F488B58C44FAE8A2F8D079A86FF0B8497BA3700EB87CA0"
"tools/redmod/tweaks/ep1/gameplay/static_data/database/screenmessages/messages.tweak","9964","ADCB00FA1948554A4CE923C81A55EBA2B12BE6E8BF6C6996B2F110E12DCA9253"
"tools/redmod/tweaks/ep1/gameplay/static_data/database/senses/customs_ep1.tweak","4510","1EF11ADD11A9E63DC86B44416AEF655CB76F73828258A944447A1D4D8C92C98B"
"tools/redmod/tweaks/ep1/gameplay/static_data/database/status_effect/cerberus_status_effects.tweak","6264","D30DCD884F9F355612BAD1D87F097D3A16574120A7BA0066592D77C534783FDB"
"tools/redmod/tweaks/ep1/gameplay/static_data/database/status_effect/quest_custom.tweak","3210","24ABD79AE1B8CB4C4C5D1C6BCE13790B7849D30BBF6D532FAD84A803841DB181"
"tools/redmod/tweaks/ep1/gameplay/static_data/database/street_signs/street_names/dog_town.tweak","880","C5AC058772F5217B4DCCDEF6497F1E427DBDFF519055840B312A0014FD0DAB24"
"tools/redmod/tweaks/ep1/gameplay/static_data/database/ui/crosshairs/crosshairs.tweak","304","CC2D828404C1B28BCB366D59B4D102E975962BE6E3C455229E3632D1CCA4AEA4"
"tools/redmod/tweaks/ep1/gameplay/static_data/database/ui/devices/devices_computers_presets.tweak","1133","5B9F75C20DB7A8365BC35D90ADFFA64E1699E0F23E5445A2406F4AD78FF00FF8"
"tools/redmod/tweaks/ep1/gameplay/static_data/database/ui/devices/devices_computers.tweak","559","059D8536EE70FFCDBE1BBB7D4C2DF2060F57372D5FEFF06A9605DE68A37F4F05"
"tools/redmod/tweaks/ep1/gameplay/static_data/database/ui/devices/devices_terminals.tweak","248","89F5D05933BDE549E4DE6ECE8684708611EDD1C2F9E788D83EF179F2B7F3580C"
"tools/redmod/tweaks/ep1/gameplay/static_data/database/ui/devices/devices_ui_definitions.tweak","10103","F9573FD5D78F181B415B9BE037D0189F6866527752DD376505DBCAEBE7BAABCD"
"tools/redmod/tweaks/ep1/gameplay/static_data/database/ui/icons/assets_ep1_fullscreen.tweak","27111","99177EB0274ED88C221CE86CD3D89DF6D3259E9B53D7759036495A40BA744DBE"
"tools/redmod/tweaks/ep1/gameplay/static_data/database/ui/icons/assets_ep1_preview.tweak","19024","7DEB426E6D7D0D21450FC9F444134AFFBE63B07744118D4892CA6945B8B5CAB5"
"tools/redmod/tweaks/ep1/gameplay/static_data/database/ui/icons/avatars.tweak","2191","946D9CBA69CE013A192C8AA326C386865ADBBBFE38F84EFD783D52D98873984E"
"tools/redmod/tweaks/ep1/gameplay/static_data/database/ui/icons/hud_ep1_weapons.tweak","2638","FFD77A46B5250FB3F627F79BCB12C9AC6406DD4CC42B7AA22133CD7C3B2218B5"
"tools/redmod/tweaks/ep1/gameplay/static_data/database/ui/icons/journal_districts_ep1.tweak","708","C850F6891244AEDFF5974D9B29C260B50F2DADC190C282CAE8A3EC7ABF26213A"
"tools/redmod/tweaks/ep1/gameplay/static_data/database/ui/icons/tarot_cards_ep1.tweak","1454","86799EBEEA154E18DA9C6061D3F26A2D7759FEF5F6BCF0BD97951FCB1B35508E"
"tools/redmod/tweaks/ep1/gameplay/static_data/database/ui/loading_screen/initial_loading_screens.tweak","4766","7376FDC3584F018718620B0645C129F3ABB6E14D577265B153E8C0EBC1894002"
"tools/redmod/tweaks/ep1/gameplay/static_data/database/ui/mappin_ui/mappin_ui_animations.tweak","487","E3EC7F6DB2064B78A034D096319DC0A5F051FF15DDEFFB2299F5729313360B7E"
"tools/redmod/tweaks/ep1/gameplay/static_data/database/ui/mappin_ui/mappin_ui_runtime_profiles_minimap.tweak","122","F2CDD233FE3C3A5D3D4D8F13B7762774B777B16DED0A4C57DDFD9F495F22695A"
"tools/redmod/tweaks/ep1/gameplay/static_data/database/ui/mappin_ui/mappin_ui_runtime_profiles_world.tweak","248","BEF064FA6A74B3CE6A770C74600E0CAEECB39A1507956B473E9B10A40EFB84DB"
"tools/redmod/tweaks/ep1/gameplay/static_data/database/ui/quest/ep1_hud_presets.tweak","996","75A2DDD5D458BA4CE861779FDBD448884B485333A276FDBF9C747B162A81B05B"
"tools/redmod/tweaks/ep1/gameplay/static_data/database/vehicles/main_characters/primarycharacters_vehicle.tweak","1079","A0A5B4195A2C2AA94FA4F60634635F49230B9385B539BEB5072D5BE5C98C667A"
"tools/redmod/tweaks/ep1/gameplay/static_data/database/vehicles/main_characters/secondarycharacters_vehicle.tweak","42","75A01C7CEAF4D04A8F9A2B05F8C58D129F3BA16E452C76106E1B9CD9612A4503"
"tools/redmod/tweaks/ep1/gameplay/static_data/database/vehicles/main_characters/tertiarycharacters_vehicle.tweak","42","75A01C7CEAF4D04A8F9A2B05F8C58D129F3BA16E452C76106E1B9CD9612A4503"
"tools/redmod/tweaks/ep1/gameplay/static_data/database/vehicles/open_world/ow_vehicles_generic.tweak","22418","EB2FD3474682E23C18DAB10A88A6DB4CE3BD0978F0E366CDD17F3AA8ABA61332"
"tools/redmod/tweaks/ep1/gameplay/static_data/database/vehicles/open_world/sts_ep1_07_vehicles.tweak","280","A001C997BD328076928A1F4BCD755126C9C6692425726C460A578E75001BC064"
"tools/redmod/tweaks/ep1/gameplay/static_data/database/vehicles/prevention_vehicles.tweak","3507","210CFC9AD4D93D496DD6790A946E4AFB205668D84C42F7002683669B8C66D7D8"
"tools/redmod/tweaks/ep1/gameplay/static_data/database/vehicles/quest/mq301.tweak","2105","CCE5DA0B5DFF71F8BC9EB8D44297558D612DA44C9F44A26E217C48BB6F0CD60E"
"tools/redmod/tweaks/ep1/gameplay/static_data/database/vehicles/quest/mq303.tweak","236","F7EE2CEFC495EC2F27263AAE064AFEA87FB67C12295692EDB8D996BEB02ABDC4"
"tools/redmod/tweaks/ep1/gameplay/static_data/database/vehicles/quest/mq304.tweak","731","56CAAD819EDEA1A3F1FB77EFE87070D316F86C02B1A99D6D4546D2A8BA722CB7"
"tools/redmod/tweaks/ep1/gameplay/static_data/database/vehicles/quest/q301.tweak","3928","15B8E9FC24C75C1D2AF9B3565BCDFDF85183E521576BB56E64E6719468690C30"
"tools/redmod/tweaks/ep1/gameplay/static_data/database/vehicles/quest/q302.tweak","1718","5D2E352038AA56E00BF10156EC9E55C3974024C61BD071C4460B30DD601C26BD"
"tools/redmod/tweaks/ep1/gameplay/static_data/database/vehicles/quest/q303.tweak","550","7290AFD1C755B6B2AABBEFA0312780343F4D20E309EA01FA932A7F7AA5A23890"
"tools/redmod/tweaks/ep1/gameplay/static_data/database/vehicles/quest/q304.tweak","19160","B59B06E2791566B632DD1613A0399CD34AC507DCFB162B9469CB59B1729D18BA"
"tools/redmod/tweaks/ep1/gameplay/static_data/database/vehicles/quest/q305.tweak","4650","048D44962140215B438A22F5B3A176B54A3C090310DB0FE73E774A6F8D968FE6"
"tools/redmod/tweaks/ep1/gameplay/static_data/database/vehicles/quest/q306.tweak","4717","D529D3030B738D0B45B2DC0D4F7D0D412ABFB934430EC6262C7B721451BC544C"
"tools/redmod/tweaks/ep1/gameplay/static_data/database/vehicles/quest/q307.tweak","535","F399473660E968DC2ACC84023543B90D5B8C8C58F858A75B5FF89B153F255D41"
"tools/redmod/tweaks/ep1/gameplay/static_data/database/vehicles/random_passengers.tweak","5167","25E335D56388B27622ECB711D83404E31BE6602131F6EC26C90C98C25DC95275"
"tools/redmod/tweaks/ep1/gameplay/static_data/database/vehicles/vehicleoffers.tweak","9007","E46B1191BA506180D9B50AD2DDB838ED3AB57944DF0CFE692BB01B7FB94A3794"
"tools/redmod/tweaks/ep1/gameplay/static_data/database/vendors/fluff_vendors.tweak","17621","D04E4D95FD0B65FA9C7F8703211D77A0876CE7F413F7FD096D14BD0773EFB1D9"
"tools/redmod/tweaks/ep1/gameplay/static_data/database/vendors/vendors_hubs.tweak","40389","102D25FAA25615206B7AE7645D4395E7CAB510F796AFD0B79C61F5DF4313053C"
"tools/redmod/tweaks/ep1/gameplay/static_data/database/vendors/vendors.tweak","123500","63743C7FAB801D5D96C9BF8BC344924A2FB3A7AA169872EB1D8C3ACA08E095B6"
"tools/redmod/tweaks/ep1/gameplay/static_data/database/weapons/fx_pack_weapon_bor4a_hunted.tweak","330","857AFB0EF9D06E8B9E85F7AA7618965BC8B701C5A2425DA279E3109A22F198DC"
"tools/redmod/tweaks/ep1/gameplay/static_data/database/weather/weather_presets.tweak","488","A0DEB569E3682FE470A73CCABBEBEA397935EF13B0FBC9461338395527A582E9"
"zlib1.dll","135248","77F76FEECE34B8C70393865EC896A188A3EE820B5C65E677B87A0062EAC947BA"
